record_id,orig_no,soil_location,sand_pct,silt_pct,clay_pct,soil_gs,ll_pct,pl_pct,pi_pct,d50_um,uscs_astm,omc_untreated_raw,omc_untreated_pct,mdd_untreated_kgm3,qc_flag_omc_fraction_to_pct,bio_xg,bio_ch,bio_gg,bio_lg,bio_sls,bio_els,add_ppf,add_rha,add_li,add_swf,add_cw,add_hl,add_fa,add_nl_ns,add_cem,add_pf,add_rc,add_ggbfs,add_gp,additive1_name_raw,additive1_specific_gravity,additive1_dosage_pct,additive2_name_raw,additive2_specific_gravity,palm_fiber_length_mm,additive2_dosage_pct,mixture_gs,mixture_rho_b_kgm3_value,mixture_rho_b_kgm3_uncert,mixture_rho_b_kgm3_uncert_type,mixture_rho_d_kgm3_value,mixture_rho_d_kgm3_uncert,mixture_rho_d_kgm3_uncert_type,mixture_w_pct_value,mixture_w_pct_uncert,mixture_w_pct_uncert_type,mdd_treated_kgm3,omc_treated_pct,ucs_kpa,curing_days,curing_inferred,curing_notes,source_ref_raw,source_doi,study_id
1,1,"Serra Riccò – Genoa, Italy",26.9,57.5,15.6,2.7,43.0,28.0,15.0,18.0,ML,12.0,12.0,1940.0,0,0,0,1,0,0,0,0,0,0,0,0,1,0,0,0,0,0,0,0,Guar gum,1.25,0.0,hydrated lime,2.48,,0.0,2.7,2159.0,5.5,reported (type not specified),1933.0,5.6,reported (type not specified),11.7,0.09,reported (type not specified),,,1820.0,7,0,,https://doi.org/10.1016/j.conbuildmat.2024.137258,10.1016/j.conbuildmat.2024.137258,S09
2,2,"Serra Riccò – Genoa, Italy",26.9,57.5,15.6,2.7,43.0,28.0,15.0,18.0,ML,12.0,12.0,1940.0,0,0,0,1,0,0,0,0,0,0,0,0,1,0,0,0,0,0,0,0,Guar gum,1.25,0.0,hydrated lime,2.48,,0.0,2.7,2159.0,5.5,reported (type not specified),1933.0,5.6,reported (type not specified),11.7,0.09,reported (type not specified),,,2520.0,28,0,,https://doi.org/10.1016/j.conbuildmat.2024.137258,10.1016/j.conbuildmat.2024.137258,S09
3,3,"Serra Riccò – Genoa, Italy",26.9,57.5,15.6,2.7,43.0,28.0,15.0,18.0,ML,12.0,12.0,1940.0,0,0,0,1,0,0,0,0,0,0,0,0,1,0,0,0,0,0,0,0,Guar gum,1.25,3.0,hydrated lime,2.48,,0.0,2.656,2166.0,2.0,reported (type not specified),1882.0,8.8,reported (type not specified),15.1,0.5,reported (type not specified),,,2060.0,7,0,,https://doi.org/10.1016/j.conbuildmat.2024.137258,10.1016/j.conbuildmat.2024.137258,S09
4,4,"Serra Riccò – Genoa, Italy",26.9,57.5,15.6,2.7,43.0,28.0,15.0,18.0,ML,12.0,12.0,1940.0,0,0,0,1,0,0,0,0,0,0,0,0,1,0,0,0,0,0,0,0,Guar gum,1.25,3.0,hydrated lime,2.48,,0.0,2.656,2166.0,2.0,reported (type not specified),1882.0,8.8,reported (type not specified),15.1,0.5,reported (type not specified),,,2630.0,28,0,,https://doi.org/10.1016/j.conbuildmat.2024.137258,10.1016/j.conbuildmat.2024.137258,S09
5,5,"Serra Riccò – Genoa, Italy",26.9,57.5,15.6,2.7,43.0,28.0,15.0,18.0,ML,12.0,12.0,1940.0,0,0,0,1,0,0,0,0,0,0,0,0,1,0,0,0,0,0,0,0,Guar gum,1.25,2.0,hydrated lime,2.48,,1.0,2.669,2164.0,3.5,reported (type not specified),1898.0,11.2,reported (type not specified),14.0,0.76,reported (type not specified),,,2120.0,7,0,,https://doi.org/10.1016/j.conbuildmat.2024.137258,10.1016/j.conbuildmat.2024.137258,S09
6,6,"Serra Riccò – Genoa, Italy",26.9,57.5,15.6,2.7,43.0,28.0,15.0,18.0,ML,12.0,12.0,1940.0,0,0,0,1,0,0,0,0,0,0,0,0,1,0,0,0,0,0,0,0,Guar gum,1.25,2.0,hydrated lime,2.48,,1.0,2.669,2164.0,3.5,reported (type not specified),1898.0,11.2,reported (type not specified),14.0,0.76,reported (type not specified),,,3080.0,28,0,,https://doi.org/10.1016/j.conbuildmat.2024.137258,10.1016/j.conbuildmat.2024.137258,S09
7,7,"Serra Riccò – Genoa, Italy",26.9,57.5,15.6,2.7,43.0,28.0,15.0,18.0,ML,12.0,12.0,1940.0,0,0,0,1,0,0,0,0,0,0,0,0,1,0,0,0,0,0,0,0,Guar gum,1.25,1.0,hydrated lime,2.48,,2.0,2.681,2172.0,8.6,reported (type not specified),1917.0,23.0,reported (type not specified),13.2,1.09,reported (type not specified),,,2290.0,7,0,,https://doi.org/10.1016/j.conbuildmat.2024.137258,10.1016/j.conbuildmat.2024.137258,S09
8,8,"Serra Riccò – Genoa, Italy",26.9,57.5,15.6,2.7,43.0,28.0,15.0,18.0,ML,12.0,12.0,1940.0,0,0,0,1,0,0,0,0,0,0,0,0,1,0,0,0,0,0,0,0,Guar gum,1.25,1.0,hydrated lime,2.48,,2.0,2.681,2172.0,8.6,reported (type not specified),1917.0,23.0,reported (type not specified),13.2,1.09,reported (type not specified),,,2940.0,28,0,,https://doi.org/10.1016/j.conbuildmat.2024.137258,10.1016/j.conbuildmat.2024.137258,S09
9,9,"Serra Riccò – Genoa, Italy",26.9,57.5,15.6,2.7,43.0,28.0,15.0,18.0,ML,12.0,12.0,1940.0,0,0,0,1,0,0,0,0,0,0,0,0,1,0,0,0,0,0,0,0,Guar gum,1.25,0.0,hydrated lime,2.48,,3.0,2.693,2180.0,10.3,reported (type not specified),1950.0,17.0,reported (type not specified),11.8,0.6,reported (type not specified),,,2690.0,7,0,,https://doi.org/10.1016/j.conbuildmat.2024.137258,10.1016/j.conbuildmat.2024.137258,S09
10,10,"Serra Riccò – Genoa, Italy",26.9,57.5,15.6,2.7,43.0,28.0,15.0,18.0,ML,12.0,12.0,1940.0,0,0,0,1,0,0,0,0,0,0,0,0,1,0,0,0,0,0,0,0,Guar gum,1.25,0.0,hydrated lime,2.48,,3.0,2.693,2180.0,10.3,reported (type not specified),1950.0,17.0,reported (type not specified),11.8,0.6,reported (type not specified),,,3350.0,28,0,,https://doi.org/10.1016/j.conbuildmat.2024.137258,10.1016/j.conbuildmat.2024.137258,S09
11,11,"Hoj Village, Papum Pare District, Arunachal Pradesh, India",,,,2.69,22.8,,,360.0,,11.48,11.48,1783.0,0,0,0,1,0,0,0,0,0,0,0,0,0,1,0,0,0,0,0,0,Guar gum,,0.0,Fly ash,,,0.0,,,,,,,,,,,1783.0,11.48,83.15,0,0,,https://doi.org/10.1007/978-981-96-1373-1_21,10.1007/978-981-96-1373-1_21,S01
12,12,"Hoj Village, Papum Pare District, Arunachal Pradesh, India",,,,2.69,22.8,,,360.0,,11.48,11.48,1783.0,0,0,0,1,0,0,0,0,0,0,0,0,0,1,0,0,0,0,0,0,Guar gum,,0.0,Fly ash,,,0.0,,,,,,,,,,,1783.0,11.48,103.18,3,0,,https://doi.org/10.1007/978-981-96-1373-1_21,10.1007/978-981-96-1373-1_21,S01
13,13,"Hoj Village, Papum Pare District, Arunachal Pradesh, India",,,,2.69,22.8,,,360.0,,11.48,11.48,1783.0,0,0,0,1,0,0,0,0,0,0,0,0,0,1,0,0,0,0,0,0,Guar gum,,0.0,Fly ash,,,0.0,,,,,,,,,,,1783.0,11.48,118.083,7,0,,https://doi.org/10.1007/978-981-96-1373-1_21,10.1007/978-981-96-1373-1_21,S01
14,14,"Hoj Village, Papum Pare District, Arunachal Pradesh, India",,,,2.69,22.8,,,360.0,,11.48,11.48,1783.0,0,0,0,1,0,0,0,0,0,0,0,0,0,1,0,0,0,0,0,0,Guar gum,,0.0,Fly ash,,,0.0,,,,,,,,,,,1783.0,11.48,158.517,28,0,,https://doi.org/10.1007/978-981-96-1373-1_21,10.1007/978-981-96-1373-1_21,S01
15,15,"Hoj Village, Papum Pare District, Arunachal Pradesh, India",,,,2.69,22.8,,,360.0,,11.48,11.48,1783.0,0,0,0,1,0,0,0,0,0,0,0,0,0,1,0,0,0,0,0,0,Guar gum,,0.5,Fly ash,,,5.0,,,,,,,,,,,1718.0,12.69,95.2,0,0,,https://doi.org/10.1007/978-981-96-1373-1_21,10.1007/978-981-96-1373-1_21,S01
16,16,"Hoj Village, Papum Pare District, Arunachal Pradesh, India",,,,2.69,22.8,,,360.0,,11.48,11.48,1783.0,0,0,0,1,0,0,0,0,0,0,0,0,0,1,0,0,0,0,0,0,Guar gum,,0.5,Fly ash,,,5.0,,,,,,,,,,,1718.0,12.69,142.012,3,0,,https://doi.org/10.1007/978-981-96-1373-1_21,10.1007/978-981-96-1373-1_21,S01
17,17,"Hoj Village, Papum Pare District, Arunachal Pradesh, India",,,,2.69,22.8,,,360.0,,11.48,11.48,1783.0,0,0,0,1,0,0,0,0,0,0,0,0,0,1,0,0,0,0,0,0,Guar gum,,0.5,Fly ash,,,5.0,,,,,,,,,,,1718.0,12.69,195.2,7,0,,https://doi.org/10.1007/978-981-96-1373-1_21,10.1007/978-981-96-1373-1_21,S01
18,18,"Hoj Village, Papum Pare District, Arunachal Pradesh, India",,,,2.69,22.8,,,360.0,,11.48,11.48,1783.0,0,0,0,1,0,0,0,0,0,0,0,0,0,1,0,0,0,0,0,0,Guar gum,,0.5,Fly ash,,,5.0,,,,,,,,,,,1718.0,12.69,246.279,28,0,,https://doi.org/10.1007/978-981-96-1373-1_21,10.1007/978-981-96-1373-1_21,S01
19,19,"Hoj Village, Papum Pare District, Arunachal Pradesh, India",,,,2.69,22.8,,,360.0,,11.48,11.48,1783.0,0,0,0,1,0,0,0,0,0,0,0,0,0,1,0,0,0,0,0,0,Guar gum,,1.0,Fly ash,,,5.0,,,,,,,,,,,1698.0,13.18,130.84,0,0,,https://doi.org/10.1007/978-981-96-1373-1_21,10.1007/978-981-96-1373-1_21,S01
20,20,"Hoj Village, Papum Pare District, Arunachal Pradesh, India",,,,2.69,22.8,,,360.0,,11.48,11.48,1783.0,0,0,0,1,0,0,0,0,0,0,0,0,0,1,0,0,0,0,0,0,Guar gum,,1.0,Fly ash,,,5.0,,,,,,,,,,,1698.0,13.18,161.68,3,0,,https://doi.org/10.1007/978-981-96-1373-1_21,10.1007/978-981-96-1373-1_21,S01
21,21,"Hoj Village, Papum Pare District, Arunachal Pradesh, India",,,,2.69,22.8,,,360.0,,11.48,11.48,1783.0,0,0,0,1,0,0,0,0,0,0,0,0,0,1,0,0,0,0,0,0,Guar gum,,1.0,Fly ash,,,5.0,,,,,,,,,,,1698.0,13.18,222.34,7,0,,https://doi.org/10.1007/978-981-96-1373-1_21,10.1007/978-981-96-1373-1_21,S01
22,22,"Hoj Village, Papum Pare District, Arunachal Pradesh, India",,,,2.69,22.8,,,360.0,,11.48,11.48,1783.0,0,0,0,1,0,0,0,0,0,0,0,0,0,1,0,0,0,0,0,0,Guar gum,,1.0,Fly ash,,,5.0,,,,,,,,,,,1698.0,13.18,264.898,28,0,,https://doi.org/10.1007/978-981-96-1373-1_21,10.1007/978-981-96-1373-1_21,S01
23,23,"Hoj Village, Papum Pare District, Arunachal Pradesh, India",,,,2.69,22.8,,,360.0,,11.48,11.48,1783.0,0,0,0,1,0,0,0,0,0,0,0,0,0,1,0,0,0,0,0,0,Guar gum,,1.5,Fly ash,,,5.0,,,,,,,,,,,1640.0,14.52,137.77,0,0,,https://doi.org/10.1007/978-981-96-1373-1_21,10.1007/978-981-96-1373-1_21,S01
24,24,"Hoj Village, Papum Pare District, Arunachal Pradesh, India",,,,2.69,22.8,,,360.0,,11.48,11.48,1783.0,0,0,0,1,0,0,0,0,0,0,0,0,0,1,0,0,0,0,0,0,Guar gum,,1.5,Fly ash,,,5.0,,,,,,,,,,,1640.0,14.52,167.55,3,0,,https://doi.org/10.1007/978-981-96-1373-1_21,10.1007/978-981-96-1373-1_21,S01
25,25,"Hoj Village, Papum Pare District, Arunachal Pradesh, India",,,,2.69,22.8,,,360.0,,11.48,11.48,1783.0,0,0,0,1,0,0,0,0,0,0,0,0,0,1,0,0,0,0,0,0,Guar gum,,1.5,Fly ash,,,5.0,,,,,,,,,,,1640.0,14.52,226.04,7,0,,https://doi.org/10.1007/978-981-96-1373-1_21,10.1007/978-981-96-1373-1_21,S01
26,26,"Hoj Village, Papum Pare District, Arunachal Pradesh, India",,,,2.69,22.8,,,360.0,,11.48,11.48,1783.0,0,0,0,1,0,0,0,0,0,0,0,0,0,1,0,0,0,0,0,0,Guar gum,,1.5,Fly ash,,,5.0,,,,,,,,,,,1640.0,14.52,311.1681,28,0,,https://doi.org/10.1007/978-981-96-1373-1_21,10.1007/978-981-96-1373-1_21,S01
27,27,"Hoj Village, Papum Pare District, Arunachal Pradesh, India",,,,2.69,22.8,,,360.0,,11.48,11.48,1783.0,0,0,0,1,0,0,0,0,0,0,0,0,0,1,0,0,0,0,0,0,Guar gum,,2.0,Fly ash,,,5.0,,,,,,,,,,,1586.0,15.4,161.7,0,0,,https://doi.org/10.1007/978-981-96-1373-1_21,10.1007/978-981-96-1373-1_21,S01
28,28,"Hoj Village, Papum Pare District, Arunachal Pradesh, India",,,,2.69,22.8,,,360.0,,11.48,11.48,1783.0,0,0,0,1,0,0,0,0,0,0,0,0,0,1,0,0,0,0,0,0,Guar gum,,2.0,Fly ash,,,5.0,,,,,,,,,,,1586.0,15.4,205.309,3,0,,https://doi.org/10.1007/978-981-96-1373-1_21,10.1007/978-981-96-1373-1_21,S01
29,29,"Hoj Village, Papum Pare District, Arunachal Pradesh, India",,,,2.69,22.8,,,360.0,,11.48,11.48,1783.0,0,0,0,1,0,0,0,0,0,0,0,0,0,1,0,0,0,0,0,0,Guar gum,,2.0,Fly ash,,,5.0,,,,,,,,,,,1586.0,15.4,247.87,7,0,,https://doi.org/10.1007/978-981-96-1373-1_21,10.1007/978-981-96-1373-1_21,S01
30,30,"Hoj Village, Papum Pare District, Arunachal Pradesh, India",,,,2.69,22.8,,,360.0,,11.48,11.48,1783.0,0,0,0,1,0,0,0,0,0,0,0,0,0,1,0,0,0,0,0,0,Guar gum,,2.0,Fly ash,,,5.0,,,,,,,,,,,1586.0,15.4,354.26,28,0,,https://doi.org/10.1007/978-981-96-1373-1_21,10.1007/978-981-96-1373-1_21,S01
31,31,"Hoj Village, Papum Pare District, Arunachal Pradesh, India",,,,2.69,22.8,,,360.0,,11.48,11.48,1783.0,0,0,0,1,0,0,0,0,0,0,0,0,0,1,0,0,0,0,0,0,Guar gum,,2.5,Fly ash,,,5.0,,,,,,,,,,,1613.0,14.76,150.52,0,0,,https://doi.org/10.1007/978-981-96-1373-1_21,10.1007/978-981-96-1373-1_21,S01
32,32,"Hoj Village, Papum Pare District, Arunachal Pradesh, India",,,,2.69,22.8,,,360.0,,11.48,11.48,1783.0,0,0,0,1,0,0,0,0,0,0,0,0,0,1,0,0,0,0,0,0,Guar gum,,2.5,Fly ash,,,5.0,,,,,,,,,,,1613.0,14.76,172.86,3,0,,https://doi.org/10.1007/978-981-96-1373-1_21,10.1007/978-981-96-1373-1_21,S01
33,33,"Hoj Village, Papum Pare District, Arunachal Pradesh, India",,,,2.69,22.8,,,360.0,,11.48,11.48,1783.0,0,0,0,1,0,0,0,0,0,0,0,0,0,1,0,0,0,0,0,0,Guar gum,,2.5,Fly ash,,,5.0,,,,,,,,,,,1613.0,14.76,220.742,7,0,,https://doi.org/10.1007/978-981-96-1373-1_21,10.1007/978-981-96-1373-1_21,S01
34,34,"Hoj Village, Papum Pare District, Arunachal Pradesh, India",,,,2.69,22.8,,,360.0,,11.48,11.48,1783.0,0,0,0,1,0,0,0,0,0,0,0,0,0,1,0,0,0,0,0,0,Guar gum,,2.5,Fly ash,,,5.0,,,,,,,,,,,1613.0,14.76,320.753,28,0,,https://doi.org/10.1007/978-981-96-1373-1_21,10.1007/978-981-96-1373-1_21,S01
35,35,Bentonite + Kaolin (B:K=25:75),1.0,46.0,53.0,2.73,94.5,35.0,59.5,1.89,CH,22.0,22.0,1570.0,0,1,0,0,0,0,0,0,0,0,0,0,1,0,0,0,0,0,0,0,Xhanthan Gum,,0.0,Hydrated Lime,2.1,,0.0,,,,,,,,,,,,,302.3,28,0,,https://doi.org/10.1007/s40891-025-00640-z,10.1007/s40891-025-00640-z,S07
36,36,Bentonite + Kaolin (B:K=25:75),1.0,46.0,53.0,2.73,94.5,35.0,59.5,1.89,CH,22.0,22.0,1570.0,0,1,0,0,0,0,0,0,0,0,0,0,1,0,0,0,0,0,0,0,Xhanthan Gum,,0.25,Hydrated Lime,2.1,,0.0,,,,,,,,,,,,,353.6,28,0,,https://doi.org/10.1007/s40891-025-00640-z,10.1007/s40891-025-00640-z,S07
37,37,Bentonite + Kaolin (B:K=25:75),1.0,46.0,53.0,2.73,94.5,35.0,59.5,1.89,CH,22.0,22.0,1570.0,0,1,0,0,0,0,0,0,0,0,0,0,1,0,0,0,0,0,0,0,Xhanthan Gum,,0.5,Hydrated Lime,2.1,,0.0,,,,,,,,,,,,,395.2,28,0,,https://doi.org/10.1007/s40891-025-00640-z,10.1007/s40891-025-00640-z,S07
38,38,Bentonite + Kaolin (B:K=25:75),1.0,46.0,53.0,2.73,94.5,35.0,59.5,1.89,CH,22.0,22.0,1570.0,0,1,0,0,0,0,0,0,0,0,0,0,1,0,0,0,0,0,0,0,Xhanthan Gum,,1.0,Hydrated Lime,2.1,,0.0,,,,,,,,,,,,,451.2,28,0,,https://doi.org/10.1007/s40891-025-00640-z,10.1007/s40891-025-00640-z,S07
39,39,Bentonite + Kaolin (B:K=25:75),1.0,46.0,53.0,2.73,94.5,35.0,59.5,1.89,CH,22.0,22.0,1570.0,0,1,0,0,0,0,0,0,0,0,0,0,1,0,0,0,0,0,0,0,Xhanthan Gum,,1.5,Hydrated Lime,2.1,,0.0,,,,,,,,,,,,,534.307,28,0,,https://doi.org/10.1007/s40891-025-00640-z,10.1007/s40891-025-00640-z,S07
40,40,Bentonite + Kaolin (B:K=25:75),1.0,46.0,53.0,2.73,94.5,35.0,59.5,1.89,CH,22.0,22.0,1570.0,0,1,0,0,0,0,0,0,0,0,0,0,1,0,0,0,0,0,0,0,Xhanthan Gum,,1.5,Hydrated Lime,2.1,,0.0,,,,,,,,,,,,,637.594,365,0,,https://doi.org/10.1007/s40891-025-00640-z,10.1007/s40891-025-00640-z,S07
41,41,Bentonite + Kaolin (B:K=25:75),1.0,46.0,53.0,2.73,94.5,35.0,59.5,1.89,CH,22.0,22.0,1570.0,0,1,0,0,0,0,0,0,0,0,0,0,1,0,0,0,0,0,0,0,Xhanthan Gum,,2.0,Hydrated Lime,2.1,,0.0,,,,,,,,,,,,,378.4,28,0,,https://doi.org/10.1007/s40891-025-00640-z,10.1007/s40891-025-00640-z,S07
42,42,Bentonite + Kaolin (B:K=25:75),1.0,46.0,53.0,2.73,94.5,35.0,59.5,1.89,CH,22.0,22.0,1570.0,0,1,0,0,0,0,0,0,0,0,0,0,1,0,0,0,0,0,0,0,Xhanthan Gum,,0.0,Hydrated Lime,2.1,,3.0,,,,,,,,,,,,,669.59,28,0,,https://doi.org/10.1007/s40891-025-00640-z,10.1007/s40891-025-00640-z,S07
43,43,Bentonite + Kaolin (B:K=25:75),1.0,46.0,53.0,2.73,94.5,35.0,59.5,1.89,CH,22.0,22.0,1570.0,0,1,0,0,0,0,0,0,0,0,0,0,1,0,0,0,0,0,0,0,Xhanthan Gum,,0.25,Hydrated Lime,2.1,,3.0,,,,,,,,,,,,,479.336,28,0,,https://doi.org/10.1007/s40891-025-00640-z,10.1007/s40891-025-00640-z,S07
44,44,Bentonite + Kaolin (B:K=25:75),1.0,46.0,53.0,2.73,94.5,35.0,59.5,1.89,CH,22.0,22.0,1570.0,0,1,0,0,0,0,0,0,0,0,0,0,1,0,0,0,0,0,0,0,Xhanthan Gum,,0.5,Hydrated Lime,2.1,,3.0,,,,,,,,,,,,,507.336,28,0,,https://doi.org/10.1007/s40891-025-00640-z,10.1007/s40891-025-00640-z,S07
45,45,Bentonite + Kaolin (B:K=25:75),1.0,46.0,53.0,2.73,94.5,35.0,59.5,1.89,CH,22.0,22.0,1570.0,0,1,0,0,0,0,0,0,0,0,0,0,1,0,0,0,0,0,0,0,Xhanthan Gum,,1.0,Hydrated Lime,2.1,,3.0,,,,,,,,,,,,,582.676,28,0,,https://doi.org/10.1007/s40891-025-00640-z,10.1007/s40891-025-00640-z,S07
46,46,Bentonite + Kaolin (B:K=25:75),1.0,46.0,53.0,2.73,94.5,35.0,59.5,1.89,CH,22.0,22.0,1570.0,0,1,0,0,0,0,0,0,0,0,0,0,1,0,0,0,0,0,0,0,Xhanthan Gum,,1.5,Hydrated Lime,2.1,,3.0,,,,,,,,,,,,,917.037,28,0,,https://doi.org/10.1007/s40891-025-00640-z,10.1007/s40891-025-00640-z,S07
47,47,Bentonite + Kaolin (B:K=25:75),1.0,46.0,53.0,2.73,94.5,35.0,59.5,1.89,CH,22.0,22.0,1570.0,0,1,0,0,0,0,0,0,0,0,0,0,1,0,0,0,0,0,0,0,Xhanthan Gum,,1.5,Hydrated Lime,2.1,,3.0,,,,,,,,,,,,,1084.381,365,0,,https://doi.org/10.1007/s40891-025-00640-z,10.1007/s40891-025-00640-z,S07
48,48,Bentonite + Kaolin (B:K=25:75),1.0,46.0,53.0,2.73,94.5,35.0,59.5,1.89,CH,22.0,22.0,1570.0,0,1,0,0,0,0,0,0,0,0,0,0,1,0,0,0,0,0,0,0,Xhanthan Gum,,2.0,Hydrated Lime,2.1,,3.0,,,,,,,,,,,,,474.476,28,0,,https://doi.org/10.1007/s40891-025-00640-z,10.1007/s40891-025-00640-z,S07
49,49,Bentonite + Kaolin (B:K=25:75),1.0,46.0,53.0,2.73,94.5,35.0,59.5,1.89,CH,22.0,22.0,1570.0,0,1,0,0,0,0,0,0,0,0,0,0,1,0,0,0,0,0,0,0,Xhanthan Gum,,0.0,Hydrated Lime,2.1,,6.0,,,,,,,,,,,,,825.038,28,0,,https://doi.org/10.1007/s40891-025-00640-z,10.1007/s40891-025-00640-z,S07
50,50,Bentonite + Kaolin (B:K=25:75),1.0,46.0,53.0,2.73,94.5,35.0,59.5,1.89,CH,22.0,22.0,1570.0,0,1,0,0,0,0,0,0,0,0,0,0,1,0,0,0,0,0,0,0,Xhanthan Gum,,0.25,Hydrated Lime,2.1,,6.0,,,,,,,,,,,,,737.867,28,0,,https://doi.org/10.1007/s40891-025-00640-z,10.1007/s40891-025-00640-z,S07
51,51,Bentonite + Kaolin (B:K=25:75),1.0,46.0,53.0,2.73,94.5,35.0,59.5,1.89,CH,22.0,22.0,1570.0,0,1,0,0,0,0,0,0,0,0,0,0,1,0,0,0,0,0,0,0,Xhanthan Gum,,0.5,Hydrated Lime,2.1,,6.0,,,,,,,,,,,,,761.978,28,0,,https://doi.org/10.1007/s40891-025-00640-z,10.1007/s40891-025-00640-z,S07
52,52,Bentonite + Kaolin (B:K=25:75),1.0,46.0,53.0,2.73,94.5,35.0,59.5,1.89,CH,22.0,22.0,1570.0,0,1,0,0,0,0,0,0,0,0,0,0,1,0,0,0,0,0,0,0,Xhanthan Gum,,1.0,Hydrated Lime,2.1,,6.0,,,,,,,,,,,,,884.389,28,0,,https://doi.org/10.1007/s40891-025-00640-z,10.1007/s40891-025-00640-z,S07
53,53,Bentonite + Kaolin (B:K=25:75),1.0,46.0,53.0,2.73,94.5,35.0,59.5,1.89,CH,22.0,22.0,1570.0,0,1,0,0,0,0,0,0,0,0,0,0,1,0,0,0,0,0,0,0,Xhanthan Gum,,1.5,Hydrated Lime,2.1,,6.0,,,,,,,,,,,,,1192.272,28,0,,https://doi.org/10.1007/s40891-025-00640-z,10.1007/s40891-025-00640-z,S07
54,54,Bentonite + Kaolin (B:K=25:75),1.0,46.0,53.0,2.73,94.5,35.0,59.5,1.89,CH,22.0,22.0,1570.0,0,1,0,0,0,0,0,0,0,0,0,0,1,0,0,0,0,0,0,0,Xhanthan Gum,,1.5,Hydrated Lime,2.1,,6.0,,,,,,,,,,,,,1458.409,365,0,,https://doi.org/10.1007/s40891-025-00640-z,10.1007/s40891-025-00640-z,S07
55,55,Bentonite + Kaolin (B:K=25:75),1.0,46.0,53.0,2.73,94.5,35.0,59.5,1.89,CH,22.0,22.0,1570.0,0,1,0,0,0,0,0,0,0,0,0,0,1,0,0,0,0,0,0,0,Xhanthan Gum,,2.0,Hydrated Lime,2.1,,6.0,,,,,,,,,,,,,789.799,28,0,,https://doi.org/10.1007/s40891-025-00640-z,10.1007/s40891-025-00640-z,S07
56,56,Bentonite + Kaolin (B:K=25:75),1.0,46.0,53.0,2.73,94.5,35.0,59.5,1.89,CH,22.0,22.0,1570.0,0,1,0,0,0,0,0,0,0,0,0,0,1,0,0,0,0,0,0,0,Xhanthan Gum,,0.0,Hydrated Lime,2.1,,9.0,,,,,,,,,,,,,1099.99,28,0,,https://doi.org/10.1007/s40891-025-00640-z,10.1007/s40891-025-00640-z,S07
57,57,Bentonite + Kaolin (B:K=25:75),1.0,46.0,53.0,2.73,94.5,35.0,59.5,1.89,CH,22.0,22.0,1570.0,0,1,0,0,0,0,0,0,0,0,0,0,1,0,0,0,0,0,0,0,Xhanthan Gum,,0.25,Hydrated Lime,2.1,,9.0,,,,,,,,,,,,,888.905,28,0,,https://doi.org/10.1007/s40891-025-00640-z,10.1007/s40891-025-00640-z,S07
58,58,Bentonite + Kaolin (B:K=25:75),1.0,46.0,53.0,2.73,94.5,35.0,59.5,1.89,CH,22.0,22.0,1570.0,0,1,0,0,0,0,0,0,0,0,0,0,1,0,0,0,0,0,0,0,Xhanthan Gum,,0.5,Hydrated Lime,2.1,,9.0,,,,,,,,,,,,,952.749,28,0,,https://doi.org/10.1007/s40891-025-00640-z,10.1007/s40891-025-00640-z,S07
59,59,Bentonite + Kaolin (B:K=25:75),1.0,46.0,53.0,2.73,94.5,35.0,59.5,1.89,CH,22.0,22.0,1570.0,0,1,0,0,0,0,0,0,0,0,0,0,1,0,0,0,0,0,0,0,Xhanthan Gum,,1.0,Hydrated Lime,2.1,,9.0,,,,,,,,,,,,,1217.945,28,0,,https://doi.org/10.1007/s40891-025-00640-z,10.1007/s40891-025-00640-z,S07
60,60,Bentonite + Kaolin (B:K=25:75),1.0,46.0,53.0,2.73,94.5,35.0,59.5,1.89,CH,22.0,22.0,1570.0,0,1,0,0,0,0,0,0,0,0,0,0,1,0,0,0,0,0,0,0,Xhanthan Gum,,1.5,Hydrated Lime,2.1,,9.0,,,,,,,,,,,,,1384.696,28,0,,https://doi.org/10.1007/s40891-025-00640-z,10.1007/s40891-025-00640-z,S07
61,61,Bentonite + Kaolin (B:K=25:75),1.0,46.0,53.0,2.73,94.5,35.0,59.5,1.89,CH,22.0,22.0,1570.0,0,1,0,0,0,0,0,0,0,0,0,0,1,0,0,0,0,0,0,0,Xhanthan Gum,,1.5,Hydrated Lime,2.1,,9.0,,,,,,,,,,,,,1771.389,365,0,,https://doi.org/10.1007/s40891-025-00640-z,10.1007/s40891-025-00640-z,S07
62,62,Bentonite + Kaolin (B:K=25:75),1.0,46.0,53.0,2.73,94.5,35.0,59.5,1.89,CH,22.0,22.0,1570.0,0,1,0,0,0,0,0,0,0,0,0,0,1,0,0,0,0,0,0,0,Xhanthan Gum,,2.0,Hydrated Lime,2.1,,9.0,,,,,,,,,,,,,1054.19,28,0,,https://doi.org/10.1007/s40891-025-00640-z,10.1007/s40891-025-00640-z,S07
63,63,"Hilltop area, Nsukka, Nigeria ",26.0,,,2.65,36.5,10.7,25.8,100.0,CL,19.8,19.8,1730.0,0,0,0,1,0,0,0,0,0,0,0,0,1,0,0,0,0,0,0,0,Guar gum,,0.0,Hydrated Lime,,,0.0,,,,,,,,,,,,,76.0,0,0,no curing,https://doi.org/10.1007/s12517-022-09552-y,10.1007/s12517-022-09552-y,S03
64,64,"Hilltop area, Nsukka, Nigeria ",26.0,,,2.65,36.5,10.7,25.8,100.0,CL,19.8,19.8,1730.0,0,0,0,1,0,0,0,0,0,0,0,0,1,0,0,0,0,0,0,0,Guar gum,,0.0,Hydrated Lime,,,3.0,,,,,,,,,,,,,277.839,0,0,no curing,https://doi.org/10.1007/s12517-022-09552-y,10.1007/s12517-022-09552-y,S03
65,65,"Hilltop area, Nsukka, Nigeria ",26.0,,,2.65,36.5,10.7,25.8,100.0,CL,19.8,19.8,1730.0,0,0,0,1,0,0,0,0,0,0,0,0,1,0,0,0,0,0,0,0,Guar gum,,0.0,Hydrated Lime,,,3.0,,,,,,,,,,,,,318.293,7,0,,https://doi.org/10.1007/s12517-022-09552-y,10.1007/s12517-022-09552-y,S03
66,66,"Hilltop area, Nsukka, Nigeria ",26.0,,,2.65,36.5,10.7,25.8,100.0,CL,19.8,19.8,1730.0,0,0,0,1,0,0,0,0,0,0,0,0,1,0,0,0,0,0,0,0,Guar gum,,0.0,Hydrated Lime,,,3.0,,,,,,,,,,,,,453.181,14,0,,https://doi.org/10.1007/s12517-022-09552-y,10.1007/s12517-022-09552-y,S03
67,67,"Hilltop area, Nsukka, Nigeria ",26.0,,,2.65,36.5,10.7,25.8,100.0,CL,19.8,19.8,1730.0,0,0,0,1,0,0,0,0,0,0,0,0,1,0,0,0,0,0,0,0,Guar gum,,0.1,Hydrated Lime,,,3.0,,,,,,,,,,,,,254.9,0,0,no curing,https://doi.org/10.1007/s12517-022-09552-y,10.1007/s12517-022-09552-y,S03
68,68,"Hilltop area, Nsukka, Nigeria ",26.0,,,2.65,36.5,10.7,25.8,100.0,CL,19.8,19.8,1730.0,0,0,0,1,0,0,0,0,0,0,0,0,1,0,0,0,0,0,0,0,Guar gum,,0.1,Hydrated Lime,,,3.0,,,,,,,,,,,,,337.183,7,0,,https://doi.org/10.1007/s12517-022-09552-y,10.1007/s12517-022-09552-y,S03
69,69,"Hilltop area, Nsukka, Nigeria ",26.0,,,2.65,36.5,10.7,25.8,100.0,CL,19.8,19.8,1730.0,0,0,0,1,0,0,0,0,0,0,0,0,1,0,0,0,0,0,0,0,Guar gum,,0.1,Hydrated Lime,,,3.0,,,,,,,,,,,,,446.42,14,0,,https://doi.org/10.1007/s12517-022-09552-y,10.1007/s12517-022-09552-y,S03
70,70,"Hilltop area, Nsukka, Nigeria ",26.0,,,2.65,36.5,10.7,25.8,100.0,CL,19.8,19.8,1730.0,0,0,0,1,0,0,0,0,0,0,0,0,1,0,0,0,0,0,0,0,Guar gum,,0.2,Hydrated Lime,,,3.0,,,,,,,,,,,,,292.647,0,0,no curing,https://doi.org/10.1007/s12517-022-09552-y,10.1007/s12517-022-09552-y,S03
71,71,"Hilltop area, Nsukka, Nigeria ",26.0,,,2.65,36.5,10.7,25.8,100.0,CL,19.8,19.8,1730.0,0,0,0,1,0,0,0,0,0,0,0,0,1,0,0,0,0,0,0,0,Guar gum,,0.2,Hydrated Lime,,,3.0,,,,,,,,,,,,,373.577,7,0,,https://doi.org/10.1007/s12517-022-09552-y,10.1007/s12517-022-09552-y,S03
72,72,"Hilltop area, Nsukka, Nigeria ",26.0,,,2.65,36.5,10.7,25.8,100.0,CL,19.8,19.8,1730.0,0,0,0,1,0,0,0,0,0,0,0,0,1,0,0,0,0,0,0,0,Guar gum,,0.2,Hydrated Lime,,,3.0,,,,,,,,,,,,,513.856,14,0,,https://doi.org/10.1007/s12517-022-09552-y,10.1007/s12517-022-09552-y,S03
73,73,"Hilltop area, Nsukka, Nigeria ",26.0,,,2.65,36.5,10.7,25.8,100.0,CL,19.8,19.8,1730.0,0,0,0,1,0,0,0,0,0,0,0,0,1,0,0,0,0,0,0,0,Guar gum,,0.3,Hydrated Lime,,,3.0,,,,,,,,,,,,,530.638,0,0,no curing,https://doi.org/10.1007/s12517-022-09552-y,10.1007/s12517-022-09552-y,S03
74,74,"Hilltop area, Nsukka, Nigeria ",26.0,,,2.65,36.5,10.7,25.8,100.0,CL,19.8,19.8,1730.0,0,0,0,1,0,0,0,0,0,0,0,0,1,0,0,0,0,0,0,0,Guar gum,,0.3,Hydrated Lime,,,3.0,,,,,,,,,,,,,401.891,7,0,,https://doi.org/10.1007/s12517-022-09552-y,10.1007/s12517-022-09552-y,S03
75,75,"Hilltop area, Nsukka, Nigeria ",26.0,,,2.65,36.5,10.7,25.8,100.0,CL,19.8,19.8,1730.0,0,0,0,1,0,0,0,0,0,0,0,0,1,0,0,0,0,0,0,0,Guar gum,,0.3,Hydrated Lime,,,3.0,,,,,,,,,,,,,617.684,14,0,,https://doi.org/10.1007/s12517-022-09552-y,10.1007/s12517-022-09552-y,S03
76,76,The Georgia kaolinite (KA) -USA,,,,2.6,,,,4.0,,,,,0,1,0,0,0,0,0,0,0,0,0,0,0,1,0,0,0,0,0,0,Xhanthan Gum,,0.0,Fly ash,,,30.0,,,,,,,,,,,,,199.187,0,0,no curing,https://doi.org/10.1061/(ASCE)MT.1943-5533.0002705,10.1061/(ASCE)MT.1943-5533.0002705,S12
77,77,The Georgia kaolinite (KA) -USA,,,,2.6,,,,4.0,,,,,0,1,0,0,0,0,0,0,0,0,0,0,0,1,0,0,0,0,0,0,Xhanthan Gum,,0.1,Fly ash,,,30.0,,,,,,,,,,,,,218.734,0,0,no curing,https://doi.org/10.1061/(ASCE)MT.1943-5533.0002705,10.1061/(ASCE)MT.1943-5533.0002705,S12
78,78,The Georgia kaolinite (KA) -USA,,,,2.6,,,,4.0,,,,,0,1,0,0,0,0,0,0,0,0,0,0,0,1,0,0,0,0,0,0,Xhanthan Gum,,0.5,Fly ash,,,30.0,,,,,,,,,,,,,209.926,0,0,no curing,https://doi.org/10.1061/(ASCE)MT.1943-5533.0002705,10.1061/(ASCE)MT.1943-5533.0002705,S12
79,79,The Georgia kaolinite (KA) -USA,,,,2.6,,,,4.0,,,,,0,1,0,0,0,0,0,0,0,0,0,0,0,1,0,0,0,0,0,0,Xhanthan Gum,,1.0,Fly ash,,,30.0,,,,,,,,,,,,,180.826,0,0,no curing,https://doi.org/10.1061/(ASCE)MT.1943-5533.0002705,10.1061/(ASCE)MT.1943-5533.0002705,S12
80,80,The Georgia kaolinite (KA) -USA,,,,2.6,,,,4.0,,,,,0,1,0,0,0,0,0,0,0,0,0,0,0,1,0,0,0,0,0,0,Xhanthan Gum,,0.0,Fly ash,,,0.0,,,,,,,,,,,,,139.837,0,0,no curing,https://doi.org/10.1061/(ASCE)MT.1943-5533.0002705,10.1061/(ASCE)MT.1943-5533.0002705,S12
81,81,The Georgia kaolinite (KA) -USA,,,,2.6,,,,4.0,,,,,0,1,0,0,0,0,0,0,0,0,0,0,0,1,0,0,0,0,0,0,Xhanthan Gum,,0.1,Fly ash,,,0.0,,,,,,,,,,,,,169.546,0,0,no curing,https://doi.org/10.1061/(ASCE)MT.1943-5533.0002705,10.1061/(ASCE)MT.1943-5533.0002705,S12
82,82,The Georgia kaolinite (KA) -USA,,,,2.6,,,,4.0,,,,,0,1,0,0,0,0,0,0,0,0,0,0,0,1,0,0,0,0,0,0,Xhanthan Gum,,0.5,Fly ash,,,0.0,,,,,,,,,,,,,149.763,0,0,no curing,https://doi.org/10.1061/(ASCE)MT.1943-5533.0002705,10.1061/(ASCE)MT.1943-5533.0002705,S12
83,83,The Georgia kaolinite (KA) -USA,,,,2.6,,,,4.0,,,,,0,1,0,0,0,0,0,0,0,0,0,0,0,1,0,0,0,0,0,0,Xhanthan Gum,,1.0,Fly ash,,,0.0,,,,,,,,,,,,,119.851,0,0,no curing,https://doi.org/10.1061/(ASCE)MT.1943-5533.0002705,10.1061/(ASCE)MT.1943-5533.0002705,S12
84,84,"The center of Afyonkarahisar, Turkey",,,,2.62,48.6,23.0,,2276.0,CL,21.9,21.9,1580.0,0,0,0,0,0,1,0,0,0,0,0,0,0,0,0,0,0,0,0,1,sodium lignosulfonate,,0.0,Glass Powder,,,0.0,,,,,,,,,,,1470.0,24.1,129.44778,7,0,,https://doi.org/10.3390/app14177532,10.3390/app14177532,S17
85,85,"The center of Afyonkarahisar, Turkey",,,,2.62,48.6,23.0,,2276.0,CL,21.9,21.9,1580.0,0,0,0,0,0,1,0,0,0,0,0,0,0,0,0,0,0,0,0,1,sodium lignosulfonate,,0.0,Glass Powder,,,0.0,,,,,,,,,,,1470.0,24.1,151.02241,28,0,,https://doi.org/10.3390/app14177532,10.3390/app14177532,S17
86,86,"The center of Afyonkarahisar, Turkey",,,,2.62,48.6,23.0,,2276.0,CL,21.9,21.9,1580.0,0,0,0,0,0,1,0,0,0,0,0,0,0,0,0,0,0,0,0,1,sodium lignosulfonate,,5.0,Glass Powder,,,5.0,,,,,,,,,,,1570.0,22.3,339.31009,7,0,,https://doi.org/10.3390/app14177532,10.3390/app14177532,S17
87,87,"The center of Afyonkarahisar, Turkey",,,,2.62,48.6,23.0,,2276.0,CL,21.9,21.9,1580.0,0,0,0,0,0,1,0,0,0,0,0,0,0,0,0,0,0,0,0,1,sodium lignosulfonate,,5.0,Glass Powder,,,5.0,,,,,,,,,,,1570.0,22.3,377.556025,28,0,,https://doi.org/10.3390/app14177532,10.3390/app14177532,S17
88,88,"The center of Afyonkarahisar, Turkey",,,,2.62,48.6,23.0,,2276.0,CL,21.9,21.9,1580.0,0,0,0,0,0,1,0,0,0,0,0,0,0,0,0,0,0,0,0,1,sodium lignosulfonate,,10.0,Glass Powder,,,10.0,,,,,,,,,,,1590.0,19.6,238.301595,7,0,,https://doi.org/10.3390/app14177532,10.3390/app14177532,S17
89,89,"The center of Afyonkarahisar, Turkey",,,,2.62,48.6,23.0,,2276.0,CL,21.9,21.9,1580.0,0,0,0,0,0,1,0,0,0,0,0,0,0,0,0,0,0,0,0,1,sodium lignosulfonate,,10.0,Glass Powder,,,10.0,,,,,,,,,,,1590.0,19.6,289.296175,28,0,,https://doi.org/10.3390/app14177532,10.3390/app14177532,S17
90,90,"The center of Afyonkarahisar, Turkey",,,,2.62,48.6,23.0,,2276.0,CL,21.9,21.9,1580.0,0,0,0,0,0,1,0,0,0,0,0,0,0,0,0,0,0,0,0,1,sodium lignosulfonate,,15.0,Glass Powder,,,15.0,,,,,,,,,,,1630.0,16.1,193.191005,7,0,,https://doi.org/10.3390/app14177532,10.3390/app14177532,S17
91,91,"The center of Afyonkarahisar, Turkey",,,,2.62,48.6,23.0,,2276.0,CL,21.9,21.9,1580.0,0,0,0,0,0,1,0,0,0,0,0,0,0,0,0,0,0,0,0,1,sodium lignosulfonate,,15.0,Glass Powder,,,15.0,,,,,,,,,,,1630.0,16.1,208.881645,28,0,,https://doi.org/10.3390/app14177532,10.3390/app14177532,S17
92,92," Lianyungang City, Jiangsu Province, China",,,,2.7,41.18,19.86,21.32,,Silty Clay,20.63,20.63,1610.0,0,0,0,0,1,0,0,0,0,0,0,0,0,0,0,0,0,0,1,0,Lignin,,0.0,Ground Granulated Blast-furnace Slag,3.1,,0.0,,,,,,,,,,,1590.0,20.63,560.0,7,0,,https://doi.org/10.3390/buildings15010038,10.3390/buildings15010038,S18
93,93," Lianyungang City, Jiangsu Province, China",,,,2.7,41.18,19.86,21.32,,Silty Clay,20.63,20.63,1610.0,0,0,0,0,1,0,0,0,0,0,0,0,0,0,0,0,0,0,1,0,Lignin,,0.0,Ground Granulated Blast-furnace Slag,3.1,,0.0,,,,,,,,,,,1590.0,20.63,640.0,14,0,,https://doi.org/10.3390/buildings15010038,10.3390/buildings15010038,S18
94,94," Lianyungang City, Jiangsu Province, China",,,,2.7,41.18,19.86,21.32,,Silty Clay,20.63,20.63,1610.0,0,0,0,0,1,0,0,0,0,0,0,0,0,0,0,0,0,0,1,0,Lignin,,0.0,Ground Granulated Blast-furnace Slag,3.1,,0.0,,,,,,,,,,,1590.0,20.63,700.0,28,0,,https://doi.org/10.3390/buildings15010038,10.3390/buildings15010038,S18
95,95," Lianyungang City, Jiangsu Province, China",,,,2.7,41.18,19.86,21.32,,Silty Clay,20.63,20.63,1610.0,0,0,0,0,1,0,0,0,0,0,0,0,0,0,0,0,0,0,1,0,Lignin,,12.0,Ground Granulated Blast-furnace Slag,3.1,,0.0,,,,,,,,,,,1650.0,21.98,660.0,7,0,,https://doi.org/10.3390/buildings15010038,10.3390/buildings15010038,S18
96,96," Lianyungang City, Jiangsu Province, China",,,,2.7,41.18,19.86,21.32,,Silty Clay,20.63,20.63,1610.0,0,0,0,0,1,0,0,0,0,0,0,0,0,0,0,0,0,0,1,0,Lignin,,12.0,Ground Granulated Blast-furnace Slag,3.1,,0.0,,,,,,,,,,,1650.0,21.98,770.0,14,0,,https://doi.org/10.3390/buildings15010038,10.3390/buildings15010038,S18
97,97," Lianyungang City, Jiangsu Province, China",,,,2.7,41.18,19.86,21.32,,Silty Clay,20.63,20.63,1610.0,0,0,0,0,1,0,0,0,0,0,0,0,0,0,0,0,0,0,1,0,Lignin,,12.0,Ground Granulated Blast-furnace Slag,3.1,,0.0,,,,,,,,,,,1650.0,21.98,1350.0,28,0,,https://doi.org/10.3390/buildings15010038,10.3390/buildings15010038,S18
98,98," Lianyungang City, Jiangsu Province, China",,,,2.7,41.18,19.86,21.32,,Silty Clay,20.63,20.63,1610.0,0,0,0,0,1,0,0,0,0,0,0,0,0,0,0,0,0,0,1,0,Lignin,,8.0,Ground Granulated Blast-furnace Slag,3.1,,4.0,,,,,,,,,,,1640.0,21.78,720.0,7,0,,https://doi.org/10.3390/buildings15010038,10.3390/buildings15010038,S18
99,99," Lianyungang City, Jiangsu Province, China",,,,2.7,41.18,19.86,21.32,,Silty Clay,20.63,20.63,1610.0,0,0,0,0,1,0,0,0,0,0,0,0,0,0,0,0,0,0,1,0,Lignin,,8.0,Ground Granulated Blast-furnace Slag,3.1,,4.0,,,,,,,,,,,1640.0,21.78,880.0,14,0,,https://doi.org/10.3390/buildings15010038,10.3390/buildings15010038,S18
100,100," Lianyungang City, Jiangsu Province, China",,,,2.7,41.18,19.86,21.32,,Silty Clay,20.63,20.63,1610.0,0,0,0,0,1,0,0,0,0,0,0,0,0,0,0,0,0,0,1,0,Lignin,,8.0,Ground Granulated Blast-furnace Slag,3.1,,4.0,,,,,,,,,,,1640.0,21.78,1590.0,28,0,,https://doi.org/10.3390/buildings15010038,10.3390/buildings15010038,S18
101,101," Lianyungang City, Jiangsu Province, China",,,,2.7,41.18,19.86,21.32,,Silty Clay,20.63,20.63,1610.0,0,0,0,0,1,0,0,0,0,0,0,0,0,0,0,0,0,0,1,0,Lignin,,4.0,Ground Granulated Blast-furnace Slag,3.1,,8.0,,,,,,,,,,,1620.0,19.73,1041.0,7,0,,https://doi.org/10.3390/buildings15010038,10.3390/buildings15010038,S18
102,102," Lianyungang City, Jiangsu Province, China",,,,2.7,41.18,19.86,21.32,,Silty Clay,20.63,20.63,1610.0,0,0,0,0,1,0,0,0,0,0,0,0,0,0,0,0,0,0,1,0,Lignin,,4.0,Ground Granulated Blast-furnace Slag,3.1,,8.0,,,,,,,,,,,1620.0,19.73,1390.0,14,0,,https://doi.org/10.3390/buildings15010038,10.3390/buildings15010038,S18
103,103," Lianyungang City, Jiangsu Province, China",,,,2.7,41.18,19.86,21.32,,Silty Clay,20.63,20.63,1610.0,0,0,0,0,1,0,0,0,0,0,0,0,0,0,0,0,0,0,1,0,Lignin,,4.0,Ground Granulated Blast-furnace Slag,3.1,,8.0,,,,,,,,,,,1620.0,19.73,2460.0,28,0,,https://doi.org/10.3390/buildings15010038,10.3390/buildings15010038,S18
104,104," Lianyungang City, Jiangsu Province, China",,,,2.7,41.18,19.86,21.32,,Silty Clay,20.63,20.63,1610.0,0,0,0,0,1,0,0,0,0,0,0,0,0,0,0,0,0,0,1,0,Lignin,,0.0,Ground Granulated Blast-furnace Slag,3.1,,12.0,,,,,,,,,,,1610.0,19.1,1371.0,7,0,,https://doi.org/10.3390/buildings15010038,10.3390/buildings15010038,S18
105,105," Lianyungang City, Jiangsu Province, China",,,,2.7,41.18,19.86,21.32,,Silty Clay,20.63,20.63,1610.0,0,0,0,0,1,0,0,0,0,0,0,0,0,0,0,0,0,0,1,0,Lignin,,0.0,Ground Granulated Blast-furnace Slag,3.1,,12.0,,,,,,,,,,,1610.0,19.1,1760.0,14,0,,https://doi.org/10.3390/buildings15010038,10.3390/buildings15010038,S18
106,106," Lianyungang City, Jiangsu Province, China",,,,2.7,41.18,19.86,21.32,,Silty Clay,20.63,20.63,1610.0,0,0,0,0,1,0,0,0,0,0,0,0,0,0,0,0,0,0,1,0,Lignin,,0.0,Ground Granulated Blast-furnace Slag,3.1,,12.0,,,,,,,,,,,1610.0,19.1,2490.0,28,0,,https://doi.org/10.3390/buildings15010038,10.3390/buildings15010038,S18
107,107,"(Yongwu Road-Jinlun Road) in Nanning, Guangxi",,,,2.68,59.3,20.9,38.4,,medium-expansive soil/ high liquid-limit clay,14.38,14.38,1780.0,0,0,0,1,0,0,0,0,0,0,0,0,0,0,0,0,1,0,0,0,Guar gum,,0.0,palm fibr,,0.0,0.0,,,,,,,,,,,,,376.0,14,0,,https://doi.org/10.3390/fib13080104,10.3390/fib13080104,S19
108,108,"(Yongwu Road-Jinlun Road) in Nanning, Guangxi",,,,2.68,59.3,20.9,38.4,,medium-expansive soil/ high liquid-limit clay,14.38,14.38,1780.0,0,0,0,1,0,0,0,0,0,0,0,0,0,0,0,0,1,0,0,0,Guar gum,,2.0,palm fibr,,0.0,0.0,,,,,,,,,,,,,1103.0,14,0,,https://doi.org/10.3390/fib13080104,10.3390/fib13080104,S19
109,109,"(Yongwu Road-Jinlun Road) in Nanning, Guangxi",,,,2.68,59.3,20.9,38.4,,medium-expansive soil/ high liquid-limit clay,14.38,14.38,1780.0,0,0,0,1,0,0,0,0,0,0,0,0,0,0,0,0,1,0,0,0,Guar gum,,2.0,palm fibr,,0.2,3.0,,,,,,,,,,,,,1130.0,14,0,,https://doi.org/10.3390/fib13080104,10.3390/fib13080104,S19
110,110,"(Yongwu Road-Jinlun Road) in Nanning, Guangxi",,,,2.68,59.3,20.9,38.4,,medium-expansive soil/ high liquid-limit clay,14.38,14.38,1780.0,0,0,0,1,0,0,0,0,0,0,0,0,0,0,0,0,1,0,0,0,Guar gum,,2.0,palm fibr,,0.2,6.0,,,,,,,,,,,,,1169.0,14,0,,https://doi.org/10.3390/fib13080104,10.3390/fib13080104,S19
111,111,"(Yongwu Road-Jinlun Road) in Nanning, Guangxi",,,,2.68,59.3,20.9,38.4,,medium-expansive soil/ high liquid-limit clay,14.38,14.38,1780.0,0,0,0,1,0,0,0,0,0,0,0,0,0,0,0,0,1,0,0,0,Guar gum,,2.0,palm fibr,,0.2,9.0,,,,,,,,,,,,,1118.0,14,0,,https://doi.org/10.3390/fib13080104,10.3390/fib13080104,S19
112,112,"(Yongwu Road-Jinlun Road) in Nanning, Guangxi",,,,2.68,59.3,20.9,38.4,,medium-expansive soil/ high liquid-limit clay,14.38,14.38,1780.0,0,0,0,1,0,0,0,0,0,0,0,0,0,0,0,0,1,0,0,0,Guar gum,,2.0,palm fibr,,0.2,12.0,,,,,,,,,,,,,1109.0,14,0,,https://doi.org/10.3390/fib13080104,10.3390/fib13080104,S19
113,113,"(Yongwu Road-Jinlun Road) in Nanning, Guangxi",,,,2.68,59.3,20.9,38.4,,medium-expansive soil/ high liquid-limit clay,14.38,14.38,1780.0,0,0,0,1,0,0,0,0,0,0,0,0,0,0,0,0,1,0,0,0,Guar gum,,2.0,palm fibr,,0.4,3.0,,,,,,,,,,,,,1160.0,14,0,,https://doi.org/10.3390/fib13080104,10.3390/fib13080104,S19
114,114,"(Yongwu Road-Jinlun Road) in Nanning, Guangxi",,,,2.68,59.3,20.9,38.4,,medium-expansive soil/ high liquid-limit clay,14.38,14.38,1780.0,0,0,0,1,0,0,0,0,0,0,0,0,0,0,0,0,1,0,0,0,Guar gum,,2.0,palm fibr,,0.4,6.0,,,,,,,,,,,,,1288.0,14,0,,https://doi.org/10.3390/fib13080104,10.3390/fib13080104,S19
115,115,"(Yongwu Road-Jinlun Road) in Nanning, Guangxi",,,,2.68,59.3,20.9,38.4,,medium-expansive soil/ high liquid-limit clay,14.38,14.38,1780.0,0,0,0,1,0,0,0,0,0,0,0,0,0,0,0,0,1,0,0,0,Guar gum,,2.0,palm fibr,,0.4,9.0,,,,,,,,,,,,,1286.0,14,0,,https://doi.org/10.3390/fib13080104,10.3390/fib13080104,S19
116,116,"(Yongwu Road-Jinlun Road) in Nanning, Guangxi",,,,2.68,59.3,20.9,38.4,,medium-expansive soil/ high liquid-limit clay,14.38,14.38,1780.0,0,0,0,1,0,0,0,0,0,0,0,0,0,0,0,0,1,0,0,0,Guar gum,,2.0,palm fibr,,0.4,12.0,,,,,,,,,,,,,1256.0,14,0,,https://doi.org/10.3390/fib13080104,10.3390/fib13080104,S19
117,117,"(Yongwu Road-Jinlun Road) in Nanning, Guangxi",,,,2.68,59.3,20.9,38.4,,medium-expansive soil/ high liquid-limit clay,14.38,14.38,1780.0,0,0,0,1,0,0,0,0,0,0,0,0,0,0,0,0,1,0,0,0,Guar gum,,2.0,palm fibr,,0.6,3.0,,,,,,,,,,,,,1299.0,14,0,,https://doi.org/10.3390/fib13080104,10.3390/fib13080104,S19
118,118,"(Yongwu Road-Jinlun Road) in Nanning, Guangxi",,,,2.68,59.3,20.9,38.4,,medium-expansive soil/ high liquid-limit clay,14.38,14.38,1780.0,0,0,0,1,0,0,0,0,0,0,0,0,0,0,0,0,1,0,0,0,Guar gum,,2.0,palm fibr,,0.6,6.0,,,,,,,,,,,,,1328.0,14,0,,https://doi.org/10.3390/fib13080104,10.3390/fib13080104,S19
119,119,"(Yongwu Road-Jinlun Road) in Nanning, Guangxi",,,,2.68,59.3,20.9,38.4,,medium-expansive soil/ high liquid-limit clay,14.38,14.38,1780.0,0,0,0,1,0,0,0,0,0,0,0,0,0,0,0,0,1,0,0,0,Guar gum,,2.0,palm fibr,,0.6,9.0,,,,,,,,,,,,,1297.0,14,0,,https://doi.org/10.3390/fib13080104,10.3390/fib13080104,S19
120,120,"(Yongwu Road-Jinlun Road) in Nanning, Guangxi",,,,2.68,59.3,20.9,38.4,,medium-expansive soil/ high liquid-limit clay,14.38,14.38,1780.0,0,0,0,1,0,0,0,0,0,0,0,0,0,0,0,0,1,0,0,0,Guar gum,,2.0,palm fibr,,0.6,12.0,,,,,,,,,,,,,1276.0,14,0,,https://doi.org/10.3390/fib13080104,10.3390/fib13080104,S19
121,121,Kaolinite soil,8.0,26.0,66.0,2.68,38.3,19.0,19.2,0.21,CL,24.9,24.9,1580.0,0,0,0,1,0,0,0,0,0,0,0,0,0,0,0,0,1,0,0,0,Guar gum,2.51,0.0,palm fibr,,0.0,0.0,,,,,,,,,,,1580.0,24.9,86.0,14,0,,https://doi.org/10.1007/s10064-024-04064-3,10.1007/s10064-024-04064-3,S02
122,122,Kaolinite soil,8.0,26.0,66.0,2.68,38.3,19.0,19.2,0.21,CL,24.9,24.9,1580.0,0,0,0,1,0,0,0,0,0,0,0,0,0,0,0,0,1,0,0,0,Guar gum,2.51,1.5,palm fibr,,0.0,0.0,,,,,,,,,,,1492.0,27.5,213.17,14,0,,https://doi.org/10.1007/s10064-024-04064-3,10.1007/s10064-024-04064-3,S02
123,123,Kaolinite soil,8.0,26.0,66.0,2.68,38.3,19.0,19.2,0.21,CL,24.9,24.9,1580.0,0,0,0,1,0,0,0,0,0,0,0,0,0,0,0,0,1,0,0,0,Guar gum,2.51,1.5,palm fibr,,5.0,0.2,,,,,,,,,,,1410.0,29.1,223.0,14,0,,https://doi.org/10.1007/s10064-024-04064-3,10.1007/s10064-024-04064-3,S02
124,124,Kaolinite soil,8.0,26.0,66.0,2.68,38.3,19.0,19.2,0.21,CL,24.9,24.9,1580.0,0,0,0,1,0,0,0,0,0,0,0,0,0,0,0,0,1,0,0,0,Guar gum,2.51,1.5,palm fibr,,10.0,0.2,,,,,,,,,,,1410.0,29.1,230.0,14,0,,https://doi.org/10.1007/s10064-024-04064-3,10.1007/s10064-024-04064-3,S02
125,125,Kaolinite soil,8.0,26.0,66.0,2.68,38.3,19.0,19.2,0.21,CL,24.9,24.9,1580.0,0,0,0,1,0,0,0,0,0,0,0,0,0,0,0,0,1,0,0,0,Guar gum,2.51,1.5,palm fibr,,15.0,0.5,,,,,,,,,,,1410.0,29.1,236.0,14,0,,https://doi.org/10.1007/s10064-024-04064-3,10.1007/s10064-024-04064-3,S02
126,126,Kaolinite soil,8.0,26.0,66.0,2.68,38.3,19.0,19.2,0.21,CL,24.9,24.9,1580.0,0,0,0,1,0,0,0,0,0,0,0,0,0,0,0,0,1,0,0,0,Guar gum,2.51,1.5,palm fibr,,5.0,0.4,,,,,,,,,,,1390.0,29.8,227.0,14,0,,https://doi.org/10.1007/s10064-024-04064-3,10.1007/s10064-024-04064-3,S02
127,127,Kaolinite soil,8.0,26.0,66.0,2.68,38.3,19.0,19.2,0.21,CL,24.9,24.9,1580.0,0,0,0,1,0,0,0,0,0,0,0,0,0,0,0,0,1,0,0,0,Guar gum,2.51,1.5,palm fibr,,10.0,0.4,,,,,,,,,,,1390.0,29.8,233.0,14,0,,https://doi.org/10.1007/s10064-024-04064-3,10.1007/s10064-024-04064-3,S02
128,128,Kaolinite soil,8.0,26.0,66.0,2.68,38.3,19.0,19.2,0.21,CL,24.9,24.9,1580.0,0,0,0,1,0,0,0,0,0,0,0,0,0,0,0,0,1,0,0,0,Guar gum,2.51,1.5,palm fibr,,15.0,0.4,,,,,,,,,,,1390.0,29.8,244.0,14,0,,https://doi.org/10.1007/s10064-024-04064-3,10.1007/s10064-024-04064-3,S02
129,129,Kaolinite soil,8.0,26.0,66.0,2.68,38.3,19.0,19.2,0.21,CL,24.9,24.9,1580.0,0,0,0,1,0,0,0,0,0,0,0,0,0,0,0,0,1,0,0,0,Guar gum,2.51,1.5,palm fibr,,5.0,0.6,,,,,,,,,,,1340.0,31.2,235.0,14,0,,https://doi.org/10.1007/s10064-024-04064-3,10.1007/s10064-024-04064-3,S02
130,130,Kaolinite soil,8.0,26.0,66.0,2.68,38.3,19.0,19.2,0.21,CL,24.9,24.9,1580.0,0,0,0,1,0,0,0,0,0,0,0,0,0,0,0,0,1,0,0,0,Guar gum,2.51,1.5,palm fibr,,10.0,0.6,,,,,,,,,,,1340.0,31.2,258.0,14,0,,https://doi.org/10.1007/s10064-024-04064-3,10.1007/s10064-024-04064-3,S02
131,131,Kaolinite soil,8.0,26.0,66.0,2.68,38.3,19.0,19.2,0.21,CL,24.9,24.9,1580.0,0,0,0,1,0,0,0,0,0,0,0,0,0,0,0,0,1,0,0,0,Guar gum,2.51,1.5,palm fibr,,15.0,0.6,,,,,,,,,,,1340.0,31.2,249.0,14,0,,https://doi.org/10.1007/s10064-024-04064-3,10.1007/s10064-024-04064-3,S02
132,132,Carbonaceous mudstone,,,,2.66,34.1,26.7,7.4,1210.0,ML,10.86,10.86,2010.0,0,0,0,1,0,0,0,0,0,0,0,0,0,1,0,0,0,0,0,0,Guar gum,,0.0,Fly ash,,,0.0,,,,,,,,,,,,,258.73,7,0,,https://doi.org/10.3311/PPci.40107,10.3311/PPci.40107,S16
133,133,Carbonaceous mudstone,,,,2.66,34.1,26.7,7.4,1210.0,ML,10.86,10.86,2010.0,0,0,0,1,0,0,0,0,0,0,0,0,0,1,0,0,0,0,0,0,Guar gum,,2.0,Fly ash,,,5.0,,,,,,,,,,,,,377.077,7,0,,https://doi.org/10.3311/PPci.40107,10.3311/PPci.40107,S16
134,134,Carbonaceous mudstone,,,,2.66,34.1,26.7,7.4,1210.0,ML,10.86,10.86,2010.0,0,0,0,1,0,0,0,0,0,0,0,0,0,1,0,0,0,0,0,0,Guar gum,,4.0,Fly ash,,,10.0,,,,,,,,,,,,,522.492,7,0,,https://doi.org/10.3311/PPci.40107,10.3311/PPci.40107,S16
135,135,Carbonaceous mudstone,,,,2.66,34.1,26.7,7.4,1210.0,ML,10.86,10.86,2010.0,0,0,0,1,0,0,0,0,0,0,0,0,0,1,0,0,0,0,0,0,Guar gum,,6.0,Fly ash,,,15.0,,,,,,,,,,,,,614.756,7,0,,https://doi.org/10.3311/PPci.40107,10.3311/PPci.40107,S16
136,136,Carbonaceous mudstone,,,,2.66,34.1,26.7,7.4,1210.0,ML,10.86,10.86,2010.0,0,0,0,1,0,0,0,0,0,0,0,0,0,0,0,0,0,1,0,0,Guar gum,,2.0,Red clay,2.7,,5.0,,,,,,,,,,,,,374.068,7,0,,https://doi.org/10.3311/PPci.40107,10.3311/PPci.40107,S16
137,137,Carbonaceous mudstone,,,,2.66,34.1,26.7,7.4,1210.0,ML,10.86,10.86,2010.0,0,0,0,1,0,0,0,0,0,0,0,0,0,0,0,0,0,1,0,0,Guar gum,,4.0,Red clay,2.7,,10.0,,,,,,,,,,,,,533.524,7,0,,https://doi.org/10.3311/PPci.40107,10.3311/PPci.40107,S16
138,138,Carbonaceous mudstone,,,,2.66,34.1,26.7,7.4,1210.0,ML,10.86,10.86,2010.0,0,0,0,1,0,0,0,0,0,0,0,0,0,0,0,0,0,1,0,0,Guar gum,,6.0,Red clay,2.7,,15.0,,,,,,,,,,,,,622.779,7,0,,https://doi.org/10.3311/PPci.40107,10.3311/PPci.40107,S16
139,139,"Çankırı,Turkey",,,10.0,2.77,40.0,23.0,17.0,15.9,CL,15.0,15.0,1830.0,0,0,0,1,0,0,0,0,0,1,0,0,0,0,0,0,0,0,0,0,Guar gum,,0.0,Lime,,,0.0,,,,,,,,,,,,,500.0,14,0,,https://doi.org/10.2113/gseegeosci.23.1.1,10.2113/gseegeosci.23.1.1,S15
140,140,"Çankırı,Turkey",,,10.0,2.77,40.0,23.0,17.0,15.9,CL,15.0,15.0,1830.0,0,0,0,1,0,0,0,0,0,1,0,0,0,0,0,0,0,0,0,0,Guar gum,,0.0,Lime,,,0.0,,,,,,,,,,,,,500.0,28,0,,https://doi.org/10.2113/gseegeosci.23.1.1,10.2113/gseegeosci.23.1.1,S15
141,141,"Çankırı,Turkey",,,10.0,2.77,40.0,23.0,17.0,15.9,CL,15.0,15.0,1830.0,0,0,0,1,0,0,0,0,0,1,0,0,0,0,0,0,0,0,0,0,Guar gum,,0.0,Lime,,,0.0,,,,,,,,,,,,,500.0,150,0,,https://doi.org/10.2113/gseegeosci.23.1.1,10.2113/gseegeosci.23.1.1,S15
142,142,"Çankırı,Turkey",,,10.0,2.77,40.0,23.0,17.0,15.9,CL,15.0,15.0,1830.0,0,0,0,1,0,0,0,0,0,1,0,0,0,0,0,0,0,0,0,0,Guar gum,,0.02,Lime,,,3.0,,,,,,,,,,,,,425.4,14,0,,https://doi.org/10.2113/gseegeosci.23.1.1,10.2113/gseegeosci.23.1.1,S15
143,143,"Çankırı,Turkey",,,10.0,2.77,40.0,23.0,17.0,15.9,CL,15.0,15.0,1830.0,0,0,0,1,0,0,0,0,0,1,0,0,0,0,0,0,0,0,0,0,Guar gum,,0.02,Lime,,,3.0,,,,,,,,,,,,,418.0,28,0,,https://doi.org/10.2113/gseegeosci.23.1.1,10.2113/gseegeosci.23.1.1,S15
144,144,"Çankırı,Turkey",,,10.0,2.77,40.0,23.0,17.0,15.9,CL,15.0,15.0,1830.0,0,0,0,1,0,0,0,0,0,1,0,0,0,0,0,0,0,0,0,0,Guar gum,,0.02,Lime,,,3.0,,,,,,,,,,,,,500.0,150,0,,https://doi.org/10.2113/gseegeosci.23.1.1,10.2113/gseegeosci.23.1.1,S15
145,145,"Çankırı,Turkey",,,10.0,2.77,40.0,23.0,17.0,15.9,CL,15.0,15.0,1830.0,0,0,0,1,0,0,0,0,0,1,0,0,0,0,0,0,0,0,0,0,Guar gum,,0.25,Lime,,,3.0,,,,,,,,,,,,,409.4,14,0,,https://doi.org/10.2113/gseegeosci.23.1.1,10.2113/gseegeosci.23.1.1,S15
146,146,"Çankırı,Turkey",,,10.0,2.77,40.0,23.0,17.0,15.9,CL,15.0,15.0,1830.0,0,0,0,1,0,0,0,0,0,1,0,0,0,0,0,0,0,0,0,0,Guar gum,,0.25,Lime,,,3.0,,,,,,,,,,,,,413.0,28,0,,https://doi.org/10.2113/gseegeosci.23.1.1,10.2113/gseegeosci.23.1.1,S15
147,147,"Çankırı,Turkey",,,10.0,2.77,40.0,23.0,17.0,15.9,CL,15.0,15.0,1830.0,0,0,0,1,0,0,0,0,0,1,0,0,0,0,0,0,0,0,0,0,Guar gum,,0.25,Lime,,,3.0,,,,,,,,,,,,,500.0,150,0,,https://doi.org/10.2113/gseegeosci.23.1.1,10.2113/gseegeosci.23.1.1,S15
148,148,"BC soil , North Karnataka, India",24.0,51.0,21.0,2.5,64.0,31.0,33.0,15.7,CH,16.32,16.32,1770.0,0,0,0,0,0,0,1,0,0,0,0,0,0,1,0,0,0,0,0,0,Electrolyte Lignin Stabilizer,1.7,0.0,Fly ash,1.975,,0.0,,,,,,,,,,,1770.0,,98.0,1,0,,https://doi.org/10.1007/s40515-015-0020-0,10.1007/s40515-015-0020-0,S05
149,149,"BC soil , North Karnataka, India",24.0,51.0,21.0,2.5,64.0,31.0,33.0,15.7,CH,16.32,16.32,1770.0,0,0,0,0,0,0,1,0,0,0,0,0,0,1,0,0,0,0,0,0,Electrolyte Lignin Stabilizer,1.7,0.0,Fly ash,1.975,,0.0,,,,,,,,,,,1770.0,16.31,173.0,1,0,,https://doi.org/10.1007/s40515-015-0020-0,10.1007/s40515-015-0020-0,S05
150,150,"BC soil , North Karnataka, India",24.0,51.0,21.0,2.5,64.0,31.0,33.0,15.7,CH,16.32,16.32,1770.0,0,0,0,0,0,0,1,0,0,0,0,0,0,1,0,0,0,0,0,0,Electrolyte Lignin Stabilizer,1.7,0.0,Fly ash,1.975,,0.0,,,,,,,,,,,1770.0,,138.0,1,0,,https://doi.org/10.1007/s40515-015-0020-0,10.1007/s40515-015-0020-0,S05
151,151,"BC soil , North Karnataka, India",24.0,51.0,21.0,2.5,64.0,31.0,33.0,15.7,CH,16.32,16.32,1770.0,0,0,0,0,0,0,1,0,0,0,0,0,0,1,0,0,0,0,0,0,Electrolyte Lignin Stabilizer,1.7,0.0,Fly ash,1.975,,0.0,,,,,,,,,,,1770.0,,122.0,7,0,,https://doi.org/10.1007/s40515-015-0020-0,10.1007/s40515-015-0020-0,S05
152,152,"BC soil , North Karnataka, India",24.0,51.0,21.0,2.5,64.0,31.0,33.0,15.7,CH,16.32,16.32,1770.0,0,0,0,0,0,0,1,0,0,0,0,0,0,1,0,0,0,0,0,0,Electrolyte Lignin Stabilizer,1.7,0.0,Fly ash,1.975,,0.0,,,,,,,,,,,1770.0,16.31,207.0,7,0,,https://doi.org/10.1007/s40515-015-0020-0,10.1007/s40515-015-0020-0,S05
153,153,"BC soil , North Karnataka, India",24.0,51.0,21.0,2.5,64.0,31.0,33.0,15.7,CH,16.32,16.32,1770.0,0,0,0,0,0,0,1,0,0,0,0,0,0,1,0,0,0,0,0,0,Electrolyte Lignin Stabilizer,1.7,0.0,Fly ash,1.975,,0.0,,,,,,,,,,,1770.0,,166.0,7,0,,https://doi.org/10.1007/s40515-015-0020-0,10.1007/s40515-015-0020-0,S05
154,154,"BC soil , North Karnataka, India",24.0,51.0,21.0,2.5,64.0,31.0,33.0,15.7,CH,16.32,16.32,1770.0,0,0,0,0,0,0,1,0,0,0,0,0,0,1,0,0,0,0,0,0,Electrolyte Lignin Stabilizer,1.7,0.0,Fly ash,1.975,,0.0,,,,,,,,,,,1770.0,,173.0,28,0,,https://doi.org/10.1007/s40515-015-0020-0,10.1007/s40515-015-0020-0,S05
155,155,"BC soil , North Karnataka, India",24.0,51.0,21.0,2.5,64.0,31.0,33.0,15.7,CH,16.32,16.32,1770.0,0,0,0,0,0,0,1,0,0,0,0,0,0,1,0,0,0,0,0,0,Electrolyte Lignin Stabilizer,1.7,0.0,Fly ash,1.975,,0.0,,,,,,,,,,,1770.0,16.31,231.0,28,0,,https://doi.org/10.1007/s40515-015-0020-0,10.1007/s40515-015-0020-0,S05
156,156,"BC soil , North Karnataka, India",24.0,51.0,21.0,2.5,64.0,31.0,33.0,15.7,CH,16.32,16.32,1770.0,0,0,0,0,0,0,1,0,0,0,0,0,0,1,0,0,0,0,0,0,Electrolyte Lignin Stabilizer,1.7,0.0,Fly ash,1.975,,0.0,,,,,,,,,,,1770.0,,192.0,28,0,,https://doi.org/10.1007/s40515-015-0020-0,10.1007/s40515-015-0020-0,S05
157,157,"BC soil , North Karnataka, India",24.0,51.0,21.0,2.5,64.0,31.0,33.0,15.7,CH,16.32,16.32,1770.0,0,0,0,0,0,0,1,0,0,0,0,0,0,1,0,0,0,0,0,0,Electrolyte Lignin Stabilizer,1.7,,Fly ash,1.975,,0.0,,,,,,,,,,,1770.0,,313.0,1,0,,https://doi.org/10.1007/s40515-015-0020-0,10.1007/s40515-015-0020-0,S05
158,158,"BC soil , North Karnataka, India",24.0,51.0,21.0,2.5,64.0,31.0,33.0,15.7,CH,16.32,16.32,1770.0,0,0,0,0,0,0,1,0,0,0,0,0,0,1,0,0,0,0,0,0,Electrolyte Lignin Stabilizer,1.7,,Fly ash,1.975,,0.0,,,,,,,,,,,1770.0,16.31,415.0,1,0,,https://doi.org/10.1007/s40515-015-0020-0,10.1007/s40515-015-0020-0,S05
159,159,"BC soil , North Karnataka, India",24.0,51.0,21.0,2.5,64.0,31.0,33.0,15.7,CH,16.32,16.32,1770.0,0,0,0,0,0,0,1,0,0,0,0,0,0,1,0,0,0,0,0,0,Electrolyte Lignin Stabilizer,1.7,,Fly ash,1.975,,0.0,,,,,,,,,,,1770.0,,289.0,1,0,,https://doi.org/10.1007/s40515-015-0020-0,10.1007/s40515-015-0020-0,S05
160,160,"BC soil , North Karnataka, India",24.0,51.0,21.0,2.5,64.0,31.0,33.0,15.7,CH,16.32,16.32,1770.0,0,0,0,0,0,0,1,0,0,0,0,0,0,1,0,0,0,0,0,0,Electrolyte Lignin Stabilizer,1.7,,Fly ash,1.975,,0.0,,,,,,,,,,,1790.0,,578.0,7,0,,https://doi.org/10.1007/s40515-015-0020-0,10.1007/s40515-015-0020-0,S05
161,161,"BC soil , North Karnataka, India",24.0,51.0,21.0,2.5,64.0,31.0,33.0,15.7,CH,16.32,16.32,1770.0,0,0,0,0,0,0,1,0,0,0,0,0,0,1,0,0,0,0,0,0,Electrolyte Lignin Stabilizer,1.7,,Fly ash,1.975,,0.0,,,,,,,,,,,1790.0,16.29,792.0,7,0,,https://doi.org/10.1007/s40515-015-0020-0,10.1007/s40515-015-0020-0,S05
162,162,"BC soil , North Karnataka, India",24.0,51.0,21.0,2.5,64.0,31.0,33.0,15.7,CH,16.32,16.32,1770.0,0,0,0,0,0,0,1,0,0,0,0,0,0,1,0,0,0,0,0,0,Electrolyte Lignin Stabilizer,1.7,,Fly ash,1.975,,0.0,,,,,,,,,,,1790.0,,634.0,7,0,,https://doi.org/10.1007/s40515-015-0020-0,10.1007/s40515-015-0020-0,S05
163,163,"BC soil , North Karnataka, India",24.0,51.0,21.0,2.5,64.0,31.0,33.0,15.7,CH,16.32,16.32,1770.0,0,0,0,0,0,0,1,0,0,0,0,0,0,1,0,0,0,0,0,0,Electrolyte Lignin Stabilizer,1.7,,Fly ash,1.975,,0.0,,,,,,,,,,,1850.0,,758.0,28,0,,https://doi.org/10.1007/s40515-015-0020-0,10.1007/s40515-015-0020-0,S05
164,164,"BC soil , North Karnataka, India",24.0,51.0,21.0,2.5,64.0,31.0,33.0,15.7,CH,16.32,16.32,1770.0,0,0,0,0,0,0,1,0,0,0,0,0,0,1,0,0,0,0,0,0,Electrolyte Lignin Stabilizer,1.7,,Fly ash,1.975,,0.0,,,,,,,,,,,1850.0,16.25,971.0,28,0,,https://doi.org/10.1007/s40515-015-0020-0,10.1007/s40515-015-0020-0,S05
165,165,"BC soil , North Karnataka, India",24.0,51.0,21.0,2.5,64.0,31.0,33.0,15.7,CH,16.32,16.32,1770.0,0,0,0,0,0,0,1,0,0,0,0,0,0,1,0,0,0,0,0,0,Electrolyte Lignin Stabilizer,1.7,,Fly ash,1.975,,0.0,,,,,,,,,,,1850.0,,838.0,28,0,,https://doi.org/10.1007/s40515-015-0020-0,10.1007/s40515-015-0020-0,S05
166,166,"BC soil , North Karnataka, India",24.0,51.0,21.0,2.5,64.0,31.0,33.0,15.7,CH,16.32,16.32,1770.0,0,0,0,0,0,0,1,0,0,0,0,0,0,1,0,0,0,0,0,0,Electrolyte Lignin Stabilizer,1.7,0.0,Fly ash,1.975,,6.0,,,,,,,,,,,1770.0,,291.0,1,0,,https://doi.org/10.1007/s40515-015-0020-0,10.1007/s40515-015-0020-0,S05
167,167,"BC soil , North Karnataka, India",24.0,51.0,21.0,2.5,64.0,31.0,33.0,15.7,CH,16.32,16.32,1770.0,0,0,0,0,0,0,1,0,0,0,0,0,0,1,0,0,0,0,0,0,Electrolyte Lignin Stabilizer,1.7,0.0,Fly ash,1.975,,6.0,,,,,,,,,,,1770.0,16.33,324.0,1,0,,https://doi.org/10.1007/s40515-015-0020-0,10.1007/s40515-015-0020-0,S05
168,168,"BC soil , North Karnataka, India",24.0,51.0,21.0,2.5,64.0,31.0,33.0,15.7,CH,16.32,16.32,1770.0,0,0,0,0,0,0,1,0,0,0,0,0,0,1,0,0,0,0,0,0,Electrolyte Lignin Stabilizer,1.7,0.0,Fly ash,1.975,,6.0,,,,,,,,,,,1770.0,,264.0,1,0,,https://doi.org/10.1007/s40515-015-0020-0,10.1007/s40515-015-0020-0,S05
169,169,"BC soil , North Karnataka, India",24.0,51.0,21.0,2.5,64.0,31.0,33.0,15.7,CH,16.32,16.32,1770.0,0,0,0,0,0,0,1,0,0,0,0,0,0,1,0,0,0,0,0,0,Electrolyte Lignin Stabilizer,1.7,0.0,Fly ash,1.975,,6.0,,,,,,,,,,,1800.0,,473.0,7,0,,https://doi.org/10.1007/s40515-015-0020-0,10.1007/s40515-015-0020-0,S05
170,170,"BC soil , North Karnataka, India",24.0,51.0,21.0,2.5,64.0,31.0,33.0,15.7,CH,16.32,16.32,1770.0,0,0,0,0,0,0,1,0,0,0,0,0,0,1,0,0,0,0,0,0,Electrolyte Lignin Stabilizer,1.7,0.0,Fly ash,1.975,,6.0,,,,,,,,,,,1800.0,16.31,513.0,7,0,,https://doi.org/10.1007/s40515-015-0020-0,10.1007/s40515-015-0020-0,S05
171,171,"BC soil , North Karnataka, India",24.0,51.0,21.0,2.5,64.0,31.0,33.0,15.7,CH,16.32,16.32,1770.0,0,0,0,0,0,0,1,0,0,0,0,0,0,1,0,0,0,0,0,0,Electrolyte Lignin Stabilizer,1.7,0.0,Fly ash,1.975,,6.0,,,,,,,,,,,1800.0,,426.0,7,0,,https://doi.org/10.1007/s40515-015-0020-0,10.1007/s40515-015-0020-0,S05
172,172,"BC soil , North Karnataka, India",24.0,51.0,21.0,2.5,64.0,31.0,33.0,15.7,CH,16.32,16.32,1770.0,0,0,0,0,0,0,1,0,0,0,0,0,0,1,0,0,0,0,0,0,Electrolyte Lignin Stabilizer,1.7,0.0,Fly ash,1.975,,6.0,,,,,,,,,,,1850.0,,615.0,28,0,,https://doi.org/10.1007/s40515-015-0020-0,10.1007/s40515-015-0020-0,S05
173,173,"BC soil , North Karnataka, India",24.0,51.0,21.0,2.5,64.0,31.0,33.0,15.7,CH,16.32,16.32,1770.0,0,0,0,0,0,0,1,0,0,0,0,0,0,1,0,0,0,0,0,0,Electrolyte Lignin Stabilizer,1.7,0.0,Fly ash,1.975,,6.0,,,,,,,,,,,1850.0,16.26,684.0,28,0,,https://doi.org/10.1007/s40515-015-0020-0,10.1007/s40515-015-0020-0,S05
174,174,"BC soil , North Karnataka, India",24.0,51.0,21.0,2.5,64.0,31.0,33.0,15.7,CH,16.32,16.32,1770.0,0,0,0,0,0,0,1,0,0,0,0,0,0,1,0,0,0,0,0,0,Electrolyte Lignin Stabilizer,1.7,0.0,Fly ash,1.975,,6.0,,,,,,,,,,,1850.0,,593.0,28,0,,https://doi.org/10.1007/s40515-015-0020-0,10.1007/s40515-015-0020-0,S05
175,175,"BC soil , North Karnataka, India",24.0,51.0,21.0,2.5,64.0,31.0,33.0,15.7,CH,16.32,16.32,1770.0,0,0,0,0,0,0,1,0,0,0,0,0,0,1,0,0,0,0,0,0,Electrolyte Lignin Stabilizer,1.7,,Fly ash,1.975,,6.0,,,,,,,,,,,1770.0,,452.0,1,0,,https://doi.org/10.1007/s40515-015-0020-0,10.1007/s40515-015-0020-0,S05
176,176,"BC soil , North Karnataka, India",24.0,51.0,21.0,2.5,64.0,31.0,33.0,15.7,CH,16.32,16.32,1770.0,0,0,0,0,0,0,1,0,0,0,0,0,0,1,0,0,0,0,0,0,Electrolyte Lignin Stabilizer,1.7,,Fly ash,1.975,,6.0,,,,,,,,,,,1770.0,16.31,544.0,1,0,,https://doi.org/10.1007/s40515-015-0020-0,10.1007/s40515-015-0020-0,S05
177,177,"BC soil , North Karnataka, India",24.0,51.0,21.0,2.5,64.0,31.0,33.0,15.7,CH,16.32,16.32,1770.0,0,0,0,0,0,0,1,0,0,0,0,0,0,1,0,0,0,0,0,0,Electrolyte Lignin Stabilizer,1.7,,Fly ash,1.975,,6.0,,,,,,,,,,,1770.0,,410.0,1,0,,https://doi.org/10.1007/s40515-015-0020-0,10.1007/s40515-015-0020-0,S05
178,178,"BC soil , North Karnataka, India",24.0,51.0,21.0,2.5,64.0,31.0,33.0,15.7,CH,16.32,16.32,1770.0,0,0,0,0,0,0,1,0,0,0,0,0,0,1,0,0,0,0,0,0,Electrolyte Lignin Stabilizer,1.7,,Fly ash,1.975,,6.0,,,,,,,,,,,1800.0,,508.0,7,0,,https://doi.org/10.1007/s40515-015-0020-0,10.1007/s40515-015-0020-0,S05
179,179,"BC soil , North Karnataka, India",24.0,51.0,21.0,2.5,64.0,31.0,33.0,15.7,CH,16.32,16.32,1770.0,0,0,0,0,0,0,1,0,0,0,0,0,0,1,0,0,0,0,0,0,Electrolyte Lignin Stabilizer,1.7,,Fly ash,1.975,,6.0,,,,,,,,,,,1800.0,16.21,890.0,7,0,,https://doi.org/10.1007/s40515-015-0020-0,10.1007/s40515-015-0020-0,S05
180,180,"BC soil , North Karnataka, India",24.0,51.0,21.0,2.5,64.0,31.0,33.0,15.7,CH,16.32,16.32,1770.0,0,0,0,0,0,0,1,0,0,0,0,0,0,1,0,0,0,0,0,0,Electrolyte Lignin Stabilizer,1.7,,Fly ash,1.975,,6.0,,,,,,,,,,,1800.0,,746.0,7,0,,https://doi.org/10.1007/s40515-015-0020-0,10.1007/s40515-015-0020-0,S05
181,181,"BC soil , North Karnataka, India",24.0,51.0,21.0,2.5,64.0,31.0,33.0,15.7,CH,16.32,16.32,1770.0,0,0,0,0,0,0,1,0,0,0,0,0,0,1,0,0,0,0,0,0,Electrolyte Lignin Stabilizer,1.7,,Fly ash,1.975,,6.0,,,,,,,,,,,1880.0,,1063.0,28,0,,https://doi.org/10.1007/s40515-015-0020-0,10.1007/s40515-015-0020-0,S05
182,182,"BC soil , North Karnataka, India",24.0,51.0,21.0,2.5,64.0,31.0,33.0,15.7,CH,16.32,16.32,1770.0,0,0,0,0,0,0,1,0,0,0,0,0,0,1,0,0,0,0,0,0,Electrolyte Lignin Stabilizer,1.7,,Fly ash,1.975,,6.0,,,,,,,,,,,1880.0,16.11,1204.0,28,0,,https://doi.org/10.1007/s40515-015-0020-0,10.1007/s40515-015-0020-0,S05
183,183,"BC soil , North Karnataka, India",24.0,51.0,21.0,2.5,64.0,31.0,33.0,15.7,CH,16.32,16.32,1770.0,0,0,0,0,0,0,1,0,0,0,0,0,0,1,0,0,0,0,0,0,Electrolyte Lignin Stabilizer,1.7,,Fly ash,1.975,,6.0,,,,,,,,,,,1880.0,,946.0,28,0,,https://doi.org/10.1007/s40515-015-0020-0,10.1007/s40515-015-0020-0,S05
184,184,Commercial clay,,,,,58.0,40.0,18.0,0.45,OH,0.405,40.5,1172.67,1,1,0,0,0,0,0,0,0,0,0,0,0,0,0,0,0,0,0,0,Xanthan,,0.5,Polypropylene Fiber,,,0.0,,,,,,,,,,,,,120.0,1,0,,https://doi.org/10.1061/JMCEE7.MTENG-19201,10.1061/JMCEE7.MTENG-19201,S13
185,185,Commercial clay,,,,,58.0,40.0,18.0,0.45,OH,0.405,40.5,1172.67,1,1,0,0,0,0,0,1,0,0,0,0,0,0,0,0,0,0,0,0,Xanthan,,0.5,Polypropylene Fiber,,,0.25,,,,,,,,,,,,,180.0,1,0,,https://doi.org/10.1061/JMCEE7.MTENG-19201,10.1061/JMCEE7.MTENG-19201,S13
186,186,Commercial clay,,,,,58.0,40.0,18.0,0.45,OH,0.405,40.5,1172.67,1,1,0,0,0,0,0,1,0,0,0,0,0,0,0,0,0,0,0,0,Xanthan,,0.5,Polypropylene Fiber,,,0.5,,,,,,,,,,,,,250.0,1,0,,https://doi.org/10.1061/JMCEE7.MTENG-19201,10.1061/JMCEE7.MTENG-19201,S13
187,187,Commercial clay,,,,,58.0,40.0,18.0,0.45,OH,0.405,40.5,1172.67,1,1,0,0,0,0,0,1,0,0,0,0,0,0,0,0,0,0,0,0,Xanthan,,0.5,Polypropylene Fiber,,,0.75,,,,,,,,,,,,,390.0,1,0,,https://doi.org/10.1061/JMCEE7.MTENG-19201,10.1061/JMCEE7.MTENG-19201,S13
188,188,Commercial clay,,,,,58.0,40.0,18.0,0.45,OH,0.405,40.5,1172.67,1,1,0,0,0,0,0,1,0,0,0,0,0,0,0,0,0,0,0,0,Xanthan,,0.5,Polypropylene Fiber,,,1.0,,,,,,,,,,,,,500.0,1,0,,https://doi.org/10.1061/JMCEE7.MTENG-19201,10.1061/JMCEE7.MTENG-19201,S13
189,189,Commercial clay,,,,,58.0,40.0,18.0,0.45,OH,0.405,40.5,1172.67,1,1,0,0,0,0,0,0,0,0,0,0,0,0,0,0,0,0,0,0,Xanthan,,1.0,Polypropylene Fiber,,,0.0,,,,,,,,,,,,,120.0,1,0,,https://doi.org/10.1061/JMCEE7.MTENG-19201,10.1061/JMCEE7.MTENG-19201,S13
190,190,Commercial clay,,,,,58.0,40.0,18.0,0.45,OH,0.405,40.5,1172.67,1,1,0,0,0,0,0,1,0,0,0,0,0,0,0,0,0,0,0,0,Xanthan,,1.0,Polypropylene Fiber,,,0.25,,,,,,,,,,,,,190.0,1,0,,https://doi.org/10.1061/JMCEE7.MTENG-19201,10.1061/JMCEE7.MTENG-19201,S13
191,191,Commercial clay,,,,,58.0,40.0,18.0,0.45,OH,0.405,40.5,1172.67,1,1,0,0,0,0,0,1,0,0,0,0,0,0,0,0,0,0,0,0,Xanthan,,1.0,Polypropylene Fiber,,,0.5,,,,,,,,,,,,,270.0,1,0,,https://doi.org/10.1061/JMCEE7.MTENG-19201,10.1061/JMCEE7.MTENG-19201,S13
192,192,Commercial clay,,,,,58.0,40.0,18.0,0.45,OH,0.405,40.5,1172.67,1,1,0,0,0,0,0,1,0,0,0,0,0,0,0,0,0,0,0,0,Xanthan,,1.0,Polypropylene Fiber,,,0.75,,,,,,,,,,,,,400.0,1,0,,https://doi.org/10.1061/JMCEE7.MTENG-19201,10.1061/JMCEE7.MTENG-19201,S13
193,193,Commercial clay,,,,,58.0,40.0,18.0,0.45,OH,0.405,40.5,1172.67,1,1,0,0,0,0,0,1,0,0,0,0,0,0,0,0,0,0,0,0,Xanthan,,1.0,Polypropylene Fiber,,,1.0,,,,,,,,,,,,,540.0,1,0,,https://doi.org/10.1061/JMCEE7.MTENG-19201,10.1061/JMCEE7.MTENG-19201,S13
194,194,Commercial clay,,,,,58.0,40.0,18.0,0.45,OH,0.405,40.5,1172.67,1,1,0,0,0,0,0,0,0,0,0,0,0,0,0,0,0,0,0,0,Xanthan,,0.5,Polypropylene Fiber,,,0.0,,,,,,,,,,,,,120.0,7,0,,https://doi.org/10.1061/JMCEE7.MTENG-19201,10.1061/JMCEE7.MTENG-19201,S13
195,195,Commercial clay,,,,,58.0,40.0,18.0,0.45,OH,0.405,40.5,1172.67,1,1,0,0,0,0,0,1,0,0,0,0,0,0,0,0,0,0,0,0,Xanthan,,0.5,Polypropylene Fiber,,,0.25,,,,,,,,,,,,,170.0,7,0,,https://doi.org/10.1061/JMCEE7.MTENG-19201,10.1061/JMCEE7.MTENG-19201,S13
196,196,Commercial clay,,,,,58.0,40.0,18.0,0.45,OH,0.405,40.5,1172.67,1,1,0,0,0,0,0,1,0,0,0,0,0,0,0,0,0,0,0,0,Xanthan,,0.5,Polypropylene Fiber,,,0.5,,,,,,,,,,,,,300.0,7,0,,https://doi.org/10.1061/JMCEE7.MTENG-19201,10.1061/JMCEE7.MTENG-19201,S13
197,197,Commercial clay,,,,,58.0,40.0,18.0,0.45,OH,0.405,40.5,1172.67,1,1,0,0,0,0,0,1,0,0,0,0,0,0,0,0,0,0,0,0,Xanthan,,0.5,Polypropylene Fiber,,,0.75,,,,,,,,,,,,,440.0,7,0,,https://doi.org/10.1061/JMCEE7.MTENG-19201,10.1061/JMCEE7.MTENG-19201,S13
198,198,Commercial clay,,,,,58.0,40.0,18.0,0.45,OH,0.405,40.5,1172.67,1,1,0,0,0,0,0,1,0,0,0,0,0,0,0,0,0,0,0,0,Xanthan,,0.5,Polypropylene Fiber,,,1.0,,,,,,,,,,,,,530.0,7,0,,https://doi.org/10.1061/JMCEE7.MTENG-19201,10.1061/JMCEE7.MTENG-19201,S13
199,199,Commercial clay,,,,,58.0,40.0,18.0,0.45,OH,0.405,40.5,1172.67,1,1,0,0,0,0,0,0,0,0,0,0,0,0,0,0,0,0,0,0,Xanthan,,1.0,Polypropylene Fiber,,,0.0,,,,,,,,,,,,,140.0,7,0,,https://doi.org/10.1061/JMCEE7.MTENG-19201,10.1061/JMCEE7.MTENG-19201,S13
200,200,Commercial clay,,,,,58.0,40.0,18.0,0.45,OH,0.405,40.5,1172.67,1,1,0,0,0,0,0,1,0,0,0,0,0,0,0,0,0,0,0,0,Xanthan,,1.0,Polypropylene Fiber,,,0.25,,,,,,,,,,,,,185.0,7,0,,https://doi.org/10.1061/JMCEE7.MTENG-19201,10.1061/JMCEE7.MTENG-19201,S13
201,201,Commercial clay,,,,,58.0,40.0,18.0,0.45,OH,0.405,40.5,1172.67,1,1,0,0,0,0,0,1,0,0,0,0,0,0,0,0,0,0,0,0,Xanthan,,1.0,Polypropylene Fiber,,,0.5,,,,,,,,,,,,,290.0,7,0,,https://doi.org/10.1061/JMCEE7.MTENG-19201,10.1061/JMCEE7.MTENG-19201,S13
202,202,Commercial clay,,,,,58.0,40.0,18.0,0.45,OH,0.405,40.5,1172.67,1,1,0,0,0,0,0,1,0,0,0,0,0,0,0,0,0,0,0,0,Xanthan,,1.0,Polypropylene Fiber,,,0.75,,,,,,,,,,,,,450.0,7,0,,https://doi.org/10.1061/JMCEE7.MTENG-19201,10.1061/JMCEE7.MTENG-19201,S13
203,203,Commercial clay,,,,,58.0,40.0,18.0,0.45,OH,0.405,40.5,1172.67,1,1,0,0,0,0,0,1,0,0,0,0,0,0,0,0,0,0,0,0,Xanthan,,1.0,Polypropylene Fiber,,,1.0,,,,,,,,,,,,,640.0,7,0,,https://doi.org/10.1061/JMCEE7.MTENG-19201,10.1061/JMCEE7.MTENG-19201,S13
204,204,Commercial clay,,,,,58.0,40.0,18.0,0.45,OH,0.405,40.5,1172.67,1,1,0,0,0,0,0,0,0,0,0,0,0,0,0,0,0,0,0,0,Xanthan,,0.5,Polypropylene Fiber,,,0.0,,,,,,,,,,,,,135.0,21,0,,https://doi.org/10.1061/JMCEE7.MTENG-19201,10.1061/JMCEE7.MTENG-19201,S13
205,205,Commercial clay,,,,,58.0,40.0,18.0,0.45,OH,0.405,40.5,1172.67,1,1,0,0,0,0,0,1,0,0,0,0,0,0,0,0,0,0,0,0,Xanthan,,0.5,Polypropylene Fiber,,,0.25,,,,,,,,,,,,,200.0,21,0,,https://doi.org/10.1061/JMCEE7.MTENG-19201,10.1061/JMCEE7.MTENG-19201,S13
206,206,Commercial clay,,,,,58.0,40.0,18.0,0.45,OH,0.405,40.5,1172.67,1,1,0,0,0,0,0,1,0,0,0,0,0,0,0,0,0,0,0,0,Xanthan,,0.5,Polypropylene Fiber,,,0.5,,,,,,,,,,,,,355.0,21,0,,https://doi.org/10.1061/JMCEE7.MTENG-19201,10.1061/JMCEE7.MTENG-19201,S13
207,207,Commercial clay,,,,,58.0,40.0,18.0,0.45,OH,0.405,40.5,1172.67,1,1,0,0,0,0,0,1,0,0,0,0,0,0,0,0,0,0,0,0,Xanthan,,0.5,Polypropylene Fiber,,,0.75,,,,,,,,,,,,,460.0,21,0,,https://doi.org/10.1061/JMCEE7.MTENG-19201,10.1061/JMCEE7.MTENG-19201,S13
208,208,Commercial clay,,,,,58.0,40.0,18.0,0.45,OH,0.405,40.5,1172.67,1,1,0,0,0,0,0,1,0,0,0,0,0,0,0,0,0,0,0,0,Xanthan,,0.5,Polypropylene Fiber,,,1.0,,,,,,,,,,,,,555.0,21,0,,https://doi.org/10.1061/JMCEE7.MTENG-19201,10.1061/JMCEE7.MTENG-19201,S13
209,209,Commercial clay,,,,,58.0,40.0,18.0,0.45,OH,0.405,40.5,1172.67,1,1,0,0,0,0,0,0,0,0,0,0,0,0,0,0,0,0,0,0,Xanthan,,1.0,Polypropylene Fiber,,,0.0,,,,,,,,,,,,,145.0,21,0,,https://doi.org/10.1061/JMCEE7.MTENG-19201,10.1061/JMCEE7.MTENG-19201,S13
210,210,Commercial clay,,,,,58.0,40.0,18.0,0.45,OH,0.405,40.5,1172.67,1,1,0,0,0,0,0,1,0,0,0,0,0,0,0,0,0,0,0,0,Xanthan,,1.0,Polypropylene Fiber,,,0.25,,,,,,,,,,,,,210.0,21,0,,https://doi.org/10.1061/JMCEE7.MTENG-19201,10.1061/JMCEE7.MTENG-19201,S13
211,211,Commercial clay,,,,,58.0,40.0,18.0,0.45,OH,0.405,40.5,1172.67,1,1,0,0,0,0,0,1,0,0,0,0,0,0,0,0,0,0,0,0,Xanthan,,1.0,Polypropylene Fiber,,,0.5,,,,,,,,,,,,,360.0,21,0,,https://doi.org/10.1061/JMCEE7.MTENG-19201,10.1061/JMCEE7.MTENG-19201,S13
212,212,Commercial clay,,,,,58.0,40.0,18.0,0.45,OH,0.405,40.5,1172.67,1,1,0,0,0,0,0,1,0,0,0,0,0,0,0,0,0,0,0,0,Xanthan,,1.0,Polypropylene Fiber,,,0.75,,,,,,,,,,,,,470.0,21,0,,https://doi.org/10.1061/JMCEE7.MTENG-19201,10.1061/JMCEE7.MTENG-19201,S13
213,213,Commercial clay,,,,,58.0,40.0,18.0,0.45,OH,0.405,40.5,1172.67,1,1,0,0,0,0,0,1,0,0,0,0,0,0,0,0,0,0,0,0,Xanthan,,1.0,Polypropylene Fiber,,,1.0,,,,,,,,,,,,,635.0,21,0,,https://doi.org/10.1061/JMCEE7.MTENG-19201,10.1061/JMCEE7.MTENG-19201,S13
214,214,Commercial clay,,,,,58.0,40.0,18.0,0.45,OH,0.405,40.5,1172.67,1,0,0,1,0,0,0,0,0,0,0,0,0,0,0,0,0,0,0,0,Guar gum,,0.5,Polypropylene Fiber,,,0.0,,,,,,,,,,,,,120.0,1,0,,https://doi.org/10.1061/JMCEE7.MTENG-19201,10.1061/JMCEE7.MTENG-19201,S13
215,215,Commercial clay,,,,,58.0,40.0,18.0,0.45,OH,0.405,40.5,1172.67,1,0,0,1,0,0,0,1,0,0,0,0,0,0,0,0,0,0,0,0,Guar gum,,0.5,Polypropylene Fiber,,,0.25,,,,,,,,,,,,,170.0,1,0,,https://doi.org/10.1061/JMCEE7.MTENG-19201,10.1061/JMCEE7.MTENG-19201,S13
216,216,Commercial clay,,,,,58.0,40.0,18.0,0.45,OH,0.405,40.5,1172.67,1,0,0,1,0,0,0,1,0,0,0,0,0,0,0,0,0,0,0,0,Guar gum,,0.5,Polypropylene Fiber,,,0.5,,,,,,,,,,,,,280.0,1,0,,https://doi.org/10.1061/JMCEE7.MTENG-19201,10.1061/JMCEE7.MTENG-19201,S13
217,217,Commercial clay,,,,,58.0,40.0,18.0,0.45,OH,0.405,40.5,1172.67,1,0,0,1,0,0,0,1,0,0,0,0,0,0,0,0,0,0,0,0,Guar gum,,0.5,Polypropylene Fiber,,,0.75,,,,,,,,,,,,,340.0,1,0,,https://doi.org/10.1061/JMCEE7.MTENG-19201,10.1061/JMCEE7.MTENG-19201,S13
218,218,Commercial clay,,,,,58.0,40.0,18.0,0.45,OH,0.405,40.5,1172.67,1,0,0,1,0,0,0,1,0,0,0,0,0,0,0,0,0,0,0,0,Guar gum,,0.5,Polypropylene Fiber,,,1.0,,,,,,,,,,,,,480.0,1,0,,https://doi.org/10.1061/JMCEE7.MTENG-19201,10.1061/JMCEE7.MTENG-19201,S13
219,219,Commercial clay,,,,,58.0,40.0,18.0,0.45,OH,0.405,40.5,1172.67,1,0,0,1,0,0,0,0,0,0,0,0,0,0,0,0,0,0,0,0,Guar gum,,1.0,Polypropylene Fiber,,,0.0,,,,,,,,,,,,,140.0,1,0,,https://doi.org/10.1061/JMCEE7.MTENG-19201,10.1061/JMCEE7.MTENG-19201,S13
220,220,Commercial clay,,,,,58.0,40.0,18.0,0.45,OH,0.405,40.5,1172.67,1,0,0,1,0,0,0,1,0,0,0,0,0,0,0,0,0,0,0,0,Guar gum,,1.0,Polypropylene Fiber,,,0.25,,,,,,,,,,,,,180.0,1,0,,https://doi.org/10.1061/JMCEE7.MTENG-19201,10.1061/JMCEE7.MTENG-19201,S13
221,221,Commercial clay,,,,,58.0,40.0,18.0,0.45,OH,0.405,40.5,1172.67,1,0,0,1,0,0,0,1,0,0,0,0,0,0,0,0,0,0,0,0,Guar gum,,1.0,Polypropylene Fiber,,,0.5,,,,,,,,,,,,,300.0,1,0,,https://doi.org/10.1061/JMCEE7.MTENG-19201,10.1061/JMCEE7.MTENG-19201,S13
222,222,Commercial clay,,,,,58.0,40.0,18.0,0.45,OH,0.405,40.5,1172.67,1,0,0,1,0,0,0,1,0,0,0,0,0,0,0,0,0,0,0,0,Guar gum,,1.0,Polypropylene Fiber,,,0.75,,,,,,,,,,,,,350.0,1,0,,https://doi.org/10.1061/JMCEE7.MTENG-19201,10.1061/JMCEE7.MTENG-19201,S13
223,223,Commercial clay,,,,,58.0,40.0,18.0,0.45,OH,0.405,40.5,1172.67,1,0,0,1,0,0,0,1,0,0,0,0,0,0,0,0,0,0,0,0,Guar gum,,1.0,Polypropylene Fiber,,,1.0,,,,,,,,,,,,,410.0,1,0,,https://doi.org/10.1061/JMCEE7.MTENG-19201,10.1061/JMCEE7.MTENG-19201,S13
224,224,Commercial clay,,,,,58.0,40.0,18.0,0.45,OH,0.405,40.5,1172.67,1,0,0,1,0,0,0,0,0,0,0,0,0,0,0,0,0,0,0,0,Guar gum,,0.5,Polypropylene Fiber,,,0.0,,,,,,,,,,,,,130.0,7,0,,https://doi.org/10.1061/JMCEE7.MTENG-19201,10.1061/JMCEE7.MTENG-19201,S13
225,225,Commercial clay,,,,,58.0,40.0,18.0,0.45,OH,0.405,40.5,1172.67,1,0,0,1,0,0,0,1,0,0,0,0,0,0,0,0,0,0,0,0,Guar gum,,0.5,Polypropylene Fiber,,,0.25,,,,,,,,,,,,,200.0,7,0,,https://doi.org/10.1061/JMCEE7.MTENG-19201,10.1061/JMCEE7.MTENG-19201,S13
226,226,Commercial clay,,,,,58.0,40.0,18.0,0.45,OH,0.405,40.5,1172.67,1,0,0,1,0,0,0,1,0,0,0,0,0,0,0,0,0,0,0,0,Guar gum,,0.5,Polypropylene Fiber,,,0.5,,,,,,,,,,,,,360.0,7,0,,https://doi.org/10.1061/JMCEE7.MTENG-19201,10.1061/JMCEE7.MTENG-19201,S13
227,227,Commercial clay,,,,,58.0,40.0,18.0,0.45,OH,0.405,40.5,1172.67,1,0,0,1,0,0,0,1,0,0,0,0,0,0,0,0,0,0,0,0,Guar gum,,0.5,Polypropylene Fiber,,,0.75,,,,,,,,,,,,,360.0,7,0,,https://doi.org/10.1061/JMCEE7.MTENG-19201,10.1061/JMCEE7.MTENG-19201,S13
228,228,Commercial clay,,,,,58.0,40.0,18.0,0.45,OH,0.405,40.5,1172.67,1,0,0,1,0,0,0,1,0,0,0,0,0,0,0,0,0,0,0,0,Guar gum,,0.5,Polypropylene Fiber,,,1.0,,,,,,,,,,,,,500.0,7,0,,https://doi.org/10.1061/JMCEE7.MTENG-19201,10.1061/JMCEE7.MTENG-19201,S13
229,229,Commercial clay,,,,,58.0,40.0,18.0,0.45,OH,0.405,40.5,1172.67,1,0,0,1,0,0,0,0,0,0,0,0,0,0,0,0,0,0,0,0,Guar gum,,1.0,Polypropylene Fiber,,,0.0,,,,,,,,,,,,,150.0,7,0,,https://doi.org/10.1061/JMCEE7.MTENG-19201,10.1061/JMCEE7.MTENG-19201,S13
230,230,Commercial clay,,,,,58.0,40.0,18.0,0.45,OH,0.405,40.5,1172.67,1,0,0,1,0,0,0,1,0,0,0,0,0,0,0,0,0,0,0,0,Guar gum,,1.0,Polypropylene Fiber,,,0.25,,,,,,,,,,,,,180.0,7,0,,https://doi.org/10.1061/JMCEE7.MTENG-19201,10.1061/JMCEE7.MTENG-19201,S13
231,231,Commercial clay,,,,,58.0,40.0,18.0,0.45,OH,0.405,40.5,1172.67,1,0,0,1,0,0,0,1,0,0,0,0,0,0,0,0,0,0,0,0,Guar gum,,1.0,Polypropylene Fiber,,,0.5,,,,,,,,,,,,,330.0,7,0,,https://doi.org/10.1061/JMCEE7.MTENG-19201,10.1061/JMCEE7.MTENG-19201,S13
232,232,Commercial clay,,,,,58.0,40.0,18.0,0.45,OH,0.405,40.5,1172.67,1,0,0,1,0,0,0,1,0,0,0,0,0,0,0,0,0,0,0,0,Guar gum,,1.0,Polypropylene Fiber,,,0.75,,,,,,,,,,,,,390.0,7,0,,https://doi.org/10.1061/JMCEE7.MTENG-19201,10.1061/JMCEE7.MTENG-19201,S13
233,233,Commercial clay,,,,,58.0,40.0,18.0,0.45,OH,0.405,40.5,1172.67,1,0,0,1,0,0,0,1,0,0,0,0,0,0,0,0,0,0,0,0,Guar gum,,1.0,Polypropylene Fiber,,,1.0,,,,,,,,,,,,,420.0,7,0,,https://doi.org/10.1061/JMCEE7.MTENG-19201,10.1061/JMCEE7.MTENG-19201,S13
234,234,Commercial clay,,,,,58.0,40.0,18.0,0.45,OH,0.405,40.5,1172.67,1,0,0,1,0,0,0,0,0,0,0,0,0,0,0,0,0,0,0,0,Guar gum,,0.5,Polypropylene Fiber,,,0.0,,,,,,,,,,,,,140.0,21,0,,https://doi.org/10.1061/JMCEE7.MTENG-19201,10.1061/JMCEE7.MTENG-19201,S13
235,235,Commercial clay,,,,,58.0,40.0,18.0,0.45,OH,0.405,40.5,1172.67,1,0,0,1,0,0,0,1,0,0,0,0,0,0,0,0,0,0,0,0,Guar gum,,0.5,Polypropylene Fiber,,,0.25,,,,,,,,,,,,,220.0,21,0,,https://doi.org/10.1061/JMCEE7.MTENG-19201,10.1061/JMCEE7.MTENG-19201,S13
236,236,Commercial clay,,,,,58.0,40.0,18.0,0.45,OH,0.405,40.5,1172.67,1,0,0,1,0,0,0,1,0,0,0,0,0,0,0,0,0,0,0,0,Guar gum,,0.5,Polypropylene Fiber,,,0.5,,,,,,,,,,,,,420.0,21,0,,https://doi.org/10.1061/JMCEE7.MTENG-19201,10.1061/JMCEE7.MTENG-19201,S13
237,237,Commercial clay,,,,,58.0,40.0,18.0,0.45,OH,0.405,40.5,1172.67,1,0,0,1,0,0,0,1,0,0,0,0,0,0,0,0,0,0,0,0,Guar gum,,0.5,Polypropylene Fiber,,,0.75,,,,,,,,,,,,,470.0,21,0,,https://doi.org/10.1061/JMCEE7.MTENG-19201,10.1061/JMCEE7.MTENG-19201,S13
238,238,Commercial clay,,,,,58.0,40.0,18.0,0.45,OH,0.405,40.5,1172.67,1,0,0,1,0,0,0,1,0,0,0,0,0,0,0,0,0,0,0,0,Guar gum,,0.5,Polypropylene Fiber,,,1.0,,,,,,,,,,,,,520.0,21,0,,https://doi.org/10.1061/JMCEE7.MTENG-19201,10.1061/JMCEE7.MTENG-19201,S13
239,239,Commercial clay,,,,,58.0,40.0,18.0,0.45,OH,0.405,40.5,1172.67,1,0,0,1,0,0,0,0,0,0,0,0,0,0,0,0,0,0,0,0,Guar gum,,1.0,Polypropylene Fiber,,,0.0,,,,,,,,,,,,,160.0,21,0,,https://doi.org/10.1061/JMCEE7.MTENG-19201,10.1061/JMCEE7.MTENG-19201,S13
240,240,Commercial clay,,,,,58.0,40.0,18.0,0.45,OH,0.405,40.5,1172.67,1,0,0,1,0,0,0,1,0,0,0,0,0,0,0,0,0,0,0,0,Guar gum,,1.0,Polypropylene Fiber,,,0.25,,,,,,,,,,,,,240.0,21,0,,https://doi.org/10.1061/JMCEE7.MTENG-19201,10.1061/JMCEE7.MTENG-19201,S13
241,241,Commercial clay,,,,,58.0,40.0,18.0,0.45,OH,0.405,40.5,1172.67,1,0,0,1,0,0,0,1,0,0,0,0,0,0,0,0,0,0,0,0,Guar gum,,1.0,Polypropylene Fiber,,,0.5,,,,,,,,,,,,,380.0,21,0,,https://doi.org/10.1061/JMCEE7.MTENG-19201,10.1061/JMCEE7.MTENG-19201,S13
242,242,Commercial clay,,,,,58.0,40.0,18.0,0.45,OH,0.405,40.5,1172.67,1,0,0,1,0,0,0,1,0,0,0,0,0,0,0,0,0,0,0,0,Guar gum,,1.0,Polypropylene Fiber,,,0.75,,,,,,,,,,,,,430.0,21,0,,https://doi.org/10.1061/JMCEE7.MTENG-19201,10.1061/JMCEE7.MTENG-19201,S13
243,243,Commercial clay,,,,,58.0,40.0,18.0,0.45,OH,0.405,40.5,1172.67,1,0,0,1,0,0,0,1,0,0,0,0,0,0,0,0,0,0,0,0,Guar gum,,1.0,Polypropylene Fiber,,,1.0,,,,,,,,,,,,,470.0,21,0,,https://doi.org/10.1061/JMCEE7.MTENG-19201,10.1061/JMCEE7.MTENG-19201,S13
244,244,"Undavalli in Guntur District, Andhra Pradesh ",5.0,49.0,46.0,2.68,72.0,27.0,45.0,3.0,CH,,,,0,0,0,0,0,0,0,0,0,0,0,0,0,0,0,0,0,0,0,0,Xanthan,,0.0,RHA(rice husk ash),,,0.0,,,,,,,,,,,1510.0,25.0,200.0,7,0,,https://doi.org/10.1051/e3sconf/202339101004,10.1051/e3sconf/202339101004,S11
245,245,"Undavalli in Guntur District, Andhra Pradesh ",5.0,49.0,46.0,2.68,72.0,27.0,45.0,3.0,CH,,,,0,0,0,0,0,0,0,0,0,0,0,0,0,0,0,0,0,0,0,0,Xanthan,,0.0,RHA(rice husk ash),,,0.0,,,,,,,,,,,1510.0,25.0,210.0,14,0,,https://doi.org/10.1051/e3sconf/202339101004,10.1051/e3sconf/202339101004,S11
246,246,"Undavalli in Guntur District, Andhra Pradesh ",5.0,49.0,46.0,2.68,72.0,27.0,45.0,3.0,CH,,,,0,0,0,0,0,0,0,0,0,0,0,0,0,0,0,0,0,0,0,0,Xanthan,,0.0,RHA(rice husk ash),,,0.0,,,,,,,,,,,1510.0,25.0,230.0,28,0,,https://doi.org/10.1051/e3sconf/202339101004,10.1051/e3sconf/202339101004,S11
247,247,"Undavalli in Guntur District, Andhra Pradesh ",5.0,49.0,46.0,2.68,72.0,27.0,45.0,3.0,CH,,,,0,0,0,0,0,0,0,0,0,0,0,0,0,0,0,0,0,0,0,0,Xanthan,,0.0,RHA(rice husk ash),,,0.0,,,,,,,,,,,1510.0,25.0,370.0,56,0,,https://doi.org/10.1051/e3sconf/202339101004,10.1051/e3sconf/202339101004,S11
248,248,"Undavalli in Guntur District, Andhra Pradesh ",5.0,49.0,46.0,2.68,72.0,27.0,45.0,3.0,CH,,,,0,1,0,0,0,0,0,0,1,0,0,0,0,0,0,0,0,0,0,0,Xanthan,,0.6,RHA(rice husk ash),,,10.0,,,,,,,,,,,1500.0,27.0,230.0,7,0,,https://doi.org/10.1051/e3sconf/202339101004,10.1051/e3sconf/202339101004,S11
249,249,"Undavalli in Guntur District, Andhra Pradesh ",5.0,49.0,46.0,2.68,72.0,27.0,45.0,3.0,CH,,,,0,1,0,0,0,0,0,0,1,0,0,0,0,0,0,0,0,0,0,0,Xanthan,,0.6,RHA(rice husk ash),,,10.0,,,,,,,,,,,1500.0,27.0,240.0,14,0,,https://doi.org/10.1051/e3sconf/202339101004,10.1051/e3sconf/202339101004,S11
250,250,"Undavalli in Guntur District, Andhra Pradesh ",5.0,49.0,46.0,2.68,72.0,27.0,45.0,3.0,CH,,,,0,1,0,0,0,0,0,0,1,0,0,0,0,0,0,0,0,0,0,0,Xanthan,,0.6,RHA(rice husk ash),,,10.0,,,,,,,,,,,1500.0,27.0,300.0,28,0,,https://doi.org/10.1051/e3sconf/202339101004,10.1051/e3sconf/202339101004,S11
251,251,"Undavalli in Guntur District, Andhra Pradesh ",5.0,49.0,46.0,2.68,72.0,27.0,45.0,3.0,CH,,,,0,1,0,0,0,0,0,0,1,0,0,0,0,0,0,0,0,0,0,0,Xanthan,,0.6,RHA(rice husk ash),,,10.0,,,,,,,,,,,1500.0,27.0,450.0,56,0,,https://doi.org/10.1051/e3sconf/202339101004,10.1051/e3sconf/202339101004,S11
252,252,"Undavalli in Guntur District, Andhra Pradesh ",5.0,49.0,46.0,2.68,72.0,27.0,45.0,3.0,CH,,,,0,1,0,0,0,0,0,0,1,0,0,0,0,0,0,0,0,0,0,0,Xanthan,,0.6,RHA(rice husk ash),,,20.0,,,,,,,,,,,1480.0,28.3,240.0,7,0,,https://doi.org/10.1051/e3sconf/202339101004,10.1051/e3sconf/202339101004,S11
253,253,"Undavalli in Guntur District, Andhra Pradesh ",5.0,49.0,46.0,2.68,72.0,27.0,45.0,3.0,CH,,,,0,1,0,0,0,0,0,0,1,0,0,0,0,0,0,0,0,0,0,0,Xanthan,,0.6,RHA(rice husk ash),,,20.0,,,,,,,,,,,1480.0,28.3,260.0,14,0,,https://doi.org/10.1051/e3sconf/202339101004,10.1051/e3sconf/202339101004,S11
254,254,"Undavalli in Guntur District, Andhra Pradesh ",5.0,49.0,46.0,2.68,72.0,27.0,45.0,3.0,CH,,,,0,1,0,0,0,0,0,0,1,0,0,0,0,0,0,0,0,0,0,0,Xanthan,,0.6,RHA(rice husk ash),,,20.0,,,,,,,,,,,1480.0,28.3,350.0,28,0,,https://doi.org/10.1051/e3sconf/202339101004,10.1051/e3sconf/202339101004,S11
255,255,"Undavalli in Guntur District, Andhra Pradesh ",5.0,49.0,46.0,2.68,72.0,27.0,45.0,3.0,CH,,,,0,1,0,0,0,0,0,0,1,0,0,0,0,0,0,0,0,0,0,0,Xanthan,,0.6,RHA(rice husk ash),,,20.0,,,,,,,,,,,1480.0,28.3,500.0,56,0,,https://doi.org/10.1051/e3sconf/202339101004,10.1051/e3sconf/202339101004,S11
256,256,"Undavalli in Guntur District, Andhra Pradesh ",5.0,49.0,46.0,2.68,72.0,27.0,45.0,3.0,CH,,,,0,1,0,0,0,0,0,0,1,0,0,0,0,0,0,0,0,0,0,0,Xanthan,,0.6,RHA(rice husk ash),,,30.0,,,,,,,,,,,1450.0,29.5,290.0,7,0,,https://doi.org/10.1051/e3sconf/202339101004,10.1051/e3sconf/202339101004,S11
257,257,"Undavalli in Guntur District, Andhra Pradesh ",5.0,49.0,46.0,2.68,72.0,27.0,45.0,3.0,CH,,,,0,1,0,0,0,0,0,0,1,0,0,0,0,0,0,0,0,0,0,0,Xanthan,,0.6,RHA(rice husk ash),,,30.0,,,,,,,,,,,1450.0,29.5,340.0,14,0,,https://doi.org/10.1051/e3sconf/202339101004,10.1051/e3sconf/202339101004,S11
258,258,"Undavalli in Guntur District, Andhra Pradesh ",5.0,49.0,46.0,2.68,72.0,27.0,45.0,3.0,CH,,,,0,1,0,0,0,0,0,0,1,0,0,0,0,0,0,0,0,0,0,0,Xanthan,,0.6,RHA(rice husk ash),,,30.0,,,,,,,,,,,1450.0,29.5,380.0,28,0,,https://doi.org/10.1051/e3sconf/202339101004,10.1051/e3sconf/202339101004,S11
259,259,"Undavalli in Guntur District, Andhra Pradesh ",5.0,49.0,46.0,2.68,72.0,27.0,45.0,3.0,CH,,,,0,1,0,0,0,0,0,0,1,0,0,0,0,0,0,0,0,0,0,0,Xanthan,,0.6,RHA(rice husk ash),,,30.0,,,,,,,,,,,1450.0,29.5,550.0,56,0,,https://doi.org/10.1051/e3sconf/202339101004,10.1051/e3sconf/202339101004,S11
260,260,"Undavalli in Guntur District, Andhra Pradesh ",5.0,49.0,46.0,2.68,72.0,27.0,45.0,3.0,CH,,,,0,1,0,0,0,0,0,0,1,0,0,0,0,0,0,0,0,0,0,0,Xanthan,,0.6,RHA(rice husk ash),,,40.0,,,,,,,,,,,1430.0,30.5,330.0,7,0,,https://doi.org/10.1051/e3sconf/202339101004,10.1051/e3sconf/202339101004,S11
261,261,"Undavalli in Guntur District, Andhra Pradesh ",5.0,49.0,46.0,2.68,72.0,27.0,45.0,3.0,CH,,,,0,1,0,0,0,0,0,0,1,0,0,0,0,0,0,0,0,0,0,0,Xanthan,,0.6,RHA(rice husk ash),,,40.0,,,,,,,,,,,1430.0,30.5,360.0,14,0,,https://doi.org/10.1051/e3sconf/202339101004,10.1051/e3sconf/202339101004,S11
262,262,"Undavalli in Guntur District, Andhra Pradesh ",5.0,49.0,46.0,2.68,72.0,27.0,45.0,3.0,CH,,,,0,1,0,0,0,0,0,0,1,0,0,0,0,0,0,0,0,0,0,0,Xanthan,,0.6,RHA(rice husk ash),,,40.0,,,,,,,,,,,1430.0,30.5,400.0,28,0,,https://doi.org/10.1051/e3sconf/202339101004,10.1051/e3sconf/202339101004,S11
263,263,"Undavalli in Guntur District, Andhra Pradesh ",5.0,49.0,46.0,2.68,72.0,27.0,45.0,3.0,CH,,,,0,1,0,0,0,0,0,0,1,0,0,0,0,0,0,0,0,0,0,0,Xanthan,,0.6,RHA(rice husk ash),,,40.0,,,,,,,,,,,1430.0,30.5,560.0,56,0,,https://doi.org/10.1051/e3sconf/202339101004,10.1051/e3sconf/202339101004,S11
264,264,"Kuttanad region , Alappuzha, Kerala",6.5,11.5,82.0,2.3,51.0,33.0,18.0,620.0,OH,22.0,22.0,1600.0,0,1,0,0,0,0,0,0,0,1,0,0,0,0,0,0,0,0,0,0,Xanthan,,2.5,Lime,,,5.5,,,,,,,,,,,1380.0,32.0,751.1894,0,0,,https://doi.org/10.1007/s40098-025-01375-4,10.1007/s40098-025-01375-4,S04
265,265,"Kuttanad region , Alappuzha, Kerala",6.5,11.5,82.0,2.3,51.0,33.0,18.0,620.0,OH,22.0,22.0,1600.0,0,1,0,0,0,0,0,0,0,1,0,0,0,0,0,0,0,0,0,0,Xanthan,,2.5,Lime,,,5.5,,,,,,,,,,,1380.0,32.0,1971.137,7,0,,https://doi.org/10.1007/s40098-025-01375-4,10.1007/s40098-025-01375-4,S04
266,266,"Kuttanad region , Alappuzha, Kerala",6.5,11.5,82.0,2.3,51.0,33.0,18.0,620.0,OH,22.0,22.0,1600.0,0,1,0,0,0,0,0,0,0,1,0,0,0,0,0,0,0,0,0,0,Xanthan,,2.5,Lime,,,5.5,,,,,,,,,,,1380.0,32.0,3183.2386,14,0,,https://doi.org/10.1007/s40098-025-01375-4,10.1007/s40098-025-01375-4,S04
267,267,"Kuttanad region , Alappuzha, Kerala",6.5,11.5,82.0,2.3,51.0,33.0,18.0,620.0,OH,22.0,22.0,1600.0,0,1,0,0,0,0,0,0,0,1,0,0,0,0,0,0,0,0,0,0,Xanthan,,2.5,Lime,,,5.5,,,,,,,,,,,1380.0,32.0,3726.53,28,0,,https://doi.org/10.1007/s40098-025-01375-4,10.1007/s40098-025-01375-4,S04
268,268,"Nanjing, Jiangsu Province, China",22.1,71.3,6.6,2.7,33.4,23.3,10.1,40.0,CL,,,,0,0,0,0,0,0,0,0,0,0,0,0,0,0,0,1,0,0,0,0,Guar gum,,0.0,Cement,,,15.0,,,,,,,,,,,,,105.0,3,0,,https://doi.org/10.1080/1064119X.2025.2518484,10.1080/1064119X.2025.2518484,S14
269,269,"Nanjing, Jiangsu Province, China",22.1,71.3,6.6,2.7,33.4,23.3,10.1,40.0,CL,,,,0,0,0,1,0,0,0,0,0,0,0,0,0,0,0,1,0,0,0,0,Guar gum,,0.01,Cement,,,15.0,,,,,,,,,,,,,220.0,3,0,,https://doi.org/10.1080/1064119X.2025.2518484,10.1080/1064119X.2025.2518484,S14
270,270,"Nanjing, Jiangsu Province, China",22.1,71.3,6.6,2.7,33.4,23.3,10.1,40.0,CL,,,,0,0,0,1,0,0,0,0,0,0,0,0,0,0,0,1,0,0,0,0,Guar gum,,0.02,Cement,,,15.0,,,,,,,,,,,,,290.0,3,0,,https://doi.org/10.1080/1064119X.2025.2518484,10.1080/1064119X.2025.2518484,S14
271,271,"Nanjing, Jiangsu Province, China",22.1,71.3,6.6,2.7,33.4,23.3,10.1,40.0,CL,,,,0,0,0,1,0,0,0,0,0,0,0,0,0,0,0,1,0,0,0,0,Guar gum,,0.03,Cement,,,15.0,,,,,,,,,,,,,250.0,3,0,,https://doi.org/10.1080/1064119X.2025.2518484,10.1080/1064119X.2025.2518484,S14
272,272,"Nanjing, Jiangsu Province, China",22.1,71.3,6.6,2.7,33.4,23.3,10.1,40.0,CL,,,,0,0,0,1,0,0,0,0,0,0,0,0,0,0,0,1,0,0,0,0,Guar gum,,0.04,Cement,,,15.0,,,,,,,,,,,,,200.0,3,0,,https://doi.org/10.1080/1064119X.2025.2518484,10.1080/1064119X.2025.2518484,S14
273,273,"Nanjing, Jiangsu Province, China",22.1,71.3,6.6,2.7,33.4,23.3,10.1,40.0,CL,,,,0,0,0,1,0,0,0,0,0,0,0,0,0,0,0,1,0,0,0,0,Guar gum,,0.0,Cement,,,15.0,,,,,,,,,,,,,155.0,7,0,,https://doi.org/10.1080/1064119X.2025.2518484,10.1080/1064119X.2025.2518484,S14
274,274,"Nanjing, Jiangsu Province, China",22.1,71.3,6.6,2.7,33.4,23.3,10.1,40.0,CL,,,,0,0,0,1,0,0,0,0,0,0,0,0,0,0,0,1,0,0,0,0,Guar gum,,0.01,Cement,,,15.0,,,,,,,,,,,,,260.0,7,0,,https://doi.org/10.1080/1064119X.2025.2518484,10.1080/1064119X.2025.2518484,S14
275,275,"Nanjing, Jiangsu Province, China",22.1,71.3,6.6,2.7,33.4,23.3,10.1,40.0,CL,,,,0,0,0,1,0,0,0,0,0,0,0,0,0,0,0,1,0,0,0,0,Guar gum,,0.02,Cement,,,15.0,,,,,,,,,,,,,410.0,7,0,,https://doi.org/10.1080/1064119X.2025.2518484,10.1080/1064119X.2025.2518484,S14
276,276,"Nanjing, Jiangsu Province, China",22.1,71.3,6.6,2.7,33.4,23.3,10.1,40.0,CL,,,,0,0,0,1,0,0,0,0,0,0,0,0,0,0,0,1,0,0,0,0,Guar gum,,0.03,Cement,,,15.0,,,,,,,,,,,,,290.0,7,0,,https://doi.org/10.1080/1064119X.2025.2518484,10.1080/1064119X.2025.2518484,S14
277,277,"Nanjing, Jiangsu Province, China",22.1,71.3,6.6,2.7,33.4,23.3,10.1,40.0,CL,,,,0,0,0,1,0,0,0,0,0,0,0,0,0,0,0,1,0,0,0,0,Guar gum,,0.04,Cement,,,15.0,,,,,,,,,,,,,245.0,7,0,,https://doi.org/10.1080/1064119X.2025.2518484,10.1080/1064119X.2025.2518484,S14
278,278,"Nanjing, Jiangsu Province, China",22.1,71.3,6.6,2.7,33.4,23.3,10.1,40.0,CL,,,,0,0,0,1,0,0,0,0,0,0,0,0,0,0,0,1,0,0,0,0,Guar gum,,0.0,Cement,,,15.0,,,,,,,,,,,,,185.0,14,0,,https://doi.org/10.1080/1064119X.2025.2518484,10.1080/1064119X.2025.2518484,S14
279,279,"Nanjing, Jiangsu Province, China",22.1,71.3,6.6,2.7,33.4,23.3,10.1,40.0,CL,,,,0,0,0,1,0,0,0,0,0,0,0,0,0,0,0,1,0,0,0,0,Guar gum,,0.01,Cement,,,15.0,,,,,,,,,,,,,345.0,14,0,,https://doi.org/10.1080/1064119X.2025.2518484,10.1080/1064119X.2025.2518484,S14
280,280,"Nanjing, Jiangsu Province, China",22.1,71.3,6.6,2.7,33.4,23.3,10.1,40.0,CL,,,,0,0,0,1,0,0,0,0,0,0,0,0,0,0,0,1,0,0,0,0,Guar gum,,0.02,Cement,,,15.0,,,,,,,,,,,,,450.0,14,0,,https://doi.org/10.1080/1064119X.2025.2518484,10.1080/1064119X.2025.2518484,S14
281,281,"Nanjing, Jiangsu Province, China",22.1,71.3,6.6,2.7,33.4,23.3,10.1,40.0,CL,,,,0,0,0,1,0,0,0,0,0,0,0,0,0,0,0,1,0,0,0,0,Guar gum,,0.03,Cement,,,15.0,,,,,,,,,,,,,350.0,14,0,,https://doi.org/10.1080/1064119X.2025.2518484,10.1080/1064119X.2025.2518484,S14
282,282,"Nanjing, Jiangsu Province, China",22.1,71.3,6.6,2.7,33.4,23.3,10.1,40.0,CL,,,,0,0,0,1,0,0,0,0,0,0,0,0,0,0,0,1,0,0,0,0,Guar gum,,0.04,Cement,,,15.0,,,,,,,,,,,,,290.0,14,0,,https://doi.org/10.1080/1064119X.2025.2518484,10.1080/1064119X.2025.2518484,S14
283,283,"Nanjing, Jiangsu Province, China",22.1,71.3,6.6,2.7,33.4,23.3,10.1,40.0,CL,,,,0,0,0,1,0,0,0,0,0,0,0,0,0,0,0,1,0,0,0,0,Guar gum,,0.0,Cement,,,15.0,,,,,,,,,,,,,235.0,28,0,,https://doi.org/10.1080/1064119X.2025.2518484,10.1080/1064119X.2025.2518484,S14
284,284,"Nanjing, Jiangsu Province, China",22.1,71.3,6.6,2.7,33.4,23.3,10.1,40.0,CL,,,,0,0,0,1,0,0,0,0,0,0,0,0,0,0,0,1,0,0,0,0,Guar gum,,0.01,Cement,,,15.0,,,,,,,,,,,,,365.0,28,0,,https://doi.org/10.1080/1064119X.2025.2518484,10.1080/1064119X.2025.2518484,S14
285,285,"Nanjing, Jiangsu Province, China",22.1,71.3,6.6,2.7,33.4,23.3,10.1,40.0,CL,,,,0,0,0,1,0,0,0,0,0,0,0,0,0,0,0,1,0,0,0,0,Guar gum,,0.02,Cement,,,15.0,,,,,,,,,,,,,510.0,28,0,,https://doi.org/10.1080/1064119X.2025.2518484,10.1080/1064119X.2025.2518484,S14
286,286,"Nanjing, Jiangsu Province, China",22.1,71.3,6.6,2.7,33.4,23.3,10.1,40.0,CL,,,,0,0,0,1,0,0,0,0,0,0,0,0,0,0,0,1,0,0,0,0,Guar gum,,0.03,Cement,,,15.0,,,,,,,,,,,,,380.0,28,0,,https://doi.org/10.1080/1064119X.2025.2518484,10.1080/1064119X.2025.2518484,S14
287,287,"Nanjing, Jiangsu Province, China",22.1,71.3,6.6,2.7,33.4,23.3,10.1,40.0,CL,,,,0,0,0,1,0,0,0,0,0,0,0,0,0,0,0,1,0,0,0,0,Guar gum,,0.04,Cement,,,15.0,,,,,,,,,,,,,395.0,28,0,,https://doi.org/10.1080/1064119X.2025.2518484,10.1080/1064119X.2025.2518484,S14
288,288,"Nanjing, Jiangsu Province, China",22.1,71.3,6.6,2.7,33.4,23.3,10.1,40.0,CL,,,,0,0,1,0,0,0,0,0,0,0,0,0,0,0,0,1,0,0,0,0,Chitosan,,0.01,Cement,,,15.0,,,,,,,,,,,,,250.0,3,0,,https://doi.org/10.1080/1064119X.2025.2518484,10.1080/1064119X.2025.2518484,S14
289,289,"Nanjing, Jiangsu Province, China",22.1,71.3,6.6,2.7,33.4,23.3,10.1,40.0,CL,,,,0,0,1,0,0,0,0,0,0,0,0,0,0,0,0,1,0,0,0,0,Chitosan,,0.02,Cement,,,15.0,,,,,,,,,,,,,340.0,3,0,,https://doi.org/10.1080/1064119X.2025.2518484,10.1080/1064119X.2025.2518484,S14
290,290,"Nanjing, Jiangsu Province, China",22.1,71.3,6.6,2.7,33.4,23.3,10.1,40.0,CL,,,,0,0,1,0,0,0,0,0,0,0,0,0,0,0,0,1,0,0,0,0,Chitosan,,0.03,Cement,,,15.0,,,,,,,,,,,,,260.0,3,0,,https://doi.org/10.1080/1064119X.2025.2518484,10.1080/1064119X.2025.2518484,S14
291,291,"Nanjing, Jiangsu Province, China",22.1,71.3,6.6,2.7,33.4,23.3,10.1,40.0,CL,,,,0,0,1,0,0,0,0,0,0,0,0,0,0,0,0,1,0,0,0,0,Chitosan,,0.04,Cement,,,15.0,,,,,,,,,,,,,180.0,3,0,,https://doi.org/10.1080/1064119X.2025.2518484,10.1080/1064119X.2025.2518484,S14
292,292,"Nanjing, Jiangsu Province, China",22.1,71.3,6.6,2.7,33.4,23.3,10.1,40.0,CL,,,,0,0,1,0,0,0,0,0,0,0,0,0,0,0,0,1,0,0,0,0,Chitosan,,0.01,Cement,,,15.0,,,,,,,,,,,,,340.0,7,0,,https://doi.org/10.1080/1064119X.2025.2518484,10.1080/1064119X.2025.2518484,S14
293,293,"Nanjing, Jiangsu Province, China",22.1,71.3,6.6,2.7,33.4,23.3,10.1,40.0,CL,,,,0,0,1,0,0,0,0,0,0,0,0,0,0,0,0,1,0,0,0,0,Chitosan,,0.02,Cement,,,15.0,,,,,,,,,,,,,425.0,7,0,,https://doi.org/10.1080/1064119X.2025.2518484,10.1080/1064119X.2025.2518484,S14
294,294,"Nanjing, Jiangsu Province, China",22.1,71.3,6.6,2.7,33.4,23.3,10.1,40.0,CL,,,,0,0,1,0,0,0,0,0,0,0,0,0,0,0,0,1,0,0,0,0,Chitosan,,0.03,Cement,,,15.0,,,,,,,,,,,,,355.0,7,0,,https://doi.org/10.1080/1064119X.2025.2518484,10.1080/1064119X.2025.2518484,S14
295,295,"Nanjing, Jiangsu Province, China",22.1,71.3,6.6,2.7,33.4,23.3,10.1,40.0,CL,,,,0,0,1,0,0,0,0,0,0,0,0,0,0,0,0,1,0,0,0,0,Chitosan,,0.04,Cement,,,15.0,,,,,,,,,,,,,240.0,7,0,,https://doi.org/10.1080/1064119X.2025.2518484,10.1080/1064119X.2025.2518484,S14
296,296,"Nanjing, Jiangsu Province, China",22.1,71.3,6.6,2.7,33.4,23.3,10.1,40.0,CL,,,,0,0,1,0,0,0,0,0,0,0,0,0,0,0,0,1,0,0,0,0,Chitosan,,0.01,Cement,,,15.0,,,,,,,,,,,,,420.0,14,0,,https://doi.org/10.1080/1064119X.2025.2518484,10.1080/1064119X.2025.2518484,S14
297,297,"Nanjing, Jiangsu Province, China",22.1,71.3,6.6,2.7,33.4,23.3,10.1,40.0,CL,,,,0,0,1,0,0,0,0,0,0,0,0,0,0,0,0,1,0,0,0,0,Chitosan,,0.02,Cement,,,15.0,,,,,,,,,,,,,515.0,14,0,,https://doi.org/10.1080/1064119X.2025.2518484,10.1080/1064119X.2025.2518484,S14
298,298,"Nanjing, Jiangsu Province, China",22.1,71.3,6.6,2.7,33.4,23.3,10.1,40.0,CL,,,,0,0,1,0,0,0,0,0,0,0,0,0,0,0,0,1,0,0,0,0,Chitosan,,0.03,Cement,,,15.0,,,,,,,,,,,,,440.0,14,0,,https://doi.org/10.1080/1064119X.2025.2518484,10.1080/1064119X.2025.2518484,S14
299,299,"Nanjing, Jiangsu Province, China",22.1,71.3,6.6,2.7,33.4,23.3,10.1,40.0,CL,,,,0,0,1,0,0,0,0,0,0,0,0,0,0,0,0,1,0,0,0,0,Chitosan,,0.04,Cement,,,15.0,,,,,,,,,,,,,335.0,14,0,,https://doi.org/10.1080/1064119X.2025.2518484,10.1080/1064119X.2025.2518484,S14
300,300,"Nanjing, Jiangsu Province, China",22.1,71.3,6.6,2.7,33.4,23.3,10.1,40.0,CL,,,,0,0,1,0,0,0,0,0,0,0,0,0,0,0,0,1,0,0,0,0,Chitosan,,0.01,Cement,,,15.0,,,,,,,,,,,,,440.0,28,0,,https://doi.org/10.1080/1064119X.2025.2518484,10.1080/1064119X.2025.2518484,S14
301,301,"Nanjing, Jiangsu Province, China",22.1,71.3,6.6,2.7,33.4,23.3,10.1,40.0,CL,,,,0,0,1,0,0,0,0,0,0,0,0,0,0,0,0,1,0,0,0,0,Chitosan,,0.02,Cement,,,15.0,,,,,,,,,,,,,550.0,28,0,,https://doi.org/10.1080/1064119X.2025.2518484,10.1080/1064119X.2025.2518484,S14
302,302,"Nanjing, Jiangsu Province, China",22.1,71.3,6.6,2.7,33.4,23.3,10.1,40.0,CL,,,,0,0,1,0,0,0,0,0,0,0,0,0,0,0,0,1,0,0,0,0,Chitosan,,0.03,Cement,,,15.0,,,,,,,,,,,,,450.0,28,0,,https://doi.org/10.1080/1064119X.2025.2518484,10.1080/1064119X.2025.2518484,S14
303,303,"Nanjing, Jiangsu Province, China",22.1,71.3,6.6,2.7,33.4,23.3,10.1,40.0,CL,,,,0,0,1,0,0,0,0,0,0,0,0,0,0,0,0,1,0,0,0,0,Chitosan,,0.04,Cement,,,15.0,,,,,,,,,,,,,360.0,28,0,,https://doi.org/10.1080/1064119X.2025.2518484,10.1080/1064119X.2025.2518484,S14
304,304,"Nanjing, Jiangsu Province, China",22.1,71.3,6.6,2.7,33.4,23.3,10.1,40.0,CL,,,,0,0,0,1,0,0,0,0,0,0,0,0,0,0,0,1,0,0,0,0,Guar gum,,0.0,Cement,,,20.0,,,,,,,,,,,,,100.0,3,0,,https://doi.org/10.1080/1064119X.2025.2518484,10.1080/1064119X.2025.2518484,S14
305,305,"Nanjing, Jiangsu Province, China",22.1,71.3,6.6,2.7,33.4,23.3,10.1,40.0,CL,,,,0,0,0,1,0,0,0,0,0,0,0,0,0,0,0,1,0,0,0,0,Guar gum,,0.01,Cement,,,20.0,,,,,,,,,,,,,350.0,3,0,,https://doi.org/10.1080/1064119X.2025.2518484,10.1080/1064119X.2025.2518484,S14
306,306,"Nanjing, Jiangsu Province, China",22.1,71.3,6.6,2.7,33.4,23.3,10.1,40.0,CL,,,,0,0,0,1,0,0,0,0,0,0,0,0,0,0,0,1,0,0,0,0,Guar gum,,0.02,Cement,,,20.0,,,,,,,,,,,,,430.0,3,0,,https://doi.org/10.1080/1064119X.2025.2518484,10.1080/1064119X.2025.2518484,S14
307,307,"Nanjing, Jiangsu Province, China",22.1,71.3,6.6,2.7,33.4,23.3,10.1,40.0,CL,,,,0,0,0,1,0,0,0,0,0,0,0,0,0,0,0,1,0,0,0,0,Guar gum,,0.03,Cement,,,20.0,,,,,,,,,,,,,410.0,3,0,,https://doi.org/10.1080/1064119X.2025.2518484,10.1080/1064119X.2025.2518484,S14
308,308,"Nanjing, Jiangsu Province, China",22.1,71.3,6.6,2.7,33.4,23.3,10.1,40.0,CL,,,,0,0,0,1,0,0,0,0,0,0,0,0,0,0,0,1,0,0,0,0,Guar gum,,0.04,Cement,,,20.0,,,,,,,,,,,,,280.0,3,0,,https://doi.org/10.1080/1064119X.2025.2518484,10.1080/1064119X.2025.2518484,S14
309,309,"Nanjing, Jiangsu Province, China",22.1,71.3,6.6,2.7,33.4,23.3,10.1,40.0,CL,,,,0,0,0,1,0,0,0,0,0,0,0,0,0,0,0,1,0,0,0,0,Guar gum,,0.0,Cement,,,20.0,,,,,,,,,,,,,140.0,7,0,,https://doi.org/10.1080/1064119X.2025.2518484,10.1080/1064119X.2025.2518484,S14
310,310,"Nanjing, Jiangsu Province, China",22.1,71.3,6.6,2.7,33.4,23.3,10.1,40.0,CL,,,,0,0,0,1,0,0,0,0,0,0,0,0,0,0,0,1,0,0,0,0,Guar gum,,0.01,Cement,,,20.0,,,,,,,,,,,,,500.0,7,0,,https://doi.org/10.1080/1064119X.2025.2518484,10.1080/1064119X.2025.2518484,S14
311,311,"Nanjing, Jiangsu Province, China",22.1,71.3,6.6,2.7,33.4,23.3,10.1,40.0,CL,,,,0,0,0,1,0,0,0,0,0,0,0,0,0,0,0,1,0,0,0,0,Guar gum,,0.02,Cement,,,20.0,,,,,,,,,,,,,550.0,7,0,,https://doi.org/10.1080/1064119X.2025.2518484,10.1080/1064119X.2025.2518484,S14
312,312,"Nanjing, Jiangsu Province, China",22.1,71.3,6.6,2.7,33.4,23.3,10.1,40.0,CL,,,,0,0,0,1,0,0,0,0,0,0,0,0,0,0,0,1,0,0,0,0,Guar gum,,0.03,Cement,,,20.0,,,,,,,,,,,,,520.0,7,0,,https://doi.org/10.1080/1064119X.2025.2518484,10.1080/1064119X.2025.2518484,S14
313,313,"Nanjing, Jiangsu Province, China",22.1,71.3,6.6,2.7,33.4,23.3,10.1,40.0,CL,,,,0,0,0,1,0,0,0,0,0,0,0,0,0,0,0,1,0,0,0,0,Guar gum,,0.04,Cement,,,20.0,,,,,,,,,,,,,330.0,7,0,,https://doi.org/10.1080/1064119X.2025.2518484,10.1080/1064119X.2025.2518484,S14
314,314,"Nanjing, Jiangsu Province, China",22.1,71.3,6.6,2.7,33.4,23.3,10.1,40.0,CL,,,,0,0,0,1,0,0,0,0,0,0,0,0,0,0,0,1,0,0,0,0,Guar gum,,0.0,Cement,,,20.0,,,,,,,,,,,,,180.0,14,0,,https://doi.org/10.1080/1064119X.2025.2518484,10.1080/1064119X.2025.2518484,S14
315,315,"Nanjing, Jiangsu Province, China",22.1,71.3,6.6,2.7,33.4,23.3,10.1,40.0,CL,,,,0,0,0,1,0,0,0,0,0,0,0,0,0,0,0,1,0,0,0,0,Guar gum,,0.01,Cement,,,20.0,,,,,,,,,,,,,610.0,14,0,,https://doi.org/10.1080/1064119X.2025.2518484,10.1080/1064119X.2025.2518484,S14
316,316,"Nanjing, Jiangsu Province, China",22.1,71.3,6.6,2.7,33.4,23.3,10.1,40.0,CL,,,,0,0,0,1,0,0,0,0,0,0,0,0,0,0,0,1,0,0,0,0,Guar gum,,0.02,Cement,,,20.0,,,,,,,,,,,,,670.0,14,0,,https://doi.org/10.1080/1064119X.2025.2518484,10.1080/1064119X.2025.2518484,S14
317,317,"Nanjing, Jiangsu Province, China",22.1,71.3,6.6,2.7,33.4,23.3,10.1,40.0,CL,,,,0,0,0,1,0,0,0,0,0,0,0,0,0,0,0,1,0,0,0,0,Guar gum,,0.03,Cement,,,20.0,,,,,,,,,,,,,690.0,14,0,,https://doi.org/10.1080/1064119X.2025.2518484,10.1080/1064119X.2025.2518484,S14
318,318,"Nanjing, Jiangsu Province, China",22.1,71.3,6.6,2.7,33.4,23.3,10.1,40.0,CL,,,,0,0,0,1,0,0,0,0,0,0,0,0,0,0,0,1,0,0,0,0,Guar gum,,0.04,Cement,,,20.0,,,,,,,,,,,,,450.0,14,0,,https://doi.org/10.1080/1064119X.2025.2518484,10.1080/1064119X.2025.2518484,S14
319,319,"Nanjing, Jiangsu Province, China",22.1,71.3,6.6,2.7,33.4,23.3,10.1,40.0,CL,,,,0,0,0,1,0,0,0,0,0,0,0,0,0,0,0,1,0,0,0,0,Guar gum,,0.0,Cement,,,20.0,,,,,,,,,,,,,230.0,28,0,,https://doi.org/10.1080/1064119X.2025.2518484,10.1080/1064119X.2025.2518484,S14
320,320,"Nanjing, Jiangsu Province, China",22.1,71.3,6.6,2.7,33.4,23.3,10.1,40.0,CL,,,,0,0,0,1,0,0,0,0,0,0,0,0,0,0,0,1,0,0,0,0,Guar gum,,0.01,Cement,,,20.0,,,,,,,,,,,,,750.0,28,0,,https://doi.org/10.1080/1064119X.2025.2518484,10.1080/1064119X.2025.2518484,S14
321,321,"Nanjing, Jiangsu Province, China",22.1,71.3,6.6,2.7,33.4,23.3,10.1,40.0,CL,,,,0,0,0,1,0,0,0,0,0,0,0,0,0,0,0,1,0,0,0,0,Guar gum,,0.02,Cement,,,20.0,,,,,,,,,,,,,920.0,28,0,,https://doi.org/10.1080/1064119X.2025.2518484,10.1080/1064119X.2025.2518484,S14
322,322,"Nanjing, Jiangsu Province, China",22.1,71.3,6.6,2.7,33.4,23.3,10.1,40.0,CL,,,,0,0,0,1,0,0,0,0,0,0,0,0,0,0,0,1,0,0,0,0,Guar gum,,0.03,Cement,,,20.0,,,,,,,,,,,,,830.0,28,0,,https://doi.org/10.1080/1064119X.2025.2518484,10.1080/1064119X.2025.2518484,S14
323,323,"Nanjing, Jiangsu Province, China",22.1,71.3,6.6,2.7,33.4,23.3,10.1,40.0,CL,,,,0,0,0,1,0,0,0,0,0,0,0,0,0,0,0,1,0,0,0,0,Guar gum,,0.04,Cement,,,20.0,,,,,,,,,,,,,680.0,28,0,,https://doi.org/10.1080/1064119X.2025.2518484,10.1080/1064119X.2025.2518484,S14
324,324,"Nanjing, Jiangsu Province, China",22.1,71.3,6.6,2.7,33.4,23.3,10.1,40.0,CL,,,,0,0,0,1,0,0,0,0,0,0,0,0,0,0,0,1,0,0,0,0,Guar gum,,0.01,Cement,,,20.0,,,,,,,,,,,,,400.0,3,0,,https://doi.org/10.1080/1064119X.2025.2518484,10.1080/1064119X.2025.2518484,S14
325,325,"Nanjing, Jiangsu Province, China",22.1,71.3,6.6,2.7,33.4,23.3,10.1,40.0,CL,,,,0,0,0,1,0,0,0,0,0,0,0,0,0,0,0,1,0,0,0,0,Guar gum,,0.02,Cement,,,20.0,,,,,,,,,,,,,480.0,3,0,,https://doi.org/10.1080/1064119X.2025.2518484,10.1080/1064119X.2025.2518484,S14
326,326,"Nanjing, Jiangsu Province, China",22.1,71.3,6.6,2.7,33.4,23.3,10.1,40.0,CL,,,,0,0,0,1,0,0,0,0,0,0,0,0,0,0,0,1,0,0,0,0,Guar gum,,0.03,Cement,,,20.0,,,,,,,,,,,,,430.0,3,0,,https://doi.org/10.1080/1064119X.2025.2518484,10.1080/1064119X.2025.2518484,S14
327,327,"Nanjing, Jiangsu Province, China",22.1,71.3,6.6,2.7,33.4,23.3,10.1,40.0,CL,,,,0,0,0,1,0,0,0,0,0,0,0,0,0,0,0,1,0,0,0,0,Guar gum,,0.04,Cement,,,20.0,,,,,,,,,,,,,270.0,3,0,,https://doi.org/10.1080/1064119X.2025.2518484,10.1080/1064119X.2025.2518484,S14
328,328,"Nanjing, Jiangsu Province, China",22.1,71.3,6.6,2.7,33.4,23.3,10.1,40.0,CL,,,,0,0,0,1,0,0,0,0,0,0,0,0,0,0,0,1,0,0,0,0,Guar gum,,0.01,Cement,,,20.0,,,,,,,,,,,,,550.0,7,0,,https://doi.org/10.1080/1064119X.2025.2518484,10.1080/1064119X.2025.2518484,S14
329,329,"Nanjing, Jiangsu Province, China",22.1,71.3,6.6,2.7,33.4,23.3,10.1,40.0,CL,,,,0,0,0,1,0,0,0,0,0,0,0,0,0,0,0,1,0,0,0,0,Guar gum,,0.02,Cement,,,20.0,,,,,,,,,,,,,750.0,7,0,,https://doi.org/10.1080/1064119X.2025.2518484,10.1080/1064119X.2025.2518484,S14
330,330,"Nanjing, Jiangsu Province, China",22.1,71.3,6.6,2.7,33.4,23.3,10.1,40.0,CL,,,,0,0,0,1,0,0,0,0,0,0,0,0,0,0,0,1,0,0,0,0,Guar gum,,0.03,Cement,,,20.0,,,,,,,,,,,,,630.0,7,0,,https://doi.org/10.1080/1064119X.2025.2518484,10.1080/1064119X.2025.2518484,S14
331,331,"Nanjing, Jiangsu Province, China",22.1,71.3,6.6,2.7,33.4,23.3,10.1,40.0,CL,,,,0,0,0,1,0,0,0,0,0,0,0,0,0,0,0,1,0,0,0,0,Guar gum,,0.04,Cement,,,20.0,,,,,,,,,,,,,420.0,7,0,,https://doi.org/10.1080/1064119X.2025.2518484,10.1080/1064119X.2025.2518484,S14
332,332,"Nanjing, Jiangsu Province, China",22.1,71.3,6.6,2.7,33.4,23.3,10.1,40.0,CL,,,,0,0,0,1,0,0,0,0,0,0,0,0,0,0,0,1,0,0,0,0,Guar gum,,0.01,Cement,,,20.0,,,,,,,,,,,,,610.0,14,0,,https://doi.org/10.1080/1064119X.2025.2518484,10.1080/1064119X.2025.2518484,S14
333,333,"Nanjing, Jiangsu Province, China",22.1,71.3,6.6,2.7,33.4,23.3,10.1,40.0,CL,,,,0,0,0,1,0,0,0,0,0,0,0,0,0,0,0,1,0,0,0,0,Guar gum,,0.02,Cement,,,20.0,,,,,,,,,,,,,890.0,14,0,,https://doi.org/10.1080/1064119X.2025.2518484,10.1080/1064119X.2025.2518484,S14
334,334,"Nanjing, Jiangsu Province, China",22.1,71.3,6.6,2.7,33.4,23.3,10.1,40.0,CL,,,,0,0,0,1,0,0,0,0,0,0,0,0,0,0,0,1,0,0,0,0,Guar gum,,0.03,Cement,,,20.0,,,,,,,,,,,,,710.0,14,0,,https://doi.org/10.1080/1064119X.2025.2518484,10.1080/1064119X.2025.2518484,S14
335,335,"Nanjing, Jiangsu Province, China",22.1,71.3,6.6,2.7,33.4,23.3,10.1,40.0,CL,,,,0,0,0,1,0,0,0,0,0,0,0,0,0,0,0,1,0,0,0,0,Guar gum,,0.04,Cement,,,20.0,,,,,,,,,,,,,510.0,14,0,,https://doi.org/10.1080/1064119X.2025.2518484,10.1080/1064119X.2025.2518484,S14
336,336,"Nanjing, Jiangsu Province, China",22.1,71.3,6.6,2.7,33.4,23.3,10.1,40.0,CL,,,,0,0,0,1,0,0,0,0,0,0,0,0,0,0,0,1,0,0,0,0,Guar gum,,0.01,Cement,,,20.0,,,,,,,,,,,,,750.0,28,0,,https://doi.org/10.1080/1064119X.2025.2518484,10.1080/1064119X.2025.2518484,S14
337,337,"Nanjing, Jiangsu Province, China",22.1,71.3,6.6,2.7,33.4,23.3,10.1,40.0,CL,,,,0,0,0,1,0,0,0,0,0,0,0,0,0,0,0,1,0,0,0,0,Guar gum,,0.02,Cement,,,20.0,,,,,,,,,,,,,1010.0,28,0,,https://doi.org/10.1080/1064119X.2025.2518484,10.1080/1064119X.2025.2518484,S14
338,338,"Nanjing, Jiangsu Province, China",22.1,71.3,6.6,2.7,33.4,23.3,10.1,40.0,CL,,,,0,0,0,1,0,0,0,0,0,0,0,0,0,0,0,1,0,0,0,0,Guar gum,,0.03,Cement,,,20.0,,,,,,,,,,,,,820.0,28,0,,https://doi.org/10.1080/1064119X.2025.2518484,10.1080/1064119X.2025.2518484,S14
339,339,"Nanjing, Jiangsu Province, China",22.1,71.3,6.6,2.7,33.4,23.3,10.1,40.0,CL,,,,0,0,0,1,0,0,0,0,0,0,0,0,0,0,0,1,0,0,0,0,Guar gum,,0.04,Cement,,,20.0,,,,,,,,,,,,,610.0,28,0,,https://doi.org/10.1080/1064119X.2025.2518484,10.1080/1064119X.2025.2518484,S14
340,340,A factory in Iran,0.0,33.0,67.0,2.63,37.8,19.1,18.7,10.1,CL,23.63,23.63,1590.0,0,0,0,0,0,0,0,0,0,0,0,0,0,0,0,0,0,0,0,0,Xanthan,1.63,0.0,SWF(Sheep wool fiber ),,,0.0,,,,,,,,,,,1590.0,23.29,183.0,28,0,,https://doi.org/10.1016/j.carpta.2025.100975,10.1016/j.carpta.2025.100975,S08
341,341,A factory in Iran,0.0,33.0,67.0,2.63,37.8,19.1,18.7,10.1,CL,23.63,23.63,1590.0,0,0,0,0,0,0,0,0,0,0,1,0,0,0,0,0,0,0,0,0,Xanthan,1.63,0.0,SWF(Sheep wool fiber ),,,0.3,,,,,,,,,,,1582.0,23.43,400.0,28,0,,https://doi.org/10.1016/j.carpta.2025.100975,10.1016/j.carpta.2025.100975,S08
342,342,A factory in Iran,0.0,33.0,67.0,2.63,37.8,19.1,18.7,10.1,CL,23.63,23.63,1590.0,0,0,0,0,0,0,0,0,0,0,1,0,0,0,0,0,0,0,0,0,Xanthan,1.63,0.0,SWF(Sheep wool fiber ),,,0.6,,,,,,,,,,,1576.0,23.58,480.0,28,0,,https://doi.org/10.1016/j.carpta.2025.100975,10.1016/j.carpta.2025.100975,S08
343,343,A factory in Iran,0.0,33.0,67.0,2.63,37.8,19.1,18.7,10.1,CL,23.63,23.63,1590.0,0,0,0,0,0,0,0,0,0,0,1,0,0,0,0,0,0,0,0,0,Xanthan,1.63,0.0,SWF(Sheep wool fiber ),,,0.9,,,,,,,,,,,1571.0,23.66,440.0,28,0,,https://doi.org/10.1016/j.carpta.2025.100975,10.1016/j.carpta.2025.100975,S08
344,344,A factory in Iran,0.0,33.0,67.0,2.63,37.8,19.1,18.7,10.1,CL,23.63,23.63,1590.0,0,1,0,0,0,0,0,0,0,0,0,0,0,0,0,0,0,0,0,0,Xanthan,1.63,0.5,SWF(Sheep wool fiber ),,,0.0,,,,,,,,,,,1579.0,26.0,770.0,28,0,,https://doi.org/10.1016/j.carpta.2025.100975,10.1016/j.carpta.2025.100975,S08
345,345,A factory in Iran,0.0,33.0,67.0,2.63,37.8,19.1,18.7,10.1,CL,23.63,23.63,1590.0,0,1,0,0,0,0,0,0,0,0,0,0,0,0,0,0,0,0,0,0,Xanthan,1.63,1.0,SWF(Sheep wool fiber ),,,0.0,,,,,,,,,,,1520.0,24.08,675.0,28,0,,https://doi.org/10.1016/j.carpta.2025.100975,10.1016/j.carpta.2025.100975,S08
346,346,A factory in Iran,0.0,33.0,67.0,2.63,37.8,19.1,18.7,10.1,CL,23.63,23.63,1590.0,0,1,0,0,0,0,0,0,0,0,1,0,0,0,0,0,0,0,0,0,Xanthan,1.63,1.0,SWF(Sheep wool fiber ),,,0.3,,,,,,,,,,,1500.0,24.53,890.0,28,0,,https://doi.org/10.1016/j.carpta.2025.100975,10.1016/j.carpta.2025.100975,S08
347,347,A factory in Iran,0.0,33.0,67.0,2.63,37.8,19.1,18.7,10.1,CL,23.63,23.63,1590.0,0,1,0,0,0,0,0,0,0,0,1,0,0,0,0,0,0,0,0,0,Xanthan,1.63,1.0,SWF(Sheep wool fiber ),,,0.6,,,,,,,,,,,1477.0,25.48,1262.0,28,0,,https://doi.org/10.1016/j.carpta.2025.100975,10.1016/j.carpta.2025.100975,S08
348,348,A factory in Iran,0.0,33.0,67.0,2.63,37.8,19.1,18.7,10.1,CL,23.63,23.63,1590.0,0,1,0,0,0,0,0,0,0,0,1,0,0,0,0,0,0,0,0,0,Xanthan,1.63,1.0,SWF(Sheep wool fiber ),,,0.9,,,,,,,,,,,1467.0,26.28,1113.0,28,0,,https://doi.org/10.1016/j.carpta.2025.100975,10.1016/j.carpta.2025.100975,S08
349,349,A factory in Iran,0.0,33.0,67.0,2.63,37.8,19.1,18.7,10.1,CL,23.63,23.63,1590.0,0,1,0,0,0,0,0,0,0,0,0,0,0,0,0,0,0,0,0,0,Xanthan,1.63,2.0,SWF(Sheep wool fiber ),,,0.0,,,,,,,,,,,1480.0,24.97,870.0,28,0,,https://doi.org/10.1016/j.carpta.2025.100975,10.1016/j.carpta.2025.100975,S08
350,350,"Shigang Town, Neixiang County, Nanyang City, Henan Province, China",,,,,,,,,expansive soil,,,,0,0,0,0,0,0,0,0,0,0,0,0,0,0,0,1,0,0,0,0,Lignin,,0.0,Cement,,,4.0,,,,,,,,18.0,,,,,1154.0,1,0,,https://doi.org/10.1051/e3sconf/202123602010,10.1051/e3sconf/202123602010,S10
351,351,"Shigang Town, Neixiang County, Nanyang City, Henan Province, China",,,,,,,,,expansive soil,,,,0,0,0,0,1,0,0,0,0,0,0,0,0,0,0,1,0,0,0,0,Lignin,,0.5,Cement,,,4.0,,,,,,,,18.0,,,,,1300.0,1,0,,https://doi.org/10.1051/e3sconf/202123602010,10.1051/e3sconf/202123602010,S10
352,352,"Shigang Town, Neixiang County, Nanyang City, Henan Province, China",,,,,,,,,expansive soil,,,,0,0,0,0,1,0,0,0,0,0,0,0,0,0,0,1,0,0,0,0,Lignin,,1.0,Cement,,,4.0,,,,,,,,18.0,,,,,1394.0,1,0,,https://doi.org/10.1051/e3sconf/202123602010,10.1051/e3sconf/202123602010,S10
353,353,"Shigang Town, Neixiang County, Nanyang City, Henan Province, China",,,,,,,,,expansive soil,,,,0,0,0,0,1,0,0,0,0,0,0,0,0,0,0,1,0,0,0,0,Lignin,,1.5,Cement,,,4.0,,,,,,,,18.0,,,,,1303.0,1,0,,https://doi.org/10.1051/e3sconf/202123602010,10.1051/e3sconf/202123602010,S10
354,354,"Shigang Town, Neixiang County, Nanyang City, Henan Province, China",,,,,,,,,expansive soil,,,,0,0,0,0,1,0,0,0,0,0,0,0,0,0,0,1,0,0,0,0,Lignin,,2.0,Cement,,,4.0,,,,,,,,18.0,,,,,1154.0,1,0,,https://doi.org/10.1051/e3sconf/202123602010,10.1051/e3sconf/202123602010,S10
355,355,"Shigang Town, Neixiang County, Nanyang City, Henan Province, China",,,,,,,,,expansive soil,,,,0,0,0,0,1,0,0,0,0,0,0,0,0,0,0,1,0,0,0,0,Lignin,,2.5,Cement,,,4.0,,,,,,,,18.0,,,,,1080.0,1,0,,https://doi.org/10.1051/e3sconf/202123602010,10.1051/e3sconf/202123602010,S10
356,356,"Shigang Town, Neixiang County, Nanyang City, Henan Province, China",,,,,,,,,expansive soil,,,,0,0,0,0,0,0,0,0,0,0,0,0,0,0,0,1,0,0,0,0,Lignin,,0.0,Cement,,,4.0,,,,,,,,18.0,,,,,1684.0,7,0,,https://doi.org/10.1051/e3sconf/202123602010,10.1051/e3sconf/202123602010,S10
357,357,"Shigang Town, Neixiang County, Nanyang City, Henan Province, China",,,,,,,,,expansive soil,,,,0,0,0,0,1,0,0,0,0,0,0,0,0,0,0,1,0,0,0,0,Lignin,,0.5,Cement,,,4.0,,,,,,,,18.0,,,,,1788.0,7,0,,https://doi.org/10.1051/e3sconf/202123602010,10.1051/e3sconf/202123602010,S10
358,358,"Shigang Town, Neixiang County, Nanyang City, Henan Province, China",,,,,,,,,expansive soil,,,,0,0,0,0,1,0,0,0,0,0,0,0,0,0,0,1,0,0,0,0,Lignin,,1.0,Cement,,,4.0,,,,,,,,18.0,,,,,1962.0,7,0,,https://doi.org/10.1051/e3sconf/202123602010,10.1051/e3sconf/202123602010,S10
359,359,"Shigang Town, Neixiang County, Nanyang City, Henan Province, China",,,,,,,,,expansive soil,,,,0,0,0,0,1,0,0,0,0,0,0,0,0,0,0,1,0,0,0,0,Lignin,,1.5,Cement,,,4.0,,,,,,,,18.0,,,,,1715.0,7,0,,https://doi.org/10.1051/e3sconf/202123602010,10.1051/e3sconf/202123602010,S10
360,360,"Shigang Town, Neixiang County, Nanyang City, Henan Province, China",,,,,,,,,expansive soil,,,,0,0,0,0,1,0,0,0,0,0,0,0,0,0,0,1,0,0,0,0,Lignin,,2.0,Cement,,,4.0,,,,,,,,18.0,,,,,1628.0,7,0,,https://doi.org/10.1051/e3sconf/202123602010,10.1051/e3sconf/202123602010,S10
361,361,"Shigang Town, Neixiang County, Nanyang City, Henan Province, China",,,,,,,,,expansive soil,,,,0,0,0,0,1,0,0,0,0,0,0,0,0,0,0,1,0,0,0,0,Lignin,,2.5,Cement,,,4.0,,,,,,,,18.0,,,,,1479.0,7,0,,https://doi.org/10.1051/e3sconf/202123602010,10.1051/e3sconf/202123602010,S10
362,362,"Shigang Town, Neixiang County, Nanyang City, Henan Province, China",,,,,,,,,expansive soil,,,,0,0,0,0,0,0,0,0,0,0,0,0,0,0,0,1,0,0,0,0,Lignin,,0.0,Cement,,,4.0,,,,,,,,18.0,,,,,1843.0,14,0,,https://doi.org/10.1051/e3sconf/202123602010,10.1051/e3sconf/202123602010,S10
363,363,"Shigang Town, Neixiang County, Nanyang City, Henan Province, China",,,,,,,,,expansive soil,,,,0,0,0,0,1,0,0,0,0,0,0,0,0,0,0,1,0,0,0,0,Lignin,,0.5,Cement,,,4.0,,,,,,,,18.0,,,,,1900.0,14,0,,https://doi.org/10.1051/e3sconf/202123602010,10.1051/e3sconf/202123602010,S10
364,364,"Shigang Town, Neixiang County, Nanyang City, Henan Province, China",,,,,,,,,expansive soil,,,,0,0,0,0,1,0,0,0,0,0,0,0,0,0,0,1,0,0,0,0,Lignin,,1.0,Cement,,,4.0,,,,,,,,18.0,,,,,2159.0,14,0,,https://doi.org/10.1051/e3sconf/202123602010,10.1051/e3sconf/202123602010,S10
365,365,"Shigang Town, Neixiang County, Nanyang City, Henan Province, China",,,,,,,,,expansive soil,,,,0,0,0,0,1,0,0,0,0,0,0,0,0,0,0,1,0,0,0,0,Lignin,,1.5,Cement,,,4.0,,,,,,,,18.0,,,,,1799.0,14,0,,https://doi.org/10.1051/e3sconf/202123602010,10.1051/e3sconf/202123602010,S10
366,366,"Shigang Town, Neixiang County, Nanyang City, Henan Province, China",,,,,,,,,expansive soil,,,,0,0,0,0,1,0,0,0,0,0,0,0,0,0,0,1,0,0,0,0,Lignin,,2.0,Cement,,,4.0,,,,,,,,18.0,,,,,1807.0,14,0,,https://doi.org/10.1051/e3sconf/202123602010,10.1051/e3sconf/202123602010,S10
367,367,"Shigang Town, Neixiang County, Nanyang City, Henan Province, China",,,,,,,,,expansive soil,,,,0,0,0,0,1,0,0,0,0,0,0,0,0,0,0,1,0,0,0,0,Lignin,,2.5,Cement,,,4.0,,,,,,,,18.0,,,,,1647.0,14,0,,https://doi.org/10.1051/e3sconf/202123602010,10.1051/e3sconf/202123602010,S10
368,368,"Gaziantep University campus, Turkey",0.0,0.0,100.0,,35.16,28.31,6.85,,,16.85,16.85,1807.96,0,0,0,0,0,0,0,0,0,0,0,0,0,0,0,0,0,0,0,0,Xanthan,,0.0,Concrete waste ,,,0.0,,,,,,,,,,,,,112.6,0,0,,"Zaid, Waleed. (2024). Improving the Geotechnical Properties of a Soil Using Xanthan Gum and Concrete Waste. ","Zaid, Waleed. (2024). Improving the Geotechnical Properties of a Soil Using Xanthan Gum and Concrete Waste",S20
369,369,"Gaziantep University campus, Turkey",0.0,0.0,100.0,,35.16,28.31,6.85,,,16.85,16.85,1807.96,0,0,0,0,0,0,0,0,0,0,0,1,0,0,0,0,0,0,0,0,Xanthan,,0.0,Concrete waste,,,10.0,,,,,,,,,,,,,92.25,0,0,,"Zaid, Waleed. (2024). Improving the Geotechnical Properties of a Soil Using Xanthan Gum and Concrete Waste. ","Zaid, Waleed. (2024). Improving the Geotechnical Properties of a Soil Using Xanthan Gum and Concrete Waste",S20
370,370,"Gaziantep University campus, Turkey",0.0,0.0,100.0,,35.16,28.31,6.85,,,16.85,16.85,1807.96,0,1,0,0,0,0,0,0,0,0,0,1,0,0,0,0,0,0,0,0,Xanthan,,1.0,Concrete waste,,,10.0,,,,,,,,,,,,,267.68,0,0,,"Zaid, Waleed. (2024). Improving the Geotechnical Properties of a Soil Using Xanthan Gum and Concrete Waste. ","Zaid, Waleed. (2024). Improving the Geotechnical Properties of a Soil Using Xanthan Gum and Concrete Waste",S20
371,371,"Gaziantep University campus, Turkey",0.0,0.0,100.0,,35.16,28.31,6.85,,,16.85,16.85,1807.96,0,1,0,0,0,0,0,0,0,0,0,1,0,0,0,0,0,0,0,0,Xanthan,,2.5,Concrete waste,,,10.0,,,,,,,,,,,,,157.8,0,0,,"Zaid, Waleed. (2024). Improving the Geotechnical Properties of a Soil Using Xanthan Gum and Concrete Waste. ","Zaid, Waleed. (2024). Improving the Geotechnical Properties of a Soil Using Xanthan Gum and Concrete Waste",S20
372,372,"Gaziantep University campus, Turkey",0.0,0.0,100.0,,35.16,28.31,6.85,,,16.85,16.85,1807.96,0,1,0,0,0,0,0,0,0,0,0,1,0,0,0,0,0,0,0,0,Xanthan,,4.0,Concrete waste,,,10.0,,,,,,,,,,,,,204.28,0,0,,"Zaid, Waleed. (2024). Improving the Geotechnical Properties of a Soil Using Xanthan Gum and Concrete Waste. ","Zaid, Waleed. (2024). Improving the Geotechnical Properties of a Soil Using Xanthan Gum and Concrete Waste",S20
373,373,"Gaziantep University campus, Turkey",0.0,0.0,100.0,,35.16,28.31,6.85,,,16.85,16.85,1807.96,0,0,0,0,0,0,0,0,0,0,0,0,0,0,0,0,0,0,0,0,Xanthan,,0.0,Concrete waste,,,0.0,,,,,,,,,,,,,5787.68,7,0,,"Zaid, Waleed. (2024). Improving the Geotechnical Properties of a Soil Using Xanthan Gum and Concrete Waste. ","Zaid, Waleed. (2024). Improving the Geotechnical Properties of a Soil Using Xanthan Gum and Concrete Waste",S20
374,374,"Gaziantep University campus, Turkey",0.0,0.0,100.0,,35.16,28.31,6.85,,,16.85,16.85,1807.96,0,0,0,0,0,0,0,0,0,0,0,1,0,0,0,0,0,0,0,0,Xanthan,,0.0,Concrete waste,,,10.0,,,,,,,,,,,,,3881.22,7,0,,"Zaid, Waleed. (2024). Improving the Geotechnical Properties of a Soil Using Xanthan Gum and Concrete Waste. ","Zaid, Waleed. (2024). Improving the Geotechnical Properties of a Soil Using Xanthan Gum and Concrete Waste",S20
375,375,"Gaziantep University campus, Turkey",0.0,0.0,100.0,,35.16,28.31,6.85,,,16.85,16.85,1807.96,0,1,0,0,0,0,0,0,0,0,0,1,0,0,0,0,0,0,0,0,Xanthan,,1.0,Concrete waste,,,10.0,,,,,,,,,,,,,7118.49,7,0,,"Zaid, Waleed. (2024). Improving the Geotechnical Properties of a Soil Using Xanthan Gum and Concrete Waste. ","Zaid, Waleed. (2024). Improving the Geotechnical Properties of a Soil Using Xanthan Gum and Concrete Waste",S20
376,376,"Gaziantep University campus, Turkey",0.0,0.0,100.0,,35.16,28.31,6.85,,,16.85,16.85,1807.96,0,1,0,0,0,0,0,0,0,0,0,1,0,0,0,0,0,0,0,0,Xanthan,,2.5,Concrete waste,,,10.0,,,,,,,,,,,,,9912.57,7,0,,"Zaid, Waleed. (2024). Improving the Geotechnical Properties of a Soil Using Xanthan Gum and Concrete Waste. ","Zaid, Waleed. (2024). Improving the Geotechnical Properties of a Soil Using Xanthan Gum and Concrete Waste",S20
377,377,"Gaziantep University campus, Turkey",0.0,0.0,100.0,,35.16,28.31,6.85,,,16.85,16.85,1807.96,0,1,0,0,0,0,0,0,0,0,0,1,0,0,0,0,0,0,0,0,Xanthan,,4.0,Concrete waste,,,10.0,,,,,,,,,,,,,10937.95,7,0,,"Zaid, Waleed. (2024). Improving the Geotechnical Properties of a Soil Using Xanthan Gum and Concrete Waste. ","Zaid, Waleed. (2024). Improving the Geotechnical Properties of a Soil Using Xanthan Gum and Concrete Waste",S20
378,378,"Gaziantep University campus, Turkey",0.0,0.0,100.0,,35.16,28.31,6.85,,,16.85,16.85,1807.96,0,0,0,0,0,0,0,0,0,0,0,0,0,0,0,0,0,0,0,0,Xanthan,,0.0,Concrete waste,,,0.0,,,,,,,,,,,,,4376.22,14,0,,"Zaid, Waleed. (2024). Improving the Geotechnical Properties of a Soil Using Xanthan Gum and Concrete Waste. ","Zaid, Waleed. (2024). Improving the Geotechnical Properties of a Soil Using Xanthan Gum and Concrete Waste",S20
379,379,"Gaziantep University campus, Turkey",0.0,0.0,100.0,,35.16,28.31,6.85,,,16.85,16.85,1807.96,0,0,0,0,0,0,0,0,0,0,0,1,0,0,0,0,0,0,0,0,Xanthan,,0.0,Concrete waste,,,10.0,,,,,,,,,,,,,3594.95,14,0,,"Zaid, Waleed. (2024). Improving the Geotechnical Properties of a Soil Using Xanthan Gum and Concrete Waste. ","Zaid, Waleed. (2024). Improving the Geotechnical Properties of a Soil Using Xanthan Gum and Concrete Waste",S20
380,380,"Gaziantep University campus, Turkey",0.0,0.0,100.0,,35.16,28.31,6.85,,,16.85,16.85,1807.96,0,1,0,0,0,0,0,0,0,0,0,1,0,0,0,0,0,0,0,0,Xanthan,,1.0,Concrete waste,,,10.0,,,,,,,,,,,,,7787.21,14,0,,"Zaid, Waleed. (2024). Improving the Geotechnical Properties of a Soil Using Xanthan Gum and Concrete Waste. ","Zaid, Waleed. (2024). Improving the Geotechnical Properties of a Soil Using Xanthan Gum and Concrete Waste",S20
381,381,"Gaziantep University campus, Turkey",0.0,0.0,100.0,,35.16,28.31,6.85,,,16.85,16.85,1807.96,0,1,0,0,0,0,0,0,0,0,0,1,0,0,0,0,0,0,0,0,Xanthan,,2.5,Concrete waste,,,10.0,,,,,,,,,,,,,10389.03,14,0,,"Zaid, Waleed. (2024). Improving the Geotechnical Properties of a Soil Using Xanthan Gum and Concrete Waste. ","Zaid, Waleed. (2024). Improving the Geotechnical Properties of a Soil Using Xanthan Gum and Concrete Waste",S20
382,382,"Gaziantep University campus, Turkey",0.0,0.0,100.0,,35.16,28.31,6.85,,,16.85,16.85,1807.96,0,1,0,0,0,0,0,0,0,0,0,1,0,0,0,0,0,0,0,0,Xanthan,,4.0,Concrete waste,,,10.0,,,,,,,,,,,,,11953.66,14,0,,"Zaid, Waleed. (2024). Improving the Geotechnical Properties of a Soil Using Xanthan Gum and Concrete Waste. ","Zaid, Waleed. (2024). Improving the Geotechnical Properties of a Soil Using Xanthan Gum and Concrete Waste",S20
383,383,"Gaziantep University campus, Turkey",0.0,0.0,100.0,,35.16,28.31,6.85,,,16.85,16.85,1807.96,0,0,0,0,0,0,0,0,0,0,0,0,0,0,0,0,0,0,0,0,Xanthan,,0.0,Concrete waste,,,0.0,,,,,,,,,,,,,4416.64,28,0,,"Zaid, Waleed. (2024). Improving the Geotechnical Properties of a Soil Using Xanthan Gum and Concrete Waste. ","Zaid, Waleed. (2024). Improving the Geotechnical Properties of a Soil Using Xanthan Gum and Concrete Waste",S20
384,384,"Gaziantep University campus, Turkey",0.0,0.0,100.0,,35.16,28.31,6.85,,,16.85,16.85,1807.96,0,0,0,0,0,0,0,0,0,0,0,1,0,0,0,0,0,0,0,0,Xanthan,,0.0,Concrete waste,,,10.0,,,,,,,,,,,,,4101.42,28,0,,"Zaid, Waleed. (2024). Improving the Geotechnical Properties of a Soil Using Xanthan Gum and Concrete Waste. ","Zaid, Waleed. (2024). Improving the Geotechnical Properties of a Soil Using Xanthan Gum and Concrete Waste",S20
385,385,"Gaziantep University campus, Turkey",0.0,0.0,100.0,,35.16,28.31,6.85,,,16.85,16.85,1807.96,0,1,0,0,0,0,0,0,0,0,0,1,0,0,0,0,0,0,0,0,Xanthan,,1.0,Concrete waste,,,10.0,,,,,,,,,,,,,7930.47,28,0,,"Zaid, Waleed. (2024). Improving the Geotechnical Properties of a Soil Using Xanthan Gum and Concrete Waste. ","Zaid, Waleed. (2024). Improving the Geotechnical Properties of a Soil Using Xanthan Gum and Concrete Waste",S20
386,386,"Gaziantep University campus, Turkey",0.0,0.0,100.0,,35.16,28.31,6.85,,,16.85,16.85,1807.96,0,1,0,0,0,0,0,0,0,0,0,1,0,0,0,0,0,0,0,0,Xanthan,,2.5,Concrete waste,,,10.0,,,,,,,,,,,,,10744.47,28,0,,"Zaid, Waleed. (2024). Improving the Geotechnical Properties of a Soil Using Xanthan Gum and Concrete Waste. ","Zaid, Waleed. (2024). Improving the Geotechnical Properties of a Soil Using Xanthan Gum and Concrete Waste",S20
387,387,"Gaziantep University campus, Turkey",0.0,0.0,100.0,,35.16,28.31,6.85,,,16.85,16.85,1807.96,0,1,0,0,0,0,0,0,0,0,0,1,0,0,0,0,0,0,0,0,Xanthan,,4.0,Concrete waste,,,10.0,,,,,,,,,,,,,12303.28,28,0,,"Zaid, Waleed. (2024). Improving the Geotechnical Properties of a Soil Using Xanthan Gum and Concrete Waste. ","Zaid, Waleed. (2024). Improving the Geotechnical Properties of a Soil Using Xanthan Gum and Concrete Waste",S20
388,388,"Gaziantep University campus, Turkey",0.0,0.0,100.0,,35.16,28.31,6.85,,,16.85,16.85,1807.96,0,0,0,0,0,0,0,0,0,0,0,0,0,0,0,0,0,0,0,0,Xanthan,,0.0,Concrete waste,,,0.0,,,,,,,,,,,,,4860.19,56,0,,"Zaid, Waleed. (2024). Improving the Geotechnical Properties of a Soil Using Xanthan Gum and Concrete Waste. ","Zaid, Waleed. (2024). Improving the Geotechnical Properties of a Soil Using Xanthan Gum and Concrete Waste",S20
389,389,"Gaziantep University campus, Turkey",0.0,0.0,100.0,,35.16,28.31,6.85,,,16.85,16.85,1807.96,0,0,0,0,0,0,0,0,0,0,0,1,0,0,0,0,0,0,0,0,Xanthan,,0.0,Concrete waste,,,10.0,,,,,,,,,,,,,4282.92,56,0,,"Zaid, Waleed. (2024). Improving the Geotechnical Properties of a Soil Using Xanthan Gum and Concrete Waste. ","Zaid, Waleed. (2024). Improving the Geotechnical Properties of a Soil Using Xanthan Gum and Concrete Waste",S20
390,390,"Gaziantep University campus, Turkey",0.0,0.0,100.0,,35.16,28.31,6.85,,,16.85,16.85,1807.96,0,1,0,0,0,0,0,0,0,0,0,1,0,0,0,0,0,0,0,0,Xanthan,,1.0,Concrete waste,,,10.0,,,,,,,,,,,,,7999.42,56,0,,"Zaid, Waleed. (2024). Improving the Geotechnical Properties of a Soil Using Xanthan Gum and Concrete Waste. ","Zaid, Waleed. (2024). Improving the Geotechnical Properties of a Soil Using Xanthan Gum and Concrete Waste",S20
391,391,"Gaziantep University campus, Turkey",0.0,0.0,100.0,,35.16,28.31,6.85,,,16.85,16.85,1807.96,0,1,0,0,0,0,0,0,0,0,0,1,0,0,0,0,0,0,0,0,Xanthan,,2.5,Concrete waste,,,10.0,,,,,,,,,,,,,10816.93,56,0,,"Zaid, Waleed. (2024). Improving the Geotechnical Properties of a Soil Using Xanthan Gum and Concrete Waste. ","Zaid, Waleed. (2024). Improving the Geotechnical Properties of a Soil Using Xanthan Gum and Concrete Waste",S20
392,392,"Gaziantep University campus, Turkey",0.0,0.0,100.0,,35.16,28.31,6.85,,,16.85,16.85,1807.96,0,1,0,0,0,0,0,0,0,0,0,1,0,0,0,0,0,0,0,0,Xanthan,,4.0,Concrete waste,,,10.0,,,,,,,,,,,,,12699.69,56,0,,"Zaid, Waleed. (2024). Improving the Geotechnical Properties of a Soil Using Xanthan Gum and Concrete Waste. ","Zaid, Waleed. (2024). Improving the Geotechnical Properties of a Soil Using Xanthan Gum and Concrete Waste",S20
393,393,"Gaziantep University campus, Turkey",0.0,0.0,100.0,,35.16,28.31,6.85,,,16.85,16.85,1807.96,0,0,0,0,0,0,0,0,0,0,0,0,0,0,0,0,0,0,0,0,Xanthan,,0.0,Concrete waste,,,0.0,,,,,,,,,,,,,6834.02,96,0,,"Zaid, Waleed. (2024). Improving the Geotechnical Properties of a Soil Using Xanthan Gum and Concrete Waste. ","Zaid, Waleed. (2024). Improving the Geotechnical Properties of a Soil Using Xanthan Gum and Concrete Waste",S20
394,394,"Gaziantep University campus, Turkey",0.0,0.0,100.0,,35.16,28.31,6.85,,,16.85,16.85,1807.96,0,0,0,0,0,0,0,0,0,0,0,1,0,0,0,0,0,0,0,0,Xanthan,,0.0,Concrete waste,,,10.0,,,,,,,,,,,,,5884.29,96,0,,"Zaid, Waleed. (2024). Improving the Geotechnical Properties of a Soil Using Xanthan Gum and Concrete Waste. ","Zaid, Waleed. (2024). Improving the Geotechnical Properties of a Soil Using Xanthan Gum and Concrete Waste",S20
395,395,"Gaziantep University campus, Turkey",0.0,0.0,100.0,,35.16,28.31,6.85,,,16.85,16.85,1807.96,0,1,0,0,0,0,0,0,0,0,0,1,0,0,0,0,0,0,0,0,Xanthan,,1.0,Concrete waste,,,10.0,,,,,,,,,,,,,8395.09,96,0,,"Zaid, Waleed. (2024). Improving the Geotechnical Properties of a Soil Using Xanthan Gum and Concrete Waste. ","Zaid, Waleed. (2024). Improving the Geotechnical Properties of a Soil Using Xanthan Gum and Concrete Waste",S20
396,396,"Gaziantep University campus, Turkey",0.0,0.0,100.0,,35.16,28.31,6.85,,,16.85,16.85,1807.96,0,1,0,0,0,0,0,0,0,0,0,1,0,0,0,0,0,0,0,0,Xanthan,,2.5,Concrete waste,,,10.0,,,,,,,,,,,,,11009.5,96,0,,"Zaid, Waleed. (2024). Improving the Geotechnical Properties of a Soil Using Xanthan Gum and Concrete Waste. ","Zaid, Waleed. (2024). Improving the Geotechnical Properties of a Soil Using Xanthan Gum and Concrete Waste",S20
397,397,"Gaziantep University campus, Turkey",0.0,0.0,100.0,,35.16,28.31,6.85,,,16.85,16.85,1807.96,0,1,0,0,0,0,0,0,0,0,0,1,0,0,0,0,0,0,0,0,Xanthan,,4.0,Concrete waste,,,10.0,,,,,,,,,,,,,13302.4,96,0,,"Zaid, Waleed. (2024). Improving the Geotechnical Properties of a Soil Using Xanthan Gum and Concrete Waste. ","Zaid, Waleed. (2024). Improving the Geotechnical Properties of a Soil Using Xanthan Gum and Concrete Waste",S20
