scenario_factor,EC_mix_kgCO2e_m3,rho_d_kg_m3
0.8,1146.26,1549.0
0.8,1078.84752,1549.0
0.8,1011.4350400000001,1549.0
0.8,944.02256,1549.0
0.8,876.61008,1549.0
0.8,922.2126400000001,1549.0
0.8,866.2008000000001,1549.0
0.8,810.1889600000002,1549.0
0.8,698.16528,1549.0
0.8,1255.0400000000004,1696.0
0.8,1181.2300800000003,1696.0
0.8,1107.4201600000001,1696.0
0.8,1033.6102400000002,1696.0
0.8,959.80032,1696.0
0.8,1009.7305600000003,1696.0
0.8,948.4032,1696.0
0.8,887.07584,1696.0
0.8,764.4211200000001,1696.0
0.8,1146.26,1549.0
0.8,1078.84752,1549.0
0.8,1011.4350400000001,1549.0
0.8,944.02256,1549.0
0.8,876.61008,1549.0
0.8,922.2126400000001,1549.0
0.8,866.2008000000001,1549.0
0.8,810.1889600000002,1549.0
0.8,698.16528,1549.0
0.8,1255.0400000000004,1696.0
0.8,1181.2300800000003,1696.0
0.8,1107.4201600000001,1696.0
0.8,1033.6102400000002,1696.0
0.8,959.80032,1696.0
0.8,1009.7305600000003,1696.0
0.8,948.4032,1696.0
0.8,887.07584,1696.0
0.8,764.4211200000001,1696.0
0.8,1146.26,1549.0
0.8,1078.84752,1549.0
0.8,1011.4350400000001,1549.0
0.8,944.02256,1549.0
0.8,876.61008,1549.0
0.8,922.2126400000001,1549.0
0.8,866.2008000000001,1549.0
0.8,810.1889600000002,1549.0
0.8,698.16528,1549.0
0.8,1255.0400000000004,1696.0
0.8,1181.2300800000003,1696.0
0.8,1107.4201600000001,1696.0
0.8,1033.6102400000002,1696.0
0.8,959.80032,1696.0
0.8,1009.7305600000003,1696.0
0.8,948.4032,1696.0
0.8,887.07584,1696.0
0.8,764.4211200000001,1696.0
0.8,1146.26,1549.0
0.8,1078.84752,1549.0
0.8,1011.4350400000001,1549.0
0.8,944.02256,1549.0
0.8,876.61008,1549.0
0.8,922.2126400000001,1549.0
0.8,866.2008000000001,1549.0
0.8,810.1889600000002,1549.0
0.8,698.16528,1549.0
0.8,1255.0400000000004,1696.0
0.8,1181.2300800000003,1696.0
0.8,1107.4201600000001,1696.0
0.8,1033.6102400000002,1696.0
0.8,959.80032,1696.0
0.8,1009.7305600000003,1696.0
0.8,948.4032,1696.0
0.8,887.07584,1696.0
0.8,764.4211200000001,1696.0
0.8,1146.26,1549.0
0.8,1078.84752,1549.0
0.8,1011.4350400000001,1549.0
0.8,944.02256,1549.0
0.8,876.61008,1549.0
0.8,922.2126400000001,1549.0
0.8,866.2008000000001,1549.0
0.8,810.1889600000002,1549.0
0.8,698.16528,1549.0
0.8,1255.0400000000004,1696.0
0.8,1181.2300800000003,1696.0
0.8,1107.4201600000001,1696.0
0.8,1033.6102400000002,1696.0
0.8,959.80032,1696.0
0.8,1009.7305600000003,1696.0
0.8,948.4032,1696.0
0.8,887.07584,1696.0
0.8,764.4211200000001,1696.0
0.8,1242.46,1679.0
0.8,1138.7813360000002,1680.61
0.8,1094.1548160000002,1692.69
0.8,1039.9525360000002,1690.43
0.8,984.5597600000001,1685.89
0.8,1242.46,1679.0
0.8,1138.7813360000002,1680.61
0.8,1094.1548160000002,1692.69
0.8,1039.9525360000002,1690.43
0.8,984.5597600000001,1685.89
0.8,1242.46,1679.0
0.8,1138.7813360000002,1680.61
0.8,1094.1548160000002,1692.69
0.8,1039.9525360000002,1690.43
0.8,984.5597600000001,1685.89
0.8,1026.2423967409852,1386.81404964998
0.8,994.9819765159378,1468.39134668822
0.8,922.174238909309,1498.9828330775501
0.8,839.9116925759545,1519.37715733711
0.8,750.103246266563,1529.57431946689
0.8,650.2934233402832,1519.37715733711
0.8,1026.2423967409852,1386.81404964998
0.8,994.9819765159378,1468.39134668822
0.8,922.174238909309,1498.9828330775501
0.8,839.9116925759545,1519.37715733711
0.8,750.103246266563,1529.57431946689
0.8,650.2934233402832,1519.37715733711
0.8,1026.2423967409852,1386.81404964998
0.8,994.9819765159378,1468.39134668822
0.8,922.174238909309,1498.9828330775501
0.8,839.9116925759545,1519.37715733711
0.8,750.103246266563,1529.57431946689
0.8,650.2934233402832,1519.37715733711
0.8,1026.2423967409852,1386.81404964998
0.8,994.9819765159378,1468.39134668822
0.8,922.174238909309,1498.9828330775501
0.8,839.9116925759545,1519.37715733711
0.8,750.103246266563,1529.57431946689
0.8,650.2934233402832,1519.37715733711
0.8,1026.2423967409852,1386.81404964998
0.8,994.9819765159378,1468.39134668822
0.8,922.174238909309,1498.9828330775501
0.8,839.9116925759545,1519.37715733711
0.8,750.103246266563,1529.57431946689
0.8,650.2934233402832,1519.37715733711
0.8,194.95102040816337,1680.61224489796
0.8,1228.4552734693855,1733.14795918367
0.8,1177.5782228571413,1737.86632653061
0.8,1131.3220244897932,1750.1887755102
0.8,1088.4087012244877,1769.19489795918
0.8,1050.434244897957,1798.6887755102
0.8,992.4311224489808,1795.2806122449
0.8,1265.4573877551034,1710.07755102041
0.8,1048.355265306122,1802.04081632653
0.8,1049.0494693877533,1810.2040816326498
0.8,1050.8852244897982,1820.40816326531
0.8,1048.8680816326512,1827.55102040816
0.8,194.95102040816337,1680.61224489796
0.8,1228.4552734693855,1733.14795918367
0.8,1177.5782228571413,1737.86632653061
0.8,1131.3220244897932,1750.1887755102
0.8,1088.4087012244877,1769.19489795918
0.8,1050.434244897957,1798.6887755102
0.8,992.4311224489808,1795.2806122449
0.8,1265.4573877551034,1710.07755102041
0.8,1048.355265306122,1802.04081632653
0.8,1049.0494693877533,1810.2040816326498
0.8,1050.8852244897982,1820.40816326531
0.8,1048.8680816326512,1827.55102040816
0.8,194.95102040816337,1680.61224489796
0.8,1228.4552734693855,1733.14795918367
0.8,1177.5782228571413,1737.86632653061
0.8,1131.3220244897932,1750.1887755102
0.8,1088.4087012244877,1769.19489795918
0.8,1050.434244897957,1798.6887755102
0.8,992.4311224489808,1795.2806122449
0.8,1265.4573877551034,1710.07755102041
0.8,1048.355265306122,1802.04081632653
0.8,1049.0494693877533,1810.2040816326498
0.8,1050.8852244897982,1820.40816326531
0.8,1048.8680816326512,1827.55102040816
0.8,194.95102040816337,1680.61224489796
0.8,1228.4552734693855,1733.14795918367
0.8,1177.5782228571413,1737.86632653061
0.8,1131.3220244897932,1750.1887755102
0.8,1088.4087012244877,1769.19489795918
0.8,1050.434244897957,1798.6887755102
0.8,992.4311224489808,1795.2806122449
0.8,1265.4573877551034,1710.07755102041
0.8,1048.355265306122,1802.04081632653
0.8,1049.0494693877533,1810.2040816326498
0.8,1050.8852244897982,1820.40816326531
0.8,1048.8680816326512,1827.55102040816
0.8,1236.3496000000002,1835.0
0.8,1195.8328,1835.0
0.8,1155.316,1835.0
0.8,1087.788,1835.0
0.8,1020.2600000000001,1835.0
0.8,1236.3496000000002,1835.0
0.8,1195.8328,1835.0
0.8,1155.316,1835.0
0.8,1087.788,1835.0
0.8,1020.2600000000001,1835.0
0.8,1082.912,1720.0
0.8,1082.912,1720.0
0.8,1082.912,1720.0
0.8,1082.912,1720.0
0.8,1070.2528000000002,1720.0
0.8,1057.5936000000002,1720.0
0.8,1044.9344,1720.0
0.8,1032.2752000000003,1720.0
0.8,1019.6160000000001,1720.0
0.8,1082.912,1720.0
0.8,1082.912,1720.0
0.8,1082.912,1720.0
0.8,1082.912,1720.0
0.8,1070.2528000000002,1720.0
0.8,1057.5936000000002,1720.0
0.8,1044.9344,1720.0
0.8,1032.2752000000003,1720.0
0.8,1019.6160000000001,1720.0
0.8,1082.912,1720.0
0.8,1082.912,1720.0
0.8,1082.912,1720.0
0.8,1082.912,1720.0
0.8,1070.2528000000002,1720.0
0.8,1057.5936000000002,1720.0
0.8,1044.9344,1720.0
0.8,1032.2752000000003,1720.0
0.8,1019.6160000000001,1720.0
0.8,606.0400000000001,1090.0
0.8,612.1440000000001,1090.0
0.8,618.248,1090.0
0.8,624.3520000000001,1090.0
0.8,630.4560000000001,1090.0
0.8,606.0400000000001,1090.0
0.8,606.912,1090.0
0.8,607.7840000000001,1090.0
0.8,608.6560000000001,1090.0
0.8,609.5280000000001,1090.0
0.8,606.0400000000001,1090.0
0.8,612.1440000000001,1090.0
0.8,618.248,1090.0
0.8,624.3520000000001,1090.0
0.8,630.4560000000001,1090.0
0.8,606.0400000000001,1090.0
0.8,606.912,1090.0
0.8,607.7840000000001,1090.0
0.8,608.6560000000001,1090.0
0.8,609.5280000000001,1090.0
0.8,606.0400000000001,1090.0
0.8,612.1440000000001,1090.0
0.8,618.248,1090.0
0.8,624.3520000000001,1090.0
0.8,630.4560000000001,1090.0
0.8,606.0400000000001,1090.0
0.8,606.912,1090.0
0.8,607.7840000000001,1090.0
0.8,608.6560000000001,1090.0
0.8,609.5280000000001,1090.0
0.8,606.0400000000001,1090.0
0.8,612.1440000000001,1090.0
0.8,618.248,1090.0
0.8,624.3520000000001,1090.0
0.8,630.4560000000001,1090.0
0.8,606.0400000000001,1090.0
0.8,612.1440000000001,1090.0
0.8,618.248,1090.0
0.8,624.3520000000001,1090.0
0.8,630.4560000000001,1090.0
0.8,606.0400000000001,1090.0
0.8,612.1440000000001,1090.0
0.8,618.248,1090.0
0.8,624.3520000000001,1090.0
0.8,630.4560000000001,1090.0
0.8,593.7624000000001,891.0
0.8,560.9736,891.0
0.8,548.485344,891.0
0.8,528.2418240000001,891.0
0.8,601.74576,891.0
0.8,560.9736,891.0
0.8,544.8928320000001,891.0
0.8,523.8509760000001,891.0
0.8,599.7499200000001,891.0
0.8,572.9486400000001,891.0
0.8,541.30032,891.0
0.8,519.460128,891.0
0.8,597.75408,891.0
0.8,569.95488,891.0
0.8,555.670368,891.0
0.8,515.06928,891.0
0.8,595.7582400000001,891.0
0.8,566.96112,891.0
0.8,552.0778560000001,891.0
0.8,532.6326720000001,891.0
0.8,1057.1294400000002,1569.0
0.8,1045.5816000000004,1569.0
0.8,1034.0337600000003,1569.0
0.8,1022.4859200000001,1569.0
0.8,1010.93808,1569.0
0.8,1034.0337600000003,1569.0
0.8,1011.44016,1569.0
0.8,1000.14336,1569.0
0.8,988.8465599999998,1569.0
0.8,1034.0337600000003,1569.0
0.8,1011.44016,1569.0
0.8,1000.14336,1569.0
0.8,988.8465599999998,1569.0
0.8,1034.0337600000003,1569.0
0.8,1011.44016,1569.0
0.8,1000.14336,1569.0
0.8,988.8465599999998,1569.0
0.8,1034.0337600000003,1569.0
0.8,1011.44016,1569.0
0.8,1000.14336,1569.0
0.8,988.8465599999998,1569.0
0.8,1034.0337600000003,1569.0
0.8,1011.44016,1569.0
0.8,1000.14336,1569.0
0.8,988.8465599999998,1569.0
0.8,1034.0337600000003,1569.0
0.8,1011.44016,1569.0
0.8,1000.14336,1569.0
0.8,988.8465599999998,1569.0
0.8,1143.2784000000001,1770.0
0.8,989.784,1770.0
0.8,836.2896000000001,1770.0
0.8,862.344,1770.0
0.8,1091.1696,1770.0
0.8,1015.8384000000002,1770.0
0.8,963.7296,1770.0
0.8,888.3984,1770.0
0.8,1117.2240000000002,1770.0
0.8,1143.2784000000001,1770.0
0.8,989.784,1770.0
0.8,836.2896000000001,1770.0
0.8,862.344,1770.0
0.8,1091.1696,1770.0
0.8,1015.8384000000002,1770.0
0.8,963.7296,1770.0
0.8,888.3984,1770.0
0.8,1117.2240000000002,1770.0
0.8,1143.2784000000001,1770.0
0.8,989.784,1770.0
0.8,836.2896000000001,1770.0
0.8,862.344,1770.0
0.8,1091.1696,1770.0
0.8,1015.8384000000002,1770.0
0.8,963.7296,1770.0
0.8,888.3984,1770.0
0.8,1117.2240000000002,1770.0
0.8,1235.8000000000002,1670.0
0.8,1184.1856000000005,1720.0
0.8,1095.5040000000001,1740.0
0.8,918.9840000000002,1770.0
0.8,1050.8000000000002,1420.0
0.8,1074.0288000000003,1560.0
0.8,963.2880000000001,1530.0
0.8,778.8000000000001,1500.0
0.8,954.6,1290.0
0.8,721.688,1390.0
0.8,1043.4,1410.0
0.8,1036.0,1400.0
0.8,902.8000000000001,1220.0
0.8,1041.18,1407.0
0.8,1275.0200000000002,1723.0
0.8,954.6,1290.0
0.8,1001.22,1353.0
0.8,1040.44,1406.0
0.8,1493.2736,2080.0
0.8,1447.3472,2080.0
0.8,1378.272,1960.0
0.8,1329.0480000000002,1890.0
0.8,1160.28,1650.0
0.8,1172.424,1650.0
0.8,1477.9648,2080.0
0.8,1447.3472,2080.0
0.8,1563.2320000000002,2200.0
0.8,1490.784,2120.0
0.8,1475.1808,2120.0
0.8,1196.8448000000003,1720.0
0.8,1209.5040000000001,1720.0
0.8,1336.0128000000002,1920.0
0.8,1336.0800000000002,1900.0
0.8,1391.6800000000003,2000.0
0.8,1391.6800000000003,2000.0
0.8,1203.8032,1730.0
0.8,1421.1200000000001,2000.0
0.8,1391.6800000000003,2000.0
0.8,1217.72,1750.0
0.8,1162.0528000000002,1670.0
0.8,1392.3360000000002,1980.0
0.8,1377.7632,1980.0
0.8,1307.9520000000002,1860.0
0.8,1120.3024,1610.0
0.8,1120.3024,1610.0
0.8,1384.7216,1990.0
0.8,1385.304,1970.0
0.8,1370.8048000000001,1970.0
0.8,1175.9696,1690.0
0.8,1454.3056,2090.0
0.8,1264.7968,1780.0
0.8,1364.2080000000003,1940.0
0.8,1349.9296000000002,1940.0
0.8,1475.1808,2120.0
0.8,1266.4288,1820.0
0.8,1363.8464000000001,1960.0
0.8,1350.1440000000002,1920.0
0.8,1182.928,1700.0
0.8,1570.3376,2210.0
0.8,1148.136,1650.0
0.8,1461.2640000000004,2100.0
0.8,1434.5280000000002,2040.0
0.8,1315.1376,1890.0
0.8,1322.096,1900.0
0.8,1496.056,2150.0
0.8,1336.0128000000002,1920.0
0.8,1342.9712,1930.0
0.8,1266.4288,1820.0
0.8,1294.2624,1860.0
0.8,1377.7632,1980.0
0.8,1370.8048000000001,1970.0
0.8,1182.928,1700.0
0.8,1002.0096,1440.0
0.8,1294.2624,1860.0
0.8,1224.6784,1760.0
0.8,1398.6383999999998,2009.9999999999998
0.8,1224.6784,1760.0
0.8,1057.6768,1520.0
0.8,1496.056,2150.0
0.8,1398.6383999999998,2009.9999999999998
0.8,1057.6768,1520.0
0.8,1078.5520000000001,1550.0
0.8,1301.2208,1870.0
0.8,1461.2640000000004,2100.0
0.8,1106.3855999999998,1590.0
0.8,1272.8000000000002,1720.0
0.8,1311.28,1772.0
0.8,931.7567854881231,1438.5321100917402
0.8,955.1055921960494,1438.5321100917402
0.8,979.9063299188974,1438.5321100917402
0.8,1006.2987757730816,1438.5321100917402
0.8,1034.4412434674844,1438.5321100917402
0.8,925.7949996719749,1438.5321100917402
0.8,950.0627473966525,1438.5321100917402
0.8,975.8999013444881,1438.5321100917402
0.8,1003.4637900859811,1438.5321100917402
0.8,1032.9334981809484,1438.5321100917402
0.8,921.1756426918846,1438.5321100917402
0.8,946.147543078249,1438.5321100917402
0.8,972.782690605352,1438.5321100917402
0.8,1001.25298001195,1438.5321100917402
0.8,1031.7548379932093,1438.5321100917402
0.8,913.1572496313754,1438.5321100917402
0.8,939.3350649625748,1438.5321100917402
0.8,967.344779943821,1438.5321100917402
0.8,997.3856587383452,1438.5321100917402
0.8,905.2781068388355,1438.5321100917402
0.8,932.6205800254314,1438.5321100917402
0.8,961.9676855123379,1438.5321100917402
0.8,993.54826878369,1438.5321100917402
0.8,1027.6273860687527,1438.5321100917402
0.8,918.3405737083199,1438.5321100917402
0.8,943.7412276553459,1438.5321100917402
0.8,970.8639286197737,1438.5321100917402
0.8,999.8899413075368,1438.5321100917402
0.8,1031.0268956872899,1438.5321100917402
0.8,909.13894921397,1438.5321100917402
0.8,935.913252698409,1438.5321100917402
0.8,964.6066882627407,1438.5321100917402
0.8,995.4332655176358,1438.5321100917402
0.8,1112.9116893861374,1558.4097859327198
0.8,969.4692480856521,1558.4097859327198
0.8,1000.695382690032,1558.4097859327198
0.8,1034.3602463914708,1558.4097859327198
0.8,1070.7611420785063,1558.4097859327198
0.8,1110.245744751514,1558.4097859327198
0.8,1004.6638225115329,1558.4097859327198
0.8,1030.6701238300927,1558.4097859327198
0.8,1058.3503327499652,1558.4097859327198
0.8,1087.8714361182917,1558.4097859327198
0.8,1119.4233959613935,1558.4097859327198
0.8,998.0253151241051,1558.4097859327198
0.8,1025.0445382225646,1558.4097859327198
0.8,1053.872133061599,1558.4097859327198
0.8,1084.6959344309998,1558.4097859327198
0.8,1117.7307238603528,1558.4097859327198
0.8,992.8835516265756,1558.4097859327198
0.8,1020.6783009195406,1558.4097859327198
0.8,1050.388753192574,1558.4097859327198
0.8,1082.2200318881187,1558.4097859327198
0.8,1116.4076290785263,1558.4097859327198
0.8,983.962363860418,1558.4097859327198
0.8,1013.0839383966442,1558.4097859327198
0.8,1044.3139388844,1558.4097859327198
0.8,1077.8899434079422,1558.4097859327198
0.8,1114.086616864769,1558.4097859327198
0.8,975.2010593836397,1558.4097859327198
0.8,1005.6024372043985,1558.4097859327198
0.8,1038.3094013182667,1558.4097859327198
0.8,1073.5945663601508,1558.4097859327198
0.8,1111.7752893645354,1558.4097859327198
0.8,989.7286993201018,1558.4097859327198
0.8,1017.9953840274572,1558.4097859327198
0.8,1048.2449888084425,1558.4097859327198
0.8,1080.6937523228235,1558.4097859327198
0.8,1115.5905405183646,1558.4097859327198
0.8,979.4935545581468,1558.4097859327198
0.8,1009.2707929534389,1558.4097859327198
0.8,1041.2560540191714,1558.4097859327198
0.8,1075.704385649134,1558.4097859327198
0.8,1112.9116893861374,1558.4097859327198
0.8,969.4692480856521,1558.4097859327198
0.8,1000.695382690032,1558.4097859327198
0.8,1034.3602463914708,1558.4097859327198
0.8,1070.7611420785063,1558.4097859327198
0.8,1110.245744751514,1558.4097859327198
0.8,1088.1449000613077,1688.27726809378
0.8,1116.354359634913,1688.27726809378
0.8,1146.382427243194,1688.27726809378
0.8,1178.4108235640963,1688.27726809378
0.8,1212.6463142184682,1688.27726809378
0.8,1080.944094402707,1688.27726809378
0.8,1110.2517466419192,1688.27726809378
0.8,1141.5240452347466,1688.27726809378
0.8,1174.9653921469862,1688.27726809378
0.8,1210.809562675108,1688.27726809378
0.8,1075.3669091067745,1688.27726809378
0.8,1105.5153410135101,1688.27726809378
0.8,1137.7449850747055,1688.27726809378
0.8,1172.2790515735992,1688.27726809378
0.8,1209.3738533207568,1688.27726809378
0.8,1065.6904492179544,1688.27726809378
0.8,1097.2772791181167,1688.27726809378
0.8,1131.1546167292765,1688.27726809378
0.8,1167.5809781791681,1688.27726809378
0.8,1206.8553033169865,1688.27726809378
0.8,1056.187660333057,1688.27726809378
0.8,1089.1618290488827,1688.27726809378
0.8,1124.6406084978419,1688.27726809378
0.8,1162.9206272948197,1688.27726809378
0.8,1204.3472800534043,1688.27726809378
0.8,1071.9449358775116,1688.27726809378
0.8,1102.6049981222159,1688.27726809378
0.8,1135.4192710149605,1688.27726809378
0.8,1170.6230567702212,1688.27726809378
0.8,1208.487221566192,1688.27726809378
0.8,1060.8434056346237,1688.27726809378
0.8,1093.1410019591367,1688.27726809378
0.8,1127.8372628362083,1688.27726809378
0.8,1165.209708176279,1688.27726809378
0.8,1205.5803863817678,1688.27726809378
0.8,1049.970890971785,1688.27726809378
0.8,1083.8390720878263,1688.27726809378
0.8,1120.3564417916302,1688.27726809378
0.8,1159.8464831804274,1688.27726809378
0.8,1202.6875797604703,1688.27726809378
0.8,1052.534500580854,1688.27726809378
0.8,1086.6399810173846,1688.27726809378
0.8,1123.0998373178995,1688.27726809378
0.8,1162.1665766101917,1688.27726809378
0.8,1043.0647916110834,1688.27726809378
0.8,1078.5434387150617,1688.27726809378
0.8,1116.5948072673236,1688.27726809378
0.8,1157.5092651995528,1688.27726809378
0.8,1033.7650429245705,1688.27726809378
0.8,1070.5674019211795,1688.27726809378
0.8,1110.165148548085,1688.27726809378
0.8,1152.8893490064627,1688.27726809378
0.8,1049.1856425319609,1688.27726809378
0.8,1083.7796341745423,1688.27726809378
0.8,1120.8042387937014,1688.27726809378
0.8,1160.5249497461089,1688.27726809378
0.8,1038.321311802836,1688.27726809378
0.8,1074.4782176209428,1688.27726809378
0.8,1113.830329163363,1688.27726809378
0.8,1155.5249225795867,1688.27726809378
0.8,1028.626164161527,1688.27726809378
0.8,1066.1493952599276,1688.27726809378
0.8,1106.5944963643644,1688.27726809378
0.8,1150.3165748275278,1688.27726809378
0.8,1052.1150546538317,1688.27726809378
0.8,1085.5686288662087,1688.27726809378
0.8,1122.6613945431375,1688.27726809378
0.8,1161.2861575669087,1688.27726809378
0.8,1204.2389440467898,1688.27726809378
0.8,1048.0742723471938,1688.27726809378
0.8,1082.1135305280359,1688.27726809378
0.8,1119.8818053222337,1688.27726809378
0.8,1159.2953021436388,1688.27726809378
0.8,1203.1652322399893,1688.27726809378
0.8,1056.640186175206,1688.27726809378
0.8,1090.2520889669722,1688.27726809378
0.8,1125.088029453463,1688.27726809378
0.8,1163.8040858118125,1688.27726809378
0.8,1204.2389440467898,1688.27726809378
0.8,1052.581912250986,1688.27726809378
0.8,1086.7819910158778,1688.27726809378
0.8,1122.302395785782,1688.27726809378
0.8,1161.8088885196732,1688.27726809378
0.8,1203.1652322399893,1688.27726809378
0.8,1047.5899231324577,1688.27726809378
0.8,1082.0560337906356,1688.27726809378
0.8,1119.021442177649,1688.27726809378
0.8,1160.0271934444568,1688.27726809378
0.8,1202.9307644116936,1688.27726809378
0.8,1043.5666324434017,1688.27726809378
0.8,1078.6121851621547,1688.27726809378
0.8,1116.2509196269114,1688.27726809378
0.8,1158.0385089556214,1688.27726809378
0.8,1061.1653176965804,1688.27726809378
0.8,1093.764684042545,1688.27726809378
0.8,1128.727981818951,1688.27726809378
0.8,1165.0630499342642,1688.27726809378
0.8,1057.0895521547784,1688.27726809378
0.8,1090.283336381759,1688.27726809378
0.8,1125.9332814811044,1688.27726809378
0.8,1163.0656817076906,1688.27726809378
0.8,1204.4722389109663,1688.27726809378
0.8,892.0712817766679,1438.5321100917402
0.8,865.0742290137085,1438.5321100917402
0.8,839.9636104006971,1438.5321100917402
0.8,816.5483772922893,1438.5321100917402
0.8,774.1607045583828,1438.5321100917402
0.8,882.7480556500886,1438.5321100917402
0.8,854.6370195255267,1438.5321100917402
0.8,828.5731042530876,1438.5321100917402
0.8,804.3405506866353,1438.5321100917402
0.8,760.6481408107836,1438.5321100917402
0.8,889.2846768827685,1438.5321100917402
0.8,861.9510672121974,1438.5321100917402
0.8,836.5515394585188,1438.5321100917402
0.8,812.8878293003413,1438.5321100917402
0.8,770.1016319467486,1438.5321100917402
0.8,878.8125061063025,1438.5321100917402
0.8,850.2415260537346,1438.5321100917402
0.8,823.7865448674638,1438.5321100917402
0.8,799.220886606575,1438.5321100917402
0.8,755.0019286115665,1438.5321100917402
0.8,960.5627380707572,1558.4097859327198
0.8,930.6526441316722,1558.4097859327198
0.8,902.8932534480401,1558.4097859327198
0.8,877.0606451882393,1558.4097859327198
0.8,830.4254285318566,1558.4097859327198
0.8,950.2132570047133,1558.4097859327198
0.8,919.0906219104503,1558.4097859327198
0.8,890.2993405089866,1558.4097859327198
0.8,863.5869122956082,1558.4097859327198
0.8,815.5586520247692,1558.4097859327198
0.8,957.4686833338889,1558.4097859327198
0.8,927.1920134584844,1558.4097859327198
0.8,899.1196491570481,1558.4097859327198
0.8,873.0193177062367,1558.4097859327198
0.8,825.9581199873588,1558.4097859327198
0.8,945.8465463220639,1558.4097859327198
0.8,914.2239598525422,1558.4097859327198
0.8,885.010061094448,1558.4097859327198
0.8,857.9397425689347,1558.4097859327198
0.8,809.3506423329262,1558.4097859327198
0.8,1040.3128782344936,1688.27726809378
0.8,1007.877008682283,1688.27726809378
0.8,977.7765371602716,1688.27726809378
0.8,949.768003634659,1688.27726809378
0.8,899.211116456471,1688.27726809378
0.8,1029.0883950087539,1688.27726809378
0.8,995.3386887101296,1688.27726809378
0.8,964.1204152152401,1688.27726809378
0.8,935.1590604009236,1688.27726809378
0.8,883.0941294836892,1688.27726809378
0.8,1036.9571987876952,1688.27726809378
0.8,1004.1241171615005,1688.27726809378
0.8,973.6846024717919,1688.27726809378
0.8,945.3861193648327,1688.27726809378
0.8,894.3680601682431,1688.27726809378
0.8,1024.3526023747806,1688.27726809378
0.8,990.0612138307877,1688.27726809378
0.8,958.3851727766255,1688.27726809378
0.8,929.036267583134,1688.27726809378
0.8,876.3642667772667,1688.27726809378
0.8,1060.974205542371,1688.27726809378
0.8,1060.974205542371,1688.27726809378
0.8,1060.974205542371,1688.27726809378
0.8,1060.974205542371,1688.27726809378
0.8,1060.974205542371,1688.27726809378
0.8,1060.974205542371,1688.27726809378
0.8,1060.974205542371,1688.27726809378
0.8,1060.974205542371,1688.27726809378
0.8,1060.974205542371,1688.27726809378
0.8,1060.974205542371,1688.27726809378
0.8,1060.974205542371,1688.27726809378
0.8,1060.974205542371,1688.27726809378
0.8,1060.974205542371,1688.27726809378
0.8,1065.6904492179544,1688.27726809378
0.8,1065.6904492179544,1688.27726809378
0.8,1065.6904492179544,1688.27726809378
0.8,1065.6904492179544,1688.27726809378
0.8,1065.6904492179544,1688.27726809378
0.8,1065.6904492179544,1688.27726809378
0.8,1065.6904492179544,1688.27726809378
0.8,1065.6904492179544,1688.27726809378
0.8,1065.6904492179544,1688.27726809378
0.8,1065.6904492179544,1688.27726809378
0.8,1061.5971920585707,1688.27726809378
0.8,1061.5971920585707,1688.27726809378
0.8,1061.5971920585707,1688.27726809378
0.8,1061.5971920585707,1688.27726809378
0.8,1061.5971920585707,1688.27726809378
0.8,1061.5971920585707,1688.27726809378
0.8,1061.5971920585707,1688.27726809378
0.8,1061.5971920585707,1688.27726809378
0.8,1061.5971920585707,1688.27726809378
0.8,1061.5971920585707,1688.27726809378
0.8,6.6000000000000005,1650.0
0.8,6.6000000000000005,1650.0
0.8,6.6000000000000005,1650.0
0.8,6.6000000000000005,1650.0
0.8,6.6000000000000005,1650.0
0.8,6.6000000000000005,1650.0
0.8,6.6000000000000005,1650.0
0.8,6.6000000000000005,1650.0
0.8,6.6000000000000005,1650.0
0.8,6.6000000000000005,1650.0
0.8,6.6000000000000005,1650.0
0.8,6.6000000000000005,1650.0
0.8,6.6000000000000005,1650.0
0.8,6.6000000000000005,1650.0
0.8,6.6000000000000005,1650.0
0.8,6.6000000000000005,1650.0
0.8,6.6000000000000005,1650.0
0.8,6.6000000000000005,1650.0
0.8,6.6000000000000005,1650.0
0.8,6.6000000000000005,1650.0
0.8,6.6000000000000005,1650.0
0.8,6.6000000000000005,1650.0
0.8,6.6000000000000005,1650.0
0.8,6.6000000000000005,1650.0
0.8,6.6000000000000005,1650.0
0.8,6.6000000000000005,1650.0
0.8,6.6000000000000005,1650.0
0.8,6.6000000000000005,1650.0
0.8,6.6000000000000005,1650.0
0.8,6.6000000000000005,1650.0
0.8,6.6000000000000005,1650.0
0.8,6.6000000000000005,1650.0
0.8,6.6000000000000005,1650.0
0.8,6.6000000000000005,1650.0
0.8,6.6000000000000005,1650.0
0.8,6.6000000000000005,1650.0
0.8,6.6000000000000005,1650.0
0.8,6.6000000000000005,1650.0
0.8,6.6000000000000005,1650.0
0.8,6.6000000000000005,1650.0
0.8,6.6000000000000005,1650.0
0.8,6.6000000000000005,1650.0
0.8,6.6000000000000005,1650.0
0.8,6.6000000000000005,1650.0
0.8,6.6000000000000005,1650.0
0.8,6.6000000000000005,1650.0
0.8,6.6000000000000005,1650.0
0.8,6.6000000000000005,1650.0
0.8,6.6000000000000005,1650.0
0.8,6.6000000000000005,1650.0
0.8,6.6000000000000005,1650.0
0.8,6.6000000000000005,1650.0
0.8,6.6000000000000005,1650.0
0.8,6.6000000000000005,1650.0
0.8,6.6000000000000005,1650.0
0.8,6.6000000000000005,1650.0
0.8,6.6000000000000005,1650.0
0.8,6.6000000000000005,1650.0
0.8,6.6000000000000005,1650.0
0.8,6.6000000000000005,1650.0
0.8,6.6000000000000005,1650.0
0.8,6.6000000000000005,1650.0
0.8,6.6000000000000005,1650.0
0.8,6.6000000000000005,1650.0
0.8,6.6000000000000005,1650.0
0.8,6.6000000000000005,1650.0
0.8,6.6000000000000005,1650.0
0.8,6.6000000000000005,1650.0
0.8,6.6000000000000005,1650.0
0.8,6.6000000000000005,1650.0
0.8,6.6000000000000005,1650.0
0.8,6.6000000000000005,1650.0
0.8,6.6000000000000005,1650.0
0.8,6.6000000000000005,1650.0
0.8,6.6000000000000005,1650.0
0.8,6.6000000000000005,1650.0
0.8,6.6000000000000005,1650.0
0.8,6.6000000000000005,1650.0
0.8,6.6000000000000005,1650.0
0.8,6.6000000000000005,1650.0
0.8,6.6000000000000005,1650.0
0.8,6.6000000000000005,1650.0
0.8,6.6000000000000005,1650.0
0.8,6.6000000000000005,1650.0
0.8,6.6000000000000005,1650.0
0.8,6.6000000000000005,1650.0
0.8,6.6000000000000005,1650.0
0.8,6.6000000000000005,1650.0
0.8,6.6000000000000005,1650.0
0.8,6.6000000000000005,1650.0
0.8,6.6000000000000005,1650.0
0.8,6.6000000000000005,1650.0
0.8,6.6000000000000005,1650.0
0.8,6.6000000000000005,1650.0
0.8,6.6000000000000005,1650.0
0.8,7.062,1650.0
0.8,6.969600000000001,1650.0
0.8,6.8772,1650.0
0.8,6.831,1650.0
0.8,6.784800000000001,1650.0
0.8,6.738600000000001,1650.0
0.8,6.6462,1650.0
0.8,7.062,1650.0
0.8,6.969600000000001,1650.0
0.8,6.8772,1650.0
0.8,6.831,1650.0
0.8,6.784800000000001,1650.0
0.8,6.738600000000001,1650.0
0.8,6.6462,1650.0
0.8,7.062,1650.0
0.8,6.969600000000001,1650.0
0.8,6.8772,1650.0
0.8,6.831,1650.0
0.8,6.784800000000001,1650.0
0.8,6.738600000000001,1650.0
0.8,6.6462,1650.0
0.8,7.062,1650.0
0.8,6.969600000000001,1650.0
0.8,6.8772,1650.0
0.8,6.831,1650.0
0.8,6.784800000000001,1650.0
0.8,6.738600000000001,1650.0
0.8,6.6462,1650.0
0.8,7.062,1650.0
0.8,6.969600000000001,1650.0
0.8,6.8772,1650.0
0.8,6.831,1650.0
0.8,6.784800000000001,1650.0
0.8,6.738600000000001,1650.0
0.8,6.6462,1650.0
0.8,7.062,1650.0
0.8,6.969600000000001,1650.0
0.8,6.8772,1650.0
0.8,6.831,1650.0
0.8,6.784800000000001,1650.0
0.8,6.738600000000001,1650.0
0.8,6.6462,1650.0
0.8,7.062,1650.0
0.8,6.969600000000001,1650.0
0.8,6.8772,1650.0
0.8,6.831,1650.0
0.8,6.784800000000001,1650.0
0.8,6.738600000000001,1650.0
0.8,6.6462,1650.0
0.8,7.062,1650.0
0.8,6.969600000000001,1650.0
0.8,6.8772,1650.0
0.8,6.831,1650.0
0.8,6.784800000000001,1650.0
0.8,6.738600000000001,1650.0
0.8,6.6462,1650.0
0.8,6.6000000000000005,1650.0
0.8,6.6000000000000005,1650.0
0.8,6.6000000000000005,1650.0
0.8,6.6000000000000005,1650.0
0.8,6.6000000000000005,1650.0
0.8,6.6000000000000005,1650.0
0.8,6.6000000000000005,1650.0
0.8,6.6000000000000005,1650.0
0.8,6.6000000000000005,1650.0
0.8,6.6000000000000005,1650.0
0.8,6.6000000000000005,1650.0
0.8,6.6000000000000005,1650.0
0.8,6.6000000000000005,1650.0
0.8,6.6000000000000005,1650.0
0.8,6.6000000000000005,1650.0
0.8,6.6000000000000005,1650.0
0.8,6.6000000000000005,1650.0
0.8,6.6000000000000005,1650.0
0.8,6.6000000000000005,1650.0
0.8,6.6000000000000005,1650.0
0.8,6.6000000000000005,1650.0
0.8,6.6000000000000005,1650.0
0.8,6.6000000000000005,1650.0
0.8,6.6000000000000005,1650.0
0.8,6.6000000000000005,1650.0
0.8,6.6000000000000005,1650.0
0.8,6.6000000000000005,1650.0
0.8,6.6000000000000005,1650.0
0.8,6.6000000000000005,1650.0
0.8,6.6000000000000005,1650.0
0.8,6.6000000000000005,1650.0
0.8,6.6000000000000005,1650.0
0.8,6.6000000000000005,1650.0
0.8,6.6000000000000005,1650.0
0.8,6.6000000000000005,1650.0
0.8,6.6000000000000005,1650.0
0.8,6.6000000000000005,1650.0
0.8,6.6000000000000005,1650.0
0.8,6.6000000000000005,1650.0
0.8,6.6000000000000005,1650.0
0.8,6.6000000000000005,1650.0
0.8,6.6000000000000005,1650.0
0.8,6.6000000000000005,1650.0
0.8,6.6000000000000005,1650.0
0.8,6.6000000000000005,1650.0
0.8,6.6000000000000005,1650.0
0.8,6.6000000000000005,1650.0
0.8,6.6000000000000005,1650.0
0.8,6.6000000000000005,1650.0
0.8,6.6000000000000005,1650.0
0.8,6.6000000000000005,1650.0
0.8,6.6000000000000005,1650.0
0.8,6.6000000000000005,1650.0
0.8,6.6000000000000005,1650.0
0.8,6.6000000000000005,1650.0
0.8,6.6000000000000005,1650.0
0.8,6.6000000000000005,1650.0
0.8,6.68,1670.0
0.8,122.464,1720.0
0.8,242.72,1640.0
0.8,464.28000000000003,1590.0
0.8,95.49440000000001,1720.0
0.8,199.056,1740.0
0.8,397.896,1770.0
0.8,5.680000000000001,1420.0
0.8,105.37600000000002,1480.0
0.8,217.55999999999997,1470.0
0.8,405.88,1390.0
0.8,86.61120000000003,1560.0
0.8,175.03200000000004,1530.0
0.8,337.20000000000005,1500.0
0.8,5.16,1290.0
0.8,312.47200000000004,1390.0
0.8,5.640000000000001,1410.0
0.8,57.367200000000004,1353.0
0.8,5.6000000000000005,1400.0
0.8,108.27199999999999,1340.0
0.8,4.880000000000001,1220.0
0.8,73.91999999999999,1200.0
0.8,5.628,1407.0
0.8,57.07040000000001,1346.0
0.8,106.25200000000001,1315.0
0.8,6.892,1723.0
0.8,70.8928,1672.0
0.8,133.4816,1652.0
0.8,5.16,1290.0
0.8,5.412000000000001,1353.0
0.8,5.6240000000000006,1406.0
0.8,51.299200000000006,1564.0
0.8,94.74080000000001,1538.0
0.8,135.96159999999998,1504.0
0.8,175.4624,1472.0
0.8,212.824,1438.0
0.8,54.2464,2080.0
0.8,100.1728,2080.0
0.8,103.17440000000002,1960.0
0.8,79.96800000000002,1960.0
0.8,99.48960000000002,1890.0
0.8,77.11200000000001,1890.0
0.8,67.32000000000001,1650.0
0.8,55.17600000000001,1650.0
0.8,69.55520000000001,2080.0
0.8,100.1728,2080.0
0.8,73.56800000000001,2200.0
0.8,86.49600000000002,2120.0
0.8,102.09920000000001,2120.0
0.8,82.8352,1720.0
0.8,70.176,1720.0
0.8,92.46719999999999,1920.0
0.8,101.06880000000001,1920.0
0.8,136.496,1900.0
0.8,77.52,1900.0
0.8,96.33120000000001,1830.0
0.8,100.4304,1830.0
0.8,173.12,2000.0
0.8,105.28000000000002,2000.0
0.8,96.32000000000001,2000.0
0.8,96.32000000000001,2000.0
0.8,98.8176,1730.0
0.8,83.3168,1730.0
0.8,66.88000000000001,2000.0
0.8,96.32000000000001,2000.0
0.8,84.28000000000002,1750.0
0.8,92.12,1750.0
0.8,86.84,1670.0
0.8,102.87200000000001,1670.0
0.8,80.4272,1670.0
0.8,80.784,1980.0
0.8,95.3568,1980.0
0.8,102.0768,1860.0
0.8,75.888,1860.0
0.8,105.91839999999999,1930.0
0.8,110.2416,1930.0
0.8,82.824,1450.0
0.8,76.328,1450.0
0.8,81.528,2150.0
0.8,113.176,2150.0
0.8,110.4,1840.0
0.8,132.18560000000002,1840.0
0.8,105.80639999999998,2009.9999999999998
0.8,85.22399999999999,2009.9999999999998
0.8,84.75040000000001,1610.0
0.8,77.5376,1610.0
0.8,77.5376,1610.0
0.8,103.47999999999999,1990.0
0.8,95.83840000000001,1990.0
0.8,117.03999999999999,1900.0
0.8,100.01600000000002,1900.0
0.8,80.376,1970.0
0.8,94.8752,1970.0
0.8,81.3904,1690.0
0.8,159.5088,2090.0
0.8,100.6544,2090.0
0.8,71.656,1690.0
0.8,93.6992,1780.0
0.8,59.5232,1780.0
0.8,141.5248,1970.0
0.8,83.52799999999999,1970.0
0.8,139.6656,1830.0
0.8,96.33120000000001,1830.0
0.8,79.15200000000002,1940.0
0.8,93.4304,1940.0
0.8,110.24,2120.0
0.8,102.09920000000001,2120.0
0.8,138.9024,1820.0
0.8,87.65120000000002,1820.0
0.8,64.288,1960.0
0.8,94.3936,1960.0
0.8,105.36959999999999,1920.0
0.8,78.33600000000001,1920.0
0.8,63.96000000000001,1950.0
0.8,140.08800000000002,1950.0
0.8,104.104,1690.0
0.8,88.9616,1690.0
0.8,111.496,1810.0
0.8,121.92160000000001,1810.0
0.8,88.4,1700.0
0.8,81.872,1700.0
0.8,121.2848,2210.0
0.8,73.90240000000001,2210.0
0.8,86.85600000000001,1650.0
0.8,85.8,1650.0
0.8,79.464,1650.0
0.8,101.13600000000001,2100.0
0.8,109.20000000000002,2100.0
0.8,107.38560000000003,2040.0
0.8,83.232,2040.0
0.8,91.0224,1890.0
0.8,117.03999999999999,1900.0
0.8,91.504,1900.0
0.8,103.54400000000001,2150.0
0.8,99.84,1920.0
0.8,92.46719999999999,1920.0
0.8,145.008,1900.0
0.8,127.98400000000001,1900.0
0.8,77.38080000000002,1470.0
0.8,118.88799999999999,1930.0
0.8,92.9488,1930.0
0.8,77.168,1820.0
0.8,87.65120000000002,1820.0
0.8,93.6992,1780.0
0.8,89.5776,1860.0
0.8,151.11360000000002,1980.0
0.8,95.3568,1980.0
0.8,94.8752,1970.0
0.8,101.06880000000001,1920.0
0.8,93.6992,1780.0
0.8,72.08,1700.0
0.8,81.872,1700.0
0.8,74.88,1440.0
0.8,69.35040000000001,1440.0
0.8,89.5776,1860.0
0.8,133.3728,1980.0
0.8,84.76160000000002,1760.0
0.8,96.80159999999998,2009.9999999999998
0.8,94.22560000000001,1790.0
0.8,84.76160000000002,1760.0
0.8,95.8048,1820.0
0.8,138.9024,1820.0
0.8,103.95840000000001,1820.0
0.8,95.8048,1820.0
0.8,109.2,1820.0
0.8,138.9024,1820.0
0.8,73.20320000000001,1520.0
0.8,109.19680000000002,1520.0
0.8,110.81280000000001,1940.0
0.8,103.54400000000001,2150.0
0.8,96.80159999999998,2009.9999999999998
0.8,73.20320000000001,1520.0
0.8,74.64800000000001,1550.0
0.8,90.05920000000002,1870.0
0.8,101.13600000000001,2100.0
0.8,98.56,1600.0
0.8,91.392,1600.0
0.8,93.632,1520.0
0.8,84.224,1600.0
0.8,84.224,1600.0
0.8,83.6976,1590.0
0.8,76.5744,1590.0
0.8,86.2512,1510.0
0.8,6.88,1720.0
0.8,40.136,1730.0
0.8,74.2,1750.0
0.8,7.088,1772.0
0.8,34.42880000000001,1537.0
0.8,34.42880000000001,1537.0
0.8,34.42880000000001,1537.0
0.8,34.42880000000001,1537.0
0.8,34.42880000000001,1537.0
0.8,34.42880000000001,1537.0
0.8,34.42880000000001,1537.0
0.8,34.42880000000001,1537.0
0.8,34.42880000000001,1537.0
0.8,34.42880000000001,1537.0
0.8,34.42880000000001,1537.0
0.8,34.42880000000001,1537.0
0.8,34.42880000000001,1537.0
0.8,34.42880000000001,1537.0
0.8,34.42880000000001,1537.0
0.8,34.42880000000001,1537.0
0.8,34.42880000000001,1537.0
0.8,34.42880000000001,1537.0
0.8,34.42880000000001,1537.0
0.8,34.42880000000001,1537.0
0.8,34.42880000000001,1537.0
0.8,34.42880000000001,1537.0
0.8,34.42880000000001,1537.0
0.8,34.42880000000001,1537.0
0.8,34.42880000000001,1537.0
0.8,34.42880000000001,1537.0
0.8,34.42880000000001,1537.0
0.8,34.42880000000001,1537.0
0.8,34.42880000000001,1537.0
0.8,34.42880000000001,1537.0
0.8,34.42880000000001,1537.0
0.8,34.42880000000001,1537.0
0.8,34.42880000000001,1537.0
0.8,34.42880000000001,1537.0
0.8,34.42880000000001,1537.0
0.8,34.42880000000001,1537.0
0.8,62.709600000000016,1537.0
0.8,62.709600000000016,1537.0
0.8,62.709600000000016,1537.0
0.8,62.709600000000016,1537.0
0.8,62.709600000000016,1537.0
0.8,62.709600000000016,1537.0
0.8,62.709600000000016,1537.0
0.8,62.709600000000016,1537.0
0.8,62.709600000000016,1537.0
0.8,62.709600000000016,1537.0
0.8,62.709600000000016,1537.0
0.8,62.709600000000016,1537.0
0.8,62.709600000000016,1537.0
0.8,62.709600000000016,1537.0
0.8,62.709600000000016,1537.0
0.8,62.709600000000016,1537.0
0.8,62.709600000000016,1537.0
0.8,62.709600000000016,1537.0
0.8,62.709600000000016,1537.0
0.8,62.709600000000016,1537.0
0.8,62.709600000000016,1537.0
0.8,62.709600000000016,1537.0
0.8,62.709600000000016,1537.0
0.8,62.709600000000016,1537.0
0.8,62.709600000000016,1537.0
0.8,62.709600000000016,1537.0
0.8,62.709600000000016,1537.0
0.8,62.709600000000016,1537.0
0.8,62.709600000000016,1537.0
0.8,62.709600000000016,1537.0
0.8,62.709600000000016,1537.0
0.8,62.709600000000016,1537.0
0.8,62.709600000000016,1537.0
0.8,62.709600000000016,1537.0
0.8,62.709600000000016,1537.0
0.8,62.709600000000016,1537.0
0.8,90.9904,1537.0
0.8,90.9904,1537.0
0.8,90.9904,1537.0
0.8,90.9904,1537.0
0.8,90.9904,1537.0
0.8,90.9904,1537.0
0.8,90.9904,1537.0
0.8,90.9904,1537.0
0.8,90.9904,1537.0
0.8,90.9904,1537.0
0.8,90.9904,1537.0
0.8,90.9904,1537.0
0.8,90.9904,1537.0
0.8,90.9904,1537.0
0.8,90.9904,1537.0
0.8,90.9904,1537.0
0.8,90.9904,1537.0
0.8,90.9904,1537.0
0.8,90.9904,1537.0
0.8,90.9904,1537.0
0.8,90.9904,1537.0
0.8,90.9904,1537.0
0.8,90.9904,1537.0
0.8,90.9904,1537.0
0.8,90.9904,1537.0
0.8,90.9904,1537.0
0.8,90.9904,1537.0
0.8,90.9904,1537.0
0.8,90.9904,1537.0
0.8,90.9904,1537.0
0.8,90.9904,1537.0
0.8,90.9904,1537.0
0.8,90.9904,1537.0
0.8,90.9904,1537.0
0.8,90.9904,1537.0
0.8,90.9904,1537.0
0.8,119.27120000000002,1537.0
0.8,119.27120000000002,1537.0
0.8,119.27120000000002,1537.0
0.8,119.27120000000002,1537.0
0.8,119.27120000000002,1537.0
0.8,119.27120000000002,1537.0
0.8,119.27120000000002,1537.0
0.8,119.27120000000002,1537.0
0.8,119.27120000000002,1537.0
0.8,119.27120000000002,1537.0
0.8,119.27120000000002,1537.0
0.8,119.27120000000002,1537.0
0.8,119.27120000000002,1537.0
0.8,119.27120000000002,1537.0
0.8,119.27120000000002,1537.0
0.8,119.27120000000002,1537.0
0.8,119.27120000000002,1537.0
0.8,119.27120000000002,1537.0
0.8,119.27120000000002,1537.0
0.8,119.27120000000002,1537.0
0.8,119.27120000000002,1537.0
0.8,119.27120000000002,1537.0
0.8,119.27120000000002,1537.0
0.8,119.27120000000002,1537.0
0.8,119.27120000000002,1537.0
0.8,119.27120000000002,1537.0
0.8,119.27120000000002,1537.0
0.8,119.27120000000002,1537.0
0.8,119.27120000000002,1537.0
0.8,119.27120000000002,1537.0
0.8,119.27120000000002,1537.0
0.8,119.27120000000002,1537.0
0.8,119.27120000000002,1537.0
0.8,119.27120000000002,1537.0
0.8,119.27120000000002,1537.0
0.8,119.27120000000002,1537.0
0.8,6.148000000000001,1537.0
0.8,6.148000000000001,1537.0
0.8,6.148000000000001,1537.0
0.8,6.148000000000001,1537.0
0.8,6.148000000000001,1537.0
0.8,6.148000000000001,1537.0
0.8,6.148000000000001,1537.0
0.8,6.148000000000001,1537.0
0.8,6.148000000000001,1537.0
0.8,6.148000000000001,1537.0
0.8,6.148000000000001,1537.0
0.8,6.148000000000001,1537.0
0.8,6.148000000000001,1537.0
0.8,6.148000000000001,1537.0
0.8,34.42880000000001,1537.0
0.8,34.42880000000001,1537.0
0.8,34.42880000000001,1537.0
0.8,34.42880000000001,1537.0
0.8,34.42880000000001,1537.0
0.8,62.709600000000016,1537.0
0.8,62.709600000000016,1537.0
0.8,62.709600000000016,1537.0
0.8,62.709600000000016,1537.0
0.8,62.709600000000016,1537.0
0.8,62.709600000000016,1537.0
0.8,90.9904,1537.0
0.8,90.9904,1537.0
0.8,90.9904,1537.0
0.8,90.9904,1537.0
0.8,90.9904,1537.0
0.8,90.9904,1537.0
0.8,90.9904,1537.0
0.8,90.9904,1537.0
0.8,119.27120000000002,1537.0
0.8,119.27120000000002,1537.0
0.8,119.27120000000002,1537.0
0.8,119.27120000000002,1537.0
0.8,119.27120000000002,1537.0
0.8,119.27120000000002,1537.0
0.8,119.27120000000002,1537.0
0.8,119.27120000000002,1537.0
0.8,46.55145600000001,1790.0
0.8,46.55145600000001,1790.0
0.8,46.55145600000001,1790.0
0.8,46.41971200000001,1790.0
0.8,46.41971200000001,1790.0
0.8,46.41971200000001,1790.0
0.8,46.41971200000001,1790.0
0.8,46.68320000000001,1790.0
0.8,46.55145600000001,1790.0
0.8,46.55145600000001,1790.0
0.8,46.68320000000001,1790.0
0.8,46.68320000000001,1790.0
0.8,46.41971200000001,1790.0
0.8,46.55145600000001,1790.0
0.8,51.638400000000004,1980.0
0.8,51.638400000000004,1980.0
0.8,51.638400000000004,1980.0
0.8,51.49267200000001,1980.0
0.8,51.49267200000001,1980.0
0.8,51.49267200000001,1980.0
0.8,51.49267200000001,1980.0
0.8,51.346944,1980.0
0.8,51.20121600000001,1980.0
0.8,51.49267200000001,1980.0
0.8,51.49267200000001,1980.0
0.8,51.346944,1980.0
0.8,51.346944,1980.0
0.8,51.346944,1980.0
0.8,51.49267200000001,1980.0
0.8,50.491392000000005,1680.0
0.8,56.93068800000001,1710.0
0.8,38.517248,1760.0
0.8,32.760000000000005,1750.0
0.8,41.153088000000004,1740.0
0.8,52.65769600000001,1690.0
0.8,46.7992,1750.0
0.8,48.464960000000005,1700.0
0.8,43.590464000000004,1730.0
0.8,34.73024,1720.0
0.8,55.76428800000001,1860.0
0.8,62.784288000000004,1890.0
0.8,42.67536000000001,1950.0
0.8,35.98755200000001,1930.0
0.8,45.268992000000004,1920.0
0.8,58.816736000000006,1870.0
0.8,51.880256,1940.0
0.8,53.45817600000001,1880.0
0.8,48.266464000000006,1910.0
0.8,38.64448,1900.0
0.8,7.760000000000002,1940.0
0.8,7.760000000000002,1940.0
0.8,7.760000000000002,1940.0
0.8,7.760000000000002,1940.0
0.8,7.760000000000002,1940.0
0.8,7.760000000000002,1940.0
0.8,7.760000000000002,1940.0
0.8,7.760000000000002,1940.0
0.8,7.760000000000002,1940.0
0.8,7.760000000000002,1940.0
0.8,7.1320000000000014,1783.0
0.8,7.1320000000000014,1783.0
0.8,7.1320000000000014,1783.0
0.8,7.1320000000000014,1783.0
0.8,6.872,1718.0
0.8,6.872,1718.0
0.8,6.872,1718.0
0.8,6.872,1718.0
0.8,6.792000000000001,1698.0
0.8,6.792000000000001,1698.0
0.8,6.792000000000001,1698.0
0.8,6.792000000000001,1698.0
0.8,6.56,1640.0
0.8,6.56,1640.0
0.8,6.56,1640.0
0.8,6.56,1640.0
0.8,6.344000000000001,1586.0
0.8,6.344000000000001,1586.0
0.8,6.344000000000001,1586.0
0.8,6.344000000000001,1586.0
0.8,6.452,1613.0
0.8,6.452,1613.0
0.8,6.452,1613.0
0.8,6.452,1613.0
0.8,6.280000000000001,1570.0
0.8,6.280000000000001,1570.0
0.8,6.280000000000001,1570.0
0.8,6.280000000000001,1570.0
0.8,6.280000000000001,1570.0
0.8,6.280000000000001,1570.0
0.8,6.280000000000001,1570.0
0.8,6.280000000000001,1570.0
0.8,6.280000000000001,1570.0
0.8,6.280000000000001,1570.0
0.8,6.280000000000001,1570.0
0.8,6.280000000000001,1570.0
0.8,6.280000000000001,1570.0
0.8,6.280000000000001,1570.0
0.8,6.280000000000001,1570.0
0.8,6.280000000000001,1570.0
0.8,6.280000000000001,1570.0
0.8,6.280000000000001,1570.0
0.8,6.280000000000001,1570.0
0.8,6.280000000000001,1570.0
0.8,6.280000000000001,1570.0
0.8,6.280000000000001,1570.0
0.8,6.280000000000001,1570.0
0.8,6.280000000000001,1570.0
0.8,6.280000000000001,1570.0
0.8,6.280000000000001,1570.0
0.8,6.280000000000001,1570.0
0.8,6.280000000000001,1570.0
0.8,6.920000000000001,1730.0
0.8,6.920000000000001,1730.0
0.8,6.920000000000001,1730.0
0.8,6.920000000000001,1730.0
0.8,6.920000000000001,1730.0
0.8,6.920000000000001,1730.0
0.8,6.920000000000001,1730.0
0.8,6.920000000000001,1730.0
0.8,6.920000000000001,1730.0
0.8,6.920000000000001,1730.0
0.8,6.920000000000001,1730.0
0.8,6.920000000000001,1730.0
0.8,6.920000000000001,1730.0
0.8,6.6000000000000005,1650.0
0.8,6.6000000000000005,1650.0
0.8,6.6000000000000005,1650.0
0.8,6.6000000000000005,1650.0
0.8,6.6000000000000005,1650.0
0.8,6.6000000000000005,1650.0
0.8,6.6000000000000005,1650.0
0.8,6.6000000000000005,1650.0
0.8,5.880000000000001,1470.0
0.8,5.880000000000001,1470.0
0.8,6.280000000000001,1570.0
0.8,6.280000000000001,1570.0
0.8,6.36,1590.0
0.8,6.36,1590.0
0.8,6.5200000000000005,1630.0
0.8,6.5200000000000005,1630.0
0.8,6.36,1590.0
0.8,6.36,1590.0
0.8,6.36,1590.0
0.8,6.6000000000000005,1650.0
0.8,6.6000000000000005,1650.0
0.8,6.6000000000000005,1650.0
0.8,6.56,1640.0
0.8,6.56,1640.0
0.8,6.56,1640.0
0.8,6.48,1620.0
0.8,6.48,1620.0
0.8,6.48,1620.0
0.8,6.440000000000001,1610.0
0.8,6.440000000000001,1610.0
0.8,6.440000000000001,1610.0
0.8,7.120000000000001,1780.0
0.8,7.120000000000001,1780.0
0.8,7.120000000000001,1780.0
0.8,7.120000000000001,1780.0
0.8,7.120000000000001,1780.0
0.8,7.120000000000001,1780.0
0.8,7.120000000000001,1780.0
0.8,7.120000000000001,1780.0
0.8,7.120000000000001,1780.0
0.8,7.120000000000001,1780.0
0.8,7.120000000000001,1780.0
0.8,7.120000000000001,1780.0
0.8,7.120000000000001,1780.0
0.8,7.120000000000001,1780.0
0.8,6.32,1580.0
0.8,5.968,1492.0
0.8,5.640000000000001,1410.0
0.8,5.640000000000001,1410.0
0.8,5.640000000000001,1410.0
0.8,5.5600000000000005,1390.0
0.8,5.5600000000000005,1390.0
0.8,5.5600000000000005,1390.0
0.8,5.36,1340.0
0.8,5.36,1340.0
0.8,5.36,1340.0
0.8,8.04,2009.9999999999998
0.8,8.04,2009.9999999999998
0.8,8.04,2009.9999999999998
0.8,8.04,2009.9999999999998
0.8,8.04,2009.9999999999998
0.8,8.04,2009.9999999999998
0.8,8.04,2009.9999999999998
0.8,7.32,1830.0
0.8,7.32,1830.0
0.8,7.32,1830.0
0.8,7.32,1830.0
0.8,7.32,1830.0
0.8,7.32,1830.0
0.8,7.32,1830.0
0.8,7.32,1830.0
0.8,7.32,1830.0
0.8,7.08,1770.0
0.8,7.08,1770.0
0.8,7.08,1770.0
0.8,7.08,1770.0
0.8,7.08,1770.0
0.8,7.08,1770.0
0.8,7.08,1770.0
0.8,7.08,1770.0
0.8,7.08,1770.0
0.8,7.08,1770.0
0.8,7.08,1770.0
0.8,7.08,1770.0
0.8,7.160000000000001,1790.0
0.8,7.160000000000001,1790.0
0.8,7.160000000000001,1790.0
0.8,7.4,1850.0
0.8,7.4,1850.0
0.8,7.4,1850.0
0.8,7.08,1770.0
0.8,7.08,1770.0
0.8,7.08,1770.0
0.8,7.2,1800.0
0.8,7.2,1800.0
0.8,7.2,1800.0
0.8,7.4,1850.0
0.8,7.4,1850.0
0.8,7.4,1850.0
0.8,7.08,1770.0
0.8,7.08,1770.0
0.8,7.08,1770.0
0.8,7.2,1800.0
0.8,7.2,1800.0
0.8,7.2,1800.0
0.8,7.5200000000000005,1880.0
0.8,7.5200000000000005,1880.0
0.8,7.5200000000000005,1880.0
0.8,4.69068,1172.67
0.8,4.69068,1172.67
0.8,4.69068,1172.67
0.8,4.69068,1172.67
0.8,4.69068,1172.67
0.8,4.69068,1172.67
0.8,4.69068,1172.67
0.8,4.69068,1172.67
0.8,4.69068,1172.67
0.8,4.69068,1172.67
0.8,4.69068,1172.67
0.8,4.69068,1172.67
0.8,4.69068,1172.67
0.8,4.69068,1172.67
0.8,4.69068,1172.67
0.8,4.69068,1172.67
0.8,4.69068,1172.67
0.8,4.69068,1172.67
0.8,4.69068,1172.67
0.8,4.69068,1172.67
0.8,4.69068,1172.67
0.8,4.69068,1172.67
0.8,4.69068,1172.67
0.8,4.69068,1172.67
0.8,4.69068,1172.67
0.8,4.69068,1172.67
0.8,4.69068,1172.67
0.8,4.69068,1172.67
0.8,4.69068,1172.67
0.8,4.69068,1172.67
0.8,4.69068,1172.67
0.8,4.69068,1172.67
0.8,4.69068,1172.67
0.8,4.69068,1172.67
0.8,4.69068,1172.67
0.8,4.69068,1172.67
0.8,4.69068,1172.67
0.8,4.69068,1172.67
0.8,4.69068,1172.67
0.8,4.69068,1172.67
0.8,4.69068,1172.67
0.8,4.69068,1172.67
0.8,4.69068,1172.67
0.8,4.69068,1172.67
0.8,4.69068,1172.67
0.8,4.69068,1172.67
0.8,4.69068,1172.67
0.8,4.69068,1172.67
0.8,4.69068,1172.67
0.8,4.69068,1172.67
0.8,4.69068,1172.67
0.8,4.69068,1172.67
0.8,4.69068,1172.67
0.8,4.69068,1172.67
0.8,4.69068,1172.67
0.8,4.69068,1172.67
0.8,4.69068,1172.67
0.8,4.69068,1172.67
0.8,4.69068,1172.67
0.8,4.69068,1172.67
0.8,6.04,1510.0
0.8,6.04,1510.0
0.8,6.04,1510.0
0.8,6.04,1510.0
0.8,6.0,1500.0
0.8,6.0,1500.0
0.8,6.0,1500.0
0.8,6.0,1500.0
0.8,5.920000000000001,1480.0
0.8,5.920000000000001,1480.0
0.8,5.920000000000001,1480.0
0.8,5.920000000000001,1480.0
0.8,5.800000000000001,1450.0
0.8,5.800000000000001,1450.0
0.8,5.800000000000001,1450.0
0.8,5.800000000000001,1450.0
0.8,5.720000000000001,1430.0
0.8,5.720000000000001,1430.0
0.8,5.720000000000001,1430.0
0.8,5.720000000000001,1430.0
0.8,5.5200000000000005,1380.0
0.8,5.5200000000000005,1380.0
0.8,5.5200000000000005,1380.0
0.8,5.5200000000000005,1380.0
0.8,6.6000000000000005,1650.0
0.8,6.72144,1650.0
0.8,6.842880000000001,1650.0
0.8,6.964320000000001,1650.0
0.8,7.0857600000000005,1650.0
0.8,6.6000000000000005,1650.0
0.8,6.72144,1650.0
0.8,6.842880000000001,1650.0
0.8,6.964320000000001,1650.0
0.8,7.0857600000000005,1650.0
0.8,6.6000000000000005,1650.0
0.8,6.72144,1650.0
0.8,6.842880000000001,1650.0
0.8,6.964320000000001,1650.0
0.8,7.0857600000000005,1650.0
0.8,6.6000000000000005,1650.0
0.8,6.72144,1650.0
0.8,6.842880000000001,1650.0
0.8,6.964320000000001,1650.0
0.8,7.0857600000000005,1650.0
0.8,6.72144,1650.0
0.8,6.842880000000001,1650.0
0.8,6.964320000000001,1650.0
0.8,7.0857600000000005,1650.0
0.8,6.72144,1650.0
0.8,6.842880000000001,1650.0
0.8,6.964320000000001,1650.0
0.8,7.0857600000000005,1650.0
0.8,6.72144,1650.0
0.8,6.842880000000001,1650.0
0.8,6.964320000000001,1650.0
0.8,7.0857600000000005,1650.0
0.8,6.72144,1650.0
0.8,6.842880000000001,1650.0
0.8,6.964320000000001,1650.0
0.8,7.0857600000000005,1650.0
0.8,6.6000000000000005,1650.0
0.8,6.72144,1650.0
0.8,6.842880000000001,1650.0
0.8,6.964320000000001,1650.0
0.8,7.0857600000000005,1650.0
0.8,6.6000000000000005,1650.0
0.8,6.72144,1650.0
0.8,6.842880000000001,1650.0
0.8,6.964320000000001,1650.0
0.8,7.0857600000000005,1650.0
0.8,6.6000000000000005,1650.0
0.8,6.72144,1650.0
0.8,6.842880000000001,1650.0
0.8,6.964320000000001,1650.0
0.8,7.0857600000000005,1650.0
0.8,6.6000000000000005,1650.0
0.8,6.72144,1650.0
0.8,6.842880000000001,1650.0
0.8,6.964320000000001,1650.0
0.8,7.0857600000000005,1650.0
0.8,6.72144,1650.0
0.8,6.842880000000001,1650.0
0.8,6.964320000000001,1650.0
0.8,7.0857600000000005,1650.0
0.8,6.72144,1650.0
0.8,6.842880000000001,1650.0
0.8,6.964320000000001,1650.0
0.8,7.0857600000000005,1650.0
0.8,6.72144,1650.0
0.8,6.842880000000001,1650.0
0.8,6.964320000000001,1650.0
0.8,7.0857600000000005,1650.0
0.8,6.72144,1650.0
0.8,6.842880000000001,1650.0
0.8,6.964320000000001,1650.0
0.8,7.0857600000000005,1650.0
0.8,6.36,1590.0
0.8,6.328,1582.0
0.8,6.304,1576.0
0.8,6.284000000000001,1571.0
0.8,6.316000000000001,1579.0
0.8,6.080000000000001,1520.0
0.8,6.0,1500.0
0.8,5.908,1477.0
0.8,5.868,1467.0
0.8,5.920000000000001,1480.0
0.8,6.6000000000000005,1650.0
0.8,12.672,1650.0
0.8,18.744000000000003,1650.0
0.8,24.816000000000003,1650.0
0.8,30.888000000000005,1650.0
0.8,36.96,1650.0
0.8,6.6000000000000005,1650.0
0.8,12.672,1650.0
0.8,18.744000000000003,1650.0
0.8,24.816000000000003,1650.0
0.8,30.888000000000005,1650.0
0.8,36.96,1650.0
0.8,6.6000000000000005,1650.0
0.8,12.672,1650.0
0.8,18.744000000000003,1650.0
0.8,24.816000000000003,1650.0
0.8,30.888000000000005,1650.0
0.8,36.96,1650.0
0.8,7.23184,1807.96
0.8,7.23184,1807.96
0.8,7.23184,1807.96
0.8,7.23184,1807.96
0.8,7.23184,1807.96
0.8,7.23184,1807.96
0.8,7.23184,1807.96
0.8,7.23184,1807.96
0.8,7.23184,1807.96
0.8,7.23184,1807.96
0.8,7.23184,1807.96
0.8,7.23184,1807.96
0.8,7.23184,1807.96
0.8,7.23184,1807.96
0.8,7.23184,1807.96
0.8,7.23184,1807.96
0.8,7.23184,1807.96
0.8,7.23184,1807.96
0.8,7.23184,1807.96
0.8,7.23184,1807.96
0.8,7.23184,1807.96
0.8,7.23184,1807.96
0.8,7.23184,1807.96
0.8,7.23184,1807.96
0.8,7.23184,1807.96
0.8,7.23184,1807.96
0.8,7.23184,1807.96
0.8,7.23184,1807.96
0.8,7.23184,1807.96
0.8,7.23184,1807.96
1.0,1432.825,1549.0
1.0,1348.5593999999999,1549.0
1.0,1264.2938,1549.0
1.0,1180.0281999999997,1549.0
1.0,1095.7625999999998,1549.0
1.0,1152.7658,1549.0
1.0,1082.7509999999997,1549.0
1.0,1012.7362,1549.0
1.0,872.7066,1549.0
1.0,1568.8000000000002,1696.0
1.0,1476.5376,1696.0
1.0,1384.2752,1696.0
1.0,1292.0128000000002,1696.0
1.0,1199.7504000000001,1696.0
1.0,1262.1632000000004,1696.0
1.0,1185.5040000000001,1696.0
1.0,1108.8447999999999,1696.0
1.0,955.5264000000001,1696.0
1.0,1432.825,1549.0
1.0,1348.5593999999999,1549.0
1.0,1264.2938,1549.0
1.0,1180.0281999999997,1549.0
1.0,1095.7625999999998,1549.0
1.0,1152.7658,1549.0
1.0,1082.7509999999997,1549.0
1.0,1012.7362,1549.0
1.0,872.7066,1549.0
1.0,1568.8000000000002,1696.0
1.0,1476.5376,1696.0
1.0,1384.2752,1696.0
1.0,1292.0128000000002,1696.0
1.0,1199.7504000000001,1696.0
1.0,1262.1632000000004,1696.0
1.0,1185.5040000000001,1696.0
1.0,1108.8447999999999,1696.0
1.0,955.5264000000001,1696.0
1.0,1432.825,1549.0
1.0,1348.5593999999999,1549.0
1.0,1264.2938,1549.0
1.0,1180.0281999999997,1549.0
1.0,1095.7625999999998,1549.0
1.0,1152.7658,1549.0
1.0,1082.7509999999997,1549.0
1.0,1012.7362,1549.0
1.0,872.7066,1549.0
1.0,1568.8000000000002,1696.0
1.0,1476.5376,1696.0
1.0,1384.2752,1696.0
1.0,1292.0128000000002,1696.0
1.0,1199.7504000000001,1696.0
1.0,1262.1632000000004,1696.0
1.0,1185.5040000000001,1696.0
1.0,1108.8447999999999,1696.0
1.0,955.5264000000001,1696.0
1.0,1432.825,1549.0
1.0,1348.5593999999999,1549.0
1.0,1264.2938,1549.0
1.0,1180.0281999999997,1549.0
1.0,1095.7625999999998,1549.0
1.0,1152.7658,1549.0
1.0,1082.7509999999997,1549.0
1.0,1012.7362,1549.0
1.0,872.7066,1549.0
1.0,1568.8000000000002,1696.0
1.0,1476.5376,1696.0
1.0,1384.2752,1696.0
1.0,1292.0128000000002,1696.0
1.0,1199.7504000000001,1696.0
1.0,1262.1632000000004,1696.0
1.0,1185.5040000000001,1696.0
1.0,1108.8447999999999,1696.0
1.0,955.5264000000001,1696.0
1.0,1432.825,1549.0
1.0,1348.5593999999999,1549.0
1.0,1264.2938,1549.0
1.0,1180.0281999999997,1549.0
1.0,1095.7625999999998,1549.0
1.0,1152.7658,1549.0
1.0,1082.7509999999997,1549.0
1.0,1012.7362,1549.0
1.0,872.7066,1549.0
1.0,1568.8000000000002,1696.0
1.0,1476.5376,1696.0
1.0,1384.2752,1696.0
1.0,1292.0128000000002,1696.0
1.0,1199.7504000000001,1696.0
1.0,1262.1632000000004,1696.0
1.0,1185.5040000000001,1696.0
1.0,1108.8447999999999,1696.0
1.0,955.5264000000001,1696.0
1.0,1553.075,1679.0
1.0,1423.47667,1680.61
1.0,1367.6935199999998,1692.69
1.0,1299.9406700000002,1690.43
1.0,1230.6997000000001,1685.89
1.0,1553.075,1679.0
1.0,1423.47667,1680.61
1.0,1367.6935199999998,1692.69
1.0,1299.9406700000002,1690.43
1.0,1230.6997000000001,1685.89
1.0,1553.075,1679.0
1.0,1423.47667,1680.61
1.0,1367.6935199999998,1692.69
1.0,1299.9406700000002,1690.43
1.0,1230.6997000000001,1685.89
1.0,1282.8029959262317,1386.81404964998
1.0,1243.7274706449223,1468.39134668822
1.0,1152.7177986366362,1498.9828330775501
1.0,1049.889615719943,1519.37715733711
1.0,937.6290578332037,1529.57431946689
1.0,812.8667791753539,1519.37715733711
1.0,1282.8029959262317,1386.81404964998
1.0,1243.7274706449223,1468.39134668822
1.0,1152.7177986366362,1498.9828330775501
1.0,1049.889615719943,1519.37715733711
1.0,937.6290578332037,1529.57431946689
1.0,812.8667791753539,1519.37715733711
1.0,1282.8029959262317,1386.81404964998
1.0,1243.7274706449223,1468.39134668822
1.0,1152.7177986366362,1498.9828330775501
1.0,1049.889615719943,1519.37715733711
1.0,937.6290578332037,1529.57431946689
1.0,812.8667791753539,1519.37715733711
1.0,1282.8029959262317,1386.81404964998
1.0,1243.7274706449223,1468.39134668822
1.0,1152.7177986366362,1498.9828330775501
1.0,1049.889615719943,1519.37715733711
1.0,937.6290578332037,1529.57431946689
1.0,812.8667791753539,1519.37715733711
1.0,1282.8029959262317,1386.81404964998
1.0,1243.7274706449223,1468.39134668822
1.0,1152.7177986366362,1498.9828330775501
1.0,1049.889615719943,1519.37715733711
1.0,937.6290578332037,1529.57431946689
1.0,812.8667791753539,1519.37715733711
1.0,243.6887755102042,1680.61224489796
1.0,1535.5690918367318,1733.14795918367
1.0,1471.9727785714267,1737.86632653061
1.0,1414.1525306122414,1750.1887755102
1.0,1360.5108765306097,1769.19489795918
1.0,1313.0428061224463,1798.6887755102
1.0,1240.538903061226,1795.2806122449
1.0,1581.8217346938793,1710.07755102041
1.0,1310.4440816326523,1802.04081632653
1.0,1311.3118367346913,1810.2040816326498
1.0,1313.6065306122478,1820.40816326531
1.0,1311.0851020408138,1827.55102040816
1.0,243.6887755102042,1680.61224489796
1.0,1535.5690918367318,1733.14795918367
1.0,1471.9727785714267,1737.86632653061
1.0,1414.1525306122414,1750.1887755102
1.0,1360.5108765306097,1769.19489795918
1.0,1313.0428061224463,1798.6887755102
1.0,1240.538903061226,1795.2806122449
1.0,1581.8217346938793,1710.07755102041
1.0,1310.4440816326523,1802.04081632653
1.0,1311.3118367346913,1810.2040816326498
1.0,1313.6065306122478,1820.40816326531
1.0,1311.0851020408138,1827.55102040816
1.0,243.6887755102042,1680.61224489796
1.0,1535.5690918367318,1733.14795918367
1.0,1471.9727785714267,1737.86632653061
1.0,1414.1525306122414,1750.1887755102
1.0,1360.5108765306097,1769.19489795918
1.0,1313.0428061224463,1798.6887755102
1.0,1240.538903061226,1795.2806122449
1.0,1581.8217346938793,1710.07755102041
1.0,1310.4440816326523,1802.04081632653
1.0,1311.3118367346913,1810.2040816326498
1.0,1313.6065306122478,1820.40816326531
1.0,1311.0851020408138,1827.55102040816
1.0,243.6887755102042,1680.61224489796
1.0,1535.5690918367318,1733.14795918367
1.0,1471.9727785714267,1737.86632653061
1.0,1414.1525306122414,1750.1887755102
1.0,1360.5108765306097,1769.19489795918
1.0,1313.0428061224463,1798.6887755102
1.0,1240.538903061226,1795.2806122449
1.0,1581.8217346938793,1710.07755102041
1.0,1310.4440816326523,1802.04081632653
1.0,1311.3118367346913,1810.2040816326498
1.0,1313.6065306122478,1820.40816326531
1.0,1311.0851020408138,1827.55102040816
1.0,1545.4370000000001,1835.0
1.0,1494.791,1835.0
1.0,1444.145,1835.0
1.0,1359.735,1835.0
1.0,1275.325,1835.0
1.0,1545.4370000000001,1835.0
1.0,1494.791,1835.0
1.0,1444.145,1835.0
1.0,1359.735,1835.0
1.0,1275.325,1835.0
1.0,1353.6399999999999,1720.0
1.0,1353.6399999999999,1720.0
1.0,1353.6399999999999,1720.0
1.0,1353.6399999999999,1720.0
1.0,1337.816,1720.0
1.0,1321.992,1720.0
1.0,1306.168,1720.0
1.0,1290.344,1720.0
1.0,1274.52,1720.0
1.0,1353.6399999999999,1720.0
1.0,1353.6399999999999,1720.0
1.0,1353.6399999999999,1720.0
1.0,1353.6399999999999,1720.0
1.0,1337.816,1720.0
1.0,1321.992,1720.0
1.0,1306.168,1720.0
1.0,1290.344,1720.0
1.0,1274.52,1720.0
1.0,1353.6399999999999,1720.0
1.0,1353.6399999999999,1720.0
1.0,1353.6399999999999,1720.0
1.0,1353.6399999999999,1720.0
1.0,1337.816,1720.0
1.0,1321.992,1720.0
1.0,1306.168,1720.0
1.0,1290.344,1720.0
1.0,1274.52,1720.0
1.0,757.5500000000001,1090.0
1.0,765.1800000000001,1090.0
1.0,772.8100000000001,1090.0
1.0,780.44,1090.0
1.0,788.07,1090.0
1.0,757.5500000000001,1090.0
1.0,758.6400000000001,1090.0
1.0,759.73,1090.0
1.0,760.82,1090.0
1.0,761.9100000000001,1090.0
1.0,757.5500000000001,1090.0
1.0,765.1800000000001,1090.0
1.0,772.8100000000001,1090.0
1.0,780.44,1090.0
1.0,788.07,1090.0
1.0,757.5500000000001,1090.0
1.0,758.6400000000001,1090.0
1.0,759.73,1090.0
1.0,760.82,1090.0
1.0,761.9100000000001,1090.0
1.0,757.5500000000001,1090.0
1.0,765.1800000000001,1090.0
1.0,772.8100000000001,1090.0
1.0,780.44,1090.0
1.0,788.07,1090.0
1.0,757.5500000000001,1090.0
1.0,758.6400000000001,1090.0
1.0,759.73,1090.0
1.0,760.82,1090.0
1.0,761.9100000000001,1090.0
1.0,757.5500000000001,1090.0
1.0,765.1800000000001,1090.0
1.0,772.8100000000001,1090.0
1.0,780.44,1090.0
1.0,788.07,1090.0
1.0,757.5500000000001,1090.0
1.0,765.1800000000001,1090.0
1.0,772.8100000000001,1090.0
1.0,780.44,1090.0
1.0,788.07,1090.0
1.0,757.5500000000001,1090.0
1.0,765.1800000000001,1090.0
1.0,772.8100000000001,1090.0
1.0,780.44,1090.0
1.0,788.07,1090.0
1.0,742.2030000000001,891.0
1.0,701.2170000000001,891.0
1.0,685.6066800000001,891.0
1.0,660.3022800000001,891.0
1.0,752.1822000000001,891.0
1.0,701.2170000000001,891.0
1.0,681.1160400000001,891.0
1.0,654.8137200000001,891.0
1.0,749.6874000000001,891.0
1.0,716.1858000000001,891.0
1.0,676.6254000000001,891.0
1.0,649.3251600000001,891.0
1.0,747.1926000000001,891.0
1.0,712.4436000000001,891.0
1.0,694.5879600000002,891.0
1.0,643.8366000000001,891.0
1.0,744.6978000000001,891.0
1.0,708.7014000000001,891.0
1.0,690.0973200000001,891.0
1.0,665.7908400000001,891.0
1.0,1321.4118,1569.0
1.0,1306.9770000000003,1569.0
1.0,1292.5422,1569.0
1.0,1278.1074,1569.0
1.0,1263.6726,1569.0
1.0,1292.5422,1569.0
1.0,1264.3002000000001,1569.0
1.0,1250.1792,1569.0
1.0,1236.0582,1569.0
1.0,1292.5422,1569.0
1.0,1264.3002000000001,1569.0
1.0,1250.1792,1569.0
1.0,1236.0582,1569.0
1.0,1292.5422,1569.0
1.0,1264.3002000000001,1569.0
1.0,1250.1792,1569.0
1.0,1236.0582,1569.0
1.0,1292.5422,1569.0
1.0,1264.3002000000001,1569.0
1.0,1250.1792,1569.0
1.0,1236.0582,1569.0
1.0,1292.5422,1569.0
1.0,1264.3002000000001,1569.0
1.0,1250.1792,1569.0
1.0,1236.0582,1569.0
1.0,1292.5422,1569.0
1.0,1264.3002000000001,1569.0
1.0,1250.1792,1569.0
1.0,1236.0582,1569.0
1.0,1429.098,1770.0
1.0,1237.2299999999998,1770.0
1.0,1045.3619999999999,1770.0
1.0,1077.9299999999998,1770.0
1.0,1363.9619999999998,1770.0
1.0,1269.798,1770.0
1.0,1204.6619999999998,1770.0
1.0,1110.4979999999998,1770.0
1.0,1396.53,1770.0
1.0,1429.098,1770.0
1.0,1237.2299999999998,1770.0
1.0,1045.3619999999999,1770.0
1.0,1077.9299999999998,1770.0
1.0,1363.9619999999998,1770.0
1.0,1269.798,1770.0
1.0,1204.6619999999998,1770.0
1.0,1110.4979999999998,1770.0
1.0,1396.53,1770.0
1.0,1429.098,1770.0
1.0,1237.2299999999998,1770.0
1.0,1045.3619999999999,1770.0
1.0,1077.9299999999998,1770.0
1.0,1363.9619999999998,1770.0
1.0,1269.798,1770.0
1.0,1204.6619999999998,1770.0
1.0,1110.4979999999998,1770.0
1.0,1396.53,1770.0
1.0,1544.75,1670.0
1.0,1480.2320000000002,1720.0
1.0,1369.38,1740.0
1.0,1148.73,1770.0
1.0,1313.5,1420.0
1.0,1342.5360000000003,1560.0
1.0,1204.1100000000001,1530.0
1.0,973.5,1500.0
1.0,1193.25,1290.0
1.0,902.11,1390.0
1.0,1304.25,1410.0
1.0,1295.0,1400.0
1.0,1128.5,1220.0
1.0,1301.4750000000001,1407.0
1.0,1593.775,1723.0
1.0,1193.25,1290.0
1.0,1251.525,1353.0
1.0,1300.55,1406.0
1.0,1866.592,2080.0
1.0,1809.184,2080.0
1.0,1722.84,1960.0
1.0,1661.3100000000002,1890.0
1.0,1450.3500000000001,1650.0
1.0,1465.53,1650.0
1.0,1847.4560000000001,2080.0
1.0,1809.184,2080.0
1.0,1954.0400000000002,2200.0
1.0,1863.48,2120.0
1.0,1843.9759999999999,2120.0
1.0,1496.056,1720.0
1.0,1511.8799999999999,1720.0
1.0,1670.0159999999998,1920.0
1.0,1670.1000000000001,1900.0
1.0,1739.6000000000001,2000.0
1.0,1739.6000000000001,2000.0
1.0,1504.754,1730.0
1.0,1776.4,2000.0
1.0,1739.6000000000001,2000.0
1.0,1522.15,1750.0
1.0,1452.566,1670.0
1.0,1740.42,1980.0
1.0,1722.204,1980.0
1.0,1634.94,1860.0
1.0,1400.378,1610.0
1.0,1400.378,1610.0
1.0,1730.902,1990.0
1.0,1731.6299999999999,1970.0
1.0,1713.5059999999999,1970.0
1.0,1469.962,1690.0
1.0,1817.882,2090.0
1.0,1580.996,1780.0
1.0,1705.2600000000002,1940.0
1.0,1687.412,1940.0
1.0,1843.9759999999999,2120.0
1.0,1583.0359999999998,1820.0
1.0,1704.808,1960.0
1.0,1687.68,1920.0
1.0,1478.66,1700.0
1.0,1962.922,2210.0
1.0,1435.17,1650.0
1.0,1826.5800000000002,2100.0
1.0,1793.16,2040.0
1.0,1643.922,1890.0
1.0,1652.6200000000001,1900.0
1.0,1870.07,2150.0
1.0,1670.0159999999998,1920.0
1.0,1678.714,1930.0
1.0,1583.0359999999998,1820.0
1.0,1617.828,1860.0
1.0,1722.204,1980.0
1.0,1713.5059999999999,1970.0
1.0,1478.66,1700.0
1.0,1252.512,1440.0
1.0,1617.828,1860.0
1.0,1530.848,1760.0
1.0,1748.2979999999998,2009.9999999999998
1.0,1530.848,1760.0
1.0,1322.096,1520.0
1.0,1870.07,2150.0
1.0,1748.2979999999998,2009.9999999999998
1.0,1322.096,1520.0
1.0,1348.19,1550.0
1.0,1626.5259999999998,1870.0
1.0,1826.5800000000002,2100.0
1.0,1382.982,1590.0
1.0,1591.0,1720.0
1.0,1639.1,1772.0
1.0,1164.6959818601538,1438.5321100917402
1.0,1193.8819902450618,1438.5321100917402
1.0,1224.8829123986216,1438.5321100917402
1.0,1257.8734697163518,1438.5321100917402
1.0,1293.0515543343554,1438.5321100917402
1.0,1157.2437495899685,1438.5321100917402
1.0,1187.5784342458155,1438.5321100917402
1.0,1219.87487668061,1438.5321100917402
1.0,1254.3297376074763,1438.5321100917402
1.0,1291.1668727261854,1438.5321100917402
1.0,1151.4695533648558,1438.5321100917402
1.0,1182.6844288478112,1438.5321100917402
1.0,1215.97836325669,1438.5321100917402
1.0,1251.5662250149373,1438.5321100917402
1.0,1289.6935474915115,1438.5321100917402
1.0,1141.4465620392193,1438.5321100917402
1.0,1174.1688312032186,1438.5321100917402
1.0,1209.1809749297763,1438.5321100917402
1.0,1246.7320734229315,1438.5321100917402
1.0,1131.5976335485443,1438.5321100917402
1.0,1165.775725031789,1438.5321100917402
1.0,1202.4596068904225,1438.5321100917402
1.0,1241.9353359796123,1438.5321100917402
1.0,1284.5342325859408,1438.5321100917402
1.0,1147.9257171354,1438.5321100917402
1.0,1179.6765345691822,1438.5321100917402
1.0,1213.579910774717,1438.5321100917402
1.0,1249.862426634421,1438.5321100917402
1.0,1288.7836196091123,1438.5321100917402
1.0,1136.4236865174623,1438.5321100917402
1.0,1169.8915658730111,1438.5321100917402
1.0,1205.7583603284259,1438.5321100917402
1.0,1244.2915818970448,1438.5321100917402
1.0,1391.1396117326717,1558.4097859327198
1.0,1211.8365601070652,1558.4097859327198
1.0,1250.8692283625398,1558.4097859327198
1.0,1292.9503079893384,1558.4097859327198
1.0,1338.4514275981328,1558.4097859327198
1.0,1387.8071809393925,1558.4097859327198
1.0,1255.8297781394162,1558.4097859327198
1.0,1288.337654787616,1558.4097859327198
1.0,1322.9379159374566,1558.4097859327198
1.0,1359.8392951478645,1558.4097859327198
1.0,1399.2792449517415,1558.4097859327198
1.0,1247.5316439051314,1558.4097859327198
1.0,1281.3056727782057,1558.4097859327198
1.0,1317.3401663269985,1558.4097859327198
1.0,1355.8699180387496,1558.4097859327198
1.0,1397.163404825441,1558.4097859327198
1.0,1241.1044395332196,1558.4097859327198
1.0,1275.8478761494257,1558.4097859327198
1.0,1312.9859414907173,1558.4097859327198
1.0,1352.7750398601484,1558.4097859327198
1.0,1395.509536348158,1558.4097859327198
1.0,1229.9529548255225,1558.4097859327198
1.0,1266.3549229958053,1558.4097859327198
1.0,1305.3924236055002,1558.4097859327198
1.0,1347.362429259928,1558.4097859327198
1.0,1392.608271080961,1558.4097859327198
1.0,1219.0013242295497,1558.4097859327198
1.0,1257.003046505498,1558.4097859327198
1.0,1297.8867516478333,1558.4097859327198
1.0,1341.9932079501884,1558.4097859327198
1.0,1389.7191117056693,1558.4097859327198
1.0,1237.1608741501273,1558.4097859327198
1.0,1272.4942300343216,1558.4097859327198
1.0,1310.306236010553,1558.4097859327198
1.0,1350.8671904035293,1558.4097859327198
1.0,1394.4881756479558,1558.4097859327198
1.0,1224.3669431976834,1558.4097859327198
1.0,1261.5884911917988,1558.4097859327198
1.0,1301.5700675239643,1558.4097859327198
1.0,1344.6304820614178,1558.4097859327198
1.0,1391.1396117326717,1558.4097859327198
1.0,1211.8365601070652,1558.4097859327198
1.0,1250.8692283625398,1558.4097859327198
1.0,1292.9503079893384,1558.4097859327198
1.0,1338.4514275981328,1558.4097859327198
1.0,1387.8071809393925,1558.4097859327198
1.0,1360.1811250766345,1688.27726809378
1.0,1395.4429495436411,1688.27726809378
1.0,1432.9780340539924,1688.27726809378
1.0,1473.01352945512,1688.27726809378
1.0,1515.8078927730853,1688.27726809378
1.0,1351.1801180033835,1688.27726809378
1.0,1387.814683302399,1688.27726809378
1.0,1426.9050565434331,1688.27726809378
1.0,1468.7067401837328,1688.27726809378
1.0,1513.511953343885,1688.27726809378
1.0,1344.2086363834683,1688.27726809378
1.0,1381.8941762668878,1688.27726809378
1.0,1422.1812313433818,1688.27726809378
1.0,1465.3488144669989,1688.27726809378
1.0,1511.717316650946,1688.27726809378
1.0,1332.113061522443,1688.27726809378
1.0,1371.596598897646,1688.27726809378
1.0,1413.9432709115958,1688.27726809378
1.0,1459.47622272396,1688.27726809378
1.0,1508.569129146233,1688.27726809378
1.0,1320.2345754163211,1688.27726809378
1.0,1361.4522863111033,1688.27726809378
1.0,1405.800760622302,1688.27726809378
1.0,1453.6507841185244,1688.27726809378
1.0,1505.4341000667555,1688.27726809378
1.0,1339.9311698468896,1688.27726809378
1.0,1378.2562476527698,1688.27726809378
1.0,1419.2740887687003,1688.27726809378
1.0,1463.2788209627763,1688.27726809378
1.0,1510.6090269577398,1688.27726809378
1.0,1326.0542570432794,1688.27726809378
1.0,1366.426252448921,1688.27726809378
1.0,1409.7965785452602,1688.27726809378
1.0,1456.5121352203487,1688.27726809378
1.0,1506.9754829772096,1688.27726809378
1.0,1312.463613714731,1688.27726809378
1.0,1354.798840109783,1688.27726809378
1.0,1400.4455522395378,1688.27726809378
1.0,1449.808103975534,1688.27726809378
1.0,1503.3594747005877,1688.27726809378
1.0,1315.6681257260675,1688.27726809378
1.0,1358.2999762717307,1688.27726809378
1.0,1403.8747966473743,1688.27726809378
1.0,1452.7082207627398,1688.27726809378
1.0,1303.8309895138543,1688.27726809378
1.0,1348.1792983938274,1688.27726809378
1.0,1395.7435090841545,1688.27726809378
1.0,1446.8865814994408,1688.27726809378
1.0,1292.206303655713,1688.27726809378
1.0,1338.2092524014743,1688.27726809378
1.0,1387.706435685106,1688.27726809378
1.0,1441.1116862580782,1688.27726809378
1.0,1311.4820531649511,1688.27726809378
1.0,1354.7245427181779,1688.27726809378
1.0,1401.0052984921267,1688.27726809378
1.0,1450.656187182636,1688.27726809378
1.0,1297.901639753545,1688.27726809378
1.0,1343.0977720261787,1688.27726809378
1.0,1392.2879114542038,1688.27726809378
1.0,1444.4061532244834,1688.27726809378
1.0,1285.7827052019086,1688.27726809378
1.0,1332.6867440749093,1688.27726809378
1.0,1383.2431204554557,1688.27726809378
1.0,1437.8957185344098,1688.27726809378
1.0,1315.14381831729,1688.27726809378
1.0,1356.9607860827605,1688.27726809378
1.0,1403.3267431789218,1688.27726809378
1.0,1451.6076969586356,1688.27726809378
1.0,1505.2986800584872,1688.27726809378
1.0,1310.0928404339923,1688.27726809378
1.0,1352.6419131600449,1688.27726809378
1.0,1399.852256652792,1688.27726809378
1.0,1449.1191276795482,1688.27726809378
1.0,1503.9565402999865,1688.27726809378
1.0,1320.8002327190077,1688.27726809378
1.0,1362.815111208715,1688.27726809378
1.0,1406.3600368168286,1688.27726809378
1.0,1454.7551072647655,1688.27726809378
1.0,1505.2986800584872,1688.27726809378
1.0,1315.7273903137327,1688.27726809378
1.0,1358.4774887698472,1688.27726809378
1.0,1402.8779947322275,1688.27726809378
1.0,1452.2611106495915,1688.27726809378
1.0,1503.9565402999865,1688.27726809378
1.0,1309.4874039155723,1688.27726809378
1.0,1352.5700422382945,1688.27726809378
1.0,1398.7768027220613,1688.27726809378
1.0,1450.0339918055706,1688.27726809378
1.0,1503.663455514617,1688.27726809378
1.0,1304.458290554252,1688.27726809378
1.0,1348.2652314526933,1688.27726809378
1.0,1395.3136495336391,1688.27726809378
1.0,1447.5481361945265,1688.27726809378
1.0,1326.4566471207256,1688.27726809378
1.0,1367.205855053181,1688.27726809378
1.0,1410.9099772736888,1688.27726809378
1.0,1456.3288124178302,1688.27726809378
1.0,1321.361940193473,1688.27726809378
1.0,1362.854170477199,1688.27726809378
1.0,1407.4166018513804,1688.27726809378
1.0,1453.832102134613,1688.27726809378
1.0,1505.5902986387075,1688.27726809378
1.0,1115.0891022208348,1438.5321100917402
1.0,1081.3427862671356,1438.5321100917402
1.0,1049.9545130008714,1438.5321100917402
1.0,1020.6854716153616,1438.5321100917402
1.0,967.7008806979786,1438.5321100917402
1.0,1103.4350695626108,1438.5321100917402
1.0,1068.2962744069084,1438.5321100917402
1.0,1035.7163803163596,1438.5321100917402
1.0,1005.4256883582942,1438.5321100917402
1.0,950.8101760134796,1438.5321100917402
1.0,1111.6058461034606,1438.5321100917402
1.0,1077.4388340152466,1438.5321100917402
1.0,1045.6894243231486,1438.5321100917402
1.0,1016.1097866254268,1438.5321100917402
1.0,962.6270399334359,1438.5321100917402
1.0,1098.5156326328781,1438.5321100917402
1.0,1062.8019075671682,1438.5321100917402
1.0,1029.7331810843298,1438.5321100917402
1.0,999.0261082582188,1438.5321100917402
1.0,943.7524107644581,1438.5321100917402
1.0,1200.7034225884463,1558.4097859327198
1.0,1163.3158051645903,1558.4097859327198
1.0,1128.6165668100502,1558.4097859327198
1.0,1096.3258064852992,1558.4097859327198
1.0,1038.0317856648207,1558.4097859327198
1.0,1187.7665712558917,1558.4097859327198
1.0,1148.863277388063,1558.4097859327198
1.0,1112.8741756362333,1558.4097859327198
1.0,1079.48364036951,1558.4097859327198
1.0,1019.4483150309615,1558.4097859327198
1.0,1196.835854167361,1558.4097859327198
1.0,1158.9900168231056,1558.4097859327198
1.0,1123.8995614463101,1558.4097859327198
1.0,1091.2741471327959,1558.4097859327198
1.0,1032.4476499841985,1558.4097859327198
1.0,1182.30818290258,1558.4097859327198
1.0,1142.7799498156778,1558.4097859327198
1.0,1106.2625763680599,1558.4097859327198
1.0,1072.4246782111682,1558.4097859327198
1.0,1011.6883029161577,1558.4097859327198
1.0,1300.391097793117,1688.27726809378
1.0,1259.8462608528537,1688.27726809378
1.0,1222.2206714503395,1688.27726809378
1.0,1187.2100045433237,1688.27726809378
1.0,1124.0138955705886,1688.27726809378
1.0,1286.3604937609423,1688.27726809378
1.0,1244.173360887662,1688.27726809378
1.0,1205.15051901905,1688.27726809378
1.0,1168.9488255011545,1688.27726809378
1.0,1103.8676618546115,1688.27726809378
1.0,1296.196498484619,1688.27726809378
1.0,1255.1551464518757,1688.27726809378
1.0,1217.10575308974,1688.27726809378
1.0,1181.7326492060408,1688.27726809378
1.0,1117.960075210304,1688.27726809378
1.0,1280.4407529684759,1688.27726809378
1.0,1237.5765172884846,1688.27726809378
1.0,1197.9814659707818,1688.27726809378
1.0,1161.2953344789173,1688.27726809378
1.0,1095.4553334715831,1688.27726809378
1.0,1326.2177569279636,1688.27726809378
1.0,1326.2177569279636,1688.27726809378
1.0,1326.2177569279636,1688.27726809378
1.0,1326.2177569279636,1688.27726809378
1.0,1326.2177569279636,1688.27726809378
1.0,1326.2177569279636,1688.27726809378
1.0,1326.2177569279636,1688.27726809378
1.0,1326.2177569279636,1688.27726809378
1.0,1326.2177569279636,1688.27726809378
1.0,1326.2177569279636,1688.27726809378
1.0,1326.2177569279636,1688.27726809378
1.0,1326.2177569279636,1688.27726809378
1.0,1326.2177569279636,1688.27726809378
1.0,1332.113061522443,1688.27726809378
1.0,1332.113061522443,1688.27726809378
1.0,1332.113061522443,1688.27726809378
1.0,1332.113061522443,1688.27726809378
1.0,1332.113061522443,1688.27726809378
1.0,1332.113061522443,1688.27726809378
1.0,1332.113061522443,1688.27726809378
1.0,1332.113061522443,1688.27726809378
1.0,1332.113061522443,1688.27726809378
1.0,1332.113061522443,1688.27726809378
1.0,1326.9964900732134,1688.27726809378
1.0,1326.9964900732134,1688.27726809378
1.0,1326.9964900732134,1688.27726809378
1.0,1326.9964900732134,1688.27726809378
1.0,1326.9964900732134,1688.27726809378
1.0,1326.9964900732134,1688.27726809378
1.0,1326.9964900732134,1688.27726809378
1.0,1326.9964900732134,1688.27726809378
1.0,1326.9964900732134,1688.27726809378
1.0,1326.9964900732134,1688.27726809378
1.0,8.25,1650.0
1.0,8.25,1650.0
1.0,8.25,1650.0
1.0,8.25,1650.0
1.0,8.25,1650.0
1.0,8.25,1650.0
1.0,8.25,1650.0
1.0,8.25,1650.0
1.0,8.25,1650.0
1.0,8.25,1650.0
1.0,8.25,1650.0
1.0,8.25,1650.0
1.0,8.25,1650.0
1.0,8.25,1650.0
1.0,8.25,1650.0
1.0,8.25,1650.0
1.0,8.25,1650.0
1.0,8.25,1650.0
1.0,8.25,1650.0
1.0,8.25,1650.0
1.0,8.25,1650.0
1.0,8.25,1650.0
1.0,8.25,1650.0
1.0,8.25,1650.0
1.0,8.25,1650.0
1.0,8.25,1650.0
1.0,8.25,1650.0
1.0,8.25,1650.0
1.0,8.25,1650.0
1.0,8.25,1650.0
1.0,8.25,1650.0
1.0,8.25,1650.0
1.0,8.25,1650.0
1.0,8.25,1650.0
1.0,8.25,1650.0
1.0,8.25,1650.0
1.0,8.25,1650.0
1.0,8.25,1650.0
1.0,8.25,1650.0
1.0,8.25,1650.0
1.0,8.25,1650.0
1.0,8.25,1650.0
1.0,8.25,1650.0
1.0,8.25,1650.0
1.0,8.25,1650.0
1.0,8.25,1650.0
1.0,8.25,1650.0
1.0,8.25,1650.0
1.0,8.25,1650.0
1.0,8.25,1650.0
1.0,8.25,1650.0
1.0,8.25,1650.0
1.0,8.25,1650.0
1.0,8.25,1650.0
1.0,8.25,1650.0
1.0,8.25,1650.0
1.0,8.25,1650.0
1.0,8.25,1650.0
1.0,8.25,1650.0
1.0,8.25,1650.0
1.0,8.25,1650.0
1.0,8.25,1650.0
1.0,8.25,1650.0
1.0,8.25,1650.0
1.0,8.25,1650.0
1.0,8.25,1650.0
1.0,8.25,1650.0
1.0,8.25,1650.0
1.0,8.25,1650.0
1.0,8.25,1650.0
1.0,8.25,1650.0
1.0,8.25,1650.0
1.0,8.25,1650.0
1.0,8.25,1650.0
1.0,8.25,1650.0
1.0,8.25,1650.0
1.0,8.25,1650.0
1.0,8.25,1650.0
1.0,8.25,1650.0
1.0,8.25,1650.0
1.0,8.25,1650.0
1.0,8.25,1650.0
1.0,8.25,1650.0
1.0,8.25,1650.0
1.0,8.25,1650.0
1.0,8.25,1650.0
1.0,8.25,1650.0
1.0,8.25,1650.0
1.0,8.25,1650.0
1.0,8.25,1650.0
1.0,8.25,1650.0
1.0,8.25,1650.0
1.0,8.25,1650.0
1.0,8.25,1650.0
1.0,8.25,1650.0
1.0,8.8275,1650.0
1.0,8.712,1650.0
1.0,8.5965,1650.0
1.0,8.53875,1650.0
1.0,8.481,1650.0
1.0,8.42325,1650.0
1.0,8.30775,1650.0
1.0,8.8275,1650.0
1.0,8.712,1650.0
1.0,8.5965,1650.0
1.0,8.53875,1650.0
1.0,8.481,1650.0
1.0,8.42325,1650.0
1.0,8.30775,1650.0
1.0,8.8275,1650.0
1.0,8.712,1650.0
1.0,8.5965,1650.0
1.0,8.53875,1650.0
1.0,8.481,1650.0
1.0,8.42325,1650.0
1.0,8.30775,1650.0
1.0,8.8275,1650.0
1.0,8.712,1650.0
1.0,8.5965,1650.0
1.0,8.53875,1650.0
1.0,8.481,1650.0
1.0,8.42325,1650.0
1.0,8.30775,1650.0
1.0,8.8275,1650.0
1.0,8.712,1650.0
1.0,8.5965,1650.0
1.0,8.53875,1650.0
1.0,8.481,1650.0
1.0,8.42325,1650.0
1.0,8.30775,1650.0
1.0,8.8275,1650.0
1.0,8.712,1650.0
1.0,8.5965,1650.0
1.0,8.53875,1650.0
1.0,8.481,1650.0
1.0,8.42325,1650.0
1.0,8.30775,1650.0
1.0,8.8275,1650.0
1.0,8.712,1650.0
1.0,8.5965,1650.0
1.0,8.53875,1650.0
1.0,8.481,1650.0
1.0,8.42325,1650.0
1.0,8.30775,1650.0
1.0,8.8275,1650.0
1.0,8.712,1650.0
1.0,8.5965,1650.0
1.0,8.53875,1650.0
1.0,8.481,1650.0
1.0,8.42325,1650.0
1.0,8.30775,1650.0
1.0,8.25,1650.0
1.0,8.25,1650.0
1.0,8.25,1650.0
1.0,8.25,1650.0
1.0,8.25,1650.0
1.0,8.25,1650.0
1.0,8.25,1650.0
1.0,8.25,1650.0
1.0,8.25,1650.0
1.0,8.25,1650.0
1.0,8.25,1650.0
1.0,8.25,1650.0
1.0,8.25,1650.0
1.0,8.25,1650.0
1.0,8.25,1650.0
1.0,8.25,1650.0
1.0,8.25,1650.0
1.0,8.25,1650.0
1.0,8.25,1650.0
1.0,8.25,1650.0
1.0,8.25,1650.0
1.0,8.25,1650.0
1.0,8.25,1650.0
1.0,8.25,1650.0
1.0,8.25,1650.0
1.0,8.25,1650.0
1.0,8.25,1650.0
1.0,8.25,1650.0
1.0,8.25,1650.0
1.0,8.25,1650.0
1.0,8.25,1650.0
1.0,8.25,1650.0
1.0,8.25,1650.0
1.0,8.25,1650.0
1.0,8.25,1650.0
1.0,8.25,1650.0
1.0,8.25,1650.0
1.0,8.25,1650.0
1.0,8.25,1650.0
1.0,8.25,1650.0
1.0,8.25,1650.0
1.0,8.25,1650.0
1.0,8.25,1650.0
1.0,8.25,1650.0
1.0,8.25,1650.0
1.0,8.25,1650.0
1.0,8.25,1650.0
1.0,8.25,1650.0
1.0,8.25,1650.0
1.0,8.25,1650.0
1.0,8.25,1650.0
1.0,8.25,1650.0
1.0,8.25,1650.0
1.0,8.25,1650.0
1.0,8.25,1650.0
1.0,8.25,1650.0
1.0,8.25,1650.0
1.0,8.35,1670.0
1.0,153.07999999999998,1720.0
1.0,303.4,1640.0
1.0,580.35,1590.0
1.0,119.36800000000001,1720.0
1.0,248.82,1740.0
1.0,497.37000000000006,1770.0
1.0,7.1000000000000005,1420.0
1.0,131.72,1480.0
1.0,271.95,1470.0
1.0,507.34999999999997,1390.0
1.0,108.26400000000002,1560.0
1.0,218.79000000000002,1530.0
1.0,421.5,1500.0
1.0,6.45,1290.0
1.0,390.59000000000003,1390.0
1.0,7.05,1410.0
1.0,71.709,1353.0
1.0,7.0,1400.0
1.0,135.33999999999997,1340.0
1.0,6.1000000000000005,1220.0
1.0,92.39999999999999,1200.0
1.0,7.035,1407.0
1.0,71.33800000000001,1346.0
1.0,132.815,1315.0
1.0,8.615,1723.0
1.0,88.61599999999999,1672.0
1.0,166.85199999999998,1652.0
1.0,6.45,1290.0
1.0,6.765000000000001,1353.0
1.0,7.03,1406.0
1.0,64.124,1564.0
1.0,118.426,1538.0
1.0,169.952,1504.0
1.0,219.328,1472.0
1.0,266.03,1438.0
1.0,67.808,2080.0
1.0,125.21600000000001,2080.0
1.0,128.96800000000002,1960.0
1.0,99.96000000000001,1960.0
1.0,124.36200000000002,1890.0
1.0,96.39,1890.0
1.0,84.15,1650.0
1.0,68.97,1650.0
1.0,86.94400000000002,2080.0
1.0,125.21600000000001,2080.0
1.0,91.96000000000001,2200.0
1.0,108.12,2120.0
1.0,127.624,2120.0
1.0,103.544,1720.0
1.0,87.72,1720.0
1.0,115.58399999999999,1920.0
1.0,126.336,1920.0
1.0,170.62,1900.0
1.0,96.9,1900.0
1.0,120.41400000000002,1830.0
1.0,125.538,1830.0
1.0,216.4,2000.0
1.0,131.60000000000002,2000.0
1.0,120.4,2000.0
1.0,120.4,2000.0
1.0,123.52200000000002,1730.0
1.0,104.146,1730.0
1.0,83.60000000000001,2000.0
1.0,120.4,2000.0
1.0,105.35000000000001,1750.0
1.0,115.15,1750.0
1.0,108.55,1670.0
1.0,128.59,1670.0
1.0,100.534,1670.0
1.0,100.98,1980.0
1.0,119.19600000000001,1980.0
1.0,127.59599999999999,1860.0
1.0,94.86,1860.0
1.0,132.398,1930.0
1.0,137.802,1930.0
1.0,103.53,1450.0
1.0,95.41,1450.0
1.0,101.91,2150.0
1.0,141.47,2150.0
1.0,138.0,1840.0
1.0,165.23200000000003,1840.0
1.0,132.25799999999998,2009.9999999999998
1.0,106.52999999999999,2009.9999999999998
1.0,105.938,1610.0
1.0,96.922,1610.0
1.0,96.922,1610.0
1.0,129.35,1990.0
1.0,119.798,1990.0
1.0,146.29999999999998,1900.0
1.0,125.02000000000001,1900.0
1.0,100.47,1970.0
1.0,118.594,1970.0
1.0,101.738,1690.0
1.0,199.386,2090.0
1.0,125.818,2090.0
1.0,89.57,1690.0
1.0,117.12400000000001,1780.0
1.0,74.40400000000001,1780.0
1.0,176.90599999999998,1970.0
1.0,104.40999999999998,1970.0
1.0,174.582,1830.0
1.0,120.41400000000002,1830.0
1.0,98.94000000000001,1940.0
1.0,116.788,1940.0
1.0,137.79999999999998,2120.0
1.0,127.624,2120.0
1.0,173.628,1820.0
1.0,109.56400000000001,1820.0
1.0,80.35999999999999,1960.0
1.0,117.99199999999999,1960.0
1.0,131.712,1920.0
1.0,97.92,1920.0
1.0,79.95,1950.0
1.0,175.11,1950.0
1.0,130.12999999999997,1690.0
1.0,111.202,1690.0
1.0,139.37,1810.0
1.0,152.40200000000002,1810.0
1.0,110.5,1700.0
1.0,102.34,1700.0
1.0,151.606,2210.0
1.0,92.378,2210.0
1.0,108.57,1650.0
1.0,107.25,1650.0
1.0,99.33,1650.0
1.0,126.42,2100.0
1.0,136.5,2100.0
1.0,134.23200000000003,2040.0
1.0,104.04,2040.0
1.0,113.778,1890.0
1.0,146.29999999999998,1900.0
1.0,114.38000000000001,1900.0
1.0,129.43,2150.0
1.0,124.79999999999998,1920.0
1.0,115.58399999999999,1920.0
1.0,181.26,1900.0
1.0,159.98000000000002,1900.0
1.0,96.726,1470.0
1.0,148.60999999999999,1930.0
1.0,116.186,1930.0
1.0,96.46,1820.0
1.0,109.56400000000001,1820.0
1.0,117.12400000000001,1780.0
1.0,111.972,1860.0
1.0,188.892,1980.0
1.0,119.19600000000001,1980.0
1.0,118.594,1970.0
1.0,126.336,1920.0
1.0,117.12400000000001,1780.0
1.0,90.1,1700.0
1.0,102.34,1700.0
1.0,93.6,1440.0
1.0,86.688,1440.0
1.0,111.972,1860.0
1.0,166.716,1980.0
1.0,105.952,1760.0
1.0,121.00199999999998,2009.9999999999998
1.0,117.78200000000001,1790.0
1.0,105.952,1760.0
1.0,119.756,1820.0
1.0,173.628,1820.0
1.0,129.948,1820.0
1.0,119.756,1820.0
1.0,136.5,1820.0
1.0,173.628,1820.0
1.0,91.504,1520.0
1.0,136.496,1520.0
1.0,138.51600000000002,1940.0
1.0,129.43,2150.0
1.0,121.00199999999998,2009.9999999999998
1.0,91.504,1520.0
1.0,93.31,1550.0
1.0,112.574,1870.0
1.0,126.42,2100.0
1.0,123.19999999999999,1600.0
1.0,114.24,1600.0
1.0,117.03999999999999,1520.0
1.0,105.28,1600.0
1.0,105.28,1600.0
1.0,104.622,1590.0
1.0,95.718,1590.0
1.0,107.814,1510.0
1.0,8.6,1720.0
1.0,50.17,1730.0
1.0,92.75,1750.0
1.0,8.86,1772.0
1.0,43.03600000000001,1537.0
1.0,43.03600000000001,1537.0
1.0,43.03600000000001,1537.0
1.0,43.03600000000001,1537.0
1.0,43.03600000000001,1537.0
1.0,43.03600000000001,1537.0
1.0,43.03600000000001,1537.0
1.0,43.03600000000001,1537.0
1.0,43.03600000000001,1537.0
1.0,43.03600000000001,1537.0
1.0,43.03600000000001,1537.0
1.0,43.03600000000001,1537.0
1.0,43.03600000000001,1537.0
1.0,43.03600000000001,1537.0
1.0,43.03600000000001,1537.0
1.0,43.03600000000001,1537.0
1.0,43.03600000000001,1537.0
1.0,43.03600000000001,1537.0
1.0,43.03600000000001,1537.0
1.0,43.03600000000001,1537.0
1.0,43.03600000000001,1537.0
1.0,43.03600000000001,1537.0
1.0,43.03600000000001,1537.0
1.0,43.03600000000001,1537.0
1.0,43.03600000000001,1537.0
1.0,43.03600000000001,1537.0
1.0,43.03600000000001,1537.0
1.0,43.03600000000001,1537.0
1.0,43.03600000000001,1537.0
1.0,43.03600000000001,1537.0
1.0,43.03600000000001,1537.0
1.0,43.03600000000001,1537.0
1.0,43.03600000000001,1537.0
1.0,43.03600000000001,1537.0
1.0,43.03600000000001,1537.0
1.0,43.03600000000001,1537.0
1.0,78.38700000000001,1537.0
1.0,78.38700000000001,1537.0
1.0,78.38700000000001,1537.0
1.0,78.38700000000001,1537.0
1.0,78.38700000000001,1537.0
1.0,78.38700000000001,1537.0
1.0,78.38700000000001,1537.0
1.0,78.38700000000001,1537.0
1.0,78.38700000000001,1537.0
1.0,78.38700000000001,1537.0
1.0,78.38700000000001,1537.0
1.0,78.38700000000001,1537.0
1.0,78.38700000000001,1537.0
1.0,78.38700000000001,1537.0
1.0,78.38700000000001,1537.0
1.0,78.38700000000001,1537.0
1.0,78.38700000000001,1537.0
1.0,78.38700000000001,1537.0
1.0,78.38700000000001,1537.0
1.0,78.38700000000001,1537.0
1.0,78.38700000000001,1537.0
1.0,78.38700000000001,1537.0
1.0,78.38700000000001,1537.0
1.0,78.38700000000001,1537.0
1.0,78.38700000000001,1537.0
1.0,78.38700000000001,1537.0
1.0,78.38700000000001,1537.0
1.0,78.38700000000001,1537.0
1.0,78.38700000000001,1537.0
1.0,78.38700000000001,1537.0
1.0,78.38700000000001,1537.0
1.0,78.38700000000001,1537.0
1.0,78.38700000000001,1537.0
1.0,78.38700000000001,1537.0
1.0,78.38700000000001,1537.0
1.0,78.38700000000001,1537.0
1.0,113.738,1537.0
1.0,113.738,1537.0
1.0,113.738,1537.0
1.0,113.738,1537.0
1.0,113.738,1537.0
1.0,113.738,1537.0
1.0,113.738,1537.0
1.0,113.738,1537.0
1.0,113.738,1537.0
1.0,113.738,1537.0
1.0,113.738,1537.0
1.0,113.738,1537.0
1.0,113.738,1537.0
1.0,113.738,1537.0
1.0,113.738,1537.0
1.0,113.738,1537.0
1.0,113.738,1537.0
1.0,113.738,1537.0
1.0,113.738,1537.0
1.0,113.738,1537.0
1.0,113.738,1537.0
1.0,113.738,1537.0
1.0,113.738,1537.0
1.0,113.738,1537.0
1.0,113.738,1537.0
1.0,113.738,1537.0
1.0,113.738,1537.0
1.0,113.738,1537.0
1.0,113.738,1537.0
1.0,113.738,1537.0
1.0,113.738,1537.0
1.0,113.738,1537.0
1.0,113.738,1537.0
1.0,113.738,1537.0
1.0,113.738,1537.0
1.0,113.738,1537.0
1.0,149.08900000000003,1537.0
1.0,149.08900000000003,1537.0
1.0,149.08900000000003,1537.0
1.0,149.08900000000003,1537.0
1.0,149.08900000000003,1537.0
1.0,149.08900000000003,1537.0
1.0,149.08900000000003,1537.0
1.0,149.08900000000003,1537.0
1.0,149.08900000000003,1537.0
1.0,149.08900000000003,1537.0
1.0,149.08900000000003,1537.0
1.0,149.08900000000003,1537.0
1.0,149.08900000000003,1537.0
1.0,149.08900000000003,1537.0
1.0,149.08900000000003,1537.0
1.0,149.08900000000003,1537.0
1.0,149.08900000000003,1537.0
1.0,149.08900000000003,1537.0
1.0,149.08900000000003,1537.0
1.0,149.08900000000003,1537.0
1.0,149.08900000000003,1537.0
1.0,149.08900000000003,1537.0
1.0,149.08900000000003,1537.0
1.0,149.08900000000003,1537.0
1.0,149.08900000000003,1537.0
1.0,149.08900000000003,1537.0
1.0,149.08900000000003,1537.0
1.0,149.08900000000003,1537.0
1.0,149.08900000000003,1537.0
1.0,149.08900000000003,1537.0
1.0,149.08900000000003,1537.0
1.0,149.08900000000003,1537.0
1.0,149.08900000000003,1537.0
1.0,149.08900000000003,1537.0
1.0,149.08900000000003,1537.0
1.0,149.08900000000003,1537.0
1.0,7.6850000000000005,1537.0
1.0,7.6850000000000005,1537.0
1.0,7.6850000000000005,1537.0
1.0,7.6850000000000005,1537.0
1.0,7.6850000000000005,1537.0
1.0,7.6850000000000005,1537.0
1.0,7.6850000000000005,1537.0
1.0,7.6850000000000005,1537.0
1.0,7.6850000000000005,1537.0
1.0,7.6850000000000005,1537.0
1.0,7.6850000000000005,1537.0
1.0,7.6850000000000005,1537.0
1.0,7.6850000000000005,1537.0
1.0,7.6850000000000005,1537.0
1.0,43.03600000000001,1537.0
1.0,43.03600000000001,1537.0
1.0,43.03600000000001,1537.0
1.0,43.03600000000001,1537.0
1.0,43.03600000000001,1537.0
1.0,78.38700000000001,1537.0
1.0,78.38700000000001,1537.0
1.0,78.38700000000001,1537.0
1.0,78.38700000000001,1537.0
1.0,78.38700000000001,1537.0
1.0,78.38700000000001,1537.0
1.0,113.738,1537.0
1.0,113.738,1537.0
1.0,113.738,1537.0
1.0,113.738,1537.0
1.0,113.738,1537.0
1.0,113.738,1537.0
1.0,113.738,1537.0
1.0,113.738,1537.0
1.0,149.08900000000003,1537.0
1.0,149.08900000000003,1537.0
1.0,149.08900000000003,1537.0
1.0,149.08900000000003,1537.0
1.0,149.08900000000003,1537.0
1.0,149.08900000000003,1537.0
1.0,149.08900000000003,1537.0
1.0,149.08900000000003,1537.0
1.0,58.18932000000001,1790.0
1.0,58.18932000000001,1790.0
1.0,58.18932000000001,1790.0
1.0,58.024640000000005,1790.0
1.0,58.024640000000005,1790.0
1.0,58.024640000000005,1790.0
1.0,58.024640000000005,1790.0
1.0,58.354,1790.0
1.0,58.18932000000001,1790.0
1.0,58.18932000000001,1790.0
1.0,58.354,1790.0
1.0,58.354,1790.0
1.0,58.024640000000005,1790.0
1.0,58.18932000000001,1790.0
1.0,64.548,1980.0
1.0,64.548,1980.0
1.0,64.548,1980.0
1.0,64.36584,1980.0
1.0,64.36584,1980.0
1.0,64.36584,1980.0
1.0,64.36584,1980.0
1.0,64.18368,1980.0
1.0,64.00152000000001,1980.0
1.0,64.36584,1980.0
1.0,64.36584,1980.0
1.0,64.18368,1980.0
1.0,64.18368,1980.0
1.0,64.18368,1980.0
1.0,64.36584,1980.0
1.0,63.11424,1680.0
1.0,71.16336000000001,1710.0
1.0,48.14656000000001,1760.0
1.0,40.95,1750.0
1.0,51.44136,1740.0
1.0,65.82212000000001,1690.0
1.0,58.498999999999995,1750.0
1.0,60.58120000000001,1700.0
1.0,54.48808,1730.0
1.0,43.412800000000004,1720.0
1.0,69.70536,1860.0
1.0,78.48036,1890.0
1.0,53.34420000000001,1950.0
1.0,44.984440000000006,1930.0
1.0,56.586240000000004,1920.0
1.0,73.52092,1870.0
1.0,64.85032,1940.0
1.0,66.82272,1880.0
1.0,60.33308000000001,1910.0
1.0,48.3056,1900.0
1.0,9.700000000000001,1940.0
1.0,9.700000000000001,1940.0
1.0,9.700000000000001,1940.0
1.0,9.700000000000001,1940.0
1.0,9.700000000000001,1940.0
1.0,9.700000000000001,1940.0
1.0,9.700000000000001,1940.0
1.0,9.700000000000001,1940.0
1.0,9.700000000000001,1940.0
1.0,9.700000000000001,1940.0
1.0,8.915000000000001,1783.0
1.0,8.915000000000001,1783.0
1.0,8.915000000000001,1783.0
1.0,8.915000000000001,1783.0
1.0,8.59,1718.0
1.0,8.59,1718.0
1.0,8.59,1718.0
1.0,8.59,1718.0
1.0,8.49,1698.0
1.0,8.49,1698.0
1.0,8.49,1698.0
1.0,8.49,1698.0
1.0,8.2,1640.0
1.0,8.2,1640.0
1.0,8.2,1640.0
1.0,8.2,1640.0
1.0,7.930000000000001,1586.0
1.0,7.930000000000001,1586.0
1.0,7.930000000000001,1586.0
1.0,7.930000000000001,1586.0
1.0,8.065,1613.0
1.0,8.065,1613.0
1.0,8.065,1613.0
1.0,8.065,1613.0
1.0,7.8500000000000005,1570.0
1.0,7.8500000000000005,1570.0
1.0,7.8500000000000005,1570.0
1.0,7.8500000000000005,1570.0
1.0,7.8500000000000005,1570.0
1.0,7.8500000000000005,1570.0
1.0,7.8500000000000005,1570.0
1.0,7.8500000000000005,1570.0
1.0,7.8500000000000005,1570.0
1.0,7.8500000000000005,1570.0
1.0,7.8500000000000005,1570.0
1.0,7.8500000000000005,1570.0
1.0,7.8500000000000005,1570.0
1.0,7.8500000000000005,1570.0
1.0,7.8500000000000005,1570.0
1.0,7.8500000000000005,1570.0
1.0,7.8500000000000005,1570.0
1.0,7.8500000000000005,1570.0
1.0,7.8500000000000005,1570.0
1.0,7.8500000000000005,1570.0
1.0,7.8500000000000005,1570.0
1.0,7.8500000000000005,1570.0
1.0,7.8500000000000005,1570.0
1.0,7.8500000000000005,1570.0
1.0,7.8500000000000005,1570.0
1.0,7.8500000000000005,1570.0
1.0,7.8500000000000005,1570.0
1.0,7.8500000000000005,1570.0
1.0,8.65,1730.0
1.0,8.65,1730.0
1.0,8.65,1730.0
1.0,8.65,1730.0
1.0,8.65,1730.0
1.0,8.65,1730.0
1.0,8.65,1730.0
1.0,8.65,1730.0
1.0,8.65,1730.0
1.0,8.65,1730.0
1.0,8.65,1730.0
1.0,8.65,1730.0
1.0,8.65,1730.0
1.0,8.25,1650.0
1.0,8.25,1650.0
1.0,8.25,1650.0
1.0,8.25,1650.0
1.0,8.25,1650.0
1.0,8.25,1650.0
1.0,8.25,1650.0
1.0,8.25,1650.0
1.0,7.3500000000000005,1470.0
1.0,7.3500000000000005,1470.0
1.0,7.8500000000000005,1570.0
1.0,7.8500000000000005,1570.0
1.0,7.95,1590.0
1.0,7.95,1590.0
1.0,8.15,1630.0
1.0,8.15,1630.0
1.0,7.95,1590.0
1.0,7.95,1590.0
1.0,7.95,1590.0
1.0,8.25,1650.0
1.0,8.25,1650.0
1.0,8.25,1650.0
1.0,8.2,1640.0
1.0,8.2,1640.0
1.0,8.2,1640.0
1.0,8.1,1620.0
1.0,8.1,1620.0
1.0,8.1,1620.0
1.0,8.05,1610.0
1.0,8.05,1610.0
1.0,8.05,1610.0
1.0,8.9,1780.0
1.0,8.9,1780.0
1.0,8.9,1780.0
1.0,8.9,1780.0
1.0,8.9,1780.0
1.0,8.9,1780.0
1.0,8.9,1780.0
1.0,8.9,1780.0
1.0,8.9,1780.0
1.0,8.9,1780.0
1.0,8.9,1780.0
1.0,8.9,1780.0
1.0,8.9,1780.0
1.0,8.9,1780.0
1.0,7.9,1580.0
1.0,7.46,1492.0
1.0,7.05,1410.0
1.0,7.05,1410.0
1.0,7.05,1410.0
1.0,6.95,1390.0
1.0,6.95,1390.0
1.0,6.95,1390.0
1.0,6.7,1340.0
1.0,6.7,1340.0
1.0,6.7,1340.0
1.0,10.049999999999999,2009.9999999999998
1.0,10.049999999999999,2009.9999999999998
1.0,10.049999999999999,2009.9999999999998
1.0,10.049999999999999,2009.9999999999998
1.0,10.049999999999999,2009.9999999999998
1.0,10.049999999999999,2009.9999999999998
1.0,10.049999999999999,2009.9999999999998
1.0,9.15,1830.0
1.0,9.15,1830.0
1.0,9.15,1830.0
1.0,9.15,1830.0
1.0,9.15,1830.0
1.0,9.15,1830.0
1.0,9.15,1830.0
1.0,9.15,1830.0
1.0,9.15,1830.0
1.0,8.85,1770.0
1.0,8.85,1770.0
1.0,8.85,1770.0
1.0,8.85,1770.0
1.0,8.85,1770.0
1.0,8.85,1770.0
1.0,8.85,1770.0
1.0,8.85,1770.0
1.0,8.85,1770.0
1.0,8.85,1770.0
1.0,8.85,1770.0
1.0,8.85,1770.0
1.0,8.950000000000001,1790.0
1.0,8.950000000000001,1790.0
1.0,8.950000000000001,1790.0
1.0,9.25,1850.0
1.0,9.25,1850.0
1.0,9.25,1850.0
1.0,8.85,1770.0
1.0,8.85,1770.0
1.0,8.85,1770.0
1.0,9.0,1800.0
1.0,9.0,1800.0
1.0,9.0,1800.0
1.0,9.25,1850.0
1.0,9.25,1850.0
1.0,9.25,1850.0
1.0,8.85,1770.0
1.0,8.85,1770.0
1.0,8.85,1770.0
1.0,9.0,1800.0
1.0,9.0,1800.0
1.0,9.0,1800.0
1.0,9.4,1880.0
1.0,9.4,1880.0
1.0,9.4,1880.0
1.0,5.8633500000000005,1172.67
1.0,5.8633500000000005,1172.67
1.0,5.8633500000000005,1172.67
1.0,5.8633500000000005,1172.67
1.0,5.8633500000000005,1172.67
1.0,5.8633500000000005,1172.67
1.0,5.8633500000000005,1172.67
1.0,5.8633500000000005,1172.67
1.0,5.8633500000000005,1172.67
1.0,5.8633500000000005,1172.67
1.0,5.8633500000000005,1172.67
1.0,5.8633500000000005,1172.67
1.0,5.8633500000000005,1172.67
1.0,5.8633500000000005,1172.67
1.0,5.8633500000000005,1172.67
1.0,5.8633500000000005,1172.67
1.0,5.8633500000000005,1172.67
1.0,5.8633500000000005,1172.67
1.0,5.8633500000000005,1172.67
1.0,5.8633500000000005,1172.67
1.0,5.8633500000000005,1172.67
1.0,5.8633500000000005,1172.67
1.0,5.8633500000000005,1172.67
1.0,5.8633500000000005,1172.67
1.0,5.8633500000000005,1172.67
1.0,5.8633500000000005,1172.67
1.0,5.8633500000000005,1172.67
1.0,5.8633500000000005,1172.67
1.0,5.8633500000000005,1172.67
1.0,5.8633500000000005,1172.67
1.0,5.8633500000000005,1172.67
1.0,5.8633500000000005,1172.67
1.0,5.8633500000000005,1172.67
1.0,5.8633500000000005,1172.67
1.0,5.8633500000000005,1172.67
1.0,5.8633500000000005,1172.67
1.0,5.8633500000000005,1172.67
1.0,5.8633500000000005,1172.67
1.0,5.8633500000000005,1172.67
1.0,5.8633500000000005,1172.67
1.0,5.8633500000000005,1172.67
1.0,5.8633500000000005,1172.67
1.0,5.8633500000000005,1172.67
1.0,5.8633500000000005,1172.67
1.0,5.8633500000000005,1172.67
1.0,5.8633500000000005,1172.67
1.0,5.8633500000000005,1172.67
1.0,5.8633500000000005,1172.67
1.0,5.8633500000000005,1172.67
1.0,5.8633500000000005,1172.67
1.0,5.8633500000000005,1172.67
1.0,5.8633500000000005,1172.67
1.0,5.8633500000000005,1172.67
1.0,5.8633500000000005,1172.67
1.0,5.8633500000000005,1172.67
1.0,5.8633500000000005,1172.67
1.0,5.8633500000000005,1172.67
1.0,5.8633500000000005,1172.67
1.0,5.8633500000000005,1172.67
1.0,5.8633500000000005,1172.67
1.0,7.55,1510.0
1.0,7.55,1510.0
1.0,7.55,1510.0
1.0,7.55,1510.0
1.0,7.5,1500.0
1.0,7.5,1500.0
1.0,7.5,1500.0
1.0,7.5,1500.0
1.0,7.4,1480.0
1.0,7.4,1480.0
1.0,7.4,1480.0
1.0,7.4,1480.0
1.0,7.25,1450.0
1.0,7.25,1450.0
1.0,7.25,1450.0
1.0,7.25,1450.0
1.0,7.15,1430.0
1.0,7.15,1430.0
1.0,7.15,1430.0
1.0,7.15,1430.0
1.0,6.9,1380.0
1.0,6.9,1380.0
1.0,6.9,1380.0
1.0,6.9,1380.0
1.0,8.25,1650.0
1.0,8.4018,1650.0
1.0,8.5536,1650.0
1.0,8.7054,1650.0
1.0,8.8572,1650.0
1.0,8.25,1650.0
1.0,8.4018,1650.0
1.0,8.5536,1650.0
1.0,8.7054,1650.0
1.0,8.8572,1650.0
1.0,8.25,1650.0
1.0,8.4018,1650.0
1.0,8.5536,1650.0
1.0,8.7054,1650.0
1.0,8.8572,1650.0
1.0,8.25,1650.0
1.0,8.4018,1650.0
1.0,8.5536,1650.0
1.0,8.7054,1650.0
1.0,8.8572,1650.0
1.0,8.4018,1650.0
1.0,8.5536,1650.0
1.0,8.7054,1650.0
1.0,8.8572,1650.0
1.0,8.4018,1650.0
1.0,8.5536,1650.0
1.0,8.7054,1650.0
1.0,8.8572,1650.0
1.0,8.4018,1650.0
1.0,8.5536,1650.0
1.0,8.7054,1650.0
1.0,8.8572,1650.0
1.0,8.4018,1650.0
1.0,8.5536,1650.0
1.0,8.7054,1650.0
1.0,8.8572,1650.0
1.0,8.25,1650.0
1.0,8.4018,1650.0
1.0,8.5536,1650.0
1.0,8.7054,1650.0
1.0,8.8572,1650.0
1.0,8.25,1650.0
1.0,8.4018,1650.0
1.0,8.5536,1650.0
1.0,8.7054,1650.0
1.0,8.8572,1650.0
1.0,8.25,1650.0
1.0,8.4018,1650.0
1.0,8.5536,1650.0
1.0,8.7054,1650.0
1.0,8.8572,1650.0
1.0,8.25,1650.0
1.0,8.4018,1650.0
1.0,8.5536,1650.0
1.0,8.7054,1650.0
1.0,8.8572,1650.0
1.0,8.4018,1650.0
1.0,8.5536,1650.0
1.0,8.7054,1650.0
1.0,8.8572,1650.0
1.0,8.4018,1650.0
1.0,8.5536,1650.0
1.0,8.7054,1650.0
1.0,8.8572,1650.0
1.0,8.4018,1650.0
1.0,8.5536,1650.0
1.0,8.7054,1650.0
1.0,8.8572,1650.0
1.0,8.4018,1650.0
1.0,8.5536,1650.0
1.0,8.7054,1650.0
1.0,8.8572,1650.0
1.0,7.95,1590.0
1.0,7.91,1582.0
1.0,7.88,1576.0
1.0,7.855,1571.0
1.0,7.8950000000000005,1579.0
1.0,7.6000000000000005,1520.0
1.0,7.5,1500.0
1.0,7.385,1477.0
1.0,7.335,1467.0
1.0,7.4,1480.0
1.0,8.25,1650.0
1.0,15.84,1650.0
1.0,23.43,1650.0
1.0,31.02,1650.0
1.0,38.61,1650.0
1.0,46.2,1650.0
1.0,8.25,1650.0
1.0,15.84,1650.0
1.0,23.43,1650.0
1.0,31.02,1650.0
1.0,38.61,1650.0
1.0,46.2,1650.0
1.0,8.25,1650.0
1.0,15.84,1650.0
1.0,23.43,1650.0
1.0,31.02,1650.0
1.0,38.61,1650.0
1.0,46.2,1650.0
1.0,9.0398,1807.96
1.0,9.0398,1807.96
1.0,9.0398,1807.96
1.0,9.0398,1807.96
1.0,9.0398,1807.96
1.0,9.0398,1807.96
1.0,9.0398,1807.96
1.0,9.0398,1807.96
1.0,9.0398,1807.96
1.0,9.0398,1807.96
1.0,9.0398,1807.96
1.0,9.0398,1807.96
1.0,9.0398,1807.96
1.0,9.0398,1807.96
1.0,9.0398,1807.96
1.0,9.0398,1807.96
1.0,9.0398,1807.96
1.0,9.0398,1807.96
1.0,9.0398,1807.96
1.0,9.0398,1807.96
1.0,9.0398,1807.96
1.0,9.0398,1807.96
1.0,9.0398,1807.96
1.0,9.0398,1807.96
1.0,9.0398,1807.96
1.0,9.0398,1807.96
1.0,9.0398,1807.96
1.0,9.0398,1807.96
1.0,9.0398,1807.96
1.0,9.0398,1807.96
1.2,1719.3900000000003,1549.0
1.2,1618.27128,1549.0
1.2,1517.15256,1549.0
1.2,1416.0338399999998,1549.0
1.2,1314.91512,1549.0
1.2,1383.31896,1549.0
1.2,1299.3011999999999,1549.0
1.2,1215.2834400000002,1549.0
1.2,1047.24792,1549.0
1.2,1882.56,1696.0
1.2,1771.84512,1696.0
1.2,1661.1302399999997,1696.0
1.2,1550.41536,1696.0
1.2,1439.7004799999997,1696.0
1.2,1514.5958400000002,1696.0
1.2,1422.6047999999998,1696.0
1.2,1330.61376,1696.0
1.2,1146.63168,1696.0
1.2,1719.3900000000003,1549.0
1.2,1618.27128,1549.0
1.2,1517.15256,1549.0
1.2,1416.0338399999998,1549.0
1.2,1314.91512,1549.0
1.2,1383.31896,1549.0
1.2,1299.3011999999999,1549.0
1.2,1215.2834400000002,1549.0
1.2,1047.24792,1549.0
1.2,1882.56,1696.0
1.2,1771.84512,1696.0
1.2,1661.1302399999997,1696.0
1.2,1550.41536,1696.0
1.2,1439.7004799999997,1696.0
1.2,1514.5958400000002,1696.0
1.2,1422.6047999999998,1696.0
1.2,1330.61376,1696.0
1.2,1146.63168,1696.0
1.2,1719.3900000000003,1549.0
1.2,1618.27128,1549.0
1.2,1517.15256,1549.0
1.2,1416.0338399999998,1549.0
1.2,1314.91512,1549.0
1.2,1383.31896,1549.0
1.2,1299.3011999999999,1549.0
1.2,1215.2834400000002,1549.0
1.2,1047.24792,1549.0
1.2,1882.56,1696.0
1.2,1771.84512,1696.0
1.2,1661.1302399999997,1696.0
1.2,1550.41536,1696.0
1.2,1439.7004799999997,1696.0
1.2,1514.5958400000002,1696.0
1.2,1422.6047999999998,1696.0
1.2,1330.61376,1696.0
1.2,1146.63168,1696.0
1.2,1719.3900000000003,1549.0
1.2,1618.27128,1549.0
1.2,1517.15256,1549.0
1.2,1416.0338399999998,1549.0
1.2,1314.91512,1549.0
1.2,1383.31896,1549.0
1.2,1299.3011999999999,1549.0
1.2,1215.2834400000002,1549.0
1.2,1047.24792,1549.0
1.2,1882.56,1696.0
1.2,1771.84512,1696.0
1.2,1661.1302399999997,1696.0
1.2,1550.41536,1696.0
1.2,1439.7004799999997,1696.0
1.2,1514.5958400000002,1696.0
1.2,1422.6047999999998,1696.0
1.2,1330.61376,1696.0
1.2,1146.63168,1696.0
1.2,1719.3900000000003,1549.0
1.2,1618.27128,1549.0
1.2,1517.15256,1549.0
1.2,1416.0338399999998,1549.0
1.2,1314.91512,1549.0
1.2,1383.31896,1549.0
1.2,1299.3011999999999,1549.0
1.2,1215.2834400000002,1549.0
1.2,1047.24792,1549.0
1.2,1882.56,1696.0
1.2,1771.84512,1696.0
1.2,1661.1302399999997,1696.0
1.2,1550.41536,1696.0
1.2,1439.7004799999997,1696.0
1.2,1514.5958400000002,1696.0
1.2,1422.6047999999998,1696.0
1.2,1330.61376,1696.0
1.2,1146.63168,1696.0
1.2,1863.69,1679.0
1.2,1708.172004,1680.61
1.2,1641.2322239999999,1692.69
1.2,1559.9288040000001,1690.43
1.2,1476.8396400000001,1685.89
1.2,1863.69,1679.0
1.2,1708.172004,1680.61
1.2,1641.2322239999999,1692.69
1.2,1559.9288040000001,1690.43
1.2,1476.8396400000001,1685.89
1.2,1863.69,1679.0
1.2,1708.172004,1680.61
1.2,1641.2322239999999,1692.69
1.2,1559.9288040000001,1690.43
1.2,1476.8396400000001,1685.89
1.2,1539.363595111478,1386.81404964998
1.2,1492.4729647739068,1468.39134668822
1.2,1383.2613583639634,1498.9828330775501
1.2,1259.8675388639317,1519.37715733711
1.2,1125.1548693998443,1529.57431946689
1.2,975.4401350104246,1519.37715733711
1.2,1539.363595111478,1386.81404964998
1.2,1492.4729647739068,1468.39134668822
1.2,1383.2613583639634,1498.9828330775501
1.2,1259.8675388639317,1519.37715733711
1.2,1125.1548693998443,1529.57431946689
1.2,975.4401350104246,1519.37715733711
1.2,1539.363595111478,1386.81404964998
1.2,1492.4729647739068,1468.39134668822
1.2,1383.2613583639634,1498.9828330775501
1.2,1259.8675388639317,1519.37715733711
1.2,1125.1548693998443,1529.57431946689
1.2,975.4401350104246,1519.37715733711
1.2,1539.363595111478,1386.81404964998
1.2,1492.4729647739068,1468.39134668822
1.2,1383.2613583639634,1498.9828330775501
1.2,1259.8675388639317,1519.37715733711
1.2,1125.1548693998443,1529.57431946689
1.2,975.4401350104246,1519.37715733711
1.2,1539.363595111478,1386.81404964998
1.2,1492.4729647739068,1468.39134668822
1.2,1383.2613583639634,1498.9828330775501
1.2,1259.8675388639317,1519.37715733711
1.2,1125.1548693998443,1529.57431946689
1.2,975.4401350104246,1519.37715733711
1.2,292.426530612245,1680.61224489796
1.2,1842.6829102040783,1733.14795918367
1.2,1766.367334285712,1737.86632653061
1.2,1696.98303673469,1750.1887755102
1.2,1632.6130518367318,1769.19489795918
1.2,1575.6513673469353,1798.6887755102
1.2,1488.646683673471,1795.2806122449
1.2,1898.1860816326553,1710.07755102041
1.2,1572.532897959183,1802.04081632653
1.2,1573.5742040816297,1810.2040816326498
1.2,1576.3278367346973,1820.40816326531
1.2,1573.3021224489764,1827.55102040816
1.2,292.426530612245,1680.61224489796
1.2,1842.6829102040783,1733.14795918367
1.2,1766.367334285712,1737.86632653061
1.2,1696.98303673469,1750.1887755102
1.2,1632.6130518367318,1769.19489795918
1.2,1575.6513673469353,1798.6887755102
1.2,1488.646683673471,1795.2806122449
1.2,1898.1860816326553,1710.07755102041
1.2,1572.532897959183,1802.04081632653
1.2,1573.5742040816297,1810.2040816326498
1.2,1576.3278367346973,1820.40816326531
1.2,1573.3021224489764,1827.55102040816
1.2,292.426530612245,1680.61224489796
1.2,1842.6829102040783,1733.14795918367
1.2,1766.367334285712,1737.86632653061
1.2,1696.98303673469,1750.1887755102
1.2,1632.6130518367318,1769.19489795918
1.2,1575.6513673469353,1798.6887755102
1.2,1488.646683673471,1795.2806122449
1.2,1898.1860816326553,1710.07755102041
1.2,1572.532897959183,1802.04081632653
1.2,1573.5742040816297,1810.2040816326498
1.2,1576.3278367346973,1820.40816326531
1.2,1573.3021224489764,1827.55102040816
1.2,292.426530612245,1680.61224489796
1.2,1842.6829102040783,1733.14795918367
1.2,1766.367334285712,1737.86632653061
1.2,1696.98303673469,1750.1887755102
1.2,1632.6130518367318,1769.19489795918
1.2,1575.6513673469353,1798.6887755102
1.2,1488.646683673471,1795.2806122449
1.2,1898.1860816326553,1710.07755102041
1.2,1572.532897959183,1802.04081632653
1.2,1573.5742040816297,1810.2040816326498
1.2,1576.3278367346973,1820.40816326531
1.2,1573.3021224489764,1827.55102040816
1.2,1854.5244,1835.0
1.2,1793.7492,1835.0
1.2,1732.974,1835.0
1.2,1631.6819999999998,1835.0
1.2,1530.39,1835.0
1.2,1854.5244,1835.0
1.2,1793.7492,1835.0
1.2,1732.974,1835.0
1.2,1631.6819999999998,1835.0
1.2,1530.39,1835.0
1.2,1624.368,1720.0
1.2,1624.368,1720.0
1.2,1624.368,1720.0
1.2,1624.368,1720.0
1.2,1605.3792,1720.0
1.2,1586.3904,1720.0
1.2,1567.4016,1720.0
1.2,1548.4128,1720.0
1.2,1529.424,1720.0
1.2,1624.368,1720.0
1.2,1624.368,1720.0
1.2,1624.368,1720.0
1.2,1624.368,1720.0
1.2,1605.3792,1720.0
1.2,1586.3904,1720.0
1.2,1567.4016,1720.0
1.2,1548.4128,1720.0
1.2,1529.424,1720.0
1.2,1624.368,1720.0
1.2,1624.368,1720.0
1.2,1624.368,1720.0
1.2,1624.368,1720.0
1.2,1605.3792,1720.0
1.2,1586.3904,1720.0
1.2,1567.4016,1720.0
1.2,1548.4128,1720.0
1.2,1529.424,1720.0
1.2,909.06,1090.0
1.2,918.2159999999999,1090.0
1.2,927.372,1090.0
1.2,936.5279999999999,1090.0
1.2,945.684,1090.0
1.2,909.06,1090.0
1.2,910.3679999999999,1090.0
1.2,911.6759999999999,1090.0
1.2,912.9839999999999,1090.0
1.2,914.2919999999999,1090.0
1.2,909.06,1090.0
1.2,918.2159999999999,1090.0
1.2,927.372,1090.0
1.2,936.5279999999999,1090.0
1.2,945.684,1090.0
1.2,909.06,1090.0
1.2,910.3679999999999,1090.0
1.2,911.6759999999999,1090.0
1.2,912.9839999999999,1090.0
1.2,914.2919999999999,1090.0
1.2,909.06,1090.0
1.2,918.2159999999999,1090.0
1.2,927.372,1090.0
1.2,936.5279999999999,1090.0
1.2,945.684,1090.0
1.2,909.06,1090.0
1.2,910.3679999999999,1090.0
1.2,911.6759999999999,1090.0
1.2,912.9839999999999,1090.0
1.2,914.2919999999999,1090.0
1.2,909.06,1090.0
1.2,918.2159999999999,1090.0
1.2,927.372,1090.0
1.2,936.5279999999999,1090.0
1.2,945.684,1090.0
1.2,909.06,1090.0
1.2,918.2159999999999,1090.0
1.2,927.372,1090.0
1.2,936.5279999999999,1090.0
1.2,945.684,1090.0
1.2,909.06,1090.0
1.2,918.2159999999999,1090.0
1.2,927.372,1090.0
1.2,936.5279999999999,1090.0
1.2,945.684,1090.0
1.2,890.6436,891.0
1.2,841.4604,891.0
1.2,822.7280160000001,891.0
1.2,792.362736,891.0
1.2,902.61864,891.0
1.2,841.4604,891.0
1.2,817.3392480000001,891.0
1.2,785.776464,891.0
1.2,899.62488,891.0
1.2,859.4229600000001,891.0
1.2,811.9504800000001,891.0
1.2,779.190192,891.0
1.2,896.63112,891.0
1.2,854.93232,891.0
1.2,833.5055520000001,891.0
1.2,772.60392,891.0
1.2,893.63736,891.0
1.2,850.44168,891.0
1.2,828.116784,891.0
1.2,798.949008,891.0
1.2,1585.69416,1569.0
1.2,1568.3724000000002,1569.0
1.2,1551.05064,1569.0
1.2,1533.7288800000001,1569.0
1.2,1516.40712,1569.0
1.2,1551.05064,1569.0
1.2,1517.1602400000002,1569.0
1.2,1500.21504,1569.0
1.2,1483.2698399999997,1569.0
1.2,1551.05064,1569.0
1.2,1517.1602400000002,1569.0
1.2,1500.21504,1569.0
1.2,1483.2698399999997,1569.0
1.2,1551.05064,1569.0
1.2,1517.1602400000002,1569.0
1.2,1500.21504,1569.0
1.2,1483.2698399999997,1569.0
1.2,1551.05064,1569.0
1.2,1517.1602400000002,1569.0
1.2,1500.21504,1569.0
1.2,1483.2698399999997,1569.0
1.2,1551.05064,1569.0
1.2,1517.1602400000002,1569.0
1.2,1500.21504,1569.0
1.2,1483.2698399999997,1569.0
1.2,1551.05064,1569.0
1.2,1517.1602400000002,1569.0
1.2,1500.21504,1569.0
1.2,1483.2698399999997,1569.0
1.2,1714.9176,1770.0
1.2,1484.676,1770.0
1.2,1254.4343999999999,1770.0
1.2,1293.5159999999998,1770.0
1.2,1636.7543999999998,1770.0
1.2,1523.7576000000001,1770.0
1.2,1445.5944,1770.0
1.2,1332.5975999999998,1770.0
1.2,1675.836,1770.0
1.2,1714.9176,1770.0
1.2,1484.676,1770.0
1.2,1254.4343999999999,1770.0
1.2,1293.5159999999998,1770.0
1.2,1636.7543999999998,1770.0
1.2,1523.7576000000001,1770.0
1.2,1445.5944,1770.0
1.2,1332.5975999999998,1770.0
1.2,1675.836,1770.0
1.2,1714.9176,1770.0
1.2,1484.676,1770.0
1.2,1254.4343999999999,1770.0
1.2,1293.5159999999998,1770.0
1.2,1636.7543999999998,1770.0
1.2,1523.7576000000001,1770.0
1.2,1445.5944,1770.0
1.2,1332.5975999999998,1770.0
1.2,1675.836,1770.0
1.2,1853.7,1670.0
1.2,1776.2784000000001,1720.0
1.2,1643.256,1740.0
1.2,1378.4759999999999,1770.0
1.2,1576.2,1420.0
1.2,1611.0432000000003,1560.0
1.2,1444.932,1530.0
1.2,1168.2,1500.0
1.2,1431.8999999999999,1290.0
1.2,1082.532,1390.0
1.2,1565.1000000000001,1410.0
1.2,1554.0,1400.0
1.2,1354.2,1220.0
1.2,1561.77,1407.0
1.2,1912.53,1723.0
1.2,1431.8999999999999,1290.0
1.2,1501.83,1353.0
1.2,1560.6599999999999,1406.0
1.2,2239.9103999999998,2080.0
1.2,2171.0208,2080.0
1.2,2067.408,1960.0
1.2,1993.572,1890.0
1.2,1740.4200000000003,1650.0
1.2,1758.636,1650.0
1.2,2216.9472,2080.0
1.2,2171.0208,2080.0
1.2,2344.848,2200.0
1.2,2236.176,2120.0
1.2,2212.7711999999997,2120.0
1.2,1795.2672,1720.0
1.2,1814.2559999999999,1720.0
1.2,2004.0191999999997,1920.0
1.2,2004.1200000000001,1900.0
1.2,2087.52,2000.0
1.2,2087.52,2000.0
1.2,1805.7047999999998,1730.0
1.2,2131.68,2000.0
1.2,2087.52,2000.0
1.2,1826.5800000000002,1750.0
1.2,1743.0792000000001,1670.0
1.2,2088.504,1980.0
1.2,2066.6448,1980.0
1.2,1961.928,1860.0
1.2,1680.4536,1610.0
1.2,1680.4536,1610.0
1.2,2077.0824,1990.0
1.2,2077.956,1970.0
1.2,2056.2072,1970.0
1.2,1763.9544,1690.0
1.2,2181.4584,2090.0
1.2,1897.1951999999999,1780.0
1.2,2046.3120000000001,1940.0
1.2,2024.8944,1940.0
1.2,2212.7711999999997,2120.0
1.2,1899.6432,1820.0
1.2,2045.7695999999999,1960.0
1.2,2025.2160000000001,1920.0
1.2,1774.392,1700.0
1.2,2355.5064,2210.0
1.2,1722.2040000000002,1650.0
1.2,2191.896,2100.0
1.2,2151.792,2040.0
1.2,1972.7063999999998,1890.0
1.2,1983.1440000000002,1900.0
1.2,2244.084,2150.0
1.2,2004.0191999999997,1920.0
1.2,2014.4567999999997,1930.0
1.2,1899.6432,1820.0
1.2,1941.3936,1860.0
1.2,2066.6448,1980.0
1.2,2056.2072,1970.0
1.2,1774.392,1700.0
1.2,1503.0144,1440.0
1.2,1941.3936,1860.0
1.2,1837.0176,1760.0
1.2,2097.9575999999997,2009.9999999999998
1.2,1837.0176,1760.0
1.2,1586.5152,1520.0
1.2,2244.084,2150.0
1.2,2097.9575999999997,2009.9999999999998
1.2,1586.5152,1520.0
1.2,1617.828,1550.0
1.2,1951.8311999999999,1870.0
1.2,2191.896,2100.0
1.2,1659.5783999999999,1590.0
1.2,1909.2,1720.0
1.2,1966.92,1772.0
1.2,1397.6351782321847,1438.5321100917402
1.2,1432.658388294074,1438.5321100917402
1.2,1469.859494878346,1438.5321100917402
1.2,1509.4481636596222,1438.5321100917402
1.2,1551.6618652012264,1438.5321100917402
1.2,1388.6924995079623,1438.5321100917402
1.2,1425.0941210949786,1438.5321100917402
1.2,1463.8498520167318,1438.5321100917402
1.2,1505.1956851289717,1438.5321100917402
1.2,1549.4002472714226,1438.5321100917402
1.2,1381.763464037827,1438.5321100917402
1.2,1419.2213146173735,1438.5321100917402
1.2,1459.1740359080277,1438.5321100917402
1.2,1501.8794700179249,1438.5321100917402
1.2,1547.6322569898139,1438.5321100917402
1.2,1369.7358744470632,1438.5321100917402
1.2,1409.0025974438622,1438.5321100917402
1.2,1451.0171699157313,1438.5321100917402
1.2,1496.0784881075176,1438.5321100917402
1.2,1357.9171602582533,1438.5321100917402
1.2,1398.930870038147,1438.5321100917402
1.2,1442.9515282685068,1438.5321100917402
1.2,1490.3224031755349,1438.5321100917402
1.2,1541.4410791031291,1438.5321100917402
1.2,1377.5108605624798,1438.5321100917402
1.2,1415.6118414830187,1438.5321100917402
1.2,1456.2958929296606,1438.5321100917402
1.2,1499.8349119613051,1438.5321100917402
1.2,1546.540343530935,1438.5321100917402
1.2,1363.7084238209547,1438.5321100917402
1.2,1403.8698790476133,1438.5321100917402
1.2,1446.9100323941109,1438.5321100917402
1.2,1493.1498982764538,1438.5321100917402
1.2,1669.3675340792058,1558.4097859327198
1.2,1454.203872128478,1558.4097859327198
1.2,1501.0430740350478,1558.4097859327198
1.2,1551.540369587206,1558.4097859327198
1.2,1606.1417131177593,1558.4097859327198
1.2,1665.3686171272707,1558.4097859327198
1.2,1506.9957337672993,1558.4097859327198
1.2,1546.005185745139,1558.4097859327198
1.2,1587.5254991249476,1558.4097859327198
1.2,1631.8071541774373,1558.4097859327198
1.2,1679.1350939420895,1558.4097859327198
1.2,1497.0379726861574,1558.4097859327198
1.2,1537.5668073338468,1558.4097859327198
1.2,1580.808199592398,1558.4097859327198
1.2,1627.043901646499,1558.4097859327198
1.2,1676.5960857905288,1558.4097859327198
1.2,1489.3253274398633,1558.4097859327198
1.2,1531.0174513793104,1558.4097859327198
1.2,1575.5831297888606,1558.4097859327198
1.2,1623.330047832178,1558.4097859327198
1.2,1674.6114436177893,1558.4097859327198
1.2,1475.943545790627,1558.4097859327198
1.2,1519.625907594966,1558.4097859327198
1.2,1566.4709083266,1558.4097859327198
1.2,1616.8349151119132,1558.4097859327198
1.2,1671.129925297153,1558.4097859327198
1.2,1462.8015890754593,1558.4097859327198
1.2,1508.4036558065975,1558.4097859327198
1.2,1557.4641019773997,1558.4097859327198
1.2,1610.3918495402258,1558.4097859327198
1.2,1667.662934046803,1558.4097859327198
1.2,1484.5930489801526,1558.4097859327198
1.2,1526.9930760411855,1558.4097859327198
1.2,1572.3674832126635,1558.4097859327198
1.2,1621.040628484235,1558.4097859327198
1.2,1673.3858107775468,1558.4097859327198
1.2,1469.2403318372199,1558.4097859327198
1.2,1513.9061894301583,1558.4097859327198
1.2,1561.8840810287568,1558.4097859327198
1.2,1613.5565784737012,1558.4097859327198
1.2,1669.3675340792058,1558.4097859327198
1.2,1454.203872128478,1558.4097859327198
1.2,1501.0430740350478,1558.4097859327198
1.2,1551.540369587206,1558.4097859327198
1.2,1606.1417131177593,1558.4097859327198
1.2,1665.3686171272707,1558.4097859327198
1.2,1632.2173500919614,1688.27726809378
1.2,1674.5315394523693,1688.27726809378
1.2,1719.5736408647906,1688.27726809378
1.2,1767.6162353461439,1688.27726809378
1.2,1818.9694713277024,1688.27726809378
1.2,1621.4161416040602,1688.27726809378
1.2,1665.377619962879,1688.27726809378
1.2,1712.2860678521197,1688.27726809378
1.2,1762.4480882204793,1688.27726809378
1.2,1816.214344012662,1688.27726809378
1.2,1613.050363660162,1688.27726809378
1.2,1658.2730115202653,1688.27726809378
1.2,1706.617477612058,1688.27726809378
1.2,1758.4185773603988,1688.27726809378
1.2,1814.060779981135,1688.27726809378
1.2,1598.5356738269318,1688.27726809378
1.2,1645.9159186771751,1688.27726809378
1.2,1696.731925093915,1688.27726809378
1.2,1751.371467268752,1688.27726809378
1.2,1810.2829549754797,1688.27726809378
1.2,1584.2814904995853,1688.27726809378
1.2,1633.742743573324,1688.27726809378
1.2,1686.9609127467625,1688.27726809378
1.2,1744.3809409422292,1688.27726809378
1.2,1806.5209200801066,1688.27726809378
1.2,1607.9174038162673,1688.27726809378
1.2,1653.9074971833238,1688.27726809378
1.2,1703.1289065224403,1688.27726809378
1.2,1755.9345851553314,1688.27726809378
1.2,1812.7308323492878,1688.27726809378
1.2,1591.2651084519352,1688.27726809378
1.2,1639.7115029387053,1688.27726809378
1.2,1691.7558942543124,1688.27726809378
1.2,1747.8145622644183,1688.27726809378
1.2,1808.3705795726516,1688.27726809378
1.2,1574.9563364576773,1688.27726809378
1.2,1625.7586081317395,1688.27726809378
1.2,1680.5346626874455,1688.27726809378
1.2,1739.7697247706408,1688.27726809378
1.2,1804.0313696407052,1688.27726809378
1.2,1578.8017508712812,1688.27726809378
1.2,1629.9599715260767,1688.27726809378
1.2,1684.6497559768493,1688.27726809378
1.2,1743.2498649152876,1688.27726809378
1.2,1564.5971874166253,1688.27726809378
1.2,1617.8151580725928,1688.27726809378
1.2,1674.8922109009854,1688.27726809378
1.2,1736.263897799329,1688.27726809378
1.2,1550.6475643868555,1688.27726809378
1.2,1605.851102881769,1688.27726809378
1.2,1665.2477228221271,1688.27726809378
1.2,1729.3340235096937,1688.27726809378
1.2,1573.7784637979414,1688.27726809378
1.2,1625.6694512618133,1688.27726809378
1.2,1681.2063581905518,1688.27726809378
1.2,1740.787424619163,1688.27726809378
1.2,1557.4819677042537,1688.27726809378
1.2,1611.7173264314144,1688.27726809378
1.2,1670.7454937450445,1688.27726809378
1.2,1733.28738386938,1688.27726809378
1.2,1542.9392462422902,1688.27726809378
1.2,1599.2240928898912,1688.27726809378
1.2,1659.8917445465468,1688.27726809378
1.2,1725.4748622412917,1688.27726809378
1.2,1578.172581980748,1688.27726809378
1.2,1628.3529432993128,1688.27726809378
1.2,1683.992091814706,1688.27726809378
1.2,1741.9292363503625,1688.27726809378
1.2,1806.3584160701846,1688.27726809378
1.2,1572.1114085207905,1688.27726809378
1.2,1623.1702957920538,1688.27726809378
1.2,1679.8227079833503,1688.27726809378
1.2,1738.9429532154577,1688.27726809378
1.2,1804.747848359984,1688.27726809378
1.2,1584.960279262809,1688.27726809378
1.2,1635.378133450458,1688.27726809378
1.2,1687.6320441801943,1688.27726809378
1.2,1745.7061287177182,1688.27726809378
1.2,1806.3584160701846,1688.27726809378
1.2,1578.872868376479,1688.27726809378
1.2,1630.1729865238165,1688.27726809378
1.2,1683.4535936786726,1688.27726809378
1.2,1742.7133327795098,1688.27726809378
1.2,1804.747848359984,1688.27726809378
1.2,1571.3848846986866,1688.27726809378
1.2,1623.0840506859536,1688.27726809378
1.2,1678.5321632664736,1688.27726809378
1.2,1740.0407901666847,1688.27726809378
1.2,1804.3961466175406,1688.27726809378
1.2,1565.3499486651021,1688.27726809378
1.2,1617.9182777432318,1688.27726809378
1.2,1674.376379440367,1688.27726809378
1.2,1737.057763433432,1688.27726809378
1.2,1591.7479765448707,1688.27726809378
1.2,1640.6470260638173,1688.27726809378
1.2,1693.0919727284268,1688.27726809378
1.2,1747.594574901396,1688.27726809378
1.2,1585.6343282321675,1688.27726809378
1.2,1635.4250045726387,1688.27726809378
1.2,1688.8999222216564,1688.27726809378
1.2,1744.5985225615357,1688.27726809378
1.2,1806.708358366449,1688.27726809378
1.2,1338.1069226650015,1438.5321100917402
1.2,1297.6113435205625,1438.5321100917402
1.2,1259.9454156010454,1438.5321100917402
1.2,1224.8225659384336,1438.5321100917402
1.2,1161.2410568375742,1438.5321100917402
1.2,1324.122083475133,1438.5321100917402
1.2,1281.95552928829,1438.5321100917402
1.2,1242.8596563796314,1438.5321100917402
1.2,1206.5108260299528,1438.5321100917402
1.2,1140.9722112161753,1438.5321100917402
1.2,1333.9270153241525,1438.5321100917402
1.2,1292.926600818296,1438.5321100917402
1.2,1254.8273091877782,1438.5321100917402
1.2,1219.3317439505117,1438.5321100917402
1.2,1155.1524479201228,1438.5321100917402
1.2,1318.2187591594536,1438.5321100917402
1.2,1275.3622890806018,1438.5321100917402
1.2,1235.6798173011957,1438.5321100917402
1.2,1198.8313299098625,1438.5321100917402
1.2,1132.5028929173495,1438.5321100917402
1.2,1440.8441071061354,1558.4097859327198
1.2,1395.978966197508,1558.4097859327198
1.2,1354.33988017206,1558.4097859327198
1.2,1315.5909677823588,1558.4097859327198
1.2,1245.6381427977847,1558.4097859327198
1.2,1425.31988550707,1558.4097859327198
1.2,1378.6359328656752,1558.4097859327198
1.2,1335.4490107634795,1558.4097859327198
1.2,1295.380368443412,1558.4097859327198
1.2,1223.3379780371536,1558.4097859327198
1.2,1436.203025000833,1558.4097859327198
1.2,1390.7880201877265,1558.4097859327198
1.2,1348.679473735572,1558.4097859327198
1.2,1309.5289765593548,1558.4097859327198
1.2,1238.9371799810378,1558.4097859327198
1.2,1418.7698194830957,1558.4097859327198
1.2,1371.335939778813,1558.4097859327198
1.2,1327.5150916416717,1558.4097859327198
1.2,1286.9096138534017,1558.4097859327198
1.2,1214.025963499389,1558.4097859327198
1.2,1560.4693173517403,1688.27726809378
1.2,1511.8155130234243,1688.27726809378
1.2,1466.6648057404072,1688.27726809378
1.2,1424.6520054519883,1688.27726809378
1.2,1348.8166746847062,1688.27726809378
1.2,1543.6325925131307,1688.27726809378
1.2,1493.0080330651942,1688.27726809378
1.2,1446.1806228228602,1688.27726809378
1.2,1402.738590601385,1688.27726809378
1.2,1324.6411942255336,1688.27726809378
1.2,1555.4357981815429,1688.27726809378
1.2,1506.1861757422507,1688.27726809378
1.2,1460.5269037076878,1688.27726809378
1.2,1418.0791790472488,1688.27726809378
1.2,1341.5520902523647,1688.27726809378
1.2,1536.5289035621709,1688.27726809378
1.2,1485.0918207461814,1688.27726809378
1.2,1437.577759164938,1688.27726809378
1.2,1393.5544013747008,1688.27726809378
1.2,1314.5464001658997,1688.27726809378
1.2,1591.4613083135562,1688.27726809378
1.2,1591.4613083135562,1688.27726809378
1.2,1591.4613083135562,1688.27726809378
1.2,1591.4613083135562,1688.27726809378
1.2,1591.4613083135562,1688.27726809378
1.2,1591.4613083135562,1688.27726809378
1.2,1591.4613083135562,1688.27726809378
1.2,1591.4613083135562,1688.27726809378
1.2,1591.4613083135562,1688.27726809378
1.2,1591.4613083135562,1688.27726809378
1.2,1591.4613083135562,1688.27726809378
1.2,1591.4613083135562,1688.27726809378
1.2,1591.4613083135562,1688.27726809378
1.2,1598.5356738269318,1688.27726809378
1.2,1598.5356738269318,1688.27726809378
1.2,1598.5356738269318,1688.27726809378
1.2,1598.5356738269318,1688.27726809378
1.2,1598.5356738269318,1688.27726809378
1.2,1598.5356738269318,1688.27726809378
1.2,1598.5356738269318,1688.27726809378
1.2,1598.5356738269318,1688.27726809378
1.2,1598.5356738269318,1688.27726809378
1.2,1598.5356738269318,1688.27726809378
1.2,1592.3957880878559,1688.27726809378
1.2,1592.3957880878559,1688.27726809378
1.2,1592.3957880878559,1688.27726809378
1.2,1592.3957880878559,1688.27726809378
1.2,1592.3957880878559,1688.27726809378
1.2,1592.3957880878559,1688.27726809378
1.2,1592.3957880878559,1688.27726809378
1.2,1592.3957880878559,1688.27726809378
1.2,1592.3957880878559,1688.27726809378
1.2,1592.3957880878559,1688.27726809378
1.2,9.9,1650.0
1.2,9.9,1650.0
1.2,9.9,1650.0
1.2,9.9,1650.0
1.2,9.9,1650.0
1.2,9.9,1650.0
1.2,9.9,1650.0
1.2,9.9,1650.0
1.2,9.9,1650.0
1.2,9.9,1650.0
1.2,9.9,1650.0
1.2,9.9,1650.0
1.2,9.9,1650.0
1.2,9.9,1650.0
1.2,9.9,1650.0
1.2,9.9,1650.0
1.2,9.9,1650.0
1.2,9.9,1650.0
1.2,9.9,1650.0
1.2,9.9,1650.0
1.2,9.9,1650.0
1.2,9.9,1650.0
1.2,9.9,1650.0
1.2,9.9,1650.0
1.2,9.9,1650.0
1.2,9.9,1650.0
1.2,9.9,1650.0
1.2,9.9,1650.0
1.2,9.9,1650.0
1.2,9.9,1650.0
1.2,9.9,1650.0
1.2,9.9,1650.0
1.2,9.9,1650.0
1.2,9.9,1650.0
1.2,9.9,1650.0
1.2,9.9,1650.0
1.2,9.9,1650.0
1.2,9.9,1650.0
1.2,9.9,1650.0
1.2,9.9,1650.0
1.2,9.9,1650.0
1.2,9.9,1650.0
1.2,9.9,1650.0
1.2,9.9,1650.0
1.2,9.9,1650.0
1.2,9.9,1650.0
1.2,9.9,1650.0
1.2,9.9,1650.0
1.2,9.9,1650.0
1.2,9.9,1650.0
1.2,9.9,1650.0
1.2,9.9,1650.0
1.2,9.9,1650.0
1.2,9.9,1650.0
1.2,9.9,1650.0
1.2,9.9,1650.0
1.2,9.9,1650.0
1.2,9.9,1650.0
1.2,9.9,1650.0
1.2,9.9,1650.0
1.2,9.9,1650.0
1.2,9.9,1650.0
1.2,9.9,1650.0
1.2,9.9,1650.0
1.2,9.9,1650.0
1.2,9.9,1650.0
1.2,9.9,1650.0
1.2,9.9,1650.0
1.2,9.9,1650.0
1.2,9.9,1650.0
1.2,9.9,1650.0
1.2,9.9,1650.0
1.2,9.9,1650.0
1.2,9.9,1650.0
1.2,9.9,1650.0
1.2,9.9,1650.0
1.2,9.9,1650.0
1.2,9.9,1650.0
1.2,9.9,1650.0
1.2,9.9,1650.0
1.2,9.9,1650.0
1.2,9.9,1650.0
1.2,9.9,1650.0
1.2,9.9,1650.0
1.2,9.9,1650.0
1.2,9.9,1650.0
1.2,9.9,1650.0
1.2,9.9,1650.0
1.2,9.9,1650.0
1.2,9.9,1650.0
1.2,9.9,1650.0
1.2,9.9,1650.0
1.2,9.9,1650.0
1.2,9.9,1650.0
1.2,9.9,1650.0
1.2,10.593,1650.0
1.2,10.4544,1650.0
1.2,10.315800000000001,1650.0
1.2,10.246500000000001,1650.0
1.2,10.177200000000001,1650.0
1.2,10.1079,1650.0
1.2,9.9693,1650.0
1.2,10.593,1650.0
1.2,10.4544,1650.0
1.2,10.315800000000001,1650.0
1.2,10.246500000000001,1650.0
1.2,10.177200000000001,1650.0
1.2,10.1079,1650.0
1.2,9.9693,1650.0
1.2,10.593,1650.0
1.2,10.4544,1650.0
1.2,10.315800000000001,1650.0
1.2,10.246500000000001,1650.0
1.2,10.177200000000001,1650.0
1.2,10.1079,1650.0
1.2,9.9693,1650.0
1.2,10.593,1650.0
1.2,10.4544,1650.0
1.2,10.315800000000001,1650.0
1.2,10.246500000000001,1650.0
1.2,10.177200000000001,1650.0
1.2,10.1079,1650.0
1.2,9.9693,1650.0
1.2,10.593,1650.0
1.2,10.4544,1650.0
1.2,10.315800000000001,1650.0
1.2,10.246500000000001,1650.0
1.2,10.177200000000001,1650.0
1.2,10.1079,1650.0
1.2,9.9693,1650.0
1.2,10.593,1650.0
1.2,10.4544,1650.0
1.2,10.315800000000001,1650.0
1.2,10.246500000000001,1650.0
1.2,10.177200000000001,1650.0
1.2,10.1079,1650.0
1.2,9.9693,1650.0
1.2,10.593,1650.0
1.2,10.4544,1650.0
1.2,10.315800000000001,1650.0
1.2,10.246500000000001,1650.0
1.2,10.177200000000001,1650.0
1.2,10.1079,1650.0
1.2,9.9693,1650.0
1.2,10.593,1650.0
1.2,10.4544,1650.0
1.2,10.315800000000001,1650.0
1.2,10.246500000000001,1650.0
1.2,10.177200000000001,1650.0
1.2,10.1079,1650.0
1.2,9.9693,1650.0
1.2,9.9,1650.0
1.2,9.9,1650.0
1.2,9.9,1650.0
1.2,9.9,1650.0
1.2,9.9,1650.0
1.2,9.9,1650.0
1.2,9.9,1650.0
1.2,9.9,1650.0
1.2,9.9,1650.0
1.2,9.9,1650.0
1.2,9.9,1650.0
1.2,9.9,1650.0
1.2,9.9,1650.0
1.2,9.9,1650.0
1.2,9.9,1650.0
1.2,9.9,1650.0
1.2,9.9,1650.0
1.2,9.9,1650.0
1.2,9.9,1650.0
1.2,9.9,1650.0
1.2,9.9,1650.0
1.2,9.9,1650.0
1.2,9.9,1650.0
1.2,9.9,1650.0
1.2,9.9,1650.0
1.2,9.9,1650.0
1.2,9.9,1650.0
1.2,9.9,1650.0
1.2,9.9,1650.0
1.2,9.9,1650.0
1.2,9.9,1650.0
1.2,9.9,1650.0
1.2,9.9,1650.0
1.2,9.9,1650.0
1.2,9.9,1650.0
1.2,9.9,1650.0
1.2,9.9,1650.0
1.2,9.9,1650.0
1.2,9.9,1650.0
1.2,9.9,1650.0
1.2,9.9,1650.0
1.2,9.9,1650.0
1.2,9.9,1650.0
1.2,9.9,1650.0
1.2,9.9,1650.0
1.2,9.9,1650.0
1.2,9.9,1650.0
1.2,9.9,1650.0
1.2,9.9,1650.0
1.2,9.9,1650.0
1.2,9.9,1650.0
1.2,9.9,1650.0
1.2,9.9,1650.0
1.2,9.9,1650.0
1.2,9.9,1650.0
1.2,9.9,1650.0
1.2,9.9,1650.0
1.2,10.02,1670.0
1.2,183.69599999999997,1720.0
1.2,364.0799999999999,1640.0
1.2,696.42,1590.0
1.2,143.2416,1720.0
1.2,298.584,1740.0
1.2,596.844,1770.0
1.2,8.52,1420.0
1.2,158.064,1480.0
1.2,326.3399999999999,1470.0
1.2,608.8199999999999,1390.0
1.2,129.91680000000002,1560.0
1.2,262.548,1530.0
1.2,505.79999999999995,1500.0
1.2,7.74,1290.0
1.2,468.708,1390.0
1.2,8.459999999999999,1410.0
1.2,86.0508,1353.0
1.2,8.4,1400.0
1.2,162.40799999999996,1340.0
1.2,7.32,1220.0
1.2,110.88,1200.0
1.2,8.442,1407.0
1.2,85.60560000000001,1346.0
1.2,159.378,1315.0
1.2,10.338,1723.0
1.2,106.33919999999998,1672.0
1.2,200.2224,1652.0
1.2,7.74,1290.0
1.2,8.118,1353.0
1.2,8.436,1406.0
1.2,76.9488,1564.0
1.2,142.1112,1538.0
1.2,203.9424,1504.0
1.2,263.1936,1472.0
1.2,319.23599999999993,1438.0
1.2,81.3696,2080.0
1.2,150.2592,2080.0
1.2,154.76160000000002,1960.0
1.2,119.95200000000001,1960.0
1.2,149.23440000000002,1890.0
1.2,115.66799999999999,1890.0
1.2,100.98,1650.0
1.2,82.76400000000001,1650.0
1.2,104.33280000000002,2080.0
1.2,150.2592,2080.0
1.2,110.352,2200.0
1.2,129.744,2120.0
1.2,153.1488,2120.0
1.2,124.2528,1720.0
1.2,105.264,1720.0
1.2,138.7008,1920.0
1.2,151.6032,1920.0
1.2,204.744,1900.0
1.2,116.28000000000002,1900.0
1.2,144.4968,1830.0
1.2,150.6456,1830.0
1.2,259.67999999999995,2000.0
1.2,157.92000000000002,2000.0
1.2,144.48,2000.0
1.2,144.48,2000.0
1.2,148.2264,1730.0
1.2,124.97519999999999,1730.0
1.2,100.32000000000001,2000.0
1.2,144.48,2000.0
1.2,126.42,1750.0
1.2,138.18,1750.0
1.2,130.26,1670.0
1.2,154.308,1670.0
1.2,120.64080000000001,1670.0
1.2,121.17599999999999,1980.0
1.2,143.0352,1980.0
1.2,153.1152,1860.0
1.2,113.832,1860.0
1.2,158.87759999999997,1930.0
1.2,165.36239999999998,1930.0
1.2,124.23599999999999,1450.0
1.2,114.49199999999999,1450.0
1.2,122.292,2150.0
1.2,169.764,2150.0
1.2,165.60000000000002,1840.0
1.2,198.27840000000003,1840.0
1.2,158.70959999999997,2009.9999999999998
1.2,127.83599999999998,2009.9999999999998
1.2,127.12559999999999,1610.0
1.2,116.3064,1610.0
1.2,116.3064,1610.0
1.2,155.21999999999997,1990.0
1.2,143.7576,1990.0
1.2,175.55999999999997,1900.0
1.2,150.024,1900.0
1.2,120.564,1970.0
1.2,142.31279999999998,1970.0
1.2,122.0856,1690.0
1.2,239.26319999999998,2090.0
1.2,150.9816,2090.0
1.2,107.48399999999998,1690.0
1.2,140.54879999999997,1780.0
1.2,89.28479999999999,1780.0
1.2,212.28719999999998,1970.0
1.2,125.29199999999997,1970.0
1.2,209.4984,1830.0
1.2,144.4968,1830.0
1.2,118.72800000000001,1940.0
1.2,140.1456,1940.0
1.2,165.35999999999999,2120.0
1.2,153.1488,2120.0
1.2,208.3536,1820.0
1.2,131.4768,1820.0
1.2,96.43199999999999,1960.0
1.2,141.5904,1960.0
1.2,158.0544,1920.0
1.2,117.504,1920.0
1.2,95.94,1950.0
1.2,210.132,1950.0
1.2,156.15599999999995,1690.0
1.2,133.4424,1690.0
1.2,167.244,1810.0
1.2,182.88240000000002,1810.0
1.2,132.6,1700.0
1.2,122.808,1700.0
1.2,181.92719999999997,2210.0
1.2,110.8536,2210.0
1.2,130.28400000000002,1650.0
1.2,128.7,1650.0
1.2,119.196,1650.0
1.2,151.70399999999998,2100.0
1.2,163.79999999999998,2100.0
1.2,161.0784,2040.0
1.2,124.848,2040.0
1.2,136.5336,1890.0
1.2,175.55999999999997,1900.0
1.2,137.256,1900.0
1.2,155.316,2150.0
1.2,149.76,1920.0
1.2,138.7008,1920.0
1.2,217.51199999999997,1900.0
1.2,191.976,1900.0
1.2,116.07119999999999,1470.0
1.2,178.332,1930.0
1.2,139.4232,1930.0
1.2,115.752,1820.0
1.2,131.4768,1820.0
1.2,140.54879999999997,1780.0
1.2,134.3664,1860.0
1.2,226.6704,1980.0
1.2,143.0352,1980.0
1.2,142.31279999999998,1970.0
1.2,151.6032,1920.0
1.2,140.54879999999997,1780.0
1.2,108.11999999999999,1700.0
1.2,122.808,1700.0
1.2,112.32,1440.0
1.2,104.0256,1440.0
1.2,134.3664,1860.0
1.2,200.0592,1980.0
1.2,127.1424,1760.0
1.2,145.20239999999998,2009.9999999999998
1.2,141.3384,1790.0
1.2,127.1424,1760.0
1.2,143.7072,1820.0
1.2,208.3536,1820.0
1.2,155.9376,1820.0
1.2,143.7072,1820.0
1.2,163.8,1820.0
1.2,208.3536,1820.0
1.2,109.80480000000001,1520.0
1.2,163.79520000000002,1520.0
1.2,166.2192,1940.0
1.2,155.316,2150.0
1.2,145.20239999999998,2009.9999999999998
1.2,109.80480000000001,1520.0
1.2,111.972,1550.0
1.2,135.0888,1870.0
1.2,151.70399999999998,2100.0
1.2,147.83999999999997,1600.0
1.2,137.088,1600.0
1.2,140.448,1520.0
1.2,126.336,1600.0
1.2,126.336,1600.0
1.2,125.5464,1590.0
1.2,114.86160000000001,1590.0
1.2,129.37679999999997,1510.0
1.2,10.319999999999999,1720.0
1.2,60.20400000000001,1730.0
1.2,111.3,1750.0
1.2,10.632,1772.0
1.2,51.64320000000001,1537.0
1.2,51.64320000000001,1537.0
1.2,51.64320000000001,1537.0
1.2,51.64320000000001,1537.0
1.2,51.64320000000001,1537.0
1.2,51.64320000000001,1537.0
1.2,51.64320000000001,1537.0
1.2,51.64320000000001,1537.0
1.2,51.64320000000001,1537.0
1.2,51.64320000000001,1537.0
1.2,51.64320000000001,1537.0
1.2,51.64320000000001,1537.0
1.2,51.64320000000001,1537.0
1.2,51.64320000000001,1537.0
1.2,51.64320000000001,1537.0
1.2,51.64320000000001,1537.0
1.2,51.64320000000001,1537.0
1.2,51.64320000000001,1537.0
1.2,51.64320000000001,1537.0
1.2,51.64320000000001,1537.0
1.2,51.64320000000001,1537.0
1.2,51.64320000000001,1537.0
1.2,51.64320000000001,1537.0
1.2,51.64320000000001,1537.0
1.2,51.64320000000001,1537.0
1.2,51.64320000000001,1537.0
1.2,51.64320000000001,1537.0
1.2,51.64320000000001,1537.0
1.2,51.64320000000001,1537.0
1.2,51.64320000000001,1537.0
1.2,51.64320000000001,1537.0
1.2,51.64320000000001,1537.0
1.2,51.64320000000001,1537.0
1.2,51.64320000000001,1537.0
1.2,51.64320000000001,1537.0
1.2,51.64320000000001,1537.0
1.2,94.0644,1537.0
1.2,94.0644,1537.0
1.2,94.0644,1537.0
1.2,94.0644,1537.0
1.2,94.0644,1537.0
1.2,94.0644,1537.0
1.2,94.0644,1537.0
1.2,94.0644,1537.0
1.2,94.0644,1537.0
1.2,94.0644,1537.0
1.2,94.0644,1537.0
1.2,94.0644,1537.0
1.2,94.0644,1537.0
1.2,94.0644,1537.0
1.2,94.0644,1537.0
1.2,94.0644,1537.0
1.2,94.0644,1537.0
1.2,94.0644,1537.0
1.2,94.0644,1537.0
1.2,94.0644,1537.0
1.2,94.0644,1537.0
1.2,94.0644,1537.0
1.2,94.0644,1537.0
1.2,94.0644,1537.0
1.2,94.0644,1537.0
1.2,94.0644,1537.0
1.2,94.0644,1537.0
1.2,94.0644,1537.0
1.2,94.0644,1537.0
1.2,94.0644,1537.0
1.2,94.0644,1537.0
1.2,94.0644,1537.0
1.2,94.0644,1537.0
1.2,94.0644,1537.0
1.2,94.0644,1537.0
1.2,94.0644,1537.0
1.2,136.4856,1537.0
1.2,136.4856,1537.0
1.2,136.4856,1537.0
1.2,136.4856,1537.0
1.2,136.4856,1537.0
1.2,136.4856,1537.0
1.2,136.4856,1537.0
1.2,136.4856,1537.0
1.2,136.4856,1537.0
1.2,136.4856,1537.0
1.2,136.4856,1537.0
1.2,136.4856,1537.0
1.2,136.4856,1537.0
1.2,136.4856,1537.0
1.2,136.4856,1537.0
1.2,136.4856,1537.0
1.2,136.4856,1537.0
1.2,136.4856,1537.0
1.2,136.4856,1537.0
1.2,136.4856,1537.0
1.2,136.4856,1537.0
1.2,136.4856,1537.0
1.2,136.4856,1537.0
1.2,136.4856,1537.0
1.2,136.4856,1537.0
1.2,136.4856,1537.0
1.2,136.4856,1537.0
1.2,136.4856,1537.0
1.2,136.4856,1537.0
1.2,136.4856,1537.0
1.2,136.4856,1537.0
1.2,136.4856,1537.0
1.2,136.4856,1537.0
1.2,136.4856,1537.0
1.2,136.4856,1537.0
1.2,136.4856,1537.0
1.2,178.90680000000003,1537.0
1.2,178.90680000000003,1537.0
1.2,178.90680000000003,1537.0
1.2,178.90680000000003,1537.0
1.2,178.90680000000003,1537.0
1.2,178.90680000000003,1537.0
1.2,178.90680000000003,1537.0
1.2,178.90680000000003,1537.0
1.2,178.90680000000003,1537.0
1.2,178.90680000000003,1537.0
1.2,178.90680000000003,1537.0
1.2,178.90680000000003,1537.0
1.2,178.90680000000003,1537.0
1.2,178.90680000000003,1537.0
1.2,178.90680000000003,1537.0
1.2,178.90680000000003,1537.0
1.2,178.90680000000003,1537.0
1.2,178.90680000000003,1537.0
1.2,178.90680000000003,1537.0
1.2,178.90680000000003,1537.0
1.2,178.90680000000003,1537.0
1.2,178.90680000000003,1537.0
1.2,178.90680000000003,1537.0
1.2,178.90680000000003,1537.0
1.2,178.90680000000003,1537.0
1.2,178.90680000000003,1537.0
1.2,178.90680000000003,1537.0
1.2,178.90680000000003,1537.0
1.2,178.90680000000003,1537.0
1.2,178.90680000000003,1537.0
1.2,178.90680000000003,1537.0
1.2,178.90680000000003,1537.0
1.2,178.90680000000003,1537.0
1.2,178.90680000000003,1537.0
1.2,178.90680000000003,1537.0
1.2,178.90680000000003,1537.0
1.2,9.222,1537.0
1.2,9.222,1537.0
1.2,9.222,1537.0
1.2,9.222,1537.0
1.2,9.222,1537.0
1.2,9.222,1537.0
1.2,9.222,1537.0
1.2,9.222,1537.0
1.2,9.222,1537.0
1.2,9.222,1537.0
1.2,9.222,1537.0
1.2,9.222,1537.0
1.2,9.222,1537.0
1.2,9.222,1537.0
1.2,51.64320000000001,1537.0
1.2,51.64320000000001,1537.0
1.2,51.64320000000001,1537.0
1.2,51.64320000000001,1537.0
1.2,51.64320000000001,1537.0
1.2,94.0644,1537.0
1.2,94.0644,1537.0
1.2,94.0644,1537.0
1.2,94.0644,1537.0
1.2,94.0644,1537.0
1.2,94.0644,1537.0
1.2,136.4856,1537.0
1.2,136.4856,1537.0
1.2,136.4856,1537.0
1.2,136.4856,1537.0
1.2,136.4856,1537.0
1.2,136.4856,1537.0
1.2,136.4856,1537.0
1.2,136.4856,1537.0
1.2,178.90680000000003,1537.0
1.2,178.90680000000003,1537.0
1.2,178.90680000000003,1537.0
1.2,178.90680000000003,1537.0
1.2,178.90680000000003,1537.0
1.2,178.90680000000003,1537.0
1.2,178.90680000000003,1537.0
1.2,178.90680000000003,1537.0
1.2,69.827184,1790.0
1.2,69.827184,1790.0
1.2,69.827184,1790.0
1.2,69.62956799999999,1790.0
1.2,69.62956799999999,1790.0
1.2,69.62956799999999,1790.0
1.2,69.62956799999999,1790.0
1.2,70.02479999999998,1790.0
1.2,69.827184,1790.0
1.2,69.827184,1790.0
1.2,70.02479999999998,1790.0
1.2,70.02479999999998,1790.0
1.2,69.62956799999999,1790.0
1.2,69.827184,1790.0
1.2,77.4576,1980.0
1.2,77.4576,1980.0
1.2,77.4576,1980.0
1.2,77.239008,1980.0
1.2,77.239008,1980.0
1.2,77.239008,1980.0
1.2,77.239008,1980.0
1.2,77.02041599999998,1980.0
1.2,76.801824,1980.0
1.2,77.239008,1980.0
1.2,77.239008,1980.0
1.2,77.02041599999998,1980.0
1.2,77.02041599999998,1980.0
1.2,77.02041599999998,1980.0
1.2,77.239008,1980.0
1.2,75.737088,1680.0
1.2,85.396032,1710.0
1.2,57.77587200000001,1760.0
1.2,49.14,1750.0
1.2,61.729631999999995,1740.0
1.2,78.98654400000001,1690.0
1.2,70.19879999999999,1750.0
1.2,72.69744000000001,1700.0
1.2,65.385696,1730.0
1.2,52.09536,1720.0
1.2,83.64643199999999,1860.0
1.2,94.176432,1890.0
1.2,64.01304,1950.0
1.2,53.981328000000005,1930.0
1.2,67.903488,1920.0
1.2,88.225104,1870.0
1.2,77.82038399999999,1940.0
1.2,80.187264,1880.0
1.2,72.399696,1910.0
1.2,57.966719999999995,1900.0
1.2,11.64,1940.0
1.2,11.64,1940.0
1.2,11.64,1940.0
1.2,11.64,1940.0
1.2,11.64,1940.0
1.2,11.64,1940.0
1.2,11.64,1940.0
1.2,11.64,1940.0
1.2,11.64,1940.0
1.2,11.64,1940.0
1.2,10.698,1783.0
1.2,10.698,1783.0
1.2,10.698,1783.0
1.2,10.698,1783.0
1.2,10.308,1718.0
1.2,10.308,1718.0
1.2,10.308,1718.0
1.2,10.308,1718.0
1.2,10.188,1698.0
1.2,10.188,1698.0
1.2,10.188,1698.0
1.2,10.188,1698.0
1.2,9.839999999999998,1640.0
1.2,9.839999999999998,1640.0
1.2,9.839999999999998,1640.0
1.2,9.839999999999998,1640.0
1.2,9.516,1586.0
1.2,9.516,1586.0
1.2,9.516,1586.0
1.2,9.516,1586.0
1.2,9.677999999999999,1613.0
1.2,9.677999999999999,1613.0
1.2,9.677999999999999,1613.0
1.2,9.677999999999999,1613.0
1.2,9.42,1570.0
1.2,9.42,1570.0
1.2,9.42,1570.0
1.2,9.42,1570.0
1.2,9.42,1570.0
1.2,9.42,1570.0
1.2,9.42,1570.0
1.2,9.42,1570.0
1.2,9.42,1570.0
1.2,9.42,1570.0
1.2,9.42,1570.0
1.2,9.42,1570.0
1.2,9.42,1570.0
1.2,9.42,1570.0
1.2,9.42,1570.0
1.2,9.42,1570.0
1.2,9.42,1570.0
1.2,9.42,1570.0
1.2,9.42,1570.0
1.2,9.42,1570.0
1.2,9.42,1570.0
1.2,9.42,1570.0
1.2,9.42,1570.0
1.2,9.42,1570.0
1.2,9.42,1570.0
1.2,9.42,1570.0
1.2,9.42,1570.0
1.2,9.42,1570.0
1.2,10.38,1730.0
1.2,10.38,1730.0
1.2,10.38,1730.0
1.2,10.38,1730.0
1.2,10.38,1730.0
1.2,10.38,1730.0
1.2,10.38,1730.0
1.2,10.38,1730.0
1.2,10.38,1730.0
1.2,10.38,1730.0
1.2,10.38,1730.0
1.2,10.38,1730.0
1.2,10.38,1730.0
1.2,9.9,1650.0
1.2,9.9,1650.0
1.2,9.9,1650.0
1.2,9.9,1650.0
1.2,9.9,1650.0
1.2,9.9,1650.0
1.2,9.9,1650.0
1.2,9.9,1650.0
1.2,8.82,1470.0
1.2,8.82,1470.0
1.2,9.42,1570.0
1.2,9.42,1570.0
1.2,9.54,1590.0
1.2,9.54,1590.0
1.2,9.78,1630.0
1.2,9.78,1630.0
1.2,9.54,1590.0
1.2,9.54,1590.0
1.2,9.54,1590.0
1.2,9.9,1650.0
1.2,9.9,1650.0
1.2,9.9,1650.0
1.2,9.839999999999998,1640.0
1.2,9.839999999999998,1640.0
1.2,9.839999999999998,1640.0
1.2,9.719999999999999,1620.0
1.2,9.719999999999999,1620.0
1.2,9.719999999999999,1620.0
1.2,9.66,1610.0
1.2,9.66,1610.0
1.2,9.66,1610.0
1.2,10.68,1780.0
1.2,10.68,1780.0
1.2,10.68,1780.0
1.2,10.68,1780.0
1.2,10.68,1780.0
1.2,10.68,1780.0
1.2,10.68,1780.0
1.2,10.68,1780.0
1.2,10.68,1780.0
1.2,10.68,1780.0
1.2,10.68,1780.0
1.2,10.68,1780.0
1.2,10.68,1780.0
1.2,10.68,1780.0
1.2,9.48,1580.0
1.2,8.952,1492.0
1.2,8.459999999999999,1410.0
1.2,8.459999999999999,1410.0
1.2,8.459999999999999,1410.0
1.2,8.34,1390.0
1.2,8.34,1390.0
1.2,8.34,1390.0
1.2,8.04,1340.0
1.2,8.04,1340.0
1.2,8.04,1340.0
1.2,12.059999999999999,2009.9999999999998
1.2,12.059999999999999,2009.9999999999998
1.2,12.059999999999999,2009.9999999999998
1.2,12.059999999999999,2009.9999999999998
1.2,12.059999999999999,2009.9999999999998
1.2,12.059999999999999,2009.9999999999998
1.2,12.059999999999999,2009.9999999999998
1.2,10.98,1830.0
1.2,10.98,1830.0
1.2,10.98,1830.0
1.2,10.98,1830.0
1.2,10.98,1830.0
1.2,10.98,1830.0
1.2,10.98,1830.0
1.2,10.98,1830.0
1.2,10.98,1830.0
1.2,10.62,1770.0
1.2,10.62,1770.0
1.2,10.62,1770.0
1.2,10.62,1770.0
1.2,10.62,1770.0
1.2,10.62,1770.0
1.2,10.62,1770.0
1.2,10.62,1770.0
1.2,10.62,1770.0
1.2,10.62,1770.0
1.2,10.62,1770.0
1.2,10.62,1770.0
1.2,10.74,1790.0
1.2,10.74,1790.0
1.2,10.74,1790.0
1.2,11.1,1850.0
1.2,11.1,1850.0
1.2,11.1,1850.0
1.2,10.62,1770.0
1.2,10.62,1770.0
1.2,10.62,1770.0
1.2,10.799999999999999,1800.0
1.2,10.799999999999999,1800.0
1.2,10.799999999999999,1800.0
1.2,11.1,1850.0
1.2,11.1,1850.0
1.2,11.1,1850.0
1.2,10.62,1770.0
1.2,10.62,1770.0
1.2,10.62,1770.0
1.2,10.799999999999999,1800.0
1.2,10.799999999999999,1800.0
1.2,10.799999999999999,1800.0
1.2,11.28,1880.0
1.2,11.28,1880.0
1.2,11.28,1880.0
1.2,7.036020000000001,1172.67
1.2,7.036020000000001,1172.67
1.2,7.036020000000001,1172.67
1.2,7.036020000000001,1172.67
1.2,7.036020000000001,1172.67
1.2,7.036020000000001,1172.67
1.2,7.036020000000001,1172.67
1.2,7.036020000000001,1172.67
1.2,7.036020000000001,1172.67
1.2,7.036020000000001,1172.67
1.2,7.036020000000001,1172.67
1.2,7.036020000000001,1172.67
1.2,7.036020000000001,1172.67
1.2,7.036020000000001,1172.67
1.2,7.036020000000001,1172.67
1.2,7.036020000000001,1172.67
1.2,7.036020000000001,1172.67
1.2,7.036020000000001,1172.67
1.2,7.036020000000001,1172.67
1.2,7.036020000000001,1172.67
1.2,7.036020000000001,1172.67
1.2,7.036020000000001,1172.67
1.2,7.036020000000001,1172.67
1.2,7.036020000000001,1172.67
1.2,7.036020000000001,1172.67
1.2,7.036020000000001,1172.67
1.2,7.036020000000001,1172.67
1.2,7.036020000000001,1172.67
1.2,7.036020000000001,1172.67
1.2,7.036020000000001,1172.67
1.2,7.036020000000001,1172.67
1.2,7.036020000000001,1172.67
1.2,7.036020000000001,1172.67
1.2,7.036020000000001,1172.67
1.2,7.036020000000001,1172.67
1.2,7.036020000000001,1172.67
1.2,7.036020000000001,1172.67
1.2,7.036020000000001,1172.67
1.2,7.036020000000001,1172.67
1.2,7.036020000000001,1172.67
1.2,7.036020000000001,1172.67
1.2,7.036020000000001,1172.67
1.2,7.036020000000001,1172.67
1.2,7.036020000000001,1172.67
1.2,7.036020000000001,1172.67
1.2,7.036020000000001,1172.67
1.2,7.036020000000001,1172.67
1.2,7.036020000000001,1172.67
1.2,7.036020000000001,1172.67
1.2,7.036020000000001,1172.67
1.2,7.036020000000001,1172.67
1.2,7.036020000000001,1172.67
1.2,7.036020000000001,1172.67
1.2,7.036020000000001,1172.67
1.2,7.036020000000001,1172.67
1.2,7.036020000000001,1172.67
1.2,7.036020000000001,1172.67
1.2,7.036020000000001,1172.67
1.2,7.036020000000001,1172.67
1.2,7.036020000000001,1172.67
1.2,9.059999999999999,1510.0
1.2,9.059999999999999,1510.0
1.2,9.059999999999999,1510.0
1.2,9.059999999999999,1510.0
1.2,9.0,1500.0
1.2,9.0,1500.0
1.2,9.0,1500.0
1.2,9.0,1500.0
1.2,8.88,1480.0
1.2,8.88,1480.0
1.2,8.88,1480.0
1.2,8.88,1480.0
1.2,8.7,1450.0
1.2,8.7,1450.0
1.2,8.7,1450.0
1.2,8.7,1450.0
1.2,8.58,1430.0
1.2,8.58,1430.0
1.2,8.58,1430.0
1.2,8.58,1430.0
1.2,8.28,1380.0
1.2,8.28,1380.0
1.2,8.28,1380.0
1.2,8.28,1380.0
1.2,9.9,1650.0
1.2,10.08216,1650.0
1.2,10.26432,1650.0
1.2,10.446480000000001,1650.0
1.2,10.62864,1650.0
1.2,9.9,1650.0
1.2,10.08216,1650.0
1.2,10.26432,1650.0
1.2,10.446480000000001,1650.0
1.2,10.62864,1650.0
1.2,9.9,1650.0
1.2,10.08216,1650.0
1.2,10.26432,1650.0
1.2,10.446480000000001,1650.0
1.2,10.62864,1650.0
1.2,9.9,1650.0
1.2,10.08216,1650.0
1.2,10.26432,1650.0
1.2,10.446480000000001,1650.0
1.2,10.62864,1650.0
1.2,10.08216,1650.0
1.2,10.26432,1650.0
1.2,10.446480000000001,1650.0
1.2,10.62864,1650.0
1.2,10.08216,1650.0
1.2,10.26432,1650.0
1.2,10.446480000000001,1650.0
1.2,10.62864,1650.0
1.2,10.08216,1650.0
1.2,10.26432,1650.0
1.2,10.446480000000001,1650.0
1.2,10.62864,1650.0
1.2,10.08216,1650.0
1.2,10.26432,1650.0
1.2,10.446480000000001,1650.0
1.2,10.62864,1650.0
1.2,9.9,1650.0
1.2,10.08216,1650.0
1.2,10.26432,1650.0
1.2,10.446480000000001,1650.0
1.2,10.62864,1650.0
1.2,9.9,1650.0
1.2,10.08216,1650.0
1.2,10.26432,1650.0
1.2,10.446480000000001,1650.0
1.2,10.62864,1650.0
1.2,9.9,1650.0
1.2,10.08216,1650.0
1.2,10.26432,1650.0
1.2,10.446480000000001,1650.0
1.2,10.62864,1650.0
1.2,9.9,1650.0
1.2,10.08216,1650.0
1.2,10.26432,1650.0
1.2,10.446480000000001,1650.0
1.2,10.62864,1650.0
1.2,10.08216,1650.0
1.2,10.26432,1650.0
1.2,10.446480000000001,1650.0
1.2,10.62864,1650.0
1.2,10.08216,1650.0
1.2,10.26432,1650.0
1.2,10.446480000000001,1650.0
1.2,10.62864,1650.0
1.2,10.08216,1650.0
1.2,10.26432,1650.0
1.2,10.446480000000001,1650.0
1.2,10.62864,1650.0
1.2,10.08216,1650.0
1.2,10.26432,1650.0
1.2,10.446480000000001,1650.0
1.2,10.62864,1650.0
1.2,9.54,1590.0
1.2,9.491999999999999,1582.0
1.2,9.456,1576.0
1.2,9.426,1571.0
1.2,9.474,1579.0
1.2,9.120000000000001,1520.0
1.2,9.0,1500.0
1.2,8.862,1477.0
1.2,8.802,1467.0
1.2,8.88,1480.0
1.2,9.9,1650.0
1.2,19.008000000000003,1650.0
1.2,28.116,1650.0
1.2,37.224,1650.0
1.2,46.332,1650.0
1.2,55.44,1650.0
1.2,9.9,1650.0
1.2,19.008000000000003,1650.0
1.2,28.116,1650.0
1.2,37.224,1650.0
1.2,46.332,1650.0
1.2,55.44,1650.0
1.2,9.9,1650.0
1.2,19.008000000000003,1650.0
1.2,28.116,1650.0
1.2,37.224,1650.0
1.2,46.332,1650.0
1.2,55.44,1650.0
1.2,10.84776,1807.96
1.2,10.84776,1807.96
1.2,10.84776,1807.96
1.2,10.84776,1807.96
1.2,10.84776,1807.96
1.2,10.84776,1807.96
1.2,10.84776,1807.96
1.2,10.84776,1807.96
1.2,10.84776,1807.96
1.2,10.84776,1807.96
1.2,10.84776,1807.96
1.2,10.84776,1807.96
1.2,10.84776,1807.96
1.2,10.84776,1807.96
1.2,10.84776,1807.96
1.2,10.84776,1807.96
1.2,10.84776,1807.96
1.2,10.84776,1807.96
1.2,10.84776,1807.96
1.2,10.84776,1807.96
1.2,10.84776,1807.96
1.2,10.84776,1807.96
1.2,10.84776,1807.96
1.2,10.84776,1807.96
1.2,10.84776,1807.96
1.2,10.84776,1807.96
1.2,10.84776,1807.96
1.2,10.84776,1807.96
1.2,10.84776,1807.96
1.2,10.84776,1807.96
