universal_id,Source,source_doi,domain_family,response_type,UCS_kPa,CBR,cbr_condition,Curing_Days,soil_id,soil_class,soil_location,sand_pct,silt_pct,Clay_Fraction,gravel_pct,ll_pct,pl_pct,Plasticity_Index,specific_gravity,OMC,MDD,Water_Content,dry_density_gcm3,Cement_Content,Lime_Content,Fly_Ash_Content,GGBS_Content,rice_husk_ash_pct,pond_ash_pct,marble_powder_pct,harha_pct,fgd_gypsum_pct,biopolymer_pct,xanthan_gum_pct,guar_gum_pct,chitosan_pct,lignin_pct,fiber_pct,polypropylene_pct,jute_pct,waste_plastic_pct,sludge_pct,coconut_shell_pct,naoh_pct,na2sio3_pct,alkali_activator_pct,water_binder_ratio,compaction_rate_mm_min,physical_quality_flag,Binder_Content,SiO2,Al2O3,CaO,A_clay,phi_ox,Delta_w,Binder_Total,Binder_Clay_Ratio,log_curing
UCDV1_00001,Luo et al. (2025) open GitHub UCS benchmark,10.1007/s42452-025-07766-9,geopolymer_ash_cementitious,UCS,47.7,,,7.0,,,,,,,,35.5,,21.2,,,1.549,22.8,,100.0,,0.0,0.0,,,,,,,,,,,,,,,,,0.0,0.0,,0.0,,False,,,,,,,,100.0,,2.0794415416798357
UCDV1_00002,Luo et al. (2025) open GitHub UCS benchmark,10.1007/s42452-025-07766-9,geopolymer_ash_cementitious,UCS,95.0,,,7.0,,,,,,,,35.5,,21.2,,,1.549,22.8,,94.0,,4.0,0.0,,,,,,,,,,,,,,,,,0.0,0.0,,0.0,,False,,,,,,,,98.0,,2.0794415416798357
UCDV1_00003,Luo et al. (2025) open GitHub UCS benchmark,10.1007/s42452-025-07766-9,geopolymer_ash_cementitious,UCS,87.0,,,7.0,,,,,,,,35.5,,21.2,,,1.549,22.8,,88.0,,8.0,0.0,,,,,,,,,,,,,,,,,0.0,0.0,,0.0,,False,,,,,,,,96.0,,2.0794415416798357
UCDV1_00004,Luo et al. (2025) open GitHub UCS benchmark,10.1007/s42452-025-07766-9,geopolymer_ash_cementitious,UCS,127.0,,,7.0,,,,,,,,35.5,,21.2,,,1.549,22.8,,82.0,,12.0,0.0,,,,,,,,,,,,,,,,,0.0,0.0,,0.0,,False,,,,,,,,94.0,,2.0794415416798357
UCDV1_00005,Luo et al. (2025) open GitHub UCS benchmark,10.1007/s42452-025-07766-9,geopolymer_ash_cementitious,UCS,173.0,,,7.0,,,,,,,,35.5,,21.2,,,1.549,22.8,,76.0,,16.0,0.0,,,,,,,,,,,,,,,,,0.0,0.0,,0.0,,False,,,,,,,,92.0,,2.0794415416798357
UCDV1_00006,Luo et al. (2025) open GitHub UCS benchmark,10.1007/s42452-025-07766-9,geopolymer_ash_cementitious,UCS,102.0,,,7.0,,,,,,,,35.5,,21.2,,,1.549,22.8,,80.0,,16.0,0.0,,,,,,,,,,,,,,,,,0.0,0.0,,0.0,,False,,,,,,,,96.0,,2.0794415416798357
UCDV1_00007,Luo et al. (2025) open GitHub UCS benchmark,10.1007/s42452-025-07766-9,geopolymer_ash_cementitious,UCS,142.0,,,7.0,,,,,,,,35.5,,21.2,,,1.549,22.8,,75.0,,20.0,0.0,,,,,,,,,,,,,,,,,0.0,0.0,,0.0,,False,,,,,,,,95.0,,2.0794415416798357
UCDV1_00008,Luo et al. (2025) open GitHub UCS benchmark,10.1007/s42452-025-07766-9,geopolymer_ash_cementitious,UCS,173.0,,,7.0,,,,,,,,35.5,,21.2,,,1.549,22.8,,70.0,,24.0,0.0,,,,,,,,,,,,,,,,,0.0,0.0,,0.0,,False,,,,,,,,94.0,,2.0794415416798357
UCDV1_00009,Luo et al. (2025) open GitHub UCS benchmark,10.1007/s42452-025-07766-9,geopolymer_ash_cementitious,UCS,186.0,,,7.0,,,,,,,,35.5,,21.2,,,1.549,22.8,,60.0,,32.0,0.0,,,,,,,,,,,,,,,,,0.0,0.0,,0.0,,False,,,,,,,,92.0,,2.0794415416798357
UCDV1_00010,Luo et al. (2025) open GitHub UCS benchmark,10.1007/s42452-025-07766-9,geopolymer_ash_cementitious,UCS,164.0,,,7.0,,,,,,,,35.5,,21.2,,,1.696,21.57,,100.0,,0.0,0.0,,,,,,,,,,,,,,,,,0.0,0.0,,0.0,,False,,,,,,,,100.0,,2.0794415416798357
UCDV1_00011,Luo et al. (2025) open GitHub UCS benchmark,10.1007/s42452-025-07766-9,geopolymer_ash_cementitious,UCS,1193.0,,,7.0,,,,,,,,35.5,,21.2,,,1.696,21.57,,94.0,,4.0,0.0,,,,,,,,,,,,,,,,,0.0,0.0,,0.0,,False,,,,,,,,98.0,,2.0794415416798357
UCDV1_00012,Luo et al. (2025) open GitHub UCS benchmark,10.1007/s42452-025-07766-9,geopolymer_ash_cementitious,UCS,1247.0,,,7.0,,,,,,,,35.5,,21.2,,,1.696,21.57,,88.0,,8.0,0.0,,,,,,,,,,,,,,,,,0.0,0.0,,0.0,,False,,,,,,,,96.0,,2.0794415416798357
UCDV1_00013,Luo et al. (2025) open GitHub UCS benchmark,10.1007/s42452-025-07766-9,geopolymer_ash_cementitious,UCS,1503.0,,,7.0,,,,,,,,35.5,,21.2,,,1.696,21.57,,82.0,,12.0,0.0,,,,,,,,,,,,,,,,,0.0,0.0,,0.0,,False,,,,,,,,94.0,,2.0794415416798357
UCDV1_00014,Luo et al. (2025) open GitHub UCS benchmark,10.1007/s42452-025-07766-9,geopolymer_ash_cementitious,UCS,1913.0,,,7.0,,,,,,,,35.5,,21.2,,,1.696,21.57,,76.0,,16.0,0.0,,,,,,,,,,,,,,,,,0.0,0.0,,0.0,,False,,,,,,,,92.0,,2.0794415416798357
UCDV1_00015,Luo et al. (2025) open GitHub UCS benchmark,10.1007/s42452-025-07766-9,geopolymer_ash_cementitious,UCS,1239.0,,,7.0,,,,,,,,35.5,,21.2,,,1.696,21.57,,80.0,,16.0,0.0,,,,,,,,,,,,,,,,,0.0,0.0,,0.0,,False,,,,,,,,96.0,,2.0794415416798357
UCDV1_00016,Luo et al. (2025) open GitHub UCS benchmark,10.1007/s42452-025-07766-9,geopolymer_ash_cementitious,UCS,1661.0,,,7.0,,,,,,,,35.5,,21.2,,,1.696,21.57,,75.0,,20.0,0.0,,,,,,,,,,,,,,,,,0.0,0.0,,0.0,,False,,,,,,,,95.0,,2.0794415416798357
UCDV1_00017,Luo et al. (2025) open GitHub UCS benchmark,10.1007/s42452-025-07766-9,geopolymer_ash_cementitious,UCS,1926.0,,,7.0,,,,,,,,35.5,,21.2,,,1.696,21.57,,70.0,,24.0,0.0,,,,,,,,,,,,,,,,,0.0,0.0,,0.0,,False,,,,,,,,94.0,,2.0794415416798357
UCDV1_00018,Luo et al. (2025) open GitHub UCS benchmark,10.1007/s42452-025-07766-9,geopolymer_ash_cementitious,UCS,2063.0,,,7.0,,,,,,,,35.5,,21.2,,,1.696,21.57,,60.0,,32.0,0.0,,,,,,,,,,,,,,,,,0.0,0.0,,0.0,,False,,,,,,,,92.0,,2.0794415416798357
UCDV1_00019,Luo et al. (2025) open GitHub UCS benchmark,10.1007/s42452-025-07766-9,geopolymer_ash_cementitious,UCS,94.1,,,14.0,,,,,,,,35.5,,21.2,,,1.549,22.8,,100.0,,0.0,0.0,,,,,,,,,,,,,,,,,0.0,0.0,,0.0,,False,,,,,,,,100.0,,2.70805020110221
UCDV1_00020,Luo et al. (2025) open GitHub UCS benchmark,10.1007/s42452-025-07766-9,geopolymer_ash_cementitious,UCS,101.0,,,14.0,,,,,,,,35.5,,21.2,,,1.549,22.8,,94.0,,4.0,0.0,,,,,,,,,,,,,,,,,0.0,0.0,,0.0,,False,,,,,,,,98.0,,2.70805020110221
UCDV1_00021,Luo et al. (2025) open GitHub UCS benchmark,10.1007/s42452-025-07766-9,geopolymer_ash_cementitious,UCS,115.0,,,14.0,,,,,,,,35.5,,21.2,,,1.549,22.8,,88.0,,8.0,0.0,,,,,,,,,,,,,,,,,0.0,0.0,,0.0,,False,,,,,,,,96.0,,2.70805020110221
UCDV1_00022,Luo et al. (2025) open GitHub UCS benchmark,10.1007/s42452-025-07766-9,geopolymer_ash_cementitious,UCS,113.0,,,14.0,,,,,,,,35.5,,21.2,,,1.549,22.8,,82.0,,12.0,0.0,,,,,,,,,,,,,,,,,0.0,0.0,,0.0,,False,,,,,,,,94.0,,2.70805020110221
UCDV1_00023,Luo et al. (2025) open GitHub UCS benchmark,10.1007/s42452-025-07766-9,geopolymer_ash_cementitious,UCS,175.0,,,14.0,,,,,,,,35.5,,21.2,,,1.549,22.8,,76.0,,16.0,0.0,,,,,,,,,,,,,,,,,0.0,0.0,,0.0,,False,,,,,,,,92.0,,2.70805020110221
UCDV1_00024,Luo et al. (2025) open GitHub UCS benchmark,10.1007/s42452-025-07766-9,geopolymer_ash_cementitious,UCS,102.0,,,14.0,,,,,,,,35.5,,21.2,,,1.549,22.8,,80.0,,16.0,0.0,,,,,,,,,,,,,,,,,0.0,0.0,,0.0,,False,,,,,,,,96.0,,2.70805020110221
UCDV1_00025,Luo et al. (2025) open GitHub UCS benchmark,10.1007/s42452-025-07766-9,geopolymer_ash_cementitious,UCS,147.0,,,14.0,,,,,,,,35.5,,21.2,,,1.549,22.8,,75.0,,20.0,0.0,,,,,,,,,,,,,,,,,0.0,0.0,,0.0,,False,,,,,,,,95.0,,2.70805020110221
UCDV1_00026,Luo et al. (2025) open GitHub UCS benchmark,10.1007/s42452-025-07766-9,geopolymer_ash_cementitious,UCS,174.0,,,14.0,,,,,,,,35.5,,21.2,,,1.549,22.8,,70.0,,24.0,0.0,,,,,,,,,,,,,,,,,0.0,0.0,,0.0,,False,,,,,,,,94.0,,2.70805020110221
UCDV1_00027,Luo et al. (2025) open GitHub UCS benchmark,10.1007/s42452-025-07766-9,geopolymer_ash_cementitious,UCS,187.0,,,14.0,,,,,,,,35.5,,21.2,,,1.549,22.8,,60.0,,32.0,0.0,,,,,,,,,,,,,,,,,0.0,0.0,,0.0,,False,,,,,,,,92.0,,2.70805020110221
UCDV1_00028,Luo et al. (2025) open GitHub UCS benchmark,10.1007/s42452-025-07766-9,geopolymer_ash_cementitious,UCS,214.0,,,14.0,,,,,,,,35.5,,21.2,,,1.696,21.57,,100.0,,0.0,0.0,,,,,,,,,,,,,,,,,0.0,0.0,,0.0,,False,,,,,,,,100.0,,2.70805020110221
UCDV1_00029,Luo et al. (2025) open GitHub UCS benchmark,10.1007/s42452-025-07766-9,geopolymer_ash_cementitious,UCS,1270.0,,,14.0,,,,,,,,35.5,,21.2,,,1.696,21.57,,94.0,,4.0,0.0,,,,,,,,,,,,,,,,,0.0,0.0,,0.0,,False,,,,,,,,98.0,,2.70805020110221
UCDV1_00030,Luo et al. (2025) open GitHub UCS benchmark,10.1007/s42452-025-07766-9,geopolymer_ash_cementitious,UCS,1229.0,,,14.0,,,,,,,,35.5,,21.2,,,1.696,21.57,,88.0,,8.0,0.0,,,,,,,,,,,,,,,,,0.0,0.0,,0.0,,False,,,,,,,,96.0,,2.70805020110221
UCDV1_00031,Luo et al. (2025) open GitHub UCS benchmark,10.1007/s42452-025-07766-9,geopolymer_ash_cementitious,UCS,1970.0,,,14.0,,,,,,,,35.5,,21.2,,,1.696,21.57,,82.0,,12.0,0.0,,,,,,,,,,,,,,,,,0.0,0.0,,0.0,,False,,,,,,,,94.0,,2.70805020110221
UCDV1_00032,Luo et al. (2025) open GitHub UCS benchmark,10.1007/s42452-025-07766-9,geopolymer_ash_cementitious,UCS,1805.0,,,14.0,,,,,,,,35.5,,21.2,,,1.696,21.57,,76.0,,16.0,0.0,,,,,,,,,,,,,,,,,0.0,0.0,,0.0,,False,,,,,,,,92.0,,2.70805020110221
UCDV1_00033,Luo et al. (2025) open GitHub UCS benchmark,10.1007/s42452-025-07766-9,geopolymer_ash_cementitious,UCS,1372.0,,,14.0,,,,,,,,35.5,,21.2,,,1.696,21.57,,80.0,,16.0,0.0,,,,,,,,,,,,,,,,,0.0,0.0,,0.0,,False,,,,,,,,96.0,,2.70805020110221
UCDV1_00034,Luo et al. (2025) open GitHub UCS benchmark,10.1007/s42452-025-07766-9,geopolymer_ash_cementitious,UCS,1696.0,,,14.0,,,,,,,,35.5,,21.2,,,1.696,21.57,,75.0,,20.0,0.0,,,,,,,,,,,,,,,,,0.0,0.0,,0.0,,False,,,,,,,,95.0,,2.70805020110221
UCDV1_00035,Luo et al. (2025) open GitHub UCS benchmark,10.1007/s42452-025-07766-9,geopolymer_ash_cementitious,UCS,1853.0,,,14.0,,,,,,,,35.5,,21.2,,,1.696,21.57,,70.0,,24.0,0.0,,,,,,,,,,,,,,,,,0.0,0.0,,0.0,,False,,,,,,,,94.0,,2.70805020110221
UCDV1_00036,Luo et al. (2025) open GitHub UCS benchmark,10.1007/s42452-025-07766-9,geopolymer_ash_cementitious,UCS,1996.0,,,14.0,,,,,,,,35.5,,21.2,,,1.696,21.57,,60.0,,32.0,0.0,,,,,,,,,,,,,,,,,0.0,0.0,,0.0,,False,,,,,,,,92.0,,2.70805020110221
UCDV1_00037,Luo et al. (2025) open GitHub UCS benchmark,10.1007/s42452-025-07766-9,geopolymer_ash_cementitious,UCS,128.0,,,28.0,,,,,,,,35.5,,21.2,,,1.549,22.8,,100.0,,0.0,0.0,,,,,,,,,,,,,,,,,0.0,0.0,,0.0,,False,,,,,,,,100.0,,3.367295829986474
UCDV1_00038,Luo et al. (2025) open GitHub UCS benchmark,10.1007/s42452-025-07766-9,geopolymer_ash_cementitious,UCS,105.0,,,28.0,,,,,,,,35.5,,21.2,,,1.549,22.8,,94.0,,4.0,0.0,,,,,,,,,,,,,,,,,0.0,0.0,,0.0,,False,,,,,,,,98.0,,3.367295829986474
UCDV1_00039,Luo et al. (2025) open GitHub UCS benchmark,10.1007/s42452-025-07766-9,geopolymer_ash_cementitious,UCS,117.0,,,28.0,,,,,,,,35.5,,21.2,,,1.549,22.8,,88.0,,8.0,0.0,,,,,,,,,,,,,,,,,0.0,0.0,,0.0,,False,,,,,,,,96.0,,3.367295829986474
UCDV1_00040,Luo et al. (2025) open GitHub UCS benchmark,10.1007/s42452-025-07766-9,geopolymer_ash_cementitious,UCS,176.0,,,28.0,,,,,,,,35.5,,21.2,,,1.549,22.8,,82.0,,12.0,0.0,,,,,,,,,,,,,,,,,0.0,0.0,,0.0,,False,,,,,,,,94.0,,3.367295829986474
UCDV1_00041,Luo et al. (2025) open GitHub UCS benchmark,10.1007/s42452-025-07766-9,geopolymer_ash_cementitious,UCS,187.0,,,28.0,,,,,,,,35.5,,21.2,,,1.549,22.8,,76.0,,16.0,0.0,,,,,,,,,,,,,,,,,0.0,0.0,,0.0,,False,,,,,,,,92.0,,3.367295829986474
UCDV1_00042,Luo et al. (2025) open GitHub UCS benchmark,10.1007/s42452-025-07766-9,geopolymer_ash_cementitious,UCS,134.0,,,28.0,,,,,,,,35.5,,21.2,,,1.549,22.8,,80.0,,16.0,0.0,,,,,,,,,,,,,,,,,0.0,0.0,,0.0,,False,,,,,,,,96.0,,3.367295829986474
UCDV1_00043,Luo et al. (2025) open GitHub UCS benchmark,10.1007/s42452-025-07766-9,geopolymer_ash_cementitious,UCS,150.0,,,28.0,,,,,,,,35.5,,21.2,,,1.549,22.8,,75.0,,20.0,0.0,,,,,,,,,,,,,,,,,0.0,0.0,,0.0,,False,,,,,,,,95.0,,3.367295829986474
UCDV1_00044,Luo et al. (2025) open GitHub UCS benchmark,10.1007/s42452-025-07766-9,geopolymer_ash_cementitious,UCS,175.0,,,28.0,,,,,,,,35.5,,21.2,,,1.549,22.8,,70.0,,24.0,0.0,,,,,,,,,,,,,,,,,0.0,0.0,,0.0,,False,,,,,,,,94.0,,3.367295829986474
UCDV1_00045,Luo et al. (2025) open GitHub UCS benchmark,10.1007/s42452-025-07766-9,geopolymer_ash_cementitious,UCS,192.0,,,28.0,,,,,,,,35.5,,21.2,,,1.549,22.8,,60.0,,32.0,0.0,,,,,,,,,,,,,,,,,0.0,0.0,,0.0,,False,,,,,,,,92.0,,3.367295829986474
UCDV1_00046,Luo et al. (2025) open GitHub UCS benchmark,10.1007/s42452-025-07766-9,geopolymer_ash_cementitious,UCS,196.0,,,28.0,,,,,,,,35.5,,21.2,,,1.696,21.57,,100.0,,0.0,0.0,,,,,,,,,,,,,,,,,0.0,0.0,,0.0,,False,,,,,,,,100.0,,3.367295829986474
UCDV1_00047,Luo et al. (2025) open GitHub UCS benchmark,10.1007/s42452-025-07766-9,geopolymer_ash_cementitious,UCS,1357.0,,,28.0,,,,,,,,35.5,,21.2,,,1.696,21.57,,94.0,,4.0,0.0,,,,,,,,,,,,,,,,,0.0,0.0,,0.0,,False,,,,,,,,98.0,,3.367295829986474
UCDV1_00048,Luo et al. (2025) open GitHub UCS benchmark,10.1007/s42452-025-07766-9,geopolymer_ash_cementitious,UCS,1366.0,,,28.0,,,,,,,,35.5,,21.2,,,1.696,21.57,,88.0,,8.0,0.0,,,,,,,,,,,,,,,,,0.0,0.0,,0.0,,False,,,,,,,,96.0,,3.367295829986474
UCDV1_00049,Luo et al. (2025) open GitHub UCS benchmark,10.1007/s42452-025-07766-9,geopolymer_ash_cementitious,UCS,1826.0,,,28.0,,,,,,,,35.5,,21.2,,,1.696,21.57,,82.0,,12.0,0.0,,,,,,,,,,,,,,,,,0.0,0.0,,0.0,,False,,,,,,,,94.0,,3.367295829986474
UCDV1_00050,Luo et al. (2025) open GitHub UCS benchmark,10.1007/s42452-025-07766-9,geopolymer_ash_cementitious,UCS,1961.0,,,28.0,,,,,,,,35.5,,21.2,,,1.696,21.57,,76.0,,16.0,0.0,,,,,,,,,,,,,,,,,0.0,0.0,,0.0,,False,,,,,,,,92.0,,3.367295829986474
UCDV1_00051,Luo et al. (2025) open GitHub UCS benchmark,10.1007/s42452-025-07766-9,geopolymer_ash_cementitious,UCS,1210.0,,,28.0,,,,,,,,35.5,,21.2,,,1.696,21.57,,80.0,,16.0,0.0,,,,,,,,,,,,,,,,,0.0,0.0,,0.0,,False,,,,,,,,96.0,,3.367295829986474
UCDV1_00052,Luo et al. (2025) open GitHub UCS benchmark,10.1007/s42452-025-07766-9,geopolymer_ash_cementitious,UCS,1796.0,,,28.0,,,,,,,,35.5,,21.2,,,1.696,21.57,,75.0,,20.0,0.0,,,,,,,,,,,,,,,,,0.0,0.0,,0.0,,False,,,,,,,,95.0,,3.367295829986474
UCDV1_00053,Luo et al. (2025) open GitHub UCS benchmark,10.1007/s42452-025-07766-9,geopolymer_ash_cementitious,UCS,2054.0,,,28.0,,,,,,,,35.5,,21.2,,,1.696,21.57,,70.0,,24.0,0.0,,,,,,,,,,,,,,,,,0.0,0.0,,0.0,,False,,,,,,,,94.0,,3.367295829986474
UCDV1_00054,Luo et al. (2025) open GitHub UCS benchmark,10.1007/s42452-025-07766-9,geopolymer_ash_cementitious,UCS,2081.0,,,28.0,,,,,,,,35.5,,21.2,,,1.696,21.57,,60.0,,32.0,0.0,,,,,,,,,,,,,,,,,0.0,0.0,,0.0,,False,,,,,,,,92.0,,3.367295829986474
UCDV1_00055,Luo et al. (2025) open GitHub UCS benchmark,10.1007/s42452-025-07766-9,geopolymer_ash_cementitious,UCS,120.0,,,90.0,,,,,,,,35.5,,21.2,,,1.549,22.8,,100.0,,0.0,0.0,,,,,,,,,,,,,,,,,0.0,0.0,,0.0,,False,,,,,,,,100.0,,4.51085950651685
UCDV1_00056,Luo et al. (2025) open GitHub UCS benchmark,10.1007/s42452-025-07766-9,geopolymer_ash_cementitious,UCS,145.0,,,90.0,,,,,,,,35.5,,21.2,,,1.549,22.8,,94.0,,4.0,0.0,,,,,,,,,,,,,,,,,0.0,0.0,,0.0,,False,,,,,,,,98.0,,4.51085950651685
UCDV1_00057,Luo et al. (2025) open GitHub UCS benchmark,10.1007/s42452-025-07766-9,geopolymer_ash_cementitious,UCS,146.0,,,90.0,,,,,,,,35.5,,21.2,,,1.549,22.8,,88.0,,8.0,0.0,,,,,,,,,,,,,,,,,0.0,0.0,,0.0,,False,,,,,,,,96.0,,4.51085950651685
UCDV1_00058,Luo et al. (2025) open GitHub UCS benchmark,10.1007/s42452-025-07766-9,geopolymer_ash_cementitious,UCS,184.0,,,90.0,,,,,,,,35.5,,21.2,,,1.549,22.8,,82.0,,12.0,0.0,,,,,,,,,,,,,,,,,0.0,0.0,,0.0,,False,,,,,,,,94.0,,4.51085950651685
UCDV1_00059,Luo et al. (2025) open GitHub UCS benchmark,10.1007/s42452-025-07766-9,geopolymer_ash_cementitious,UCS,187.0,,,90.0,,,,,,,,35.5,,21.2,,,1.549,22.8,,76.0,,16.0,0.0,,,,,,,,,,,,,,,,,0.0,0.0,,0.0,,False,,,,,,,,92.0,,4.51085950651685
UCDV1_00060,Luo et al. (2025) open GitHub UCS benchmark,10.1007/s42452-025-07766-9,geopolymer_ash_cementitious,UCS,105.0,,,90.0,,,,,,,,35.5,,21.2,,,1.549,22.8,,80.0,,16.0,0.0,,,,,,,,,,,,,,,,,0.0,0.0,,0.0,,False,,,,,,,,96.0,,4.51085950651685
UCDV1_00061,Luo et al. (2025) open GitHub UCS benchmark,10.1007/s42452-025-07766-9,geopolymer_ash_cementitious,UCS,166.0,,,90.0,,,,,,,,35.5,,21.2,,,1.549,22.8,,75.0,,20.0,0.0,,,,,,,,,,,,,,,,,0.0,0.0,,0.0,,False,,,,,,,,95.0,,4.51085950651685
UCDV1_00062,Luo et al. (2025) open GitHub UCS benchmark,10.1007/s42452-025-07766-9,geopolymer_ash_cementitious,UCS,190.0,,,90.0,,,,,,,,35.5,,21.2,,,1.549,22.8,,70.0,,24.0,0.0,,,,,,,,,,,,,,,,,0.0,0.0,,0.0,,False,,,,,,,,94.0,,4.51085950651685
UCDV1_00063,Luo et al. (2025) open GitHub UCS benchmark,10.1007/s42452-025-07766-9,geopolymer_ash_cementitious,UCS,194.0,,,90.0,,,,,,,,35.5,,21.2,,,1.549,22.8,,60.0,,32.0,0.0,,,,,,,,,,,,,,,,,0.0,0.0,,0.0,,False,,,,,,,,92.0,,4.51085950651685
UCDV1_00064,Luo et al. (2025) open GitHub UCS benchmark,10.1007/s42452-025-07766-9,geopolymer_ash_cementitious,UCS,221.0,,,90.0,,,,,,,,35.5,,21.2,,,1.696,21.57,,100.0,,0.0,0.0,,,,,,,,,,,,,,,,,0.0,0.0,,0.0,,False,,,,,,,,100.0,,4.51085950651685
UCDV1_00065,Luo et al. (2025) open GitHub UCS benchmark,10.1007/s42452-025-07766-9,geopolymer_ash_cementitious,UCS,1525.0,,,90.0,,,,,,,,35.5,,21.2,,,1.696,21.57,,94.0,,4.0,0.0,,,,,,,,,,,,,,,,,0.0,0.0,,0.0,,False,,,,,,,,98.0,,4.51085950651685
UCDV1_00066,Luo et al. (2025) open GitHub UCS benchmark,10.1007/s42452-025-07766-9,geopolymer_ash_cementitious,UCS,1480.0,,,90.0,,,,,,,,35.5,,21.2,,,1.696,21.57,,88.0,,8.0,0.0,,,,,,,,,,,,,,,,,0.0,0.0,,0.0,,False,,,,,,,,96.0,,4.51085950651685
UCDV1_00067,Luo et al. (2025) open GitHub UCS benchmark,10.1007/s42452-025-07766-9,geopolymer_ash_cementitious,UCS,1934.0,,,90.0,,,,,,,,35.5,,21.2,,,1.696,21.57,,82.0,,12.0,0.0,,,,,,,,,,,,,,,,,0.0,0.0,,0.0,,False,,,,,,,,94.0,,4.51085950651685
UCDV1_00068,Luo et al. (2025) open GitHub UCS benchmark,10.1007/s42452-025-07766-9,geopolymer_ash_cementitious,UCS,2054.0,,,90.0,,,,,,,,35.5,,21.2,,,1.696,21.57,,76.0,,16.0,0.0,,,,,,,,,,,,,,,,,0.0,0.0,,0.0,,False,,,,,,,,92.0,,4.51085950651685
UCDV1_00069,Luo et al. (2025) open GitHub UCS benchmark,10.1007/s42452-025-07766-9,geopolymer_ash_cementitious,UCS,1394.0,,,90.0,,,,,,,,35.5,,21.2,,,1.696,21.57,,80.0,,16.0,0.0,,,,,,,,,,,,,,,,,0.0,0.0,,0.0,,False,,,,,,,,96.0,,4.51085950651685
UCDV1_00070,Luo et al. (2025) open GitHub UCS benchmark,10.1007/s42452-025-07766-9,geopolymer_ash_cementitious,UCS,1830.0,,,90.0,,,,,,,,35.5,,21.2,,,1.696,21.57,,75.0,,20.0,0.0,,,,,,,,,,,,,,,,,0.0,0.0,,0.0,,False,,,,,,,,95.0,,4.51085950651685
UCDV1_00071,Luo et al. (2025) open GitHub UCS benchmark,10.1007/s42452-025-07766-9,geopolymer_ash_cementitious,UCS,2083.0,,,90.0,,,,,,,,35.5,,21.2,,,1.696,21.57,,70.0,,24.0,0.0,,,,,,,,,,,,,,,,,0.0,0.0,,0.0,,False,,,,,,,,94.0,,4.51085950651685
UCDV1_00072,Luo et al. (2025) open GitHub UCS benchmark,10.1007/s42452-025-07766-9,geopolymer_ash_cementitious,UCS,2163.0,,,90.0,,,,,,,,35.5,,21.2,,,1.696,21.57,,60.0,,32.0,0.0,,,,,,,,,,,,,,,,,0.0,0.0,,0.0,,False,,,,,,,,92.0,,4.51085950651685
UCDV1_00073,Luo et al. (2025) open GitHub UCS benchmark,10.1007/s42452-025-07766-9,geopolymer_ash_cementitious,UCS,210.0,,,120.0,,,,,,,,35.5,,21.2,,,1.549,22.8,,100.0,,0.0,0.0,,,,,,,,,,,,,,,,,0.0,0.0,,0.0,,False,,,,,,,,100.0,,4.795790545596741
UCDV1_00074,Luo et al. (2025) open GitHub UCS benchmark,10.1007/s42452-025-07766-9,geopolymer_ash_cementitious,UCS,150.0,,,120.0,,,,,,,,35.5,,21.2,,,1.549,22.8,,94.0,,4.0,0.0,,,,,,,,,,,,,,,,,0.0,0.0,,0.0,,False,,,,,,,,98.0,,4.795790545596741
UCDV1_00075,Luo et al. (2025) open GitHub UCS benchmark,10.1007/s42452-025-07766-9,geopolymer_ash_cementitious,UCS,156.0,,,120.0,,,,,,,,35.5,,21.2,,,1.549,22.8,,88.0,,8.0,0.0,,,,,,,,,,,,,,,,,0.0,0.0,,0.0,,False,,,,,,,,96.0,,4.795790545596741
UCDV1_00076,Luo et al. (2025) open GitHub UCS benchmark,10.1007/s42452-025-07766-9,geopolymer_ash_cementitious,UCS,182.0,,,120.0,,,,,,,,35.5,,21.2,,,1.549,22.8,,82.0,,12.0,0.0,,,,,,,,,,,,,,,,,0.0,0.0,,0.0,,False,,,,,,,,94.0,,4.795790545596741
UCDV1_00077,Luo et al. (2025) open GitHub UCS benchmark,10.1007/s42452-025-07766-9,geopolymer_ash_cementitious,UCS,191.0,,,120.0,,,,,,,,35.5,,21.2,,,1.549,22.8,,76.0,,16.0,0.0,,,,,,,,,,,,,,,,,0.0,0.0,,0.0,,False,,,,,,,,92.0,,4.795790545596741
UCDV1_00078,Luo et al. (2025) open GitHub UCS benchmark,10.1007/s42452-025-07766-9,geopolymer_ash_cementitious,UCS,112.0,,,120.0,,,,,,,,35.5,,21.2,,,1.549,22.8,,80.0,,16.0,0.0,,,,,,,,,,,,,,,,,0.0,0.0,,0.0,,False,,,,,,,,96.0,,4.795790545596741
UCDV1_00079,Luo et al. (2025) open GitHub UCS benchmark,10.1007/s42452-025-07766-9,geopolymer_ash_cementitious,UCS,170.0,,,120.0,,,,,,,,35.5,,21.2,,,1.549,22.8,,75.0,,20.0,0.0,,,,,,,,,,,,,,,,,0.0,0.0,,0.0,,False,,,,,,,,95.0,,4.795790545596741
UCDV1_00080,Luo et al. (2025) open GitHub UCS benchmark,10.1007/s42452-025-07766-9,geopolymer_ash_cementitious,UCS,205.0,,,120.0,,,,,,,,35.5,,21.2,,,1.549,22.8,,70.0,,24.0,0.0,,,,,,,,,,,,,,,,,0.0,0.0,,0.0,,False,,,,,,,,94.0,,4.795790545596741
UCDV1_00081,Luo et al. (2025) open GitHub UCS benchmark,10.1007/s42452-025-07766-9,geopolymer_ash_cementitious,UCS,210.0,,,120.0,,,,,,,,35.5,,21.2,,,1.549,22.8,,60.0,,32.0,0.0,,,,,,,,,,,,,,,,,0.0,0.0,,0.0,,False,,,,,,,,92.0,,4.795790545596741
UCDV1_00082,Luo et al. (2025) open GitHub UCS benchmark,10.1007/s42452-025-07766-9,geopolymer_ash_cementitious,UCS,188.0,,,120.0,,,,,,,,35.5,,21.2,,,1.696,21.57,,100.0,,0.0,0.0,,,,,,,,,,,,,,,,,0.0,0.0,,0.0,,False,,,,,,,,100.0,,4.795790545596741
UCDV1_00083,Luo et al. (2025) open GitHub UCS benchmark,10.1007/s42452-025-07766-9,geopolymer_ash_cementitious,UCS,1616.0,,,120.0,,,,,,,,35.5,,21.2,,,1.696,21.57,,94.0,,4.0,0.0,,,,,,,,,,,,,,,,,0.0,0.0,,0.0,,False,,,,,,,,98.0,,4.795790545596741
UCDV1_00084,Luo et al. (2025) open GitHub UCS benchmark,10.1007/s42452-025-07766-9,geopolymer_ash_cementitious,UCS,1535.0,,,120.0,,,,,,,,35.5,,21.2,,,1.696,21.57,,88.0,,8.0,0.0,,,,,,,,,,,,,,,,,0.0,0.0,,0.0,,False,,,,,,,,96.0,,4.795790545596741
UCDV1_00085,Luo et al. (2025) open GitHub UCS benchmark,10.1007/s42452-025-07766-9,geopolymer_ash_cementitious,UCS,2024.0,,,120.0,,,,,,,,35.5,,21.2,,,1.696,21.57,,82.0,,12.0,0.0,,,,,,,,,,,,,,,,,0.0,0.0,,0.0,,False,,,,,,,,94.0,,4.795790545596741
UCDV1_00086,Luo et al. (2025) open GitHub UCS benchmark,10.1007/s42452-025-07766-9,geopolymer_ash_cementitious,UCS,2091.0,,,120.0,,,,,,,,35.5,,21.2,,,1.696,21.57,,76.0,,16.0,0.0,,,,,,,,,,,,,,,,,0.0,0.0,,0.0,,False,,,,,,,,92.0,,4.795790545596741
UCDV1_00087,Luo et al. (2025) open GitHub UCS benchmark,10.1007/s42452-025-07766-9,geopolymer_ash_cementitious,UCS,1472.0,,,120.0,,,,,,,,35.5,,21.2,,,1.696,21.57,,80.0,,16.0,0.0,,,,,,,,,,,,,,,,,0.0,0.0,,0.0,,False,,,,,,,,96.0,,4.795790545596741
UCDV1_00088,Luo et al. (2025) open GitHub UCS benchmark,10.1007/s42452-025-07766-9,geopolymer_ash_cementitious,UCS,1837.0,,,120.0,,,,,,,,35.5,,21.2,,,1.696,21.57,,75.0,,20.0,0.0,,,,,,,,,,,,,,,,,0.0,0.0,,0.0,,False,,,,,,,,95.0,,4.795790545596741
UCDV1_00089,Luo et al. (2025) open GitHub UCS benchmark,10.1007/s42452-025-07766-9,geopolymer_ash_cementitious,UCS,2072.0,,,120.0,,,,,,,,35.5,,21.2,,,1.696,21.57,,70.0,,24.0,0.0,,,,,,,,,,,,,,,,,0.0,0.0,,0.0,,False,,,,,,,,94.0,,4.795790545596741
UCDV1_00090,Luo et al. (2025) open GitHub UCS benchmark,10.1007/s42452-025-07766-9,geopolymer_ash_cementitious,UCS,2195.0,,,120.0,,,,,,,,35.5,,21.2,,,1.696,21.57,,60.0,,32.0,0.0,,,,,,,,,,,,,,,,,0.0,0.0,,0.0,,False,,,,,,,,92.0,,4.795790545596741
UCDV1_00091,Luo et al. (2025) open GitHub UCS benchmark,10.1007/s42452-025-07766-9,geopolymer_ash_cementitious,UCS,137.123,,,1.0,,,,,,,,51.24,,26.69,,,1.679,19.62,,100.0,,0.0,0.0,,,,,,,,,,,,,,,,,0.0,0.0,,0.0,,False,,,,,,,,100.0,,0.6931471805599453
UCDV1_00092,Luo et al. (2025) open GitHub UCS benchmark,10.1007/s42452-025-07766-9,geopolymer_ash_cementitious,UCS,151.69070000000002,,,1.0,,,,,,,,51.24,,26.69,,,1.68061,19.62,,90.0,,0.0,10.0,,,,,,,,,,,,,,,,,0.0,0.0,,0.0,,False,,,,,,,,100.0,,0.6931471805599453
UCDV1_00093,Luo et al. (2025) open GitHub UCS benchmark,10.1007/s42452-025-07766-9,geopolymer_ash_cementitious,UCS,168.26773,,,1.0,,,,,,,,51.24,,26.69,,,1.69269,19.62,,85.0,,0.0,15.0,,,,,,,,,,,,,,,,,0.0,0.0,,0.0,,False,,,,,,,,100.0,,0.6931471805599453
UCDV1_00094,Luo et al. (2025) open GitHub UCS benchmark,10.1007/s42452-025-07766-9,geopolymer_ash_cementitious,UCS,156.71404,,,1.0,,,,,,,,51.24,,26.69,,,1.69043,19.62,,80.0,,0.0,20.0,,,,,,,,,,,,,,,,,0.0,0.0,,0.0,,False,,,,,,,,100.0,,0.6931471805599453
UCDV1_00095,Luo et al. (2025) open GitHub UCS benchmark,10.1007/s42452-025-07766-9,geopolymer_ash_cementitious,UCS,144.15568000000002,,,1.0,,,,,,,,51.24,,26.69,,,1.68589,19.62,,75.0,,0.0,25.0,,,,,,,,,,,,,,,,,0.0,0.0,,0.0,,False,,,,,,,,100.0,,0.6931471805599453
UCDV1_00096,Luo et al. (2025) open GitHub UCS benchmark,10.1007/s42452-025-07766-9,geopolymer_ash_cementitious,UCS,330.52171000000004,,,7.0,,,,,,,,51.24,,26.69,,,1.679,19.62,,100.0,,0.0,0.0,,,,,,,,,,,,,,,,,0.0,0.0,,0.0,,False,,,,,,,,100.0,,2.0794415416798357
UCDV1_00097,Luo et al. (2025) open GitHub UCS benchmark,10.1007/s42452-025-07766-9,geopolymer_ash_cementitious,UCS,619.36395,,,7.0,,,,,,,,51.24,,26.69,,,1.68061,19.62,,90.0,,0.0,10.0,,,,,,,,,,,,,,,,,0.0,0.0,,0.0,,False,,,,,,,,100.0,,2.0794415416798357
UCDV1_00098,Luo et al. (2025) open GitHub UCS benchmark,10.1007/s42452-025-07766-9,geopolymer_ash_cementitious,UCS,787.14361,,,7.0,,,,,,,,51.24,,26.69,,,1.69269,19.62,,85.0,,0.0,15.0,,,,,,,,,,,,,,,,,0.0,0.0,,0.0,,False,,,,,,,,100.0,,2.0794415416798357
UCDV1_00099,Luo et al. (2025) open GitHub UCS benchmark,10.1007/s42452-025-07766-9,geopolymer_ash_cementitious,UCS,703.25378,,,7.0,,,,,,,,51.24,,26.69,,,1.69043,19.62,,80.0,,0.0,20.0,,,,,,,,,,,,,,,,,0.0,0.0,,0.0,,False,,,,,,,,100.0,,2.0794415416798357
UCDV1_00100,Luo et al. (2025) open GitHub UCS benchmark,10.1007/s42452-025-07766-9,geopolymer_ash_cementitious,UCS,678.6394,,,7.0,,,,,,,,51.24,,26.69,,,1.68589,19.62,,75.0,,0.0,25.0,,,,,,,,,,,,,,,,,0.0,0.0,,0.0,,False,,,,,,,,100.0,,2.0794415416798357
UCDV1_00101,Luo et al. (2025) open GitHub UCS benchmark,10.1007/s42452-025-07766-9,geopolymer_ash_cementitious,UCS,811.7579900000001,,,28.0,,,,,,,,51.24,,26.69,,,1.679,19.62,,100.0,,0.0,0.0,,,,,,,,,,,,,,,,,0.0,0.0,,0.0,,False,,,,,,,,100.0,,3.367295829986474
UCDV1_00102,Luo et al. (2025) open GitHub UCS benchmark,10.1007/s42452-025-07766-9,geopolymer_ash_cementitious,UCS,922.77388,,,28.0,,,,,,,,51.24,,26.69,,,1.68061,19.62,,90.0,,0.0,10.0,,,,,,,,,,,,,,,,,0.0,0.0,,0.0,,False,,,,,,,,100.0,,3.367295829986474
UCDV1_00103,Luo et al. (2025) open GitHub UCS benchmark,10.1007/s42452-025-07766-9,geopolymer_ash_cementitious,UCS,1076.99051,,,28.0,,,,,,,,51.24,,26.69,,,1.69269,19.62,,85.0,,0.0,15.0,,,,,,,,,,,,,,,,,0.0,0.0,,0.0,,False,,,,,,,,100.0,,3.367295829986474
UCDV1_00104,Luo et al. (2025) open GitHub UCS benchmark,10.1007/s42452-025-07766-9,geopolymer_ash_cementitious,UCS,1027.25941,,,28.0,,,,,,,,51.24,,26.69,,,1.69043,19.62,,80.0,,0.0,20.0,,,,,,,,,,,,,,,,,0.0,0.0,,0.0,,False,,,,,,,,100.0,,3.367295829986474
UCDV1_00105,Luo et al. (2025) open GitHub UCS benchmark,10.1007/s42452-025-07766-9,geopolymer_ash_cementitious,UCS,1002.1427,,,28.0,,,,,,,,51.24,,26.69,,,1.68589,19.62,,75.0,,0.0,25.0,,,,,,,,,,,,,,,,,0.0,0.0,,0.0,,False,,,,,,,,100.0,,3.367295829986474
UCDV1_00106,Luo et al. (2025) open GitHub UCS benchmark,10.1007/s42452-025-07766-9,geopolymer_ash_cementitious,UCS,98.0,,,0.0,,,,,,,,91.0,,58.0,,,1.38681404964998,27.0,,100.0,,0.0,0.0,,,,,,,,,,,,,,,,,0.0,0.0,,0.0,,False,,,,,,,,100.0,,0.0
UCDV1_00107,Luo et al. (2025) open GitHub UCS benchmark,10.1007/s42452-025-07766-9,geopolymer_ash_cementitious,UCS,117.0,,,0.0,,,,,,,,79.0,,45.0,,,1.46839134668822,24.6,,90.0,,0.0,10.0,,,,,,,,,,,,,,,,,0.0,0.0,,0.0,,False,,,,,,,,100.0,,0.0
UCDV1_00108,Luo et al. (2025) open GitHub UCS benchmark,10.1007/s42452-025-07766-9,geopolymer_ash_cementitious,UCS,125.0,,,0.0,,,,,,,,72.0,,36.0,,,1.49898283307755,24.0,,80.0,,0.0,20.0,,,,,,,,,,,,,,,,,0.0,0.0,,0.0,,False,,,,,,,,100.0,,0.0
UCDV1_00109,Luo et al. (2025) open GitHub UCS benchmark,10.1007/s42452-025-07766-9,geopolymer_ash_cementitious,UCS,147.0,,,0.0,,,,,,,,67.0,,28.0,,,1.51937715733711,22.6,,70.0,,0.0,30.0,,,,,,,,,,,,,,,,,0.0,0.0,,0.0,,False,,,,,,,,100.0,,0.0
UCDV1_00110,Luo et al. (2025) open GitHub UCS benchmark,10.1007/s42452-025-07766-9,geopolymer_ash_cementitious,UCS,138.0,,,0.0,,,,,,,,63.0,,24.0,,,1.52957431946689,22.2,,60.0,,0.0,40.0,,,,,,,,,,,,,,,,,0.0,0.0,,0.0,,False,,,,,,,,100.0,,0.0
UCDV1_00111,Luo et al. (2025) open GitHub UCS benchmark,10.1007/s42452-025-07766-9,geopolymer_ash_cementitious,UCS,132.0,,,0.0,,,,,,,,61.0,,20.0,,,1.51937715733711,21.8,,50.0,,0.0,50.0,,,,,,,,,,,,,,,,,0.0,0.0,,0.0,,False,,,,,,,,100.0,,0.0
UCDV1_00112,Luo et al. (2025) open GitHub UCS benchmark,10.1007/s42452-025-07766-9,geopolymer_ash_cementitious,UCS,98.0,,,3.0,,,,,,,,91.0,,58.0,,,1.38681404964998,27.0,,100.0,,0.0,0.0,,,,,,,,,,,,,,,,,0.0,0.0,,0.0,,False,,,,,,,,100.0,,1.3862943611198906
UCDV1_00113,Luo et al. (2025) open GitHub UCS benchmark,10.1007/s42452-025-07766-9,geopolymer_ash_cementitious,UCS,150.0,,,3.0,,,,,,,,79.0,,45.0,,,1.46839134668822,24.6,,90.0,,0.0,10.0,,,,,,,,,,,,,,,,,0.0,0.0,,0.0,,False,,,,,,,,100.0,,1.3862943611198906
UCDV1_00114,Luo et al. (2025) open GitHub UCS benchmark,10.1007/s42452-025-07766-9,geopolymer_ash_cementitious,UCS,167.0,,,3.0,,,,,,,,72.0,,36.0,,,1.49898283307755,24.0,,80.0,,0.0,20.0,,,,,,,,,,,,,,,,,0.0,0.0,,0.0,,False,,,,,,,,100.0,,1.3862943611198906
UCDV1_00115,Luo et al. (2025) open GitHub UCS benchmark,10.1007/s42452-025-07766-9,geopolymer_ash_cementitious,UCS,259.0,,,3.0,,,,,,,,67.0,,28.0,,,1.51937715733711,22.6,,70.0,,0.0,30.0,,,,,,,,,,,,,,,,,0.0,0.0,,0.0,,False,,,,,,,,100.0,,1.3862943611198906
UCDV1_00116,Luo et al. (2025) open GitHub UCS benchmark,10.1007/s42452-025-07766-9,geopolymer_ash_cementitious,UCS,197.0,,,3.0,,,,,,,,63.0,,24.0,,,1.52957431946689,22.2,,60.0,,0.0,40.0,,,,,,,,,,,,,,,,,0.0,0.0,,0.0,,False,,,,,,,,100.0,,1.3862943611198906
UCDV1_00117,Luo et al. (2025) open GitHub UCS benchmark,10.1007/s42452-025-07766-9,geopolymer_ash_cementitious,UCS,140.0,,,3.0,,,,,,,,61.0,,20.0,,,1.51937715733711,21.8,,50.0,,0.0,50.0,,,,,,,,,,,,,,,,,0.0,0.0,,0.0,,False,,,,,,,,100.0,,1.3862943611198906
UCDV1_00118,Luo et al. (2025) open GitHub UCS benchmark,10.1007/s42452-025-07766-9,geopolymer_ash_cementitious,UCS,98.0,,,7.0,,,,,,,,91.0,,58.0,,,1.38681404964998,27.0,,100.0,,0.0,0.0,,,,,,,,,,,,,,,,,0.0,0.0,,0.0,,False,,,,,,,,100.0,,2.0794415416798357
UCDV1_00119,Luo et al. (2025) open GitHub UCS benchmark,10.1007/s42452-025-07766-9,geopolymer_ash_cementitious,UCS,219.0,,,7.0,,,,,,,,79.0,,45.0,,,1.46839134668822,24.6,,90.0,,0.0,10.0,,,,,,,,,,,,,,,,,0.0,0.0,,0.0,,False,,,,,,,,100.0,,2.0794415416798357
UCDV1_00120,Luo et al. (2025) open GitHub UCS benchmark,10.1007/s42452-025-07766-9,geopolymer_ash_cementitious,UCS,267.0,,,7.0,,,,,,,,72.0,,36.0,,,1.49898283307755,24.0,,80.0,,0.0,20.0,,,,,,,,,,,,,,,,,0.0,0.0,,0.0,,False,,,,,,,,100.0,,2.0794415416798357
UCDV1_00121,Luo et al. (2025) open GitHub UCS benchmark,10.1007/s42452-025-07766-9,geopolymer_ash_cementitious,UCS,335.0,,,7.0,,,,,,,,67.0,,28.0,,,1.51937715733711,22.6,,70.0,,0.0,30.0,,,,,,,,,,,,,,,,,0.0,0.0,,0.0,,False,,,,,,,,100.0,,2.0794415416798357
UCDV1_00122,Luo et al. (2025) open GitHub UCS benchmark,10.1007/s42452-025-07766-9,geopolymer_ash_cementitious,UCS,377.0,,,7.0,,,,,,,,63.0,,24.0,,,1.52957431946689,22.2,,60.0,,0.0,40.0,,,,,,,,,,,,,,,,,0.0,0.0,,0.0,,False,,,,,,,,100.0,,2.0794415416798357
UCDV1_00123,Luo et al. (2025) open GitHub UCS benchmark,10.1007/s42452-025-07766-9,geopolymer_ash_cementitious,UCS,316.0,,,7.0,,,,,,,,61.0,,20.0,,,1.51937715733711,21.8,,50.0,,0.0,50.0,,,,,,,,,,,,,,,,,0.0,0.0,,0.0,,False,,,,,,,,100.0,,2.0794415416798357
UCDV1_00124,Luo et al. (2025) open GitHub UCS benchmark,10.1007/s42452-025-07766-9,geopolymer_ash_cementitious,UCS,98.0,,,14.0,,,,,,,,91.0,,58.0,,,1.38681404964998,27.0,,100.0,,0.0,0.0,,,,,,,,,,,,,,,,,0.0,0.0,,0.0,,False,,,,,,,,100.0,,2.70805020110221
UCDV1_00125,Luo et al. (2025) open GitHub UCS benchmark,10.1007/s42452-025-07766-9,geopolymer_ash_cementitious,UCS,271.0,,,14.0,,,,,,,,79.0,,45.0,,,1.46839134668822,24.6,,90.0,,0.0,10.0,,,,,,,,,,,,,,,,,0.0,0.0,,0.0,,False,,,,,,,,100.0,,2.70805020110221
UCDV1_00126,Luo et al. (2025) open GitHub UCS benchmark,10.1007/s42452-025-07766-9,geopolymer_ash_cementitious,UCS,422.0,,,14.0,,,,,,,,72.0,,36.0,,,1.49898283307755,24.0,,80.0,,0.0,20.0,,,,,,,,,,,,,,,,,0.0,0.0,,0.0,,False,,,,,,,,100.0,,2.70805020110221
UCDV1_00127,Luo et al. (2025) open GitHub UCS benchmark,10.1007/s42452-025-07766-9,geopolymer_ash_cementitious,UCS,452.0,,,14.0,,,,,,,,67.0,,28.0,,,1.51937715733711,22.6,,70.0,,0.0,30.0,,,,,,,,,,,,,,,,,0.0,0.0,,0.0,,False,,,,,,,,100.0,,2.70805020110221
UCDV1_00128,Luo et al. (2025) open GitHub UCS benchmark,10.1007/s42452-025-07766-9,geopolymer_ash_cementitious,UCS,529.0,,,14.0,,,,,,,,63.0,,24.0,,,1.52957431946689,22.2,,60.0,,0.0,40.0,,,,,,,,,,,,,,,,,0.0,0.0,,0.0,,False,,,,,,,,100.0,,2.70805020110221
UCDV1_00129,Luo et al. (2025) open GitHub UCS benchmark,10.1007/s42452-025-07766-9,geopolymer_ash_cementitious,UCS,502.0,,,14.0,,,,,,,,61.0,,20.0,,,1.51937715733711,21.8,,50.0,,0.0,50.0,,,,,,,,,,,,,,,,,0.0,0.0,,0.0,,False,,,,,,,,100.0,,2.70805020110221
UCDV1_00130,Luo et al. (2025) open GitHub UCS benchmark,10.1007/s42452-025-07766-9,geopolymer_ash_cementitious,UCS,98.0,,,28.0,,,,,,,,91.0,,58.0,,,1.38681404964998,27.0,,100.0,,0.0,0.0,,,,,,,,,,,,,,,,,0.0,0.0,,0.0,,False,,,,,,,,100.0,,3.367295829986474
UCDV1_00131,Luo et al. (2025) open GitHub UCS benchmark,10.1007/s42452-025-07766-9,geopolymer_ash_cementitious,UCS,282.0,,,28.0,,,,,,,,79.0,,45.0,,,1.46839134668822,24.6,,90.0,,0.0,10.0,,,,,,,,,,,,,,,,,0.0,0.0,,0.0,,False,,,,,,,,100.0,,3.367295829986474
UCDV1_00132,Luo et al. (2025) open GitHub UCS benchmark,10.1007/s42452-025-07766-9,geopolymer_ash_cementitious,UCS,470.0,,,28.0,,,,,,,,72.0,,36.0,,,1.49898283307755,24.0,,80.0,,0.0,20.0,,,,,,,,,,,,,,,,,0.0,0.0,,0.0,,False,,,,,,,,100.0,,3.367295829986474
UCDV1_00133,Luo et al. (2025) open GitHub UCS benchmark,10.1007/s42452-025-07766-9,geopolymer_ash_cementitious,UCS,514.0,,,28.0,,,,,,,,67.0,,28.0,,,1.51937715733711,22.6,,70.0,,0.0,30.0,,,,,,,,,,,,,,,,,0.0,0.0,,0.0,,False,,,,,,,,100.0,,3.367295829986474
UCDV1_00134,Luo et al. (2025) open GitHub UCS benchmark,10.1007/s42452-025-07766-9,geopolymer_ash_cementitious,UCS,585.0,,,28.0,,,,,,,,63.0,,24.0,,,1.52957431946689,22.2,,60.0,,0.0,40.0,,,,,,,,,,,,,,,,,0.0,0.0,,0.0,,False,,,,,,,,100.0,,3.367295829986474
UCDV1_00135,Luo et al. (2025) open GitHub UCS benchmark,10.1007/s42452-025-07766-9,geopolymer_ash_cementitious,UCS,518.0,,,28.0,,,,,,,,61.0,,20.0,,,1.51937715733711,21.8,,50.0,,0.0,50.0,,,,,,,,,,,,,,,,,0.0,0.0,,0.0,,False,,,,,,,,100.0,,3.367295829986474
UCDV1_00136,Luo et al. (2025) open GitHub UCS benchmark,10.1007/s42452-025-07766-9,geopolymer_ash_cementitious,UCS,320.0,,,0.0,,,,,,,,78.0,,45.0,,,1.68061224489796,19.0,,0.0,,0.0,100.0,,,,,,,,,,,,,,,,,0.0,0.0,,0.0,,False,,,,,,,,100.0,,0.0
UCDV1_00137,Luo et al. (2025) open GitHub UCS benchmark,10.1007/s42452-025-07766-9,geopolymer_ash_cementitious,UCS,247.27685,,,0.0,,,,,,,,78.0,,45.0,,,1.73314795918367,15.96962,,95.0,,0.0,5.0,,,,,,,,,,,,,,,,,0.0,0.0,,0.0,,False,,,,,,,,100.0,,0.0
UCDV1_00138,Luo et al. (2025) open GitHub UCS benchmark,10.1007/s42452-025-07766-9,geopolymer_ash_cementitious,UCS,293.85258,,,0.0,,,,,,,,70.0,,42.0,,,1.73786632653061,14.96762,,90.0,,0.0,10.0,,,,,,,,,,,,,,,,,0.0,0.0,,0.0,,False,,,,,,,,100.0,,0.0
UCDV1_00139,Luo et al. (2025) open GitHub UCS benchmark,10.1007/s42452-025-07766-9,geopolymer_ash_cementitious,UCS,323.79412,,,0.0,,,,,,,,66.0,,40.0,,,1.7501887755102,15.06397,,85.0,,0.0,15.0,,,,,,,,,,,,,,,,,0.0,0.0,,0.0,,False,,,,,,,,100.0,,0.0
UCDV1_00140,Luo et al. (2025) open GitHub UCS benchmark,10.1007/s42452-025-07766-9,geopolymer_ash_cementitious,UCS,353.73566,,,0.0,,,,,,,,58.0,,34.0,,,1.76919489795918,14.05555,,80.0,,0.0,20.0,,,,,,,,,,,,,,,,,0.0,0.0,,0.0,,False,,,,,,,,100.0,,0.0
UCDV1_00141,Luo et al. (2025) open GitHub UCS benchmark,10.1007/s42452-025-07766-9,geopolymer_ash_cementitious,UCS,355.5839,,,0.0,,,,,,,,55.0,,32.0,,,1.7986887755102,13.05356,,75.0,,0.0,25.0,,,,,,,,,,,,,,,,,0.0,0.0,,0.0,,False,,,,,,,,100.0,,0.0
UCDV1_00142,Luo et al. (2025) open GitHub UCS benchmark,10.1007/s42452-025-07766-9,geopolymer_ash_cementitious,UCS,356.69285,,,0.0,,,,,,,,52.0,,30.0,,,1.7952806122449,11.91026,,70.0,,0.0,30.0,,,,,,,,,,,,,,,,,0.0,0.0,,0.0,,False,,,,,,,,100.0,,0.0
UCDV1_00143,Luo et al. (2025) open GitHub UCS benchmark,10.1007/s42452-025-07766-9,geopolymer_ash_cementitious,UCS,280.0,,,0.0,,,,,,,,79.0,,45.0,,,1.71007755102041,18.0,,100.0,,0.0,0.0,,,,,,,,,,,,,,,,,0.0,0.0,,0.0,,False,,,,,,,,100.0,,0.0
UCDV1_00144,Luo et al. (2025) open GitHub UCS benchmark,10.1007/s42452-025-07766-9,geopolymer_ash_cementitious,UCS,610.0,,,0.0,,,,,,,,78.0,,45.0,,,1.80204081632653,15.0,,75.0,,0.0,23.0,,,,,,,,,,,,,,,,,0.0,0.0,,0.0,,False,,,,,,,,98.0,,0.0
UCDV1_00145,Luo et al. (2025) open GitHub UCS benchmark,10.1007/s42452-025-07766-9,geopolymer_ash_cementitious,UCS,630.0,,,0.0,,,,,,,,78.0,,45.0,,,1.81020408163265,15.5,,75.0,,0.0,21.0,,,,,,,,,,,,,,,,,0.0,0.0,,0.0,,False,,,,,,,,96.0,,0.0
UCDV1_00146,Luo et al. (2025) open GitHub UCS benchmark,10.1007/s42452-025-07766-9,geopolymer_ash_cementitious,UCS,670.0,,,0.0,,,,,,,,78.0,,45.0,,,1.82040816326531,15.9,,75.0,,0.0,19.0,,,,,,,,,,,,,,,,,0.0,0.0,,0.0,,False,,,,,,,,94.0,,0.0
UCDV1_00147,Luo et al. (2025) open GitHub UCS benchmark,10.1007/s42452-025-07766-9,geopolymer_ash_cementitious,UCS,710.0,,,0.0,,,,,,,,78.0,,45.0,,,1.82755102040816,16.0,,75.0,,0.0,16.0,,,,,,,,,,,,,,,,,0.0,0.0,,0.0,,False,,,,,,,,91.0,,0.0
UCDV1_00148,Luo et al. (2025) open GitHub UCS benchmark,10.1007/s42452-025-07766-9,geopolymer_ash_cementitious,UCS,320.0,,,7.0,,,,,,,,78.0,,45.0,,,1.68061224489796,19.0,,0.0,,0.0,100.0,,,,,,,,,,,,,,,,,0.0,0.0,,0.0,,False,,,,,,,,100.0,,2.0794415416798357
UCDV1_00149,Luo et al. (2025) open GitHub UCS benchmark,10.1007/s42452-025-07766-9,geopolymer_ash_cementitious,UCS,409.5526,,,7.0,,,,,,,,78.0,,45.0,,,1.73314795918367,15.96962,,95.0,,0.0,5.0,,,,,,,,,,,,,,,,,0.0,0.0,,0.0,,False,,,,,,,,100.0,,2.0794415416798357
UCDV1_00150,Luo et al. (2025) open GitHub UCS benchmark,10.1007/s42452-025-07766-9,geopolymer_ash_cementitious,UCS,537.82068,,,7.0,,,,,,,,70.0,,42.0,,,1.73786632653061,14.96762,,90.0,,0.0,10.0,,,,,,,,,,,,,,,,,0.0,0.0,,0.0,,False,,,,,,,,100.0,,2.0794415416798357
UCDV1_00151,Luo et al. (2025) open GitHub UCS benchmark,10.1007/s42452-025-07766-9,geopolymer_ash_cementitious,UCS,605.46638,,,7.0,,,,,,,,66.0,,40.0,,,1.7501887755102,15.06397,,85.0,,0.0,15.0,,,,,,,,,,,,,,,,,0.0,0.0,,0.0,,False,,,,,,,,100.0,,2.0794415416798357
UCDV1_00152,Luo et al. (2025) open GitHub UCS benchmark,10.1007/s42452-025-07766-9,geopolymer_ash_cementitious,UCS,847.58623,,,7.0,,,,,,,,58.0,,34.0,,,1.76919489795918,14.05555,,80.0,,0.0,20.0,,,,,,,,,,,,,,,,,0.0,0.0,,0.0,,False,,,,,,,,100.0,,2.0794415416798357
UCDV1_00153,Luo et al. (2025) open GitHub UCS benchmark,10.1007/s42452-025-07766-9,geopolymer_ash_cementitious,UCS,938.88945,,,7.0,,,,,,,,55.0,,32.0,,,1.7986887755102,13.05356,,75.0,,0.0,25.0,,,,,,,,,,,,,,,,,0.0,0.0,,0.0,,False,,,,,,,,100.0,,2.0794415416798357
UCDV1_00154,Luo et al. (2025) open GitHub UCS benchmark,10.1007/s42452-025-07766-9,geopolymer_ash_cementitious,UCS,887.13864,,,7.0,,,,,,,,52.0,,30.0,,,1.7952806122449,11.91026,,70.0,,0.0,30.0,,,,,,,,,,,,,,,,,0.0,0.0,,0.0,,False,,,,,,,,100.0,,2.0794415416798357
UCDV1_00155,Luo et al. (2025) open GitHub UCS benchmark,10.1007/s42452-025-07766-9,geopolymer_ash_cementitious,UCS,280.0,,,7.0,,,,,,,,79.0,,45.0,,,1.71007755102041,18.0,,100.0,,0.0,0.0,,,,,,,,,,,,,,,,,0.0,0.0,,0.0,,False,,,,,,,,100.0,,2.0794415416798357
UCDV1_00156,Luo et al. (2025) open GitHub UCS benchmark,10.1007/s42452-025-07766-9,geopolymer_ash_cementitious,UCS,1040.0,,,7.0,,,,,,,,78.0,,45.0,,,1.80204081632653,15.0,,75.0,,0.0,23.0,,,,,,,,,,,,,,,,,0.0,0.0,,0.0,,False,,,,,,,,98.0,,2.0794415416798357
UCDV1_00157,Luo et al. (2025) open GitHub UCS benchmark,10.1007/s42452-025-07766-9,geopolymer_ash_cementitious,UCS,1120.0,,,7.0,,,,,,,,78.0,,45.0,,,1.81020408163265,15.5,,75.0,,0.0,21.0,,,,,,,,,,,,,,,,,0.0,0.0,,0.0,,False,,,,,,,,96.0,,2.0794415416798357
UCDV1_00158,Luo et al. (2025) open GitHub UCS benchmark,10.1007/s42452-025-07766-9,geopolymer_ash_cementitious,UCS,1340.0,,,7.0,,,,,,,,78.0,,45.0,,,1.82040816326531,15.9,,75.0,,0.0,19.0,,,,,,,,,,,,,,,,,0.0,0.0,,0.0,,False,,,,,,,,94.0,,2.0794415416798357
UCDV1_00159,Luo et al. (2025) open GitHub UCS benchmark,10.1007/s42452-025-07766-9,geopolymer_ash_cementitious,UCS,2230.0,,,7.0,,,,,,,,78.0,,45.0,,,1.82755102040816,16.0,,75.0,,0.0,16.0,,,,,,,,,,,,,,,,,0.0,0.0,,0.0,,False,,,,,,,,91.0,,2.0794415416798357
UCDV1_00160,Luo et al. (2025) open GitHub UCS benchmark,10.1007/s42452-025-07766-9,geopolymer_ash_cementitious,UCS,320.0,,,14.0,,,,,,,,78.0,,45.0,,,1.68061224489796,19.0,,0.0,,0.0,100.0,,,,,,,,,,,,,,,,,0.0,0.0,,0.0,,False,,,,,,,,100.0,,2.70805020110221
UCDV1_00161,Luo et al. (2025) open GitHub UCS benchmark,10.1007/s42452-025-07766-9,geopolymer_ash_cementitious,UCS,588.46254,,,14.0,,,,,,,,78.0,,45.0,,,1.73314795918367,15.96962,,95.0,,0.0,5.0,,,,,,,,,,,,,,,,,0.0,0.0,,0.0,,False,,,,,,,,100.0,,2.70805020110221
UCDV1_00162,Luo et al. (2025) open GitHub UCS benchmark,10.1007/s42452-025-07766-9,geopolymer_ash_cementitious,UCS,686.04978,,,14.0,,,,,,,,70.0,,42.0,,,1.73786632653061,14.96762,,90.0,,0.0,10.0,,,,,,,,,,,,,,,,,0.0,0.0,,0.0,,False,,,,,,,,100.0,,2.70805020110221
UCDV1_00163,Luo et al. (2025) open GitHub UCS benchmark,10.1007/s42452-025-07766-9,geopolymer_ash_cementitious,UCS,766.63318,,,14.0,,,,,,,,66.0,,40.0,,,1.7501887755102,15.06397,,85.0,,0.0,15.0,,,,,,,,,,,,,,,,,0.0,0.0,,0.0,,False,,,,,,,,100.0,,2.70805020110221
UCDV1_00164,Luo et al. (2025) open GitHub UCS benchmark,10.1007/s42452-025-07766-9,geopolymer_ash_cementitious,UCS,997.66358,,,14.0,,,,,,,,58.0,,34.0,,,1.76919489795918,14.05555,,80.0,,0.0,20.0,,,,,,,,,,,,,,,,,0.0,0.0,,0.0,,False,,,,,,,,100.0,,2.70805020110221
UCDV1_00165,Luo et al. (2025) open GitHub UCS benchmark,10.1007/s42452-025-07766-9,geopolymer_ash_cementitious,UCS,1084.5310100000002,,,14.0,,,,,,,,55.0,,32.0,,,1.7986887755102,13.05356,,75.0,,0.0,25.0,,,,,,,,,,,,,,,,,0.0,0.0,,0.0,,False,,,,,,,,100.0,,2.70805020110221
UCDV1_00166,Luo et al. (2025) open GitHub UCS benchmark,10.1007/s42452-025-07766-9,geopolymer_ash_cementitious,UCS,1026.49617,,,14.0,,,,,,,,52.0,,30.0,,,1.7952806122449,11.91026,,70.0,,0.0,30.0,,,,,,,,,,,,,,,,,0.0,0.0,,0.0,,False,,,,,,,,100.0,,2.70805020110221
UCDV1_00167,Luo et al. (2025) open GitHub UCS benchmark,10.1007/s42452-025-07766-9,geopolymer_ash_cementitious,UCS,280.0,,,14.0,,,,,,,,79.0,,45.0,,,1.71007755102041,18.0,,100.0,,0.0,0.0,,,,,,,,,,,,,,,,,0.0,0.0,,0.0,,False,,,,,,,,100.0,,2.70805020110221
UCDV1_00168,Luo et al. (2025) open GitHub UCS benchmark,10.1007/s42452-025-07766-9,geopolymer_ash_cementitious,UCS,1090.0,,,14.0,,,,,,,,78.0,,45.0,,,1.80204081632653,15.0,,75.0,,0.0,23.0,,,,,,,,,,,,,,,,,0.0,0.0,,0.0,,False,,,,,,,,98.0,,2.70805020110221
UCDV1_00169,Luo et al. (2025) open GitHub UCS benchmark,10.1007/s42452-025-07766-9,geopolymer_ash_cementitious,UCS,1370.0,,,14.0,,,,,,,,78.0,,45.0,,,1.81020408163265,15.5,,75.0,,0.0,21.0,,,,,,,,,,,,,,,,,0.0,0.0,,0.0,,False,,,,,,,,96.0,,2.70805020110221
UCDV1_00170,Luo et al. (2025) open GitHub UCS benchmark,10.1007/s42452-025-07766-9,geopolymer_ash_cementitious,UCS,1720.0,,,14.0,,,,,,,,78.0,,45.0,,,1.82040816326531,15.9,,75.0,,0.0,19.0,,,,,,,,,,,,,,,,,0.0,0.0,,0.0,,False,,,,,,,,94.0,,2.70805020110221
UCDV1_00171,Luo et al. (2025) open GitHub UCS benchmark,10.1007/s42452-025-07766-9,geopolymer_ash_cementitious,UCS,2340.0,,,14.0,,,,,,,,78.0,,45.0,,,1.82755102040816,16.0,,75.0,,0.0,16.0,,,,,,,,,,,,,,,,,0.0,0.0,,0.0,,False,,,,,,,,91.0,,2.70805020110221
UCDV1_00172,Luo et al. (2025) open GitHub UCS benchmark,10.1007/s42452-025-07766-9,geopolymer_ash_cementitious,UCS,320.0,,,28.0,,,,,,,,78.0,,45.0,,,1.68061224489796,19.0,,0.0,,0.0,100.0,,,,,,,,,,,,,,,,,0.0,0.0,,0.0,,False,,,,,,,,100.0,,3.367295829986474
UCDV1_00173,Luo et al. (2025) open GitHub UCS benchmark,10.1007/s42452-025-07766-9,geopolymer_ash_cementitious,UCS,748.89005,,,28.0,,,,,,,,78.0,,45.0,,,1.73314795918367,15.96962,,95.0,,0.0,5.0,,,,,,,,,,,,,,,,,0.0,0.0,,0.0,,False,,,,,,,,100.0,,3.367295829986474
UCDV1_00174,Luo et al. (2025) open GitHub UCS benchmark,10.1007/s42452-025-07766-9,geopolymer_ash_cementitious,UCS,777.7226400000001,,,28.0,,,,,,,,70.0,,42.0,,,1.73786632653061,14.96762,,90.0,,0.0,10.0,,,,,,,,,,,,,,,,,0.0,0.0,,0.0,,False,,,,,,,,100.0,,3.367295829986474
UCDV1_00175,Luo et al. (2025) open GitHub UCS benchmark,10.1007/s42452-025-07766-9,geopolymer_ash_cementitious,UCS,831.32169,,,28.0,,,,,,,,66.0,,40.0,,,1.7501887755102,15.06397,,85.0,,0.0,15.0,,,,,,,,,,,,,,,,,0.0,0.0,,0.0,,False,,,,,,,,100.0,,3.367295829986474
UCDV1_00176,Luo et al. (2025) open GitHub UCS benchmark,10.1007/s42452-025-07766-9,geopolymer_ash_cementitious,UCS,1098.20801,,,28.0,,,,,,,,58.0,,34.0,,,1.76919489795918,14.05555,,80.0,,0.0,20.0,,,,,,,,,,,,,,,,,0.0,0.0,,0.0,,False,,,,,,,,100.0,,3.367295829986474
UCDV1_00177,Luo et al. (2025) open GitHub UCS benchmark,10.1007/s42452-025-07766-9,geopolymer_ash_cementitious,UCS,1198.01314,,,28.0,,,,,,,,55.0,,32.0,,,1.7986887755102,13.05356,,75.0,,0.0,25.0,,,,,,,,,,,,,,,,,0.0,0.0,,0.0,,False,,,,,,,,100.0,,3.367295829986474
UCDV1_00178,Luo et al. (2025) open GitHub UCS benchmark,10.1007/s42452-025-07766-9,geopolymer_ash_cementitious,UCS,1147.0016300000002,,,28.0,,,,,,,,52.0,,30.0,,,1.7952806122449,11.91026,,70.0,,0.0,30.0,,,,,,,,,,,,,,,,,0.0,0.0,,0.0,,False,,,,,,,,100.0,,3.367295829986474
UCDV1_00179,Luo et al. (2025) open GitHub UCS benchmark,10.1007/s42452-025-07766-9,geopolymer_ash_cementitious,UCS,280.0,,,28.0,,,,,,,,79.0,,45.0,,,1.71007755102041,18.0,,100.0,,0.0,0.0,,,,,,,,,,,,,,,,,0.0,0.0,,0.0,,False,,,,,,,,100.0,,3.367295829986474
UCDV1_00180,Luo et al. (2025) open GitHub UCS benchmark,10.1007/s42452-025-07766-9,geopolymer_ash_cementitious,UCS,1260.0,,,28.0,,,,,,,,78.0,,45.0,,,1.80204081632653,15.0,,75.0,,0.0,23.0,,,,,,,,,,,,,,,,,0.0,0.0,,0.0,,False,,,,,,,,98.0,,3.367295829986474
UCDV1_00181,Luo et al. (2025) open GitHub UCS benchmark,10.1007/s42452-025-07766-9,geopolymer_ash_cementitious,UCS,1550.0,,,28.0,,,,,,,,78.0,,45.0,,,1.81020408163265,15.5,,75.0,,0.0,21.0,,,,,,,,,,,,,,,,,0.0,0.0,,0.0,,False,,,,,,,,96.0,,3.367295829986474
UCDV1_00182,Luo et al. (2025) open GitHub UCS benchmark,10.1007/s42452-025-07766-9,geopolymer_ash_cementitious,UCS,1870.0,,,28.0,,,,,,,,78.0,,45.0,,,1.82040816326531,15.9,,75.0,,0.0,19.0,,,,,,,,,,,,,,,,,0.0,0.0,,0.0,,False,,,,,,,,94.0,,3.367295829986474
UCDV1_00183,Luo et al. (2025) open GitHub UCS benchmark,10.1007/s42452-025-07766-9,geopolymer_ash_cementitious,UCS,2780.0,,,28.0,,,,,,,,78.0,,45.0,,,1.82755102040816,16.0,,75.0,,0.0,16.0,,,,,,,,,,,,,,,,,0.0,0.0,,0.0,,False,,,,,,,,91.0,,3.367295829986474
UCDV1_00184,Luo et al. (2025) open GitHub UCS benchmark,10.1007/s42452-025-07766-9,geopolymer_ash_cementitious,UCS,120.0,,,7.0,,,,,,,,56.0,,20.8,,,1.835,60.0,,91.0,,0.0,0.0,,,,,,,,,,,,,,,,,0.0,0.0,,0.5,,False,,,,,,,,91.0,,2.0794415416798357
UCDV1_00185,Luo et al. (2025) open GitHub UCS benchmark,10.1007/s42452-025-07766-9,geopolymer_ash_cementitious,UCS,320.0,,,7.0,,,,,,,,56.0,,20.8,,,1.835,60.0,,88.0,,0.0,0.0,,,,,,,,,,,,,,,,,0.0,0.0,,0.5,,False,,,,,,,,88.0,,2.0794415416798357
UCDV1_00186,Luo et al. (2025) open GitHub UCS benchmark,10.1007/s42452-025-07766-9,geopolymer_ash_cementitious,UCS,470.0,,,7.0,,,,,,,,56.0,,20.8,,,1.835,60.0,,85.0,,0.0,0.0,,,,,,,,,,,,,,,,,0.0,0.0,,0.5,,False,,,,,,,,85.0,,2.0794415416798357
UCDV1_00187,Luo et al. (2025) open GitHub UCS benchmark,10.1007/s42452-025-07766-9,geopolymer_ash_cementitious,UCS,710.0,,,7.0,,,,,,,,56.0,,20.8,,,1.835,60.0,,80.0,,0.0,0.0,,,,,,,,,,,,,,,,,0.0,0.0,,0.5,,False,,,,,,,,80.0,,2.0794415416798357
UCDV1_00188,Luo et al. (2025) open GitHub UCS benchmark,10.1007/s42452-025-07766-9,geopolymer_ash_cementitious,UCS,1080.0,,,7.0,,,,,,,,56.0,,20.8,,,1.835,60.0,,75.0,,0.0,0.0,,,,,,,,,,,,,,,,,0.0,0.0,,0.5,,False,,,,,,,,75.0,,2.0794415416798357
UCDV1_00189,Luo et al. (2025) open GitHub UCS benchmark,10.1007/s42452-025-07766-9,geopolymer_ash_cementitious,UCS,250.0,,,28.0,,,,,,,,56.0,,20.8,,,1.835,60.0,,91.0,,0.0,0.0,,,,,,,,,,,,,,,,,0.0,0.0,,0.5,,False,,,,,,,,91.0,,3.367295829986474
UCDV1_00190,Luo et al. (2025) open GitHub UCS benchmark,10.1007/s42452-025-07766-9,geopolymer_ash_cementitious,UCS,490.0,,,28.0,,,,,,,,56.0,,20.8,,,1.835,60.0,,88.0,,0.0,0.0,,,,,,,,,,,,,,,,,0.0,0.0,,0.5,,False,,,,,,,,88.0,,3.367295829986474
UCDV1_00191,Luo et al. (2025) open GitHub UCS benchmark,10.1007/s42452-025-07766-9,geopolymer_ash_cementitious,UCS,630.0,,,28.0,,,,,,,,56.0,,20.8,,,1.835,60.0,,85.0,,0.0,0.0,,,,,,,,,,,,,,,,,0.0,0.0,,0.5,,False,,,,,,,,85.0,,3.367295829986474
UCDV1_00192,Luo et al. (2025) open GitHub UCS benchmark,10.1007/s42452-025-07766-9,geopolymer_ash_cementitious,UCS,1070.0,,,28.0,,,,,,,,56.0,,20.8,,,1.835,60.0,,80.0,,0.0,0.0,,,,,,,,,,,,,,,,,0.0,0.0,,0.5,,False,,,,,,,,80.0,,3.367295829986474
UCDV1_00193,Luo et al. (2025) open GitHub UCS benchmark,10.1007/s42452-025-07766-9,geopolymer_ash_cementitious,UCS,1460.0,,,28.0,,,,,,,,56.0,,20.8,,,1.835,60.0,,75.0,,0.0,0.0,,,,,,,,,,,,,,,,,0.0,0.0,,0.5,,False,,,,,,,,75.0,,3.367295829986474
UCDV1_00194,Luo et al. (2025) open GitHub UCS benchmark,10.1007/s42452-025-07766-9,geopolymer_ash_cementitious,UCS,626.6239,,,7.0,,,,,,,,59.3,,26.6,,,1.72,60.0,,85.0,,0.0,0.0,,,,,,,,,,,,,,,,,0.0,0.0,,0.5,,False,,,,,,,,85.0,,2.0794415416798357
UCDV1_00195,Luo et al. (2025) open GitHub UCS benchmark,10.1007/s42452-025-07766-9,geopolymer_ash_cementitious,UCS,631.94235,,,7.0,,,,,,,,59.3,,26.6,,,1.72,60.0,,85.0,,0.0,0.0,,,,,,,,,,,,,,,,,0.0,0.0,,0.5,,False,,,,,,,,85.0,,2.0794415416798357
UCDV1_00196,Luo et al. (2025) open GitHub UCS benchmark,10.1007/s42452-025-07766-9,geopolymer_ash_cementitious,UCS,633.66782,,,7.0,,,,,,,,59.3,,26.6,,,1.72,60.0,,85.0,,0.0,0.0,,,,,,,,,,,,,,,,,0.0,0.0,,0.5,,False,,,,,,,,85.0,,2.0794415416798357
UCDV1_00197,Luo et al. (2025) open GitHub UCS benchmark,10.1007/s42452-025-07766-9,geopolymer_ash_cementitious,UCS,628.22879,,,7.0,,,,,,,,59.3,,26.6,,,1.72,60.0,,85.0,,0.0,0.0,,,,,,,,,,,,,,,,,0.0,0.0,,0.5,,False,,,,,,,,85.0,,2.0794415416798357
UCDV1_00198,Luo et al. (2025) open GitHub UCS benchmark,10.1007/s42452-025-07766-9,geopolymer_ash_cementitious,UCS,936.82048,,,7.0,,,,,,,,59.3,,26.6,,,1.72,60.0,,84.0,,0.0,0.0,,,,,,,,,,,,,,,,,0.0,1.0,,0.5,,False,,,,,,,,84.0,,2.0794415416798357
UCDV1_00199,Luo et al. (2025) open GitHub UCS benchmark,10.1007/s42452-025-07766-9,geopolymer_ash_cementitious,UCS,954.3751,,,7.0,,,,,,,,59.3,,26.6,,,1.72,60.0,,83.0,,0.0,0.0,,,,,,,,,,,,,,,,,0.0,2.0,,0.5,,False,,,,,,,,83.0,,2.0794415416798357
UCDV1_00200,Luo et al. (2025) open GitHub UCS benchmark,10.1007/s42452-025-07766-9,geopolymer_ash_cementitious,UCS,1104.05131,,,7.0,,,,,,,,59.3,,26.6,,,1.72,60.0,,82.0,,0.0,0.0,,,,,,,,,,,,,,,,,0.0,3.0,,0.5,,False,,,,,,,,82.0,,2.0794415416798357
UCDV1_00201,Luo et al. (2025) open GitHub UCS benchmark,10.1007/s42452-025-07766-9,geopolymer_ash_cementitious,UCS,1134.5409,,,7.0,,,,,,,,59.3,,26.6,,,1.72,60.0,,81.0,,0.0,0.0,,,,,,,,,,,,,,,,,0.0,4.0,,0.5,,False,,,,,,,,81.0,,2.0794415416798357
UCDV1_00202,Luo et al. (2025) open GitHub UCS benchmark,10.1007/s42452-025-07766-9,geopolymer_ash_cementitious,UCS,1178.88941,,,7.0,,,,,,,,59.3,,26.6,,,1.72,60.0,,80.0,,0.0,0.0,,,,,,,,,,,,,,,,,0.0,5.0,,0.5,,False,,,,,,,,80.0,,2.0794415416798357
UCDV1_00203,Luo et al. (2025) open GitHub UCS benchmark,10.1007/s42452-025-07766-9,geopolymer_ash_cementitious,UCS,945.00524,,,14.0,,,,,,,,59.3,,26.6,,,1.72,60.0,,85.0,,0.0,0.0,,,,,,,,,,,,,,,,,0.0,0.0,,0.5,,False,,,,,,,,85.0,,2.70805020110221
UCDV1_00204,Luo et al. (2025) open GitHub UCS benchmark,10.1007/s42452-025-07766-9,geopolymer_ash_cementitious,UCS,934.21093,,,14.0,,,,,,,,59.3,,26.6,,,1.72,60.0,,85.0,,0.0,0.0,,,,,,,,,,,,,,,,,0.0,0.0,,0.5,,False,,,,,,,,85.0,,2.70805020110221
UCDV1_00205,Luo et al. (2025) open GitHub UCS benchmark,10.1007/s42452-025-07766-9,geopolymer_ash_cementitious,UCS,930.48683,,,14.0,,,,,,,,59.3,,26.6,,,1.72,60.0,,85.0,,0.0,0.0,,,,,,,,,,,,,,,,,0.0,0.0,,0.5,,False,,,,,,,,85.0,,2.70805020110221
UCDV1_00206,Luo et al. (2025) open GitHub UCS benchmark,10.1007/s42452-025-07766-9,geopolymer_ash_cementitious,UCS,934.0487,,,14.0,,,,,,,,59.3,,26.6,,,1.72,60.0,,85.0,,0.0,0.0,,,,,,,,,,,,,,,,,0.0,0.0,,0.5,,False,,,,,,,,85.0,,2.70805020110221
UCDV1_00207,Luo et al. (2025) open GitHub UCS benchmark,10.1007/s42452-025-07766-9,geopolymer_ash_cementitious,UCS,1241.71646,,,14.0,,,,,,,,59.3,,26.6,,,1.72,60.0,,84.0,,0.0,0.0,,,,,,,,,,,,,,,,,0.0,1.0,,0.5,,False,,,,,,,,84.0,,2.70805020110221
UCDV1_00208,Luo et al. (2025) open GitHub UCS benchmark,10.1007/s42452-025-07766-9,geopolymer_ash_cementitious,UCS,1292.53246,,,14.0,,,,,,,,59.3,,26.6,,,1.72,60.0,,83.0,,0.0,0.0,,,,,,,,,,,,,,,,,0.0,2.0,,0.5,,False,,,,,,,,83.0,,2.70805020110221
UCDV1_00209,Luo et al. (2025) open GitHub UCS benchmark,10.1007/s42452-025-07766-9,geopolymer_ash_cementitious,UCS,1355.35951,,,14.0,,,,,,,,59.3,,26.6,,,1.72,60.0,,82.0,,0.0,0.0,,,,,,,,,,,,,,,,,0.0,3.0,,0.5,,False,,,,,,,,82.0,,2.70805020110221
UCDV1_00210,Luo et al. (2025) open GitHub UCS benchmark,10.1007/s42452-025-07766-9,geopolymer_ash_cementitious,UCS,1442.20867,,,14.0,,,,,,,,59.3,,26.6,,,1.72,60.0,,81.0,,0.0,0.0,,,,,,,,,,,,,,,,,0.0,4.0,,0.5,,False,,,,,,,,81.0,,2.70805020110221
UCDV1_00211,Luo et al. (2025) open GitHub UCS benchmark,10.1007/s42452-025-07766-9,geopolymer_ash_cementitious,UCS,1358.13129,,,14.0,,,,,,,,59.3,,26.6,,,1.72,60.0,,80.0,,0.0,0.0,,,,,,,,,,,,,,,,,0.0,5.0,,0.5,,False,,,,,,,,80.0,,2.70805020110221
UCDV1_00212,Luo et al. (2025) open GitHub UCS benchmark,10.1007/s42452-025-07766-9,geopolymer_ash_cementitious,UCS,1714.56871,,,28.0,,,,,,,,59.3,,26.6,,,1.72,60.0,,85.0,,0.0,0.0,,,,,,,,,,,,,,,,,0.0,0.0,,0.5,,False,,,,,,,,85.0,,3.367295829986474
UCDV1_00213,Luo et al. (2025) open GitHub UCS benchmark,10.1007/s42452-025-07766-9,geopolymer_ash_cementitious,UCS,1717.68299,,,28.0,,,,,,,,59.3,,26.6,,,1.72,60.0,,85.0,,0.0,0.0,,,,,,,,,,,,,,,,,0.0,0.0,,0.5,,False,,,,,,,,85.0,,3.367295829986474
UCDV1_00214,Luo et al. (2025) open GitHub UCS benchmark,10.1007/s42452-025-07766-9,geopolymer_ash_cementitious,UCS,1716.50755,,,28.0,,,,,,,,59.3,,26.6,,,1.72,60.0,,85.0,,0.0,0.0,,,,,,,,,,,,,,,,,0.0,0.0,,0.5,,False,,,,,,,,85.0,,3.367295829986474
UCDV1_00215,Luo et al. (2025) open GitHub UCS benchmark,10.1007/s42452-025-07766-9,geopolymer_ash_cementitious,UCS,1717.53897,,,28.0,,,,,,,,59.3,,26.6,,,1.72,60.0,,85.0,,0.0,0.0,,,,,,,,,,,,,,,,,0.0,0.0,,0.5,,False,,,,,,,,85.0,,3.367295829986474
UCDV1_00216,Luo et al. (2025) open GitHub UCS benchmark,10.1007/s42452-025-07766-9,geopolymer_ash_cementitious,UCS,1831.18202,,,28.0,,,,,,,,59.3,,26.6,,,1.72,60.0,,84.0,,0.0,0.0,,,,,,,,,,,,,,,,,0.0,1.0,,0.5,,False,,,,,,,,84.0,,3.367295829986474
UCDV1_00217,Luo et al. (2025) open GitHub UCS benchmark,10.1007/s42452-025-07766-9,geopolymer_ash_cementitious,UCS,1738.7893,,,28.0,,,,,,,,59.3,,26.6,,,1.72,60.0,,83.0,,0.0,0.0,,,,,,,,,,,,,,,,,0.0,2.0,,0.5,,False,,,,,,,,83.0,,3.367295829986474
UCDV1_00218,Luo et al. (2025) open GitHub UCS benchmark,10.1007/s42452-025-07766-9,geopolymer_ash_cementitious,UCS,2166.5676,,,28.0,,,,,,,,59.3,,26.6,,,1.72,60.0,,82.0,,0.0,0.0,,,,,,,,,,,,,,,,,0.0,3.0,,0.5,,False,,,,,,,,82.0,,3.367295829986474
UCDV1_00219,Luo et al. (2025) open GitHub UCS benchmark,10.1007/s42452-025-07766-9,geopolymer_ash_cementitious,UCS,2232.16643,,,28.0,,,,,,,,59.3,,26.6,,,1.72,60.0,,81.0,,0.0,0.0,,,,,,,,,,,,,,,,,0.0,4.0,,0.5,,False,,,,,,,,81.0,,3.367295829986474
UCDV1_00220,Luo et al. (2025) open GitHub UCS benchmark,10.1007/s42452-025-07766-9,geopolymer_ash_cementitious,UCS,2064.93561,,,28.0,,,,,,,,59.3,,26.6,,,1.72,60.0,,80.0,,0.0,0.0,,,,,,,,,,,,,,,,,0.0,5.0,,0.5,,False,,,,,,,,80.0,,3.367295829986474
UCDV1_00221,Luo et al. (2025) open GitHub UCS benchmark,10.1007/s42452-025-07766-9,geopolymer_ash_cementitious,UCS,872.0,,,7.0,,,,,,,,52.8,,14.7,,,1.09,70.0,,75.0,,0.0,0.0,,,,,,,,,,,,,,,,,0.0,0.0,,0.5,,False,,,,,,,,75.0,,2.0794415416798357
UCDV1_00222,Luo et al. (2025) open GitHub UCS benchmark,10.1007/s42452-025-07766-9,geopolymer_ash_cementitious,UCS,902.0,,,7.0,,,,,,,,52.8,,14.7,,,1.09,70.0,,75.0,,0.0,5.0,,,,,,,,,,,,,,,,,0.0,0.0,,0.5,,False,,,,,,,,80.0,,2.0794415416798357
UCDV1_00223,Luo et al. (2025) open GitHub UCS benchmark,10.1007/s42452-025-07766-9,geopolymer_ash_cementitious,UCS,923.0,,,7.0,,,,,,,,52.8,,14.7,,,1.09,70.0,,75.0,,0.0,10.0,,,,,,,,,,,,,,,,,0.0,0.0,,0.5,,False,,,,,,,,85.0,,2.0794415416798357
UCDV1_00224,Luo et al. (2025) open GitHub UCS benchmark,10.1007/s42452-025-07766-9,geopolymer_ash_cementitious,UCS,972.0,,,7.0,,,,,,,,52.8,,14.7,,,1.09,70.0,,75.0,,0.0,15.0,,,,,,,,,,,,,,,,,0.0,0.0,,0.5,,False,,,,,,,,90.0,,2.0794415416798357
UCDV1_00225,Luo et al. (2025) open GitHub UCS benchmark,10.1007/s42452-025-07766-9,geopolymer_ash_cementitious,UCS,840.0,,,7.0,,,,,,,,52.8,,14.7,,,1.09,70.0,,75.0,,0.0,20.0,,,,,,,,,,,,,,,,,0.0,0.0,,0.5,,False,,,,,,,,95.0,,2.0794415416798357
UCDV1_00226,Luo et al. (2025) open GitHub UCS benchmark,10.1007/s42452-025-07766-9,geopolymer_ash_cementitious,UCS,872.0,,,7.0,,,,,,,,52.8,,14.7,,,1.09,70.0,,75.0,,0.0,0.0,,,,,,,,,,,,,,,,,0.0,0.0,,0.5,,False,,,,,,,,75.0,,2.0794415416798357
UCDV1_00227,Luo et al. (2025) open GitHub UCS benchmark,10.1007/s42452-025-07766-9,geopolymer_ash_cementitious,UCS,637.0,,,7.0,,,,,,,,52.8,,14.7,,,1.09,70.0,,75.0,,5.0,0.0,,,,,,,,,,,,,,,,,0.0,0.0,,0.5,,False,,,,,,,,80.0,,2.0794415416798357
UCDV1_00228,Luo et al. (2025) open GitHub UCS benchmark,10.1007/s42452-025-07766-9,geopolymer_ash_cementitious,UCS,450.0,,,7.0,,,,,,,,52.8,,14.7,,,1.09,70.0,,75.0,,10.0,0.0,,,,,,,,,,,,,,,,,0.0,0.0,,0.5,,False,,,,,,,,85.0,,2.0794415416798357
UCDV1_00229,Luo et al. (2025) open GitHub UCS benchmark,10.1007/s42452-025-07766-9,geopolymer_ash_cementitious,UCS,159.0,,,7.0,,,,,,,,52.8,,14.7,,,1.09,70.0,,75.0,,15.0,0.0,,,,,,,,,,,,,,,,,0.0,0.0,,0.5,,False,,,,,,,,90.0,,2.0794415416798357
UCDV1_00230,Luo et al. (2025) open GitHub UCS benchmark,10.1007/s42452-025-07766-9,geopolymer_ash_cementitious,UCS,90.0,,,7.0,,,,,,,,52.8,,14.7,,,1.09,70.0,,75.0,,20.0,0.0,,,,,,,,,,,,,,,,,0.0,0.0,,0.5,,False,,,,,,,,95.0,,2.0794415416798357
UCDV1_00231,Luo et al. (2025) open GitHub UCS benchmark,10.1007/s42452-025-07766-9,geopolymer_ash_cementitious,UCS,985.0,,,15.0,,,,,,,,52.8,,14.7,,,1.09,70.0,,75.0,,0.0,0.0,,,,,,,,,,,,,,,,,0.0,0.0,,0.5,,False,,,,,,,,75.0,,2.772588722239781
UCDV1_00232,Luo et al. (2025) open GitHub UCS benchmark,10.1007/s42452-025-07766-9,geopolymer_ash_cementitious,UCS,975.0,,,15.0,,,,,,,,52.8,,14.7,,,1.09,70.0,,75.0,,0.0,5.0,,,,,,,,,,,,,,,,,0.0,0.0,,0.5,,False,,,,,,,,80.0,,2.772588722239781
UCDV1_00233,Luo et al. (2025) open GitHub UCS benchmark,10.1007/s42452-025-07766-9,geopolymer_ash_cementitious,UCS,998.0,,,15.0,,,,,,,,52.8,,14.7,,,1.09,70.0,,75.0,,0.0,10.0,,,,,,,,,,,,,,,,,0.0,0.0,,0.5,,False,,,,,,,,85.0,,2.772588722239781
UCDV1_00234,Luo et al. (2025) open GitHub UCS benchmark,10.1007/s42452-025-07766-9,geopolymer_ash_cementitious,UCS,1025.0,,,15.0,,,,,,,,52.8,,14.7,,,1.09,70.0,,75.0,,0.0,15.0,,,,,,,,,,,,,,,,,0.0,0.0,,0.5,,False,,,,,,,,90.0,,2.772588722239781
UCDV1_00235,Luo et al. (2025) open GitHub UCS benchmark,10.1007/s42452-025-07766-9,geopolymer_ash_cementitious,UCS,890.0,,,15.0,,,,,,,,52.8,,14.7,,,1.09,70.0,,75.0,,0.0,20.0,,,,,,,,,,,,,,,,,0.0,0.0,,0.5,,False,,,,,,,,95.0,,2.772588722239781
UCDV1_00236,Luo et al. (2025) open GitHub UCS benchmark,10.1007/s42452-025-07766-9,geopolymer_ash_cementitious,UCS,985.0,,,15.0,,,,,,,,52.8,,14.7,,,1.09,70.0,,75.0,,0.0,0.0,,,,,,,,,,,,,,,,,0.0,0.0,,0.5,,False,,,,,,,,75.0,,2.772588722239781
UCDV1_00237,Luo et al. (2025) open GitHub UCS benchmark,10.1007/s42452-025-07766-9,geopolymer_ash_cementitious,UCS,859.0,,,15.0,,,,,,,,52.8,,14.7,,,1.09,70.0,,75.0,,5.0,0.0,,,,,,,,,,,,,,,,,0.0,0.0,,0.5,,False,,,,,,,,80.0,,2.772588722239781
UCDV1_00238,Luo et al. (2025) open GitHub UCS benchmark,10.1007/s42452-025-07766-9,geopolymer_ash_cementitious,UCS,535.0,,,15.0,,,,,,,,52.8,,14.7,,,1.09,70.0,,75.0,,10.0,0.0,,,,,,,,,,,,,,,,,0.0,0.0,,0.5,,False,,,,,,,,85.0,,2.772588722239781
UCDV1_00239,Luo et al. (2025) open GitHub UCS benchmark,10.1007/s42452-025-07766-9,geopolymer_ash_cementitious,UCS,205.0,,,15.0,,,,,,,,52.8,,14.7,,,1.09,70.0,,75.0,,15.0,0.0,,,,,,,,,,,,,,,,,0.0,0.0,,0.5,,False,,,,,,,,90.0,,2.772588722239781
UCDV1_00240,Luo et al. (2025) open GitHub UCS benchmark,10.1007/s42452-025-07766-9,geopolymer_ash_cementitious,UCS,120.0,,,15.0,,,,,,,,52.8,,14.7,,,1.09,70.0,,75.0,,20.0,0.0,,,,,,,,,,,,,,,,,0.0,0.0,,0.5,,False,,,,,,,,95.0,,2.772588722239781
UCDV1_00241,Luo et al. (2025) open GitHub UCS benchmark,10.1007/s42452-025-07766-9,geopolymer_ash_cementitious,UCS,1080.0,,,28.0,,,,,,,,52.8,,14.7,,,1.09,70.0,,75.0,,0.0,0.0,,,,,,,,,,,,,,,,,0.0,0.0,,0.5,,False,,,,,,,,75.0,,3.367295829986474
UCDV1_00242,Luo et al. (2025) open GitHub UCS benchmark,10.1007/s42452-025-07766-9,geopolymer_ash_cementitious,UCS,1120.0,,,28.0,,,,,,,,52.8,,14.7,,,1.09,70.0,,75.0,,0.0,5.0,,,,,,,,,,,,,,,,,0.0,0.0,,0.5,,False,,,,,,,,80.0,,3.367295829986474
UCDV1_00243,Luo et al. (2025) open GitHub UCS benchmark,10.1007/s42452-025-07766-9,geopolymer_ash_cementitious,UCS,1173.0,,,28.0,,,,,,,,52.8,,14.7,,,1.09,70.0,,75.0,,0.0,10.0,,,,,,,,,,,,,,,,,0.0,0.0,,0.5,,False,,,,,,,,85.0,,3.367295829986474
UCDV1_00244,Luo et al. (2025) open GitHub UCS benchmark,10.1007/s42452-025-07766-9,geopolymer_ash_cementitious,UCS,1200.0,,,28.0,,,,,,,,52.8,,14.7,,,1.09,70.0,,75.0,,0.0,15.0,,,,,,,,,,,,,,,,,0.0,0.0,,0.5,,False,,,,,,,,90.0,,3.367295829986474
UCDV1_00245,Luo et al. (2025) open GitHub UCS benchmark,10.1007/s42452-025-07766-9,geopolymer_ash_cementitious,UCS,1060.0,,,28.0,,,,,,,,52.8,,14.7,,,1.09,70.0,,75.0,,0.0,20.0,,,,,,,,,,,,,,,,,0.0,0.0,,0.5,,False,,,,,,,,95.0,,3.367295829986474
UCDV1_00246,Luo et al. (2025) open GitHub UCS benchmark,10.1007/s42452-025-07766-9,geopolymer_ash_cementitious,UCS,1080.0,,,28.0,,,,,,,,52.8,,14.7,,,1.09,70.0,,75.0,,0.0,0.0,,,,,,,,,,,,,,,,,0.0,0.0,,0.5,,False,,,,,,,,75.0,,3.367295829986474
UCDV1_00247,Luo et al. (2025) open GitHub UCS benchmark,10.1007/s42452-025-07766-9,geopolymer_ash_cementitious,UCS,1010.0,,,28.0,,,,,,,,52.8,,14.7,,,1.09,70.0,,75.0,,5.0,0.0,,,,,,,,,,,,,,,,,0.0,0.0,,0.5,,False,,,,,,,,80.0,,3.367295829986474
UCDV1_00248,Luo et al. (2025) open GitHub UCS benchmark,10.1007/s42452-025-07766-9,geopolymer_ash_cementitious,UCS,678.0,,,28.0,,,,,,,,52.8,,14.7,,,1.09,70.0,,75.0,,10.0,0.0,,,,,,,,,,,,,,,,,0.0,0.0,,0.5,,False,,,,,,,,85.0,,3.367295829986474
UCDV1_00249,Luo et al. (2025) open GitHub UCS benchmark,10.1007/s42452-025-07766-9,geopolymer_ash_cementitious,UCS,315.0,,,28.0,,,,,,,,52.8,,14.7,,,1.09,70.0,,75.0,,15.0,0.0,,,,,,,,,,,,,,,,,0.0,0.0,,0.5,,False,,,,,,,,90.0,,3.367295829986474
UCDV1_00250,Luo et al. (2025) open GitHub UCS benchmark,10.1007/s42452-025-07766-9,geopolymer_ash_cementitious,UCS,150.0,,,28.0,,,,,,,,52.8,,14.7,,,1.09,70.0,,75.0,,20.0,0.0,,,,,,,,,,,,,,,,,0.0,0.0,,0.5,,False,,,,,,,,95.0,,3.367295829986474
UCDV1_00251,Luo et al. (2025) open GitHub UCS benchmark,10.1007/s42452-025-07766-9,geopolymer_ash_cementitious,UCS,872.0,,,7.0,,,,,,,,52.84,,14.7,,,1.09,69.28,,75.0,,0.0,0.0,,,,,,,,,,,,,,,,,0.0,0.0,,0.5,,False,,,,,,,,75.0,,2.0794415416798357
UCDV1_00252,Luo et al. (2025) open GitHub UCS benchmark,10.1007/s42452-025-07766-9,geopolymer_ash_cementitious,UCS,902.0,,,7.0,,,,,,,,52.84,,14.7,,,1.09,69.28,,75.0,,0.0,5.0,,,,,,,,,,,,,,,,,0.0,0.0,,0.5,,False,,,,,,,,80.0,,2.0794415416798357
UCDV1_00253,Luo et al. (2025) open GitHub UCS benchmark,10.1007/s42452-025-07766-9,geopolymer_ash_cementitious,UCS,923.0,,,7.0,,,,,,,,52.84,,14.7,,,1.09,69.28,,75.0,,0.0,10.0,,,,,,,,,,,,,,,,,0.0,0.0,,0.5,,False,,,,,,,,85.0,,2.0794415416798357
UCDV1_00254,Luo et al. (2025) open GitHub UCS benchmark,10.1007/s42452-025-07766-9,geopolymer_ash_cementitious,UCS,972.0,,,7.0,,,,,,,,52.84,,14.7,,,1.09,69.28,,75.0,,0.0,15.0,,,,,,,,,,,,,,,,,0.0,0.0,,0.5,,False,,,,,,,,90.0,,2.0794415416798357
UCDV1_00255,Luo et al. (2025) open GitHub UCS benchmark,10.1007/s42452-025-07766-9,geopolymer_ash_cementitious,UCS,840.0,,,7.0,,,,,,,,52.84,,14.7,,,1.09,69.28,,75.0,,0.0,20.0,,,,,,,,,,,,,,,,,0.0,0.0,,0.5,,False,,,,,,,,95.0,,2.0794415416798357
UCDV1_00256,Luo et al. (2025) open GitHub UCS benchmark,10.1007/s42452-025-07766-9,geopolymer_ash_cementitious,UCS,985.0,,,15.0,,,,,,,,52.84,,14.7,,,1.09,69.28,,75.0,,0.0,0.0,,,,,,,,,,,,,,,,,0.0,0.0,,0.5,,False,,,,,,,,75.0,,2.772588722239781
UCDV1_00257,Luo et al. (2025) open GitHub UCS benchmark,10.1007/s42452-025-07766-9,geopolymer_ash_cementitious,UCS,975.0,,,15.0,,,,,,,,52.84,,14.7,,,1.09,69.28,,75.0,,0.0,5.0,,,,,,,,,,,,,,,,,0.0,0.0,,0.5,,False,,,,,,,,80.0,,2.772588722239781
UCDV1_00258,Luo et al. (2025) open GitHub UCS benchmark,10.1007/s42452-025-07766-9,geopolymer_ash_cementitious,UCS,998.0,,,15.0,,,,,,,,52.84,,14.7,,,1.09,69.28,,75.0,,0.0,10.0,,,,,,,,,,,,,,,,,0.0,0.0,,0.5,,False,,,,,,,,85.0,,2.772588722239781
UCDV1_00259,Luo et al. (2025) open GitHub UCS benchmark,10.1007/s42452-025-07766-9,geopolymer_ash_cementitious,UCS,1025.0,,,15.0,,,,,,,,52.84,,14.7,,,1.09,69.28,,75.0,,0.0,15.0,,,,,,,,,,,,,,,,,0.0,0.0,,0.5,,False,,,,,,,,90.0,,2.772588722239781
UCDV1_00260,Luo et al. (2025) open GitHub UCS benchmark,10.1007/s42452-025-07766-9,geopolymer_ash_cementitious,UCS,890.0,,,15.0,,,,,,,,52.84,,14.7,,,1.09,69.28,,75.0,,0.0,20.0,,,,,,,,,,,,,,,,,0.0,0.0,,0.5,,False,,,,,,,,95.0,,2.772588722239781
UCDV1_00261,Luo et al. (2025) open GitHub UCS benchmark,10.1007/s42452-025-07766-9,geopolymer_ash_cementitious,UCS,1080.0,,,28.0,,,,,,,,52.84,,14.7,,,1.09,69.28,,75.0,,0.0,0.0,,,,,,,,,,,,,,,,,0.0,0.0,,0.5,,False,,,,,,,,75.0,,3.367295829986474
UCDV1_00262,Luo et al. (2025) open GitHub UCS benchmark,10.1007/s42452-025-07766-9,geopolymer_ash_cementitious,UCS,1120.0,,,28.0,,,,,,,,52.84,,14.7,,,1.09,69.28,,75.0,,0.0,5.0,,,,,,,,,,,,,,,,,0.0,0.0,,0.5,,False,,,,,,,,80.0,,3.367295829986474
UCDV1_00263,Luo et al. (2025) open GitHub UCS benchmark,10.1007/s42452-025-07766-9,geopolymer_ash_cementitious,UCS,1173.0,,,28.0,,,,,,,,52.84,,14.7,,,1.09,69.28,,75.0,,0.0,10.0,,,,,,,,,,,,,,,,,0.0,0.0,,0.5,,False,,,,,,,,85.0,,3.367295829986474
UCDV1_00264,Luo et al. (2025) open GitHub UCS benchmark,10.1007/s42452-025-07766-9,geopolymer_ash_cementitious,UCS,1200.0,,,28.0,,,,,,,,52.84,,14.7,,,1.09,69.28,,75.0,,0.0,15.0,,,,,,,,,,,,,,,,,0.0,0.0,,0.5,,False,,,,,,,,90.0,,3.367295829986474
UCDV1_00265,Luo et al. (2025) open GitHub UCS benchmark,10.1007/s42452-025-07766-9,geopolymer_ash_cementitious,UCS,1060.0,,,28.0,,,,,,,,52.84,,14.7,,,1.09,69.28,,75.0,,0.0,20.0,,,,,,,,,,,,,,,,,0.0,0.0,,0.5,,False,,,,,,,,95.0,,3.367295829986474
UCDV1_00266,Luo et al. (2025) open GitHub UCS benchmark,10.1007/s42452-025-07766-9,geopolymer_ash_cementitious,UCS,370.0,,,7.0,,,,,,,,22.04,,19.95,,,0.891,74.9,,90.0,,0.0,0.0,,,,,,,,,,,,,,,,,0.0,0.0,,0.0,,False,,,,,,,,90.0,,2.0794415416798357
UCDV1_00267,Luo et al. (2025) open GitHub UCS benchmark,10.1007/s42452-025-07766-9,geopolymer_ash_cementitious,UCS,520.0,,,7.0,,,,,,,,22.04,,19.95,,,0.891,74.9,,85.0,,0.0,0.0,,,,,,,,,,,,,,,,,0.0,0.0,,0.0,,False,,,,,,,,85.0,,2.0794415416798357
UCDV1_00268,Luo et al. (2025) open GitHub UCS benchmark,10.1007/s42452-025-07766-9,geopolymer_ash_cementitious,UCS,1050.0,,,7.0,,,,,,,,22.04,,19.95,,,0.891,74.9,,82.0,,0.0,7.2,,,,,,,,,,,,,,,,,0.0,0.0,,0.0,,False,,,,,,,,89.2,,2.0794415416798357
UCDV1_00269,Luo et al. (2025) open GitHub UCS benchmark,10.1007/s42452-025-07766-9,geopolymer_ash_cementitious,UCS,1750.0,,,14.0,,,,,,,,22.04,,19.95,,,0.891,74.9,,78.0,,0.0,13.2,,,,,,,,,,,,,,,,,0.0,0.0,,0.0,,False,,,,,,,,91.2,,2.70805020110221
UCDV1_00270,Luo et al. (2025) open GitHub UCS benchmark,10.1007/s42452-025-07766-9,geopolymer_ash_cementitious,UCS,510.0,,,14.0,,,,,,,,22.04,,19.95,,,0.891,74.9,,90.0,,0.0,8.0,,,,,,,,,,,,,,,,,0.0,0.0,,0.0,,False,,,,,,,,98.0,,2.70805020110221
UCDV1_00271,Luo et al. (2025) open GitHub UCS benchmark,10.1007/s42452-025-07766-9,geopolymer_ash_cementitious,UCS,950.0,,,14.0,,,,,,,,22.04,,19.95,,,0.891,74.9,,85.0,,0.0,0.0,,,,,,,,,,,,,,,,,0.0,0.0,,0.0,,False,,,,,,,,85.0,,2.70805020110221
UCDV1_00272,Luo et al. (2025) open GitHub UCS benchmark,10.1007/s42452-025-07766-9,geopolymer_ash_cementitious,UCS,1160.0,,,14.0,,,,,,,,22.04,,19.95,,,0.891,74.9,,82.0,,0.0,3.6,,,,,,,,,,,,,,,,,0.0,0.0,,0.0,,False,,,,,,,,85.6,,2.70805020110221
UCDV1_00273,Luo et al. (2025) open GitHub UCS benchmark,10.1007/s42452-025-07766-9,geopolymer_ash_cementitious,UCS,2050.0,,,28.0,,,,,,,,22.04,,19.95,,,0.891,74.9,,78.0,,0.0,8.8,,,,,,,,,,,,,,,,,0.0,0.0,,0.0,,False,,,,,,,,86.8,,3.367295829986474
UCDV1_00274,Luo et al. (2025) open GitHub UCS benchmark,10.1007/s42452-025-07766-9,geopolymer_ash_cementitious,UCS,1720.0,,,28.0,,,,,,,,22.04,,19.95,,,0.891,74.9,,90.0,,0.0,6.0,,,,,,,,,,,,,,,,,0.0,0.0,,0.0,,False,,,,,,,,96.0,,3.367295829986474
UCDV1_00275,Luo et al. (2025) open GitHub UCS benchmark,10.1007/s42452-025-07766-9,geopolymer_ash_cementitious,UCS,1060.0,,,28.0,,,,,,,,22.04,,19.95,,,0.891,74.9,,85.0,,0.0,12.0,,,,,,,,,,,,,,,,,0.0,0.0,,0.0,,False,,,,,,,,97.0,,3.367295829986474
UCDV1_00276,Luo et al. (2025) open GitHub UCS benchmark,10.1007/s42452-025-07766-9,geopolymer_ash_cementitious,UCS,1210.0,,,28.0,,,,,,,,22.04,,19.95,,,0.891,74.9,,82.0,,0.0,0.0,,,,,,,,,,,,,,,,,0.0,0.0,,0.0,,False,,,,,,,,82.0,,3.367295829986474
UCDV1_00277,Luo et al. (2025) open GitHub UCS benchmark,10.1007/s42452-025-07766-9,geopolymer_ash_cementitious,UCS,1640.0,,,60.0,,,,,,,,22.04,,19.95,,,0.891,74.9,,78.0,,0.0,4.4,,,,,,,,,,,,,,,,,0.0,0.0,,0.0,,False,,,,,,,,82.4,,4.110873864173311
UCDV1_00278,Luo et al. (2025) open GitHub UCS benchmark,10.1007/s42452-025-07766-9,geopolymer_ash_cementitious,UCS,1520.0,,,60.0,,,,,,,,22.04,,19.95,,,0.891,74.9,,90.0,,0.0,4.0,,,,,,,,,,,,,,,,,0.0,0.0,,0.0,,False,,,,,,,,94.0,,4.110873864173311
UCDV1_00279,Luo et al. (2025) open GitHub UCS benchmark,10.1007/s42452-025-07766-9,geopolymer_ash_cementitious,UCS,4020.0,,,60.0,,,,,,,,22.04,,19.95,,,0.891,74.9,,85.0,,0.0,9.0,,,,,,,,,,,,,,,,,0.0,0.0,,0.0,,False,,,,,,,,94.0,,4.110873864173311
UCDV1_00280,Luo et al. (2025) open GitHub UCS benchmark,10.1007/s42452-025-07766-9,geopolymer_ash_cementitious,UCS,2320.0,,,60.0,,,,,,,,22.04,,19.95,,,0.891,74.9,,82.0,,0.0,14.4,,,,,,,,,,,,,,,,,0.0,0.0,,0.0,,False,,,,,,,,96.4,,4.110873864173311
UCDV1_00281,Luo et al. (2025) open GitHub UCS benchmark,10.1007/s42452-025-07766-9,geopolymer_ash_cementitious,UCS,2410.0,,,90.0,,,,,,,,22.04,,19.95,,,0.891,74.9,,78.0,,0.0,0.0,,,,,,,,,,,,,,,,,0.0,0.0,,0.0,,False,,,,,,,,78.0,,4.51085950651685
UCDV1_00282,Luo et al. (2025) open GitHub UCS benchmark,10.1007/s42452-025-07766-9,geopolymer_ash_cementitious,UCS,1220.0,,,90.0,,,,,,,,22.04,,19.95,,,0.891,74.9,,90.0,,0.0,2.0,,,,,,,,,,,,,,,,,0.0,0.0,,0.0,,False,,,,,,,,92.0,,4.51085950651685
UCDV1_00283,Luo et al. (2025) open GitHub UCS benchmark,10.1007/s42452-025-07766-9,geopolymer_ash_cementitious,UCS,2940.0,,,90.0,,,,,,,,22.04,,19.95,,,0.891,74.9,,85.0,,0.0,6.0,,,,,,,,,,,,,,,,,0.0,0.0,,0.0,,False,,,,,,,,91.0,,4.51085950651685
UCDV1_00284,Luo et al. (2025) open GitHub UCS benchmark,10.1007/s42452-025-07766-9,geopolymer_ash_cementitious,UCS,4140.0,,,90.0,,,,,,,,22.04,,19.95,,,0.891,74.9,,82.0,,0.0,10.8,,,,,,,,,,,,,,,,,0.0,0.0,,0.0,,False,,,,,,,,92.8,,4.51085950651685
UCDV1_00285,Luo et al. (2025) open GitHub UCS benchmark,10.1007/s42452-025-07766-9,geopolymer_ash_cementitious,UCS,2930.0,,,90.0,,,,,,,,22.04,,19.95,,,0.891,74.9,,78.0,,0.0,17.6,,,,,,,,,,,,,,,,,0.0,0.0,,0.0,,False,,,,,,,,95.6,,4.51085950651685
UCDV1_00286,Luo et al. (2025) open GitHub UCS benchmark,10.1007/s42452-025-07766-9,geopolymer_ash_cementitious,UCS,790.0,,,7.0,,,,,,,,24.0,,6.0,,,1.569,19.2,,91.0,,0.0,0.0,,,,,,,,,,,,,,,,,0.0,0.0,,0.0,,False,,,,,,,,91.0,,2.0794415416798357
UCDV1_00287,Luo et al. (2025) open GitHub UCS benchmark,10.1007/s42452-025-07766-9,geopolymer_ash_cementitious,UCS,930.0,,,7.0,,,,,,,,24.0,,6.0,,,1.569,19.2,,90.0,,0.0,0.0,,,,,,,,,,,,,,,,,0.0,0.0,,0.0,,False,,,,,,,,90.0,,2.0794415416798357
UCDV1_00288,Luo et al. (2025) open GitHub UCS benchmark,10.1007/s42452-025-07766-9,geopolymer_ash_cementitious,UCS,1190.0,,,7.0,,,,,,,,24.0,,6.0,,,1.569,19.2,,89.0,,0.0,0.0,,,,,,,,,,,,,,,,,0.0,0.0,,0.0,,False,,,,,,,,89.0,,2.0794415416798357
UCDV1_00289,Luo et al. (2025) open GitHub UCS benchmark,10.1007/s42452-025-07766-9,geopolymer_ash_cementitious,UCS,1290.0,,,7.0,,,,,,,,24.0,,6.0,,,1.569,19.2,,88.0,,0.0,0.0,,,,,,,,,,,,,,,,,0.0,0.0,,0.0,,False,,,,,,,,88.0,,2.0794415416798357
UCDV1_00290,Luo et al. (2025) open GitHub UCS benchmark,10.1007/s42452-025-07766-9,geopolymer_ash_cementitious,UCS,1560.0,,,7.0,,,,,,,,24.0,,6.0,,,1.569,19.2,,87.0,,0.0,0.0,,,,,,,,,,,,,,,,,0.0,0.0,,0.0,,False,,,,,,,,87.0,,2.0794415416798357
UCDV1_00291,Luo et al. (2025) open GitHub UCS benchmark,10.1007/s42452-025-07766-9,geopolymer_ash_cementitious,UCS,1460.0,,,7.0,,,,,,,,24.0,,6.0,,,1.569,19.2,,89.0,,0.0,0.0,,,,,,,,,,,,,,,,,0.0,0.0,,0.0,,False,,,,,,,,89.0,,2.0794415416798357
UCDV1_00292,Luo et al. (2025) open GitHub UCS benchmark,10.1007/s42452-025-07766-9,geopolymer_ash_cementitious,UCS,1280.0,,,7.0,,,,,,,,24.0,,6.0,,,1.569,19.2,,87.0,,2.0,0.0,,,,,,,,,,,,,,,,,0.0,0.0,,0.0,,False,,,,,,,,89.0,,2.0794415416798357
UCDV1_00293,Luo et al. (2025) open GitHub UCS benchmark,10.1007/s42452-025-07766-9,geopolymer_ash_cementitious,UCS,1520.0,,,7.0,,,,,,,,24.0,,6.0,,,1.569,19.2,,86.0,,3.0,0.0,,,,,,,,,,,,,,,,,0.0,0.0,,0.0,,False,,,,,,,,89.0,,2.0794415416798357
UCDV1_00294,Luo et al. (2025) open GitHub UCS benchmark,10.1007/s42452-025-07766-9,geopolymer_ash_cementitious,UCS,1550.0,,,7.0,,,,,,,,24.0,,6.0,,,1.569,19.2,,85.0,,4.0,0.0,,,,,,,,,,,,,,,,,0.0,0.0,,0.0,,False,,,,,,,,89.0,,2.0794415416798357
UCDV1_00295,Luo et al. (2025) open GitHub UCS benchmark,10.1007/s42452-025-07766-9,geopolymer_ash_cementitious,UCS,2030.0,,,14.0,,,,,,,,24.0,,6.0,,,1.569,19.2,,89.0,,0.0,0.0,,,,,,,,,,,,,,,,,0.0,0.0,,0.0,,False,,,,,,,,89.0,,2.70805020110221
UCDV1_00296,Luo et al. (2025) open GitHub UCS benchmark,10.1007/s42452-025-07766-9,geopolymer_ash_cementitious,UCS,2000.0,,,14.0,,,,,,,,24.0,,6.0,,,1.569,19.2,,87.0,,2.0,0.0,,,,,,,,,,,,,,,,,0.0,0.0,,0.0,,False,,,,,,,,89.0,,2.70805020110221
UCDV1_00297,Luo et al. (2025) open GitHub UCS benchmark,10.1007/s42452-025-07766-9,geopolymer_ash_cementitious,UCS,2350.0,,,14.0,,,,,,,,24.0,,6.0,,,1.569,19.2,,86.0,,3.0,0.0,,,,,,,,,,,,,,,,,0.0,0.0,,0.0,,False,,,,,,,,89.0,,2.70805020110221
UCDV1_00298,Luo et al. (2025) open GitHub UCS benchmark,10.1007/s42452-025-07766-9,geopolymer_ash_cementitious,UCS,2280.0,,,14.0,,,,,,,,24.0,,6.0,,,1.569,19.2,,85.0,,4.0,0.0,,,,,,,,,,,,,,,,,0.0,0.0,,0.0,,False,,,,,,,,89.0,,2.70805020110221
UCDV1_00299,Luo et al. (2025) open GitHub UCS benchmark,10.1007/s42452-025-07766-9,geopolymer_ash_cementitious,UCS,2430.0,,,28.0,,,,,,,,24.0,,6.0,,,1.569,19.2,,89.0,,0.0,0.0,,,,,,,,,,,,,,,,,0.0,0.0,,0.0,,False,,,,,,,,89.0,,3.367295829986474
UCDV1_00300,Luo et al. (2025) open GitHub UCS benchmark,10.1007/s42452-025-07766-9,geopolymer_ash_cementitious,UCS,2910.0,,,28.0,,,,,,,,24.0,,6.0,,,1.569,19.2,,87.0,,2.0,0.0,,,,,,,,,,,,,,,,,0.0,0.0,,0.0,,False,,,,,,,,89.0,,3.367295829986474
UCDV1_00301,Luo et al. (2025) open GitHub UCS benchmark,10.1007/s42452-025-07766-9,geopolymer_ash_cementitious,UCS,2900.0,,,28.0,,,,,,,,24.0,,6.0,,,1.569,19.2,,86.0,,3.0,0.0,,,,,,,,,,,,,,,,,0.0,0.0,,0.0,,False,,,,,,,,89.0,,3.367295829986474
UCDV1_00302,Luo et al. (2025) open GitHub UCS benchmark,10.1007/s42452-025-07766-9,geopolymer_ash_cementitious,UCS,2970.0,,,28.0,,,,,,,,24.0,,6.0,,,1.569,19.2,,85.0,,4.0,0.0,,,,,,,,,,,,,,,,,0.0,0.0,,0.0,,False,,,,,,,,89.0,,3.367295829986474
UCDV1_00303,Luo et al. (2025) open GitHub UCS benchmark,10.1007/s42452-025-07766-9,geopolymer_ash_cementitious,UCS,3390.0,,,60.0,,,,,,,,24.0,,6.0,,,1.569,19.2,,89.0,,0.0,0.0,,,,,,,,,,,,,,,,,0.0,0.0,,0.0,,False,,,,,,,,89.0,,4.110873864173311
UCDV1_00304,Luo et al. (2025) open GitHub UCS benchmark,10.1007/s42452-025-07766-9,geopolymer_ash_cementitious,UCS,3440.0,,,60.0,,,,,,,,24.0,,6.0,,,1.569,19.2,,87.0,,2.0,0.0,,,,,,,,,,,,,,,,,0.0,0.0,,0.0,,False,,,,,,,,89.0,,4.110873864173311
UCDV1_00305,Luo et al. (2025) open GitHub UCS benchmark,10.1007/s42452-025-07766-9,geopolymer_ash_cementitious,UCS,3700.0,,,60.0,,,,,,,,24.0,,6.0,,,1.569,19.2,,86.0,,3.0,0.0,,,,,,,,,,,,,,,,,0.0,0.0,,0.0,,False,,,,,,,,89.0,,4.110873864173311
UCDV1_00306,Luo et al. (2025) open GitHub UCS benchmark,10.1007/s42452-025-07766-9,geopolymer_ash_cementitious,UCS,3730.0,,,60.0,,,,,,,,24.0,,6.0,,,1.569,19.2,,85.0,,4.0,0.0,,,,,,,,,,,,,,,,,0.0,0.0,,0.0,,False,,,,,,,,89.0,,4.110873864173311
UCDV1_00307,Luo et al. (2025) open GitHub UCS benchmark,10.1007/s42452-025-07766-9,geopolymer_ash_cementitious,UCS,3440.0,,,90.0,,,,,,,,24.0,,6.0,,,1.569,19.2,,89.0,,0.0,0.0,,,,,,,,,,,,,,,,,0.0,0.0,,0.0,,False,,,,,,,,89.0,,4.51085950651685
UCDV1_00308,Luo et al. (2025) open GitHub UCS benchmark,10.1007/s42452-025-07766-9,geopolymer_ash_cementitious,UCS,3640.0,,,90.0,,,,,,,,24.0,,6.0,,,1.569,19.2,,87.0,,2.0,0.0,,,,,,,,,,,,,,,,,0.0,0.0,,0.0,,False,,,,,,,,89.0,,4.51085950651685
UCDV1_00309,Luo et al. (2025) open GitHub UCS benchmark,10.1007/s42452-025-07766-9,geopolymer_ash_cementitious,UCS,3810.0,,,90.0,,,,,,,,24.0,,6.0,,,1.569,19.2,,86.0,,3.0,0.0,,,,,,,,,,,,,,,,,0.0,0.0,,0.0,,False,,,,,,,,89.0,,4.51085950651685
UCDV1_00310,Luo et al. (2025) open GitHub UCS benchmark,10.1007/s42452-025-07766-9,geopolymer_ash_cementitious,UCS,3960.0,,,90.0,,,,,,,,24.0,,6.0,,,1.569,19.2,,85.0,,4.0,0.0,,,,,,,,,,,,,,,,,0.0,0.0,,0.0,,False,,,,,,,,89.0,,4.51085950651685
UCDV1_00311,Luo et al. (2025) open GitHub UCS benchmark,10.1007/s42452-025-07766-9,geopolymer_ash_cementitious,UCS,3420.0,,,180.0,,,,,,,,24.0,,6.0,,,1.569,19.2,,89.0,,0.0,0.0,,,,,,,,,,,,,,,,,0.0,0.0,,0.0,,False,,,,,,,,89.0,,5.198497031265826
UCDV1_00312,Luo et al. (2025) open GitHub UCS benchmark,10.1007/s42452-025-07766-9,geopolymer_ash_cementitious,UCS,3580.0,,,180.0,,,,,,,,24.0,,6.0,,,1.569,19.2,,87.0,,2.0,0.0,,,,,,,,,,,,,,,,,0.0,0.0,,0.0,,False,,,,,,,,89.0,,5.198497031265826
UCDV1_00313,Luo et al. (2025) open GitHub UCS benchmark,10.1007/s42452-025-07766-9,geopolymer_ash_cementitious,UCS,3690.0,,,180.0,,,,,,,,24.0,,6.0,,,1.569,19.2,,86.0,,3.0,0.0,,,,,,,,,,,,,,,,,0.0,0.0,,0.0,,False,,,,,,,,89.0,,5.198497031265826
UCDV1_00314,Luo et al. (2025) open GitHub UCS benchmark,10.1007/s42452-025-07766-9,geopolymer_ash_cementitious,UCS,4050.0,,,180.0,,,,,,,,24.0,,6.0,,,1.569,19.2,,85.0,,4.0,0.0,,,,,,,,,,,,,,,,,0.0,0.0,,0.0,,False,,,,,,,,89.0,,5.198497031265826
UCDV1_00315,Luo et al. (2025) open GitHub UCS benchmark,10.1007/s42452-025-07766-9,geopolymer_ash_cementitious,UCS,1700.0,,,7.0,,,,,,,,34.2,,15.4,,,1.77,17.45,,87.0,,10.0,0.0,,,,,,,,,,,,,,,,,0.931193476889227,2.06880652311077,,0.0,,False,,,,,,,,97.0,,2.0794415416798357
UCDV1_00316,Luo et al. (2025) open GitHub UCS benchmark,10.1007/s42452-025-07766-9,geopolymer_ash_cementitious,UCS,3760.0,,,7.0,,,,,,,,34.2,,15.4,,,1.77,17.45,,75.0,,20.0,0.0,,,,,,,,,,,,,,,,,1.55198912814871,3.44801087185129,,0.0,,False,,,,,,,,95.0,,2.0794415416798357
UCDV1_00317,Luo et al. (2025) open GitHub UCS benchmark,10.1007/s42452-025-07766-9,geopolymer_ash_cementitious,UCS,5110.0,,,7.0,,,,,,,,34.2,,15.4,,,1.77,17.45,,63.0,,30.0,0.0,,,,,,,,,,,,,,,,,2.1727847794082,4.8272152205918,,0.0,,False,,,,,,,,93.0,,2.0794415416798357
UCDV1_00318,Luo et al. (2025) open GitHub UCS benchmark,10.1007/s42452-025-07766-9,geopolymer_ash_cementitious,UCS,3280.0,,,7.0,,,,,,,,34.2,,15.4,,,1.77,17.45,,65.0,,30.0,0.0,,,,,,,,,,,,,,,,,1.26370284663196,3.73629715336804,,0.0,,False,,,,,,,,95.0,,2.0794415416798357
UCDV1_00319,Luo et al. (2025) open GitHub UCS benchmark,10.1007/s42452-025-07766-9,geopolymer_ash_cementitious,UCS,1750.0,,,7.0,,,,,,,,34.2,,15.4,,,1.77,17.45,,83.0,,10.0,0.0,,,,,,,,,,,,,,,,,1.76918398528474,5.23081601471526,,0.0,,False,,,,,,,,93.0,,2.0794415416798357
UCDV1_00320,Luo et al. (2025) open GitHub UCS benchmark,10.1007/s42452-025-07766-9,geopolymer_ash_cementitious,UCS,1180.0,,,7.0,,,,,,,,34.2,,15.4,,,1.77,17.45,,77.0,,20.0,0.0,,,,,,,,,,,,,,,,,0.758221707979173,2.24177829202083,,0.0,,False,,,,,,,,97.0,,2.0794415416798357
UCDV1_00321,Luo et al. (2025) open GitHub UCS benchmark,10.1007/s42452-025-07766-9,geopolymer_ash_cementitious,UCS,2380.0,,,7.0,,,,,,,,34.2,,15.4,,,1.77,17.45,,73.0,,20.0,0.0,,,,,,,,,,,,,,,,,1.42751489419982,5.57248510580018,,0.0,,False,,,,,,,,93.0,,2.0794415416798357
UCDV1_00322,Luo et al. (2025) open GitHub UCS benchmark,10.1007/s42452-025-07766-9,geopolymer_ash_cementitious,UCS,1670.0,,,7.0,,,,,,,,34.2,,15.4,,,1.77,17.45,,67.0,,30.0,0.0,,,,,,,,,,,,,,,,,0.611792097514209,2.38820790248579,,0.0,,False,,,,,,,,97.0,,2.0794415416798357
UCDV1_00323,Luo et al. (2025) open GitHub UCS benchmark,10.1007/s42452-025-07766-9,geopolymer_ash_cementitious,UCS,2160.0,,,7.0,,,,,,,,34.2,,15.4,,,1.77,17.45,,85.0,,10.0,0.0,,,,,,,,,,,,,,,,,1.01965349585702,3.98034650414298,,0.0,,False,,,,,,,,95.0,,2.0794415416798357
UCDV1_00324,Luo et al. (2025) open GitHub UCS benchmark,10.1007/s42452-025-07766-9,geopolymer_ash_cementitious,UCS,2130.0,,,14.0,,,,,,,,34.2,,15.4,,,1.77,17.45,,87.0,,10.0,0.0,,,,,,,,,,,,,,,,,0.931193476889227,2.06880652311077,,0.0,,False,,,,,,,,97.0,,2.70805020110221
UCDV1_00325,Luo et al. (2025) open GitHub UCS benchmark,10.1007/s42452-025-07766-9,geopolymer_ash_cementitious,UCS,4540.0,,,14.0,,,,,,,,34.2,,15.4,,,1.77,17.45,,75.0,,20.0,0.0,,,,,,,,,,,,,,,,,1.55198912814871,3.44801087185129,,0.0,,False,,,,,,,,95.0,,2.70805020110221
UCDV1_00326,Luo et al. (2025) open GitHub UCS benchmark,10.1007/s42452-025-07766-9,geopolymer_ash_cementitious,UCS,6160.0,,,14.0,,,,,,,,34.2,,15.4,,,1.77,17.45,,63.0,,30.0,0.0,,,,,,,,,,,,,,,,,2.1727847794082,4.8272152205918,,0.0,,False,,,,,,,,93.0,,2.70805020110221
UCDV1_00327,Luo et al. (2025) open GitHub UCS benchmark,10.1007/s42452-025-07766-9,geopolymer_ash_cementitious,UCS,4630.0,,,14.0,,,,,,,,34.2,,15.4,,,1.77,17.45,,65.0,,30.0,0.0,,,,,,,,,,,,,,,,,1.26370284663196,3.73629715336804,,0.0,,False,,,,,,,,95.0,,2.70805020110221
UCDV1_00328,Luo et al. (2025) open GitHub UCS benchmark,10.1007/s42452-025-07766-9,geopolymer_ash_cementitious,UCS,2670.0,,,14.0,,,,,,,,34.2,,15.4,,,1.77,17.45,,83.0,,10.0,0.0,,,,,,,,,,,,,,,,,1.76918398528474,5.23081601471526,,0.0,,False,,,,,,,,93.0,,2.70805020110221
UCDV1_00329,Luo et al. (2025) open GitHub UCS benchmark,10.1007/s42452-025-07766-9,geopolymer_ash_cementitious,UCS,2110.0,,,14.0,,,,,,,,34.2,,15.4,,,1.77,17.45,,77.0,,20.0,0.0,,,,,,,,,,,,,,,,,0.758221707979173,2.24177829202083,,0.0,,False,,,,,,,,97.0,,2.70805020110221
UCDV1_00330,Luo et al. (2025) open GitHub UCS benchmark,10.1007/s42452-025-07766-9,geopolymer_ash_cementitious,UCS,3660.0,,,14.0,,,,,,,,34.2,,15.4,,,1.77,17.45,,73.0,,20.0,0.0,,,,,,,,,,,,,,,,,1.42751489419982,5.57248510580018,,0.0,,False,,,,,,,,93.0,,2.70805020110221
UCDV1_00331,Luo et al. (2025) open GitHub UCS benchmark,10.1007/s42452-025-07766-9,geopolymer_ash_cementitious,UCS,1860.0,,,14.0,,,,,,,,34.2,,15.4,,,1.77,17.45,,67.0,,30.0,0.0,,,,,,,,,,,,,,,,,0.611792097514209,2.38820790248579,,0.0,,False,,,,,,,,97.0,,2.70805020110221
UCDV1_00332,Luo et al. (2025) open GitHub UCS benchmark,10.1007/s42452-025-07766-9,geopolymer_ash_cementitious,UCS,2570.0,,,14.0,,,,,,,,34.2,,15.4,,,1.77,17.45,,85.0,,10.0,0.0,,,,,,,,,,,,,,,,,1.01965349585702,3.98034650414298,,0.0,,False,,,,,,,,95.0,,2.70805020110221
UCDV1_00333,Luo et al. (2025) open GitHub UCS benchmark,10.1007/s42452-025-07766-9,geopolymer_ash_cementitious,UCS,2780.0,,,28.0,,,,,,,,34.2,,15.4,,,1.77,17.45,,87.0,,10.0,0.0,,,,,,,,,,,,,,,,,0.931193476889227,2.06880652311077,,0.0,,False,,,,,,,,97.0,,3.367295829986474
UCDV1_00334,Luo et al. (2025) open GitHub UCS benchmark,10.1007/s42452-025-07766-9,geopolymer_ash_cementitious,UCS,5780.0,,,28.0,,,,,,,,34.2,,15.4,,,1.77,17.45,,75.0,,20.0,0.0,,,,,,,,,,,,,,,,,1.55198912814871,3.44801087185129,,0.0,,False,,,,,,,,95.0,,3.367295829986474
UCDV1_00335,Luo et al. (2025) open GitHub UCS benchmark,10.1007/s42452-025-07766-9,geopolymer_ash_cementitious,UCS,10710.0,,,28.0,,,,,,,,34.2,,15.4,,,1.77,17.45,,63.0,,30.0,0.0,,,,,,,,,,,,,,,,,2.1727847794082,4.8272152205918,,0.0,,False,,,,,,,,93.0,,3.367295829986474
UCDV1_00336,Luo et al. (2025) open GitHub UCS benchmark,10.1007/s42452-025-07766-9,geopolymer_ash_cementitious,UCS,7550.0,,,28.0,,,,,,,,34.2,,15.4,,,1.77,17.45,,65.0,,30.0,0.0,,,,,,,,,,,,,,,,,1.26370284663196,3.73629715336804,,0.0,,False,,,,,,,,95.0,,3.367295829986474
UCDV1_00337,Luo et al. (2025) open GitHub UCS benchmark,10.1007/s42452-025-07766-9,geopolymer_ash_cementitious,UCS,2880.0,,,28.0,,,,,,,,34.2,,15.4,,,1.77,17.45,,83.0,,10.0,0.0,,,,,,,,,,,,,,,,,1.76918398528474,5.23081601471526,,0.0,,False,,,,,,,,93.0,,3.367295829986474
UCDV1_00338,Luo et al. (2025) open GitHub UCS benchmark,10.1007/s42452-025-07766-9,geopolymer_ash_cementitious,UCS,2370.0,,,28.0,,,,,,,,34.2,,15.4,,,1.77,17.45,,77.0,,20.0,0.0,,,,,,,,,,,,,,,,,0.758221707979173,2.24177829202083,,0.0,,False,,,,,,,,97.0,,3.367295829986474
UCDV1_00339,Luo et al. (2025) open GitHub UCS benchmark,10.1007/s42452-025-07766-9,geopolymer_ash_cementitious,UCS,6120.0,,,28.0,,,,,,,,34.2,,15.4,,,1.77,17.45,,73.0,,20.0,0.0,,,,,,,,,,,,,,,,,1.42751489419982,5.57248510580018,,0.0,,False,,,,,,,,93.0,,3.367295829986474
UCDV1_00340,Luo et al. (2025) open GitHub UCS benchmark,10.1007/s42452-025-07766-9,geopolymer_ash_cementitious,UCS,2250.0,,,28.0,,,,,,,,34.2,,15.4,,,1.77,17.45,,67.0,,30.0,0.0,,,,,,,,,,,,,,,,,0.611792097514209,2.38820790248579,,0.0,,False,,,,,,,,97.0,,3.367295829986474
UCDV1_00341,Luo et al. (2025) open GitHub UCS benchmark,10.1007/s42452-025-07766-9,geopolymer_ash_cementitious,UCS,3790.0,,,28.0,,,,,,,,34.2,,15.4,,,1.77,17.45,,85.0,,10.0,0.0,,,,,,,,,,,,,,,,,1.01965349585702,3.98034650414298,,0.0,,False,,,,,,,,95.0,,3.367295829986474
UCDV1_00342,Luo et al. (2025) open GitHub UCS benchmark,10.1007/s42452-025-07766-9,geopolymer_ash_cementitious,UCS,55.31,,,28.0,,,,,,,,49.0,,25.0,,,1.67,20.0,,100.0,,0.0,0.0,,,,,,,,,,,,,,,,,0.0,0.0,,0.0,,False,,,,,,,,100.0,,3.367295829986474
UCDV1_00343,Luo et al. (2025) open GitHub UCS benchmark,10.1007/s42452-025-07766-9,geopolymer_ash_cementitious,UCS,1803.44,,,28.0,,,,,,,,40.0,,5.9,,,1.72,17.0,,93.0,,0.0,0.0,,,,,,,,,,,,,,,,,0.0,0.0,,0.0,,False,,,,,,,,93.0,,3.367295829986474
UCDV1_00344,Luo et al. (2025) open GitHub UCS benchmark,10.1007/s42452-025-07766-9,geopolymer_ash_cementitious,UCS,2284.95,,,28.0,,,,,,,,41.0,,5.1,,,1.74,17.5,,85.0,,0.0,0.0,,,,,,,,,,,,,,,,,0.0,0.0,,0.0,,False,,,,,,,,85.0,,3.367295829986474
UCDV1_00345,Luo et al. (2025) open GitHub UCS benchmark,10.1007/s42452-025-07766-9,geopolymer_ash_cementitious,UCS,3297.0,,,28.0,,,,,,,,39.0,,6.8,,,1.77,18.0,,70.0,,0.0,0.0,,,,,,,,,,,,,,,,,0.0,0.0,,0.0,,False,,,,,,,,70.0,,3.367295829986474
UCDV1_00346,Luo et al. (2025) open GitHub UCS benchmark,10.1007/s42452-025-07766-9,geopolymer_ash_cementitious,UCS,69.43,,,28.0,,,,,,,,44.5,,9.5,,,1.42,29.0,,100.0,,0.0,0.0,,,,,,,,,,,,,,,,,0.0,0.0,,0.0,,False,,,,,,,,100.0,,3.367295829986474
UCDV1_00347,Luo et al. (2025) open GitHub UCS benchmark,10.1007/s42452-025-07766-9,geopolymer_ash_cementitious,UCS,609.97,,,28.0,,,,,,,,48.0,,7.7,,,1.56,22.5,,93.0,,0.0,0.0,,,,,,,,,,,,,,,,,0.0,0.0,,0.0,,False,,,,,,,,93.0,,3.367295829986474
UCDV1_00348,Luo et al. (2025) open GitHub UCS benchmark,10.1007/s42452-025-07766-9,geopolymer_ash_cementitious,UCS,2545.81,,,28.0,,,,,,,,49.0,,8.3,,,1.53,26.3,,85.0,,0.0,0.0,,,,,,,,,,,,,,,,,0.0,0.0,,0.0,,False,,,,,,,,85.0,,3.367295829986474
UCDV1_00349,Luo et al. (2025) open GitHub UCS benchmark,10.1007/s42452-025-07766-9,geopolymer_ash_cementitious,UCS,3936.39,,,28.0,,,,,,,,46.0,,5.0,,,1.5,30.0,,70.0,,0.0,0.0,,,,,,,,,,,,,,,,,0.0,0.0,,0.0,,False,,,,,,,,70.0,,3.367295829986474
UCDV1_00350,Luo et al. (2025) open GitHub UCS benchmark,10.1007/s42452-025-07766-9,geopolymer_ash_cementitious,UCS,87.08,,,28.0,,,,,,,,84.0,,44.0,,,1.29,36.0,,100.0,,0.0,0.0,,,,,,,,,,,,,,,,,0.0,0.0,,0.0,,False,,,,,,,,100.0,,3.367295829986474
UCDV1_00351,Luo et al. (2025) open GitHub UCS benchmark,10.1007/s42452-025-07766-9,geopolymer_ash_cementitious,UCS,2076.9500000000003,,,28.0,,,,,,,,57.0,,15.5,,,1.39,36.8,,70.0,,0.0,0.0,,,,,,,,,,,,,,,,,0.0,0.0,,0.0,,False,,,,,,,,70.0,,3.367295829986474
UCDV1_00352,Luo et al. (2025) open GitHub UCS benchmark,10.1007/s42452-025-07766-9,geopolymer_ash_cementitious,UCS,360.0,,,28.0,,,,,,,,77.0,,32.0,,,1.41,29.0,,100.0,,0.0,0.0,,,,,,,,,,,,,,,,,0.0,0.0,,0.0,,False,,,,,,,,100.0,,3.367295829986474
UCDV1_00353,Luo et al. (2025) open GitHub UCS benchmark,10.1007/s42452-025-07766-9,geopolymer_ash_cementitious,UCS,520.0,,,28.0,,,,,,,,60.0,,23.0,,,1.4,31.0,,100.0,,0.0,0.0,,,,,,,,,,,,,,,,,0.0,0.0,,0.0,,False,,,,,,,,100.0,,3.367295829986474
UCDV1_00354,Luo et al. (2025) open GitHub UCS benchmark,10.1007/s42452-025-07766-9,geopolymer_ash_cementitious,UCS,85.0,,,28.0,,,,,,,,86.0,,32.0,,,1.22,22.0,,100.0,,0.0,0.0,,,,,,,,,,,,,,,,,0.0,0.0,,0.0,,False,,,,,,,,100.0,,3.367295829986474
UCDV1_00355,Luo et al. (2025) open GitHub UCS benchmark,10.1007/s42452-025-07766-9,geopolymer_ash_cementitious,UCS,55.6,,,28.0,,,,,,,,84.8,,52.02,,,1.407,28.3,,100.0,,0.0,0.0,,,,,,,,,,,,,,,,,0.0,0.0,,0.0,,False,,,,,,,,100.0,,3.367295829986474
UCDV1_00356,Luo et al. (2025) open GitHub UCS benchmark,10.1007/s42452-025-07766-9,geopolymer_ash_cementitious,UCS,222.5,,,28.0,,,,,,,,47.79,,24.56,,,1.723,15.3,,100.0,,0.0,0.0,,,,,,,,,,,,,,,,,0.0,0.0,,0.0,,False,,,,,,,,100.0,,3.367295829986474
UCDV1_00357,Luo et al. (2025) open GitHub UCS benchmark,10.1007/s42452-025-07766-9,geopolymer_ash_cementitious,UCS,149.0,,,28.0,,,,,,,,86.0,,49.0,,,1.29,36.5,,100.0,,0.0,0.0,,,,,,,,,,,,,,,,,0.0,0.0,,0.0,,False,,,,,,,,100.0,,3.367295829986474
UCDV1_00358,Luo et al. (2025) open GitHub UCS benchmark,10.1007/s42452-025-07766-9,geopolymer_ash_cementitious,UCS,190.0,,,28.0,,,,,,,,84.0,,58.0,,,1.353,29.83,,100.0,,0.0,0.0,,,,,,,,,,,,,,,,,0.0,0.0,,0.0,,False,,,,,,,,100.0,,3.367295829986474
UCDV1_00359,Luo et al. (2025) open GitHub UCS benchmark,10.1007/s42452-025-07766-9,geopolymer_ash_cementitious,UCS,663.0,,,28.0,,,,,,,,75.0,,47.0,,,1.406,31.82,,100.0,,0.0,0.0,,,,,,,,,,,,,,,,,0.0,0.0,,0.0,,False,,,,,,,,100.0,,3.367295829986474
UCDV1_00360,Luo et al. (2025) open GitHub UCS benchmark,10.1007/s42452-025-07766-9,geopolymer_ash_cementitious,UCS,4400.0,,,28.0,,,,,,,,18.0,,4.0,,,2.08,8.5,,97.0,,0.0,0.0,,,,,,,,,,,,,,,,,0.0,0.0,,0.0,,False,,,,,,,,97.0,,3.367295829986474
UCDV1_00361,Luo et al. (2025) open GitHub UCS benchmark,10.1007/s42452-025-07766-9,geopolymer_ash_cementitious,UCS,4400.0,,,28.0,,,,,,,,18.0,,4.0,,,2.08,8.5,,94.0,,0.0,0.0,,,,,,,,,,,,,,,,,0.0,0.0,,0.0,,False,,,,,,,,94.0,,3.367295829986474
UCDV1_00362,Luo et al. (2025) open GitHub UCS benchmark,10.1007/s42452-025-07766-9,geopolymer_ash_cementitious,UCS,2540.0,,,28.0,,,,,,,,19.0,,5.0,,,1.96,7.8,,95.0,,0.0,0.0,,,,,,,,,,,,,,,,,0.0,0.0,,0.0,,False,,,,,,,,95.0,,3.367295829986474
UCDV1_00363,Luo et al. (2025) open GitHub UCS benchmark,10.1007/s42452-025-07766-9,geopolymer_ash_cementitious,UCS,3200.0,,,28.0,,,,,,,,20.0,,0.0,,,1.89,7.3,,95.0,,0.0,0.0,,,,,,,,,,,,,,,,,0.0,0.0,,0.0,,False,,,,,,,,95.0,,3.367295829986474
UCDV1_00364,Luo et al. (2025) open GitHub UCS benchmark,10.1007/s42452-025-07766-9,geopolymer_ash_cementitious,UCS,1900.0,,,28.0,,,,,,,,20.0,,1.0,,,1.65,8.3,,95.0,,0.0,0.0,,,,,,,,,,,,,,,,,0.0,0.0,,0.0,,False,,,,,,,,95.0,,3.367295829986474
UCDV1_00365,Luo et al. (2025) open GitHub UCS benchmark,10.1007/s42452-025-07766-9,geopolymer_ash_cementitious,UCS,1900.0,,,28.0,,,,,,,,20.0,,1.0,,,1.65,8.3,,96.0,,0.0,0.0,,,,,,,,,,,,,,,,,0.0,0.0,,0.0,,False,,,,,,,,96.0,,3.367295829986474
UCDV1_00366,Luo et al. (2025) open GitHub UCS benchmark,10.1007/s42452-025-07766-9,geopolymer_ash_cementitious,UCS,4700.0,,,28.0,,,,,,,,21.0,,4.0,,,2.08,8.5,,96.0,,0.0,0.0,,,,,,,,,,,,,,,,,0.0,0.0,,0.0,,False,,,,,,,,96.0,,3.367295829986474
UCDV1_00367,Luo et al. (2025) open GitHub UCS benchmark,10.1007/s42452-025-07766-9,geopolymer_ash_cementitious,UCS,4700.0,,,28.0,,,,,,,,21.0,,4.0,,,2.08,8.5,,94.0,,0.0,0.0,,,,,,,,,,,,,,,,,0.0,0.0,,0.0,,False,,,,,,,,94.0,,3.367295829986474
UCDV1_00368,Luo et al. (2025) open GitHub UCS benchmark,10.1007/s42452-025-07766-9,geopolymer_ash_cementitious,UCS,3900.0,,,28.0,,,,,,,,22.0,,0.0,,,2.2,8.7,,96.0,,0.0,0.0,,,,,,,,,,,,,,,,,0.0,0.0,,0.0,,False,,,,,,,,96.0,,3.367295829986474
UCDV1_00369,Luo et al. (2025) open GitHub UCS benchmark,10.1007/s42452-025-07766-9,geopolymer_ash_cementitious,UCS,4200.0,,,28.0,,,,,,,,22.0,,5.0,,,2.12,8.4,,95.0,,0.0,0.0,,,,,,,,,,,,,,,,,0.0,0.0,,0.0,,False,,,,,,,,95.0,,3.367295829986474
UCDV1_00370,Luo et al. (2025) open GitHub UCS benchmark,10.1007/s42452-025-07766-9,geopolymer_ash_cementitious,UCS,4200.0,,,28.0,,,,,,,,22.0,,5.0,,,2.12,8.4,,94.0,,0.0,0.0,,,,,,,,,,,,,,,,,0.0,0.0,,0.0,,False,,,,,,,,94.0,,3.367295829986474
UCDV1_00371,Luo et al. (2025) open GitHub UCS benchmark,10.1007/s42452-025-07766-9,geopolymer_ash_cementitious,UCS,2950.0,,,28.0,,,,,,,,22.0,,3.0,,,1.72,9.9,,94.0,,0.0,0.0,,,,,,,,,,,,,,,,,0.0,0.0,,0.0,,False,,,,,,,,94.0,,3.367295829986474
UCDV1_00372,Luo et al. (2025) open GitHub UCS benchmark,10.1007/s42452-025-07766-9,geopolymer_ash_cementitious,UCS,2950.0,,,28.0,,,,,,,,22.0,,3.0,,,1.72,9.9,,95.0,,0.0,0.0,,,,,,,,,,,,,,,,,0.0,0.0,,0.0,,False,,,,,,,,95.0,,3.367295829986474
UCDV1_00373,Luo et al. (2025) open GitHub UCS benchmark,10.1007/s42452-025-07766-9,geopolymer_ash_cementitious,UCS,2700.0,,,28.0,,,,,,,,22.0,,3.0,,,1.92,11.4,,94.0,,0.0,0.0,,,,,,,,,,,,,,,,,0.0,0.0,,0.0,,False,,,,,,,,94.0,,3.367295829986474
UCDV1_00374,Luo et al. (2025) open GitHub UCS benchmark,10.1007/s42452-025-07766-9,geopolymer_ash_cementitious,UCS,3100.0,,,28.0,,,,,,,,23.0,,5.0,,,1.9,10.0,,95.0,,0.0,0.0,,,,,,,,,,,,,,,,,0.0,0.0,,0.0,,False,,,,,,,,95.0,,3.367295829986474
UCDV1_00375,Luo et al. (2025) open GitHub UCS benchmark,10.1007/s42452-025-07766-9,geopolymer_ash_cementitious,UCS,2900.0,,,28.0,,,,,,,,23.0,,5.0,,,2.0,11.5,,94.0,,0.0,0.0,,,,,,,,,,,,,,,,,0.0,0.0,,0.0,,False,,,,,,,,94.0,,3.367295829986474
UCDV1_00376,Luo et al. (2025) open GitHub UCS benchmark,10.1007/s42452-025-07766-9,geopolymer_ash_cementitious,UCS,2900.0,,,28.0,,,,,,,,23.0,,5.0,,,2.0,11.5,,94.0,,0.0,0.0,,,,,,,,,,,,,,,,,0.0,0.0,,0.0,,False,,,,,,,,94.0,,3.367295829986474
UCDV1_00377,Luo et al. (2025) open GitHub UCS benchmark,10.1007/s42452-025-07766-9,geopolymer_ash_cementitious,UCS,1100.0,,,28.0,,,,,,,,23.0,,1.0,,,1.73,9.9,,94.0,,0.0,0.0,,,,,,,,,,,,,,,,,0.0,0.0,,0.0,,False,,,,,,,,94.0,,3.367295829986474
UCDV1_00378,Luo et al. (2025) open GitHub UCS benchmark,10.1007/s42452-025-07766-9,geopolymer_ash_cementitious,UCS,4100.0,,,28.0,,,,,,,,24.0,,4.0,,,2.0,7.7,,96.0,,0.0,0.0,,,,,,,,,,,,,,,,,0.0,0.0,,0.0,,False,,,,,,,,96.0,,3.367295829986474
UCDV1_00379,Luo et al. (2025) open GitHub UCS benchmark,10.1007/s42452-025-07766-9,geopolymer_ash_cementitious,UCS,4100.0,,,28.0,,,,,,,,24.0,,4.0,,,2.0,7.7,,94.0,,0.0,0.0,,,,,,,,,,,,,,,,,0.0,0.0,,0.0,,False,,,,,,,,94.0,,3.367295829986474
UCDV1_00380,Luo et al. (2025) open GitHub UCS benchmark,10.1007/s42452-025-07766-9,geopolymer_ash_cementitious,UCS,2300.0,,,28.0,,,,,,,,24.0,,3.0,,,1.75,10.8,,94.0,,0.0,0.0,,,,,,,,,,,,,,,,,0.0,0.0,,0.0,,False,,,,,,,,94.0,,3.367295829986474
UCDV1_00381,Luo et al. (2025) open GitHub UCS benchmark,10.1007/s42452-025-07766-9,geopolymer_ash_cementitious,UCS,2700.0,,,28.0,,,,,,,,25.0,,13.0,,,1.67,10.1,,94.0,,0.0,0.0,,,,,,,,,,,,,,,,,0.0,0.0,,0.0,,False,,,,,,,,94.0,,3.367295829986474
UCDV1_00382,Luo et al. (2025) open GitHub UCS benchmark,10.1007/s42452-025-07766-9,geopolymer_ash_cementitious,UCS,4100.0,,,28.0,,,,,,,,25.0,,4.0,,,1.98,7.9,,95.0,,0.0,0.0,,,,,,,,,,,,,,,,,0.0,0.0,,0.0,,False,,,,,,,,95.0,,3.367295829986474
UCDV1_00383,Luo et al. (2025) open GitHub UCS benchmark,10.1007/s42452-025-07766-9,geopolymer_ash_cementitious,UCS,4100.0,,,28.0,,,,,,,,25.0,,4.0,,,1.98,7.9,,94.0,,0.0,0.0,,,,,,,,,,,,,,,,,0.0,0.0,,0.0,,False,,,,,,,,94.0,,3.367295829986474
UCDV1_00384,Luo et al. (2025) open GitHub UCS benchmark,10.1007/s42452-025-07766-9,geopolymer_ash_cementitious,UCS,2300.0,,,28.0,,,,,,,,26.0,,7.0,,,1.86,12.7,,95.0,,0.0,0.0,,,,,,,,,,,,,,,,,0.0,0.0,,0.0,,False,,,,,,,,95.0,,3.367295829986474
UCDV1_00385,Luo et al. (2025) open GitHub UCS benchmark,10.1007/s42452-025-07766-9,geopolymer_ash_cementitious,UCS,2000.0,,,28.0,,,,,,,,29.0,,9.0,,,1.61,12.6,,94.0,,0.0,0.0,,,,,,,,,,,,,,,,,0.0,0.0,,0.0,,False,,,,,,,,94.0,,3.367295829986474
UCDV1_00386,Luo et al. (2025) open GitHub UCS benchmark,10.1007/s42452-025-07766-9,geopolymer_ash_cementitious,UCS,2050.0,,,28.0,,,,,,,,29.0,,9.0,,,1.61,12.6,,94.0,,0.0,0.0,,,,,,,,,,,,,,,,,0.0,0.0,,0.0,,False,,,,,,,,94.0,,3.367295829986474
UCDV1_00387,Luo et al. (2025) open GitHub UCS benchmark,10.1007/s42452-025-07766-9,geopolymer_ash_cementitious,UCS,2960.0,,,28.0,,,,,,,,29.0,,17.0,,,1.99,12.3,,94.0,,0.0,0.0,,,,,,,,,,,,,,,,,0.0,0.0,,0.0,,False,,,,,,,,94.0,,3.367295829986474
UCDV1_00388,Luo et al. (2025) open GitHub UCS benchmark,10.1007/s42452-025-07766-9,geopolymer_ash_cementitious,UCS,3250.0,,,28.0,,,,,,,,29.0,,7.0,,,1.97,8.1,,95.0,,0.0,0.0,,,,,,,,,,,,,,,,,0.0,0.0,,0.0,,False,,,,,,,,95.0,,3.367295829986474
UCDV1_00389,Luo et al. (2025) open GitHub UCS benchmark,10.1007/s42452-025-07766-9,geopolymer_ash_cementitious,UCS,3250.0,,,28.0,,,,,,,,29.0,,7.0,,,1.97,8.1,,94.0,,0.0,0.0,,,,,,,,,,,,,,,,,0.0,0.0,,0.0,,False,,,,,,,,94.0,,3.367295829986474
UCDV1_00390,Luo et al. (2025) open GitHub UCS benchmark,10.1007/s42452-025-07766-9,geopolymer_ash_cementitious,UCS,2200.0,,,28.0,,,,,,,,29.0,,15.0,,,1.69,11.4,,94.0,,0.0,0.0,,,,,,,,,,,,,,,,,0.0,0.0,,0.0,,False,,,,,,,,94.0,,3.367295829986474
UCDV1_00391,Luo et al. (2025) open GitHub UCS benchmark,10.1007/s42452-025-07766-9,geopolymer_ash_cementitious,UCS,1820.0,,,28.0,,,,,,,,29.0,,17.0,,,2.09,11.2,,94.0,,0.0,0.0,,,,,,,,,,,,,,,,,0.0,0.0,,0.0,,False,,,,,,,,94.0,,3.367295829986474
UCDV1_00392,Luo et al. (2025) open GitHub UCS benchmark,10.1007/s42452-025-07766-9,geopolymer_ash_cementitious,UCS,2200.0,,,28.0,,,,,,,,29.0,,7.0,,,1.78,18.5,,96.0,,0.0,0.0,,,,,,,,,,,,,,,,,0.0,0.0,,0.0,,False,,,,,,,,96.0,,3.367295829986474
UCDV1_00393,Luo et al. (2025) open GitHub UCS benchmark,10.1007/s42452-025-07766-9,geopolymer_ash_cementitious,UCS,3800.0,,,28.0,,,,,,,,31.0,,6.0,,,1.94,7.3,,95.0,,0.0,0.0,,,,,,,,,,,,,,,,,0.0,0.0,,0.0,,False,,,,,,,,95.0,,3.367295829986474
UCDV1_00394,Luo et al. (2025) open GitHub UCS benchmark,10.1007/s42452-025-07766-9,geopolymer_ash_cementitious,UCS,3800.0,,,28.0,,,,,,,,31.0,,6.0,,,1.94,7.3,,94.0,,0.0,0.0,,,,,,,,,,,,,,,,,0.0,0.0,,0.0,,False,,,,,,,,94.0,,3.367295829986474
UCDV1_00395,Luo et al. (2025) open GitHub UCS benchmark,10.1007/s42452-025-07766-9,geopolymer_ash_cementitious,UCS,3900.0,,,28.0,,,,,,,,31.0,,17.0,,,2.12,8.8,,94.0,,0.0,0.0,,,,,,,,,,,,,,,,,0.0,0.0,,0.0,,False,,,,,,,,94.0,,3.367295829986474
UCDV1_00396,Luo et al. (2025) open GitHub UCS benchmark,10.1007/s42452-025-07766-9,geopolymer_ash_cementitious,UCS,2950.0,,,28.0,,,,,,,,32.0,,15.0,,,1.82,6.9,,94.0,,0.0,0.0,,,,,,,,,,,,,,,,,0.0,0.0,,0.0,,False,,,,,,,,94.0,,3.367295829986474
UCDV1_00397,Luo et al. (2025) open GitHub UCS benchmark,10.1007/s42452-025-07766-9,geopolymer_ash_cementitious,UCS,1930.0,,,28.0,,,,,,,,32.0,,20.0,,,1.96,8.2,,94.0,,0.0,0.0,,,,,,,,,,,,,,,,,0.0,0.0,,0.0,,False,,,,,,,,94.0,,3.367295829986474
UCDV1_00398,Luo et al. (2025) open GitHub UCS benchmark,10.1007/s42452-025-07766-9,geopolymer_ash_cementitious,UCS,2150.0,,,28.0,,,,,,,,32.0,,8.0,,,1.92,9.3,,95.0,,0.0,0.0,,,,,,,,,,,,,,,,,0.0,0.0,,0.0,,False,,,,,,,,95.0,,3.367295829986474
UCDV1_00399,Luo et al. (2025) open GitHub UCS benchmark,10.1007/s42452-025-07766-9,geopolymer_ash_cementitious,UCS,2010.0,,,28.0,,,,,,,,33.5,,15.5,,,1.7,5.4,,94.0,,0.0,0.0,,,,,,,,,,,,,,,,,0.0,0.0,,0.0,,False,,,,,,,,94.0,,3.367295829986474
UCDV1_00400,Luo et al. (2025) open GitHub UCS benchmark,10.1007/s42452-025-07766-9,geopolymer_ash_cementitious,UCS,4200.0,,,28.0,,,,,,,,35.0,,8.0,,,2.21,8.2,,96.0,,0.0,0.0,,,,,,,,,,,,,,,,,0.0,0.0,,0.0,,False,,,,,,,,96.0,,3.367295829986474
UCDV1_00401,Luo et al. (2025) open GitHub UCS benchmark,10.1007/s42452-025-07766-9,geopolymer_ash_cementitious,UCS,2300.0,,,28.0,,,,,,,,35.0,,20.0,,,1.65,11.7,,94.0,,0.0,0.0,,,,,,,,,,,,,,,,,0.0,0.0,,0.0,,False,,,,,,,,94.0,,3.367295829986474
UCDV1_00402,Luo et al. (2025) open GitHub UCS benchmark,10.1007/s42452-025-07766-9,geopolymer_ash_cementitious,UCS,2270.0,,,28.0,,,,,,,,35.0,,14.0,,,2.1,8.0,,94.0,,0.0,0.0,,,,,,,,,,,,,,,,,0.0,0.0,,0.0,,False,,,,,,,,94.0,,3.367295829986474
UCDV1_00403,Luo et al. (2025) open GitHub UCS benchmark,10.1007/s42452-025-07766-9,geopolymer_ash_cementitious,UCS,3210.0,,,28.0,,,,,,,,35.0,,6.0,,,2.04,8.8,,95.0,,0.0,0.0,,,,,,,,,,,,,,,,,0.0,0.0,,0.0,,False,,,,,,,,95.0,,3.367295829986474
UCDV1_00404,Luo et al. (2025) open GitHub UCS benchmark,10.1007/s42452-025-07766-9,geopolymer_ash_cementitious,UCS,2870.0,,,28.0,,,,,,,,35.0,,18.0,,,1.89,10.9,,94.0,,0.0,0.0,,,,,,,,,,,,,,,,,0.0,0.0,,0.0,,False,,,,,,,,94.0,,3.367295829986474
UCDV1_00405,Luo et al. (2025) open GitHub UCS benchmark,10.1007/s42452-025-07766-9,geopolymer_ash_cementitious,UCS,2800.0,,,28.0,,,,,,,,36.0,,19.0,,,1.9,7.0,,94.0,,0.0,0.0,,,,,,,,,,,,,,,,,0.0,0.0,,0.0,,False,,,,,,,,94.0,,3.367295829986474
UCDV1_00406,Luo et al. (2025) open GitHub UCS benchmark,10.1007/s42452-025-07766-9,geopolymer_ash_cementitious,UCS,2900.0,,,28.0,,,,,,,,36.0,,19.0,,,2.15,7.0,,94.0,,0.0,0.0,,,,,,,,,,,,,,,,,0.0,0.0,,0.0,,False,,,,,,,,94.0,,3.367295829986474
UCDV1_00407,Luo et al. (2025) open GitHub UCS benchmark,10.1007/s42452-025-07766-9,geopolymer_ash_cementitious,UCS,2020.0,,,28.0,,,,,,,,36.4,,17.4,,,1.92,9.4,,94.0,,0.0,0.0,,,,,,,,,,,,,,,,,0.0,0.0,,0.0,,False,,,,,,,,94.0,,3.367295829986474
UCDV1_00408,Luo et al. (2025) open GitHub UCS benchmark,10.1007/s42452-025-07766-9,geopolymer_ash_cementitious,UCS,2000.0,,,28.0,,,,,,,,38.0,,15.0,,,1.93,7.9,,94.0,,0.0,0.0,,,,,,,,,,,,,,,,,0.0,0.0,,0.0,,False,,,,,,,,94.0,,3.367295829986474
UCDV1_00409,Luo et al. (2025) open GitHub UCS benchmark,10.1007/s42452-025-07766-9,geopolymer_ash_cementitious,UCS,1880.0,,,28.0,,,,,,,,38.0,,21.0,,,1.82,10.5,,94.0,,0.0,0.0,,,,,,,,,,,,,,,,,0.0,0.0,,0.0,,False,,,,,,,,94.0,,3.367295829986474
UCDV1_00410,Luo et al. (2025) open GitHub UCS benchmark,10.1007/s42452-025-07766-9,geopolymer_ash_cementitious,UCS,3000.0,,,28.0,,,,,,,,39.0,,14.0,,,1.86,12.0,,94.0,,0.0,0.0,,,,,,,,,,,,,,,,,0.0,0.0,,0.0,,False,,,,,,,,94.0,,3.367295829986474
UCDV1_00411,Luo et al. (2025) open GitHub UCS benchmark,10.1007/s42452-025-07766-9,geopolymer_ash_cementitious,UCS,1610.0,,,28.0,,,,,,,,40.0,,20.0,,,1.98,7.1,,94.0,,0.0,0.0,,,,,,,,,,,,,,,,,0.0,0.0,,0.0,,False,,,,,,,,94.0,,3.367295829986474
UCDV1_00412,Luo et al. (2025) open GitHub UCS benchmark,10.1007/s42452-025-07766-9,geopolymer_ash_cementitious,UCS,3980.0,,,28.0,,,,,,,,40.0,,25.0,,,1.97,9.2,,94.0,,0.0,0.0,,,,,,,,,,,,,,,,,0.0,0.0,,0.0,,False,,,,,,,,94.0,,3.367295829986474
UCDV1_00413,Luo et al. (2025) open GitHub UCS benchmark,10.1007/s42452-025-07766-9,geopolymer_ash_cementitious,UCS,1690.0,,,28.0,,,,,,,,41.0,,20.0,,,1.7,19.0,,94.0,,0.0,0.0,,,,,,,,,,,,,,,,,0.0,0.0,,0.0,,False,,,,,,,,94.0,,3.367295829986474
UCDV1_00414,Luo et al. (2025) open GitHub UCS benchmark,10.1007/s42452-025-07766-9,geopolymer_ash_cementitious,UCS,2300.0,,,28.0,,,,,,,,42.0,,19.0,,,1.44,9.3,,94.0,,0.0,0.0,,,,,,,,,,,,,,,,,0.0,0.0,,0.0,,False,,,,,,,,94.0,,3.367295829986474
UCDV1_00415,Luo et al. (2025) open GitHub UCS benchmark,10.1007/s42452-025-07766-9,geopolymer_ash_cementitious,UCS,2790.0,,,28.0,,,,,,,,42.0,,22.0,,,1.86,9.7,,94.0,,0.0,0.0,,,,,,,,,,,,,,,,,0.0,0.0,,0.0,,False,,,,,,,,94.0,,3.367295829986474
UCDV1_00416,Luo et al. (2025) open GitHub UCS benchmark,10.1007/s42452-025-07766-9,geopolymer_ash_cementitious,UCS,1820.0,,,28.0,,,,,,,,43.3,,28.3,,,1.76,16.5,,94.0,,0.0,0.0,,,,,,,,,,,,,,,,,0.0,0.0,,0.0,,False,,,,,,,,94.0,,3.367295829986474
UCDV1_00417,Luo et al. (2025) open GitHub UCS benchmark,10.1007/s42452-025-07766-9,geopolymer_ash_cementitious,UCS,3200.0,,,28.0,,,,,,,,44.0,,22.0,,,2.01,8.7,,94.0,,0.0,0.0,,,,,,,,,,,,,,,,,0.0,0.0,,0.0,,False,,,,,,,,94.0,,3.367295829986474
UCDV1_00418,Luo et al. (2025) open GitHub UCS benchmark,10.1007/s42452-025-07766-9,geopolymer_ash_cementitious,UCS,1980.0,,,28.0,,,,,,,,45.0,,33.0,,,1.76,14.8,,94.0,,0.0,0.0,,,,,,,,,,,,,,,,,0.0,0.0,,0.0,,False,,,,,,,,94.0,,3.367295829986474
UCDV1_00419,Luo et al. (2025) open GitHub UCS benchmark,10.1007/s42452-025-07766-9,geopolymer_ash_cementitious,UCS,1800.0,,,28.0,,,,,,,,46.0,,30.0,,,1.52,14.8,,94.0,,0.0,0.0,,,,,,,,,,,,,,,,,0.0,0.0,,0.0,,False,,,,,,,,94.0,,3.367295829986474
UCDV1_00420,Luo et al. (2025) open GitHub UCS benchmark,10.1007/s42452-025-07766-9,geopolymer_ash_cementitious,UCS,4020.0,,,28.0,,,,,,,,51.0,,26.0,,,2.15,7.9,,94.0,,0.0,0.0,,,,,,,,,,,,,,,,,0.0,0.0,,0.0,,False,,,,,,,,94.0,,3.367295829986474
UCDV1_00421,Luo et al. (2025) open GitHub UCS benchmark,10.1007/s42452-025-07766-9,geopolymer_ash_cementitious,UCS,5400.0,,,28.0,,,,,,,,52.0,,18.0,,,2.01,8.7,,94.0,,0.0,0.0,,,,,,,,,,,,,,,,,0.0,0.0,,0.0,,False,,,,,,,,94.0,,3.367295829986474
UCDV1_00422,Luo et al. (2025) open GitHub UCS benchmark,10.1007/s42452-025-07766-9,geopolymer_ash_cementitious,UCS,1200.0,,,28.0,,,,,,,,55.0,,35.0,,,1.52,14.0,,94.0,,0.0,0.0,,,,,,,,,,,,,,,,,0.0,0.0,,0.0,,False,,,,,,,,94.0,,3.367295829986474
UCDV1_00423,Luo et al. (2025) open GitHub UCS benchmark,10.1007/s42452-025-07766-9,geopolymer_ash_cementitious,UCS,1570.0,,,28.0,,,,,,,,55.0,,32.0,,,1.55,15.5,,94.0,,0.0,0.0,,,,,,,,,,,,,,,,,0.0,0.0,,0.0,,False,,,,,,,,94.0,,3.367295829986474
UCDV1_00424,Luo et al. (2025) open GitHub UCS benchmark,10.1007/s42452-025-07766-9,geopolymer_ash_cementitious,UCS,3300.0,,,28.0,,,,,,,,55.0,,25.0,,,1.87,16.0,,94.0,,0.0,0.0,,,,,,,,,,,,,,,,,0.0,0.0,,0.0,,False,,,,,,,,94.0,,3.367295829986474
UCDV1_00425,Luo et al. (2025) open GitHub UCS benchmark,10.1007/s42452-025-07766-9,geopolymer_ash_cementitious,UCS,3400.0,,,28.0,,,,,,,,57.0,,21.0,,,2.1,9.0,,94.0,,0.0,0.0,,,,,,,,,,,,,,,,,0.0,0.0,,0.0,,False,,,,,,,,94.0,,3.367295829986474
UCDV1_00426,Luo et al. (2025) open GitHub UCS benchmark,10.1007/s42452-025-07766-9,geopolymer_ash_cementitious,UCS,1900.0,,,28.0,,,,,,,,73.0,,48.0,,,1.59,16.0,,94.0,,0.0,0.0,,,,,,,,,,,,,,,,,0.0,0.0,,0.0,,False,,,,,,,,94.0,,3.367295829986474
UCDV1_00427,Luo et al. (2025) open GitHub UCS benchmark,10.1007/s42452-025-07766-9,geopolymer_ash_cementitious,UCS,1025.0,,,28.0,,,,,,,,42.25,,22.95,,,1.72,14.5,,100.0,,0.0,0.0,,,,,,,,,,,,,,,,,0.0,0.0,,0.0,,False,,,,,,,,100.0,,3.367295829986474
UCDV1_00428,Luo et al. (2025) open GitHub UCS benchmark,10.1007/s42452-025-07766-9,geopolymer_ash_cementitious,UCS,193.05,,,28.0,,,,,,,,39.0,,21.0,,,1.772,16.5,,100.0,,0.0,0.0,,,,,,,,,,,,,,,,,0.0,0.0,,0.0,,False,,,,,,,,100.0,,3.367295829986474
UCDV1_00429,Luo et al. (2025) open GitHub UCS benchmark,10.1007/s42452-025-07766-9,geopolymer_ash_cementitious,UCS,59.5,,,28.0,,,,,,,,116.0,,88.46,,,1.43853211009174,23.89,,85.3640340143651,,0.0,13.7806173241368,,,,,,,,,,,,,,,,,0.855348661498143,0.0,,0.0,,False,,,,,,,,99.1446513385019,,3.367295829986474
UCDV1_00430,Luo et al. (2025) open GitHub UCS benchmark,10.1007/s42452-025-07766-9,geopolymer_ash_cementitious,UCS,61.6,,,28.0,,,,,,,,116.0,,88.46,,,1.43853211009174,23.89,,87.93815366616,,0.0,11.3569332364078,,,,,,,,,,,,,,,,,0.704913097432207,0.0,,0.0,,False,,,,,,,,99.2950869025678,,3.367295829986474
UCDV1_00431,Luo et al. (2025) open GitHub UCS benchmark,10.1007/s42452-025-07766-9,geopolymer_ash_cementitious,UCS,55.1,,,28.0,,,,,,,,116.0,,88.46,,,1.43853211009174,23.89,,90.6723433465997,,0.0,8.78253386196784,,,,,,,,,,,,,,,,,0.545122791432487,0.0,,0.0,,False,,,,,,,,99.45487720856754,,3.367295829986474
UCDV1_00432,Luo et al. (2025) open GitHub UCS benchmark,10.1007/s42452-025-07766-9,geopolymer_ash_cementitious,UCS,49.4,,,28.0,,,,,,,,116.0,,88.46,,,1.43853211009174,23.89,,93.5820129662092,,0.0,6.04290986947836,,,,,,,,,,,,,,,,,0.37507716431245,0.0,,0.0,,False,,,,,,,,99.62492283568757,,3.367295829986474
UCDV1_00433,Luo et al. (2025) open GitHub UCS benchmark,10.1007/s42452-025-07766-9,geopolymer_ash_cementitious,UCS,48.4,,,28.0,,,,,,,,116.0,,88.46,,,1.43853211009174,23.89,,96.6846160263293,,0.0,3.1216277674172,,,,,,,,,,,,,,,,,0.193756206253482,0.0,,0.0,,False,,,,,,,,99.80624379374649,,3.367295829986474
UCDV1_00434,Luo et al. (2025) open GitHub UCS benchmark,10.1007/s42452-025-07766-9,geopolymer_ash_cementitious,UCS,178.4,,,28.0,,,,,,,,116.0,,88.46,,,1.43853211009174,23.89,,84.8144437045289,,0.0,13.6918950205067,,,,,,,,,,,,,,,,,1.49366127496437,0.0,,0.0,,False,,,,,,,,98.50633872503559,,3.367295829986474
UCDV1_00435,Luo et al. (2025) open GitHub UCS benchmark,10.1007/s42452-025-07766-9,geopolymer_ash_cementitious,UCS,104.4,,,28.0,,,,,,,,116.0,,88.46,,,1.43853211009174,23.89,,87.4710363994634,,0.0,11.296606525074,,,,,,,,,,,,,,,,,1.23235707546262,0.0,,0.0,,False,,,,,,,,98.7676429245374,,3.367295829986474
UCDV1_00436,Luo et al. (2025) open GitHub UCS benchmark,10.1007/s42452-025-07766-9,geopolymer_ash_cementitious,UCS,54.2,,,28.0,,,,,,,,116.0,,88.46,,,1.43853211009174,23.89,,90.2994321457205,,0.0,8.74641363910442,,,,,,,,,,,,,,,,,0.954154215175028,0.0,,0.0,,False,,,,,,,,99.04584578482492,,3.367295829986474
UCDV1_00437,Luo et al. (2025) open GitHub UCS benchmark,10.1007/s42452-025-07766-9,geopolymer_ash_cementitious,UCS,63.8,,,28.0,,,,,,,,116.0,,88.46,,,1.43853211009174,23.89,,93.3168537171577,,0.0,6.02578763207089,,,,,,,,,,,,,,,,,0.657358650771369,0.0,,0.0,,False,,,,,,,,99.34264134922859,,3.367295829986474
UCDV1_00438,Luo et al. (2025) open GitHub UCS benchmark,10.1007/s42452-025-07766-9,geopolymer_ash_cementitious,UCS,55.3,,,28.0,,,,,,,,116.0,,88.46,,,1.43853211009174,23.89,,96.5429055178912,,0.0,3.1170524019014,,,,,,,,,,,,,,,,,0.340042080207426,0.0,,0.0,,False,,,,,,,,99.6599579197926,,3.367295829986474
UCDV1_00439,Luo et al. (2025) open GitHub UCS benchmark,10.1007/s42452-025-07766-9,geopolymer_ash_cementitious,UCS,1836.0,,,28.0,,,,,,,,116.0,,88.46,,,1.43853211009174,23.89,,84.3886058914603,,0.0,13.6231505192445,,,,,,,,,,,,,,,,,1.98824358929515,0.0,,0.0,,False,,,,,,,,98.0117564107048,,3.367295829986474
UCDV1_00440,Luo et al. (2025) open GitHub UCS benchmark,10.1007/s42452-025-07766-9,geopolymer_ash_cementitious,UCS,1519.8,,,28.0,,,,,,,,116.0,,88.46,,,1.43853211009174,23.89,,87.1083721469387,,0.0,11.2497695887563,,,,,,,,,,,,,,,,,1.64185826430498,0.0,,0.0,,False,,,,,,,,98.358141735695,,3.367295829986474
UCDV1_00441,Luo et al. (2025) open GitHub UCS benchmark,10.1007/s42452-025-07766-9,geopolymer_ash_cementitious,UCS,442.0,,,28.0,,,,,,,,116.0,,88.46,,,1.43853211009174,23.89,,90.0092877493996,,0.0,8.71831021868428,,,,,,,,,,,,,,,,,1.27240203191608,0.0,,0.0,,False,,,,,,,,98.72759796808388,,3.367295829986474
UCDV1_00442,Luo et al. (2025) open GitHub UCS benchmark,10.1007/s42452-025-07766-9,geopolymer_ash_cementitious,UCS,73.80000000000001,,,28.0,,,,,,,,116.0,,88.46,,,1.43853211009174,23.89,,93.1100742820117,,0.0,6.01243517843323,,,,,,,,,,,,,,,,,0.87749053955512,0.0,,0.0,,False,,,,,,,,99.12250946044493,,3.367295829986474
UCDV1_00443,Luo et al. (2025) open GitHub UCS benchmark,10.1007/s42452-025-07766-9,geopolymer_ash_cementitious,UCS,55.7,,,28.0,,,,,,,,116.0,,88.46,,,1.43853211009174,23.89,,96.4321251785515,,0.0,3.11347566966023,,,,,,,,,,,,,,,,,0.45439915178825,0.0,,0.0,,False,,,,,,,,99.54560084821173,,3.367295829986474
UCDV1_00444,Luo et al. (2025) open GitHub UCS benchmark,10.1007/s42452-025-07766-9,geopolymer_ash_cementitious,UCS,3833.5,,,28.0,,,,,,,,116.0,,88.46,,,1.43853211009174,23.89,,83.6494261788015,,0.0,13.5038221291148,,,,,,,,,,,,,,,,,2.84675169208366,0.0,,0.0,,False,,,,,,,,97.1532483079163,,3.367295829986474
UCDV1_00445,Luo et al. (2025) open GitHub UCS benchmark,10.1007/s42452-025-07766-9,geopolymer_ash_cementitious,UCS,2529.3,,,28.0,,,,,,,,116.0,,88.46,,,1.43853211009174,23.89,,86.4773342539612,,0.0,11.1682730491838,,,,,,,,,,,,,,,,,2.35439269685496,0.0,,0.0,,False,,,,,,,,97.645607303145,,3.367295829986474
UCDV1_00446,Luo et al. (2025) open GitHub UCS benchmark,10.1007/s42452-025-07766-9,geopolymer_ash_cementitious,UCS,1513.8,,,28.0,,,,,,,,116.0,,88.46,,,1.43853211009174,23.89,,89.503136757961,,0.0,8.66928437400543,,,,,,,,,,,,,,,,,1.82757886803358,0.0,,0.0,,False,,,,,,,,98.17242113196643,,3.367295829986474
UCDV1_00447,Luo et al. (2025) open GitHub UCS benchmark,10.1007/s42452-025-07766-9,geopolymer_ash_cementitious,UCS,484.1,,,28.0,,,,,,,,116.0,,88.46,,,1.43853211009174,23.89,,92.7483595793887,,0.0,5.98907802595132,,,,,,,,,,,,,,,,,1.26256239466001,0.0,,0.0,,False,,,,,,,,98.73743760534002,,3.367295829986474
UCDV1_00448,Luo et al. (2025) open GitHub UCS benchmark,10.1007/s42452-025-07766-9,geopolymer_ash_cementitious,UCS,4093.2,,,28.0,,,,,,,,116.0,,88.46,,,1.43853211009174,23.89,,82.9230833241376,,0.0,13.386566038282,,,,,,,,,,,,,,,,,3.69035063758043,0.0,,0.0,,False,,,,,,,,96.30964936241959,,3.367295829986474
UCDV1_00449,Luo et al. (2025) open GitHub UCS benchmark,10.1007/s42452-025-07766-9,geopolymer_ash_cementitious,UCS,3004.7000000000003,,,28.0,,,,,,,,116.0,,88.46,,,1.43853211009174,23.89,,85.8553734409913,,0.0,11.0879487856636,,,,,,,,,,,,,,,,,3.0566777733451,0.0,,0.0,,False,,,,,,,,96.9433222266549,,3.367295829986474
UCDV1_00450,Luo et al. (2025) open GitHub UCS benchmark,10.1007/s42452-025-07766-9,geopolymer_ash_cementitious,UCS,1270.1,,,28.0,,,,,,,,116.0,,88.46,,,1.43853211009174,23.89,,89.0026464323645,,0.0,8.62080682208713,,,,,,,,,,,,,,,,,2.37654674554834,0.0,,0.0,,False,,,,,,,,97.62345325445163,,3.367295829986474
UCDV1_00451,Luo et al. (2025) open GitHub UCS benchmark,10.1007/s42452-025-07766-9,geopolymer_ash_cementitious,UCS,549.5,,,28.0,,,,,,,,116.0,,88.46,,,1.43853211009174,23.89,,92.389444385099,,0.0,5.96590164727413,,,,,,,,,,,,,,,,,1.64465396762692,0.0,,0.0,,False,,,,,,,,98.35534603237312,,3.367295829986474
UCDV1_00452,Luo et al. (2025) open GitHub UCS benchmark,10.1007/s42452-025-07766-9,geopolymer_ash_cementitious,UCS,363.3,,,28.0,,,,,,,,116.0,,88.46,,,1.43853211009174,23.89,,96.0441927366518,,0.0,3.1009506089806,,,,,,,,,,,,,,,,,0.854856654367626,0.0,,0.0,,False,,,,,,,,99.14514334563239,,3.367295829986474
UCDV1_00453,Luo et al. (2025) open GitHub UCS benchmark,10.1007/s42452-025-07766-9,geopolymer_ash_cementitious,UCS,3782.9,,,28.0,,,,,,,,116.0,,88.46,,,1.43853211009174,23.89,,84.1272535904662,,0.0,13.5809594947883,,,,,,,,,,,,,,,,,2.29178691474553,0.0,,0.0,,False,,,,,,,,97.7082130852545,,3.367295829986474
UCDV1_00454,Luo et al. (2025) open GitHub UCS benchmark,10.1007/s42452-025-07766-9,geopolymer_ash_cementitious,UCS,2402.4,,,28.0,,,,,,,,116.0,,88.46,,,1.43853211009174,23.89,,86.8854758398204,,0.0,11.2209832386563,,,,,,,,,,,,,,,,,1.89354092152325,0.0,,0.0,,False,,,,,,,,98.1064590784767,,3.367295829986474
UCDV1_00455,Luo et al. (2025) open GitHub UCS benchmark,10.1007/s42452-025-07766-9,geopolymer_ash_cementitious,UCS,1239.6,,,28.0,,,,,,,,116.0,,88.46,,,1.43853211009174,23.89,,89.8306928180401,,0.0,8.70101149258601,,,,,,,,,,,,,,,,,1.46829568937389,0.0,,0.0,,False,,,,,,,,98.53170431062611,,3.367295829986474
UCDV1_00456,Luo et al. (2025) open GitHub UCS benchmark,10.1007/s42452-025-07766-9,geopolymer_ash_cementitious,UCS,201.7,,,28.0,,,,,,,,116.0,,88.46,,,1.43853211009174,23.89,,92.982587811468,,0.0,6.00420294205944,,,,,,,,,,,,,,,,,1.01320924647253,0.0,,0.0,,False,,,,,,,,98.98679075352743,,3.367295829986474
UCDV1_00457,Luo et al. (2025) open GitHub UCS benchmark,10.1007/s42452-025-07766-9,geopolymer_ash_cementitious,UCS,64.0,,,28.0,,,,,,,,116.0,,88.46,,,1.43853211009174,23.89,,96.3637070742426,,0.0,3.11126667444483,,,,,,,,,,,,,,,,,0.525026251312566,0.0,,0.0,,False,,,,,,,,99.47497374868743,,3.367295829986474
UCDV1_00458,Luo et al. (2025) open GitHub UCS benchmark,10.1007/s42452-025-07766-9,geopolymer_ash_cementitious,UCS,4747.8,,,28.0,,,,,,,,116.0,,88.46,,,1.43853211009174,23.89,,83.2789970759251,,0.0,13.4440224515175,,,,,,,,,,,,,,,,,3.27698047255739,0.0,,0.0,,False,,,,,,,,96.7230195274426,,3.367295829986474
UCDV1_00459,Luo et al. (2025) open GitHub UCS benchmark,10.1007/s42452-025-07766-9,geopolymer_ash_cementitious,UCS,3146.7000000000003,,,28.0,,,,,,,,116.0,,88.46,,,1.43853211009174,23.89,,86.160372765839,,0.0,11.1273384797274,,,,,,,,,,,,,,,,,2.71228875443355,0.0,,0.0,,False,,,,,,,,97.2877112455664,,3.367295829986474
UCDV1_00460,Luo et al. (2025) open GitHub UCS benchmark,10.1007/s42452-025-07766-9,geopolymer_ash_cementitious,UCS,1660.6,,,28.0,,,,,,,,116.0,,88.46,,,1.43853211009174,23.89,,89.2482800850052,,0.0,8.64459892662897,,,,,,,,,,,,,,,,,2.10712098836581,0.0,,0.0,,False,,,,,,,,97.89287901163418,,3.367295829986474
UCDV1_00461,Luo et al. (2025) open GitHub UCS benchmark,10.1007/s42452-025-07766-9,geopolymer_ash_cementitious,UCS,545.2,,,28.0,,,,,,,,116.0,,88.46,,,1.43853211009174,23.89,,92.5657501494321,,0.0,5.97728631201435,,,,,,,,,,,,,,,,,1.4569635385535,0.0,,0.0,,False,,,,,,,,98.54303646144646,,3.367295829986474
UCDV1_00462,Luo et al. (2025) open GitHub UCS benchmark,10.1007/s42452-025-07766-9,geopolymer_ash_cementitious,UCS,51.3,,,28.0,,,,,,,,116.0,,88.46,,,1.55840978593272,19.26,,95.9954924135711,,0.0,3.21970459210367,,,,,,,,,,,,,,,,,0.784802994325271,0.0,,0.0,,False,,,,,,,,99.21519700567477,,3.367295829986474
UCDV1_00463,Luo et al. (2025) open GitHub UCS benchmark,10.1007/s42452-025-07766-9,geopolymer_ash_cementitious,UCS,3137.6,,,28.0,,,,,,,,116.0,,88.46,,,1.55840978593272,19.26,,81.8896556459642,,0.0,13.7329625433447,,,,,,,,,,,,,,,,,4.37738181069111,0.0,,0.0,,False,,,,,,,,95.6226181893089,,3.367295829986474
UCDV1_00464,Luo et al. (2025) open GitHub UCS benchmark,10.1007/s42452-025-07766-9,geopolymer_ash_cementitious,UCS,2613.1000000000004,,,28.0,,,,,,,,116.0,,88.46,,,1.55840978593272,19.26,,84.9672271302365,,0.0,11.3992590481619,,,,,,,,,,,,,,,,,3.6335138216016,0.0,,0.0,,False,,,,,,,,96.36648617839839,,3.367295829986474
UCDV1_00465,Luo et al. (2025) open GitHub UCS benchmark,10.1007/s42452-025-07766-9,geopolymer_ash_cementitious,UCS,1425.9,,,28.0,,,,,,,,116.0,,88.46,,,1.55840978593272,19.26,,88.2851537920568,,0.0,8.88329570270571,,,,,,,,,,,,,,,,,2.83155050523744,0.0,,0.0,,False,,,,,,,,97.16844949476251,,3.367295829986474
UCDV1_00466,Luo et al. (2025) open GitHub UCS benchmark,10.1007/s42452-025-07766-9,geopolymer_ash_cementitious,UCS,635.0,,,28.0,,,,,,,,116.0,,88.46,,,1.55840978593272,19.26,,91.8727370772668,,0.0,6.16285340112472,,,,,,,,,,,,,,,,,1.9644095216085,0.0,,0.0,,False,,,,,,,,98.03559047839153,,3.367295829986474
UCDV1_00467,Luo et al. (2025) open GitHub UCS benchmark,10.1007/s42452-025-07766-9,geopolymer_ash_cementitious,UCS,65.60000000000001,,,28.0,,,,,,,,116.0,,88.46,,,1.55840978593272,19.26,,95.7642429839001,,0.0,3.21194844822741,,,,,,,,,,,,,,,,,1.02380856787249,0.0,,0.0,,False,,,,,,,,98.97619143212751,,3.367295829986474
UCDV1_00468,Luo et al. (2025) open GitHub UCS benchmark,10.1007/s42452-025-07766-9,geopolymer_ash_cementitious,UCS,57.5,,,28.0,,,,,,,,82.0,,56.46,,,1.55840978593272,19.26,,84.8817289804493,,0.0,14.2347357002263,,,,,,,,,,,,,,,,,0.88353531932439,0.0,,0.0,,False,,,,,,,,99.11646468067559,,3.367295829986474
UCDV1_00469,Luo et al. (2025) open GitHub UCS benchmark,10.1007/s42452-025-07766-9,geopolymer_ash_cementitious,UCS,56.8,,,28.0,,,,,,,,82.0,,56.46,,,1.55840978593272,19.26,,87.5282815449949,,0.0,11.7428517920503,,,,,,,,,,,,,,,,,0.728866662954846,0.0,,0.0,,False,,,,,,,,99.2711333370452,,3.367295829986474
UCDV1_00470,Luo et al. (2025) open GitHub UCS benchmark,10.1007/s42452-025-07766-9,geopolymer_ash_cementitious,UCS,61.7,,,28.0,,,,,,,,82.0,,56.46,,,1.55840978593272,19.26,,90.3451806882716,,0.0,9.09057662467935,,,,,,,,,,,,,,,,,0.564242687049063,0.0,,0.0,,False,,,,,,,,99.43575731295095,,3.367295829986474
UCDV1_00471,Luo et al. (2025) open GitHub UCS benchmark,10.1007/s42452-025-07766-9,geopolymer_ash_cementitious,UCS,72.4,,,28.0,,,,,,,,82.0,,56.46,,,1.55840978593272,19.26,,93.3494199636161,,0.0,6.26190977451727,,,,,,,,,,,,,,,,,0.388670261866589,0.0,,0.0,,False,,,,,,,,99.61132973813336,,3.367295829986474
UCDV1_00472,Luo et al. (2025) open GitHub UCS benchmark,10.1007/s42452-025-07766-9,geopolymer_ash_cementitious,UCS,76.1,,,28.0,,,,,,,,82.0,,56.46,,,1.55840978593272,19.26,,96.5603310123013,,0.0,3.23864937153451,,,,,,,,,,,,,,,,,0.201019616164211,0.0,,0.0,,False,,,,,,,,99.79898038383581,,3.367295829986474
UCDV1_00473,Luo et al. (2025) open GitHub UCS benchmark,10.1007/s42452-025-07766-9,geopolymer_ash_cementitious,UCS,2615.3,,,28.0,,,,,,,,82.0,,56.46,,,1.55840978593272,19.26,,84.3173550319438,,0.0,14.1400897252966,,,,,,,,,,,,,,,,,1.54255524275963,0.0,,0.0,,False,,,,,,,,98.45744475724041,,3.367295829986474
UCDV1_00474,Luo et al. (2025) open GitHub UCS benchmark,10.1007/s42452-025-07766-9,geopolymer_ash_cementitious,UCS,722.8,,,28.0,,,,,,,,82.0,,56.46,,,1.55840978593272,19.26,,87.0476291587594,,0.0,11.6783671519382,,,,,,,,,,,,,,,,,1.27400368930235,0.0,,0.0,,False,,,,,,,,98.72599631069761,,3.367295829986474
UCDV1_00475,Luo et al. (2025) open GitHub UCS benchmark,10.1007/s42452-025-07766-9,geopolymer_ash_cementitious,UCS,81.0,,,28.0,,,,,,,,82.0,,56.46,,,1.55840978593272,19.26,,89.9606380206547,,0.0,9.05188375186867,,,,,,,,,,,,,,,,,0.987478227476582,0.0,,0.0,,False,,,,,,,,99.01252177252337,,3.367295829986474
UCDV1_00476,Luo et al. (2025) open GitHub UCS benchmark,10.1007/s42452-025-07766-9,geopolymer_ash_cementitious,UCS,81.5,,,28.0,,,,,,,,82.0,,56.46,,,1.55840978593272,19.26,,93.0753621954507,,0.0,6.24352588934769,,,,,,,,,,,,,,,,,0.681111915201567,0.0,,0.0,,False,,,,,,,,99.31888808479839,,3.367295829986474
UCDV1_00477,Luo et al. (2025) open GitHub UCS benchmark,10.1007/s42452-025-07766-9,geopolymer_ash_cementitious,UCS,61.1,,,28.0,,,,,,,,82.0,,56.46,,,1.55840978593272,19.26,,96.4135052107066,,0.0,3.23372481001867,,,,,,,,,,,,,,,,,0.352769979274764,0.0,,0.0,,False,,,,,,,,99.64723002072527,,3.367295829986474
UCDV1_00478,Luo et al. (2025) open GitHub UCS benchmark,10.1007/s42452-025-07766-9,geopolymer_ash_cementitious,UCS,4715.7,,,28.0,,,,,,,,82.0,,56.46,,,1.55840978593272,19.26,,83.8802270454814,,0.0,14.0667830027639,,,,,,,,,,,,,,,,,2.05298995175474,0.0,,0.0,,False,,,,,,,,97.9470100482453,,3.367295829986474
UCDV1_00479,Luo et al. (2025) open GitHub UCS benchmark,10.1007/s42452-025-07766-9,geopolymer_ash_cementitious,UCS,983.8,,,28.0,,,,,,,,82.0,,56.46,,,1.55840978593272,19.26,,86.6745760181654,,0.0,11.6283180973557,,,,,,,,,,,,,,,,,1.69710588447895,0.0,,0.0,,False,,,,,,,,98.3028941155211,,3.367295829986474
UCDV1_00480,Luo et al. (2025) open GitHub UCS benchmark,10.1007/s42452-025-07766-9,geopolymer_ash_cementitious,UCS,169.9,,,28.0,,,,,,,,82.0,,56.46,,,1.55840978593272,19.26,,89.6615204554783,,0.0,9.02178639498356,,,,,,,,,,,,,,,,,1.31669314953814,0.0,,0.0,,False,,,,,,,,98.68330685046186,,3.367295829986474
UCDV1_00481,Luo et al. (2025) open GitHub UCS benchmark,10.1007/s42452-025-07766-9,geopolymer_ash_cementitious,UCS,92.0,,,28.0,,,,,,,,82.0,,56.46,,,1.55840978593272,19.26,,92.8616824711374,,0.0,6.22919218320559,,,,,,,,,,,,,,,,,0.909125345657033,0.0,,0.0,,False,,,,,,,,99.09087465434298,,3.367295829986474
UCDV1_00482,Luo et al. (2025) open GitHub UCS benchmark,10.1007/s42452-025-07766-9,geopolymer_ash_cementitious,UCS,113.8,,,28.0,,,,,,,,82.0,,56.46,,,1.55840978593272,19.26,,96.2987372932771,,0.0,3.22987547520634,,,,,,,,,,,,,,,,,0.471387231516601,0.0,,0.0,,False,,,,,,,,99.52861276848344,,3.367295829986474
UCDV1_00483,Luo et al. (2025) open GitHub UCS benchmark,10.1007/s42452-025-07766-9,geopolymer_ash_cementitious,UCS,6333.9,,,28.0,,,,,,,,82.0,,56.46,,,1.55840978593272,19.26,,83.1217905971797,,0.0,13.9395925871507,,,,,,,,,,,,,,,,,2.93861681566961,0.0,,0.0,,False,,,,,,,,97.0613831843304,,3.367295829986474
UCDV1_00484,Luo et al. (2025) open GitHub UCS benchmark,10.1007/s42452-025-07766-9,geopolymer_ash_cementitious,UCS,5499.0,,,28.0,,,,,,,,82.0,,56.46,,,1.55840978593272,19.26,,86.0257105091804,,0.0,11.5412658741144,,,,,,,,,,,,,,,,,2.4330236167052,0.0,,0.0,,False,,,,,,,,97.5669763832948,,3.367295829986474
UCDV1_00485,Luo et al. (2025) open GitHub UCS benchmark,10.1007/s42452-025-07766-9,geopolymer_ash_cementitious,UCS,2905.5,,,28.0,,,,,,,,82.0,,56.46,,,1.55840978593272,19.26,,89.1398766115445,,0.0,8.96929833421545,,,,,,,,,,,,,,,,,1.89082505424001,0.0,,0.0,,False,,,,,,,,98.10917494575995,,3.367295829986474
UCDV1_00486,Luo et al. (2025) open GitHub UCS benchmark,10.1007/s42452-025-07766-9,geopolymer_ash_cementitious,UCS,320.79999999999995,,,28.0,,,,,,,,82.0,,56.46,,,1.55840978593272,19.26,,92.4879795096227,,0.0,6.20412406571341,,,,,,,,,,,,,,,,,1.30789642466391,0.0,,0.0,,False,,,,,,,,98.69210357533612,,3.367295829986474
UCDV1_00487,Luo et al. (2025) open GitHub UCS benchmark,10.1007/s42452-025-07766-9,geopolymer_ash_cementitious,UCS,108.3,,,28.0,,,,,,,,82.0,,56.46,,,1.55840978593272,19.26,,96.0974079994425,,0.0,3.2231228576033,,,,,,,,,,,,,,,,,0.67946914295421,0.0,,0.0,,False,,,,,,,,99.3205308570458,,3.367295829986474
UCDV1_00488,Luo et al. (2025) open GitHub UCS benchmark,10.1007/s42452-025-07766-9,geopolymer_ash_cementitious,UCS,6549.2,,,28.0,,,,,,,,82.0,,56.46,,,1.55840978593272,19.26,,82.3769466566604,,0.0,13.814681646262,,,,,,,,,,,,,,,,,3.80837169707763,0.0,,0.0,,False,,,,,,,,96.1916283029224,,3.367295829986474
UCDV1_00489,Luo et al. (2025) open GitHub UCS benchmark,10.1007/s42452-025-07766-9,geopolymer_ash_cementitious,UCS,5612.0,,,28.0,,,,,,,,82.0,,56.46,,,1.55840978593272,19.26,,85.3864879194709,,0.0,11.4555073512622,,,,,,,,,,,,,,,,,3.15800472926689,0.0,,0.0,,False,,,,,,,,96.8419952707331,,3.367295829986474
UCDV1_00490,Luo et al. (2025) open GitHub UCS benchmark,10.1007/s42452-025-07766-9,geopolymer_ash_cementitious,UCS,4519.599999999999,,,28.0,,,,,,,,82.0,,56.46,,,1.55840978593272,19.26,,88.62426742612,,0.0,8.91741748376186,,,,,,,,,,,,,,,,,2.45831509011814,0.0,,0.0,,False,,,,,,,,97.54168490988187,,3.367295829986474
UCDV1_00491,Luo et al. (2025) open GitHub UCS benchmark,10.1007/s42452-025-07766-9,geopolymer_ash_cementitious,UCS,1048.8,,,28.0,,,,,,,,82.0,,56.46,,,1.55840978593272,19.26,,92.1172722755949,,0.0,6.17925690260572,,,,,,,,,,,,,,,,,1.70347082179942,0.0,,0.0,,False,,,,,,,,98.29652917820061,,3.367295829986474
UCDV1_00492,Luo et al. (2025) open GitHub UCS benchmark,10.1007/s42452-025-07766-9,geopolymer_ash_cementitious,UCS,82.60000000000001,,,28.0,,,,,,,,82.0,,56.46,,,1.55840978593272,19.26,,95.896918777247,,0.0,3.2163984161411,,,,,,,,,,,,,,,,,0.886682806611872,0.0,,0.0,,False,,,,,,,,99.1133171933881,,3.367295829986474
UCDV1_00493,Luo et al. (2025) open GitHub UCS benchmark,10.1007/s42452-025-07766-9,geopolymer_ash_cementitious,UCS,6962.4,,,28.0,,,,,,,,82.0,,56.46,,,1.55840978593272,19.26,,83.6120166859466,,0.0,14.0218039050724,,,,,,,,,,,,,,,,,2.36617940898097,0.0,,0.0,,False,,,,,,,,97.633820591019,,3.367295829986474
UCDV1_00494,Luo et al. (2025) open GitHub UCS benchmark,10.1007/s42452-025-07766-9,geopolymer_ash_cementitious,UCS,4417.099999999999,,,28.0,,,,,,,,82.0,,56.46,,,1.55840978593272,19.26,,86.4453464772398,,0.0,11.5975645114526,,,,,,,,,,,,,,,,,1.95708901130763,0.0,,0.0,,False,,,,,,,,98.0429109886924,,3.367295829986474
UCDV1_00495,Luo et al. (2025) open GitHub UCS benchmark,10.1007/s42452-025-07766-9,geopolymer_ash_cementitious,UCS,1049.7,,,28.0,,,,,,,,82.0,,56.46,,,1.55840978593272,19.26,,89.4774355703943,,0.0,9.00326368308512,,,,,,,,,,,,,,,,,1.51930074652061,0.0,,0.0,,False,,,,,,,,98.48069925347943,,3.367295829986474
UCDV1_00496,Luo et al. (2025) open GitHub UCS benchmark,10.1007/s42452-025-07766-9,geopolymer_ash_cementitious,UCS,108.1,,,28.0,,,,,,,,82.0,,56.46,,,1.55840978593272,19.26,,92.7299587901407,,0.0,6.22035611538761,,,,,,,,,,,,,,,,,1.04968509447166,0.0,,0.0,,False,,,,,,,,98.95031490552832,,3.367295829986474
UCDV1_00497,Luo et al. (2025) open GitHub UCS benchmark,10.1007/s42452-025-07766-9,geopolymer_ash_cementitious,UCS,96.9,,,28.0,,,,,,,,82.0,,56.46,,,1.55840978593272,19.26,,96.2278613789486,,0.0,3.22749828539154,,,,,,,,,,,,,,,,,0.544640335659822,0.0,,0.0,,False,,,,,,,,99.45535966434014,,3.367295829986474
UCDV1_00498,Luo et al. (2025) open GitHub UCS benchmark,10.1007/s42452-025-07766-9,geopolymer_ash_cementitious,UCS,7857.3,,,28.0,,,,,,,,82.0,,56.46,,,1.55840978593272,19.26,,82.741873937628,,0.0,13.8758802511534,,,,,,,,,,,,,,,,,3.38224581121865,0.0,,0.0,,False,,,,,,,,96.6177541887814,,3.367295829986474
UCDV1_00499,Luo et al. (2025) open GitHub UCS benchmark,10.1007/s42452-025-07766-9,geopolymer_ash_cementitious,UCS,6059.3,,,28.0,,,,,,,,82.0,,56.46,,,1.55840978593272,19.26,,85.6999137683243,,0.0,11.4975567691865,,,,,,,,,,,,,,,,,2.80252946248922,0.0,,0.0,,False,,,,,,,,97.1974705375108,,3.367295829986474
UCDV1_00500,Luo et al. (2025) open GitHub UCS benchmark,10.1007/s42452-025-07766-9,geopolymer_ash_cementitious,UCS,3516.2,,,28.0,,,,,,,,82.0,,56.46,,,1.55840978593272,19.26,,88.8772962700749,,0.0,8.94287737079405,,,,,,,,,,,,,,,,,2.17982635913105,0.0,,0.0,,False,,,,,,,,97.82017364086894,,3.367295829986474
UCDV1_00501,Luo et al. (2025) open GitHub UCS benchmark,10.1007/s42452-025-07766-9,geopolymer_ash_cementitious,UCS,379.9,,,28.0,,,,,,,,82.0,,56.46,,,1.55840978593272,19.26,,92.299357634858,,0.0,6.19147124835539,,,,,,,,,,,,,,,,,1.50917111678663,0.0,,0.0,,False,,,,,,,,98.49082888321338,,3.367295829986474
UCDV1_00502,Luo et al. (2025) open GitHub UCS benchmark,10.1007/s42452-025-07766-9,geopolymer_ash_cementitious,UCS,119.4,,,28.0,,,,,,,,82.0,,56.46,,,1.55840978593272,19.26,,95.9954924135711,,0.0,3.21970459210367,,,,,,,,,,,,,,,,,0.784802994325271,0.0,,0.0,,False,,,,,,,,99.21519700567477,,3.367295829986474
UCDV1_00503,Luo et al. (2025) open GitHub UCS benchmark,10.1007/s42452-025-07766-9,geopolymer_ash_cementitious,UCS,6912.7,,,28.0,,,,,,,,82.0,,56.46,,,1.55840978593272,19.26,,81.8896556459642,,0.0,13.7329625433447,,,,,,,,,,,,,,,,,4.37738181069111,0.0,,0.0,,False,,,,,,,,95.6226181893089,,3.367295829986474
UCDV1_00504,Luo et al. (2025) open GitHub UCS benchmark,10.1007/s42452-025-07766-9,geopolymer_ash_cementitious,UCS,5779.099999999999,,,28.0,,,,,,,,82.0,,56.46,,,1.55840978593272,19.26,,84.9672271302365,,0.0,11.3992590481619,,,,,,,,,,,,,,,,,3.6335138216016,0.0,,0.0,,False,,,,,,,,96.36648617839839,,3.367295829986474
UCDV1_00505,Luo et al. (2025) open GitHub UCS benchmark,10.1007/s42452-025-07766-9,geopolymer_ash_cementitious,UCS,4361.1,,,28.0,,,,,,,,82.0,,56.46,,,1.55840978593272,19.26,,88.2851537920568,,0.0,8.88329570270571,,,,,,,,,,,,,,,,,2.83155050523744,0.0,,0.0,,False,,,,,,,,97.16844949476251,,3.367295829986474
UCDV1_00506,Luo et al. (2025) open GitHub UCS benchmark,10.1007/s42452-025-07766-9,geopolymer_ash_cementitious,UCS,1989.1,,,28.0,,,,,,,,82.0,,56.46,,,1.55840978593272,19.26,,91.8727370772668,,0.0,6.16285340112472,,,,,,,,,,,,,,,,,1.9644095216085,0.0,,0.0,,False,,,,,,,,98.03559047839153,,3.367295829986474
UCDV1_00507,Luo et al. (2025) open GitHub UCS benchmark,10.1007/s42452-025-07766-9,geopolymer_ash_cementitious,UCS,78.60000000000001,,,28.0,,,,,,,,82.0,,56.46,,,1.55840978593272,19.26,,95.7642429839001,,0.0,3.21194844822741,,,,,,,,,,,,,,,,,1.02380856787249,0.0,,0.0,,False,,,,,,,,98.97619143212751,,3.367295829986474
UCDV1_00508,Luo et al. (2025) open GitHub UCS benchmark,10.1007/s42452-025-07766-9,geopolymer_ash_cementitious,UCS,72.4,,,28.0,,,,,,,,38.0,,14.07,,,1.68827726809378,19.05,,84.8590986739421,,0.0,14.2560434563532,,,,,,,,,,,,,,,,,0.884857869704679,0.0,,0.0,,False,,,,,,,,99.1151421302953,,3.367295829986474
UCDV1_00509,Luo et al. (2025) open GitHub UCS benchmark,10.1007/s42452-025-07766-9,geopolymer_ash_cementitious,UCS,77.8,,,28.0,,,,,,,,38.0,,14.07,,,1.68827726809378,19.05,,87.5090298460174,,0.0,11.7609783917369,,,,,,,,,,,,,,,,,0.729991762245738,0.0,,0.0,,False,,,,,,,,99.2700082377543,,3.367295829986474
UCDV1_00510,Luo et al. (2025) open GitHub UCS benchmark,10.1007/s42452-025-07766-9,geopolymer_ash_cementitious,UCS,71.3,,,28.0,,,,,,,,38.0,,14.07,,,1.68827726809378,19.05,,90.3297968367761,,0.0,9.10506141991863,,,,,,,,,,,,,,,,,0.565141743305294,0.0,,0.0,,False,,,,,,,,99.43485825669472,,3.367295829986474
UCDV1_00511,Luo et al. (2025) open GitHub UCS benchmark,10.1007/s42452-025-07766-9,geopolymer_ash_cementitious,UCS,44.5,,,28.0,,,,,,,,38.0,,14.07,,,1.68827726809378,19.05,,93.3384700650202,,0.0,6.27221974397448,,,,,,,,,,,,,,,,,0.389310191005312,0.0,,0.0,,False,,,,,,,,99.61068980899468,,3.367295829986474
UCDV1_00512,Luo et al. (2025) open GitHub UCS benchmark,10.1007/s42452-025-07766-9,geopolymer_ash_cementitious,UCS,30.1,,,28.0,,,,,,,,38.0,,14.07,,,1.68827726809378,19.05,,96.554472613371,,0.0,3.24416539650134,,,,,,,,,,,,,,,,,0.201361990127669,0.0,,0.0,,False,,,,,,,,99.79863800987235,,3.367295829986474
UCDV1_00513,Luo et al. (2025) open GitHub UCS benchmark,10.1007/s42452-025-07766-9,geopolymer_ash_cementitious,UCS,201.7,,,28.0,,,,,,,,38.0,,14.07,,,1.68827726809378,19.05,,84.2940362395803,,0.0,14.1611148659522,,,,,,,,,,,,,,,,,1.54484889446751,0.0,,0.0,,False,,,,,,,,98.4551511055325,,3.367295829986474
UCDV1_00514,Luo et al. (2025) open GitHub UCS benchmark,10.1007/s42452-025-07766-9,geopolymer_ash_cementitious,UCS,168.7,,,28.0,,,,,,,,38.0,,14.07,,,1.68827726809378,19.05,,87.0277454726699,,0.0,11.6962950656255,,,,,,,,,,,,,,,,,1.2759594617046,0.0,,0.0,,False,,,,,,,,98.72404053829541,,3.367295829986474
UCDV1_00515,Luo et al. (2025) open GitHub UCS benchmark,10.1007/s42452-025-07766-9,geopolymer_ash_cementitious,UCS,108.9,,,28.0,,,,,,,,38.0,,14.07,,,1.68827726809378,19.05,,89.9447096397541,,0.0,9.06624540677908,,,,,,,,,,,,,,,,,0.989044953466809,0.0,,0.0,,False,,,,,,,,99.01095504653317,,3.367295829986474
UCDV1_00516,Luo et al. (2025) open GitHub UCS benchmark,10.1007/s42452-025-07766-9,geopolymer_ash_cementitious,UCS,86.9,,,28.0,,,,,,,,38.0,,14.07,,,1.68827726809378,19.05,,93.0639945990122,,0.0,6.25377536154639,,,,,,,,,,,,,,,,,0.682230039441424,0.0,,0.0,,False,,,,,,,,99.31776996055859,,3.367295829986474
UCDV1_00517,Luo et al. (2025) open GitHub UCS benchmark,10.1007/s42452-025-07766-9,geopolymer_ash_cementitious,UCS,98.5,,,28.0,,,,,,,,38.0,,14.07,,,1.68827726809378,19.05,,96.4074060440976,,0.0,3.23922405860051,,,,,,,,,,,,,,,,,0.353369897301874,0.0,,0.0,,False,,,,,,,,99.64663010269811,,3.367295829986474
UCDV1_00518,Luo et al. (2025) open GitHub UCS benchmark,10.1007/s42452-025-07766-9,geopolymer_ash_cementitious,UCS,10089.0,,,28.0,,,,,,,,38.0,,14.07,,,1.68827726809378,19.05,,83.856382725568,,0.0,14.0875905460845,,,,,,,,,,,,,,,,,2.05602672834747,0.0,,0.0,,False,,,,,,,,97.9439732716525,,3.367295829986474
UCDV1_00519,Luo et al. (2025) open GitHub UCS benchmark,10.1007/s42452-025-07766-9,geopolymer_ash_cementitious,UCS,5803.7,,,28.0,,,,,,,,38.0,,14.07,,,1.68827726809378,19.05,,86.6542074460237,,0.0,11.6460925588944,,,,,,,,,,,,,,,,,1.69969999508189,0.0,,0.0,,False,,,,,,,,98.3003000049181,,3.367295829986474
UCDV1_00520,Luo et al. (2025) open GitHub UCS benchmark,10.1007/s42452-025-07766-9,geopolymer_ash_cementitious,UCS,117.3,,,28.0,,,,,,,,38.0,,14.07,,,1.68827726809378,19.05,,89.6451721225565,,0.0,9.03605262890112,,,,,,,,,,,,,,,,,1.31877524854233,0.0,,0.0,,False,,,,,,,,98.68122475145762,,3.367295829986474
UCDV1_00521,Luo et al. (2025) open GitHub UCS benchmark,10.1007/s42452-025-07766-9,geopolymer_ash_cementitious,UCS,67.6,,,28.0,,,,,,,,38.0,,14.07,,,1.68827726809378,19.05,,92.8499910414098,,0.0,6.23939461009054,,,,,,,,,,,,,,,,,0.9106143484997,0.0,,0.0,,False,,,,,,,,99.08938565150034,,3.367295829986474
UCDV1_00522,Luo et al. (2025) open GitHub UCS benchmark,10.1007/s42452-025-07766-9,geopolymer_ash_cementitious,UCS,107.1,,,28.0,,,,,,,,38.0,,14.07,,,1.68827726809378,19.05,,96.2924504585251,,0.0,3.23536162817388,,,,,,,,,,,,,,,,,0.472187913301053,0.0,,0.0,,False,,,,,,,,99.52781208669897,,3.367295829986474
UCDV1_00523,Luo et al. (2025) open GitHub UCS benchmark,10.1007/s42452-025-07766-9,geopolymer_ash_cementitious,UCS,10786.0,,,28.0,,,,,,,,38.0,,14.07,,,1.68827726809378,19.05,,83.0970504730373,,0.0,13.9600252789647,,,,,,,,,,,,,,,,,2.94292424799796,0.0,,0.0,,False,,,,,,,,97.05707575200199,,3.367295829986474
UCDV1_00524,Luo et al. (2025) open GitHub UCS benchmark,10.1007/s42452-025-07766-9,geopolymer_ash_cementitious,UCS,9583.3,,,28.0,,,,,,,,38.0,,14.07,,,1.68827726809378,19.05,,86.0045102652465,,0.0,11.5587750041491,,,,,,,,,,,,,,,,,2.43671473060439,0.0,,0.0,,False,,,,,,,,97.56328526939559,,3.367295829986474
UCDV1_00525,Luo et al. (2025) open GitHub UCS benchmark,10.1007/s42452-025-07766-9,geopolymer_ash_cementitious,UCS,2567.3,,,28.0,,,,,,,,38.0,,14.07,,,1.68827726809378,19.05,,89.1228034679157,,0.0,8.98339892158747,,,,,,,,,,,,,,,,,1.89379761049682,0.0,,0.0,,False,,,,,,,,98.10620238950317,,3.367295829986474
UCDV1_00526,Luo et al. (2025) open GitHub UCS benchmark,10.1007/s42452-025-07766-9,geopolymer_ash_cementitious,UCS,69.3,,,28.0,,,,,,,,38.0,,14.07,,,1.68827726809378,19.05,,92.4757256075159,,0.0,6.21424447593555,,,,,,,,,,,,,,,,,1.31002991654857,0.0,,0.0,,False,,,,,,,,98.68997008345144,,3.367295829986474
UCDV1_00527,Luo et al. (2025) open GitHub UCS benchmark,10.1007/s42452-025-07766-9,geopolymer_ash_cementitious,UCS,25.7,,,28.0,,,,,,,,38.0,,14.07,,,1.68827726809378,19.05,,96.0907930759918,,0.0,3.22858607563181,,,,,,,,,,,,,,,,,0.680620848376436,0.0,,0.0,,False,,,,,,,,99.31937915162361,,3.367295829986474
UCDV1_00528,Luo et al. (2025) open GitHub UCS benchmark,10.1007/s42452-025-07766-9,geopolymer_ash_cementitious,UCS,10042.0,,,28.0,,,,,,,,38.0,,14.07,,,1.68827726809378,19.05,,82.3513465511278,,0.0,13.834749525599,,,,,,,,,,,,,,,,,3.81390392327323,0.0,,0.0,,False,,,,,,,,96.1860960767268,,3.367295829986474
UCDV1_00529,Luo et al. (2025) open GitHub UCS benchmark,10.1007/s42452-025-07766-9,geopolymer_ash_cementitious,UCS,9647.6,,,28.0,,,,,,,,38.0,,14.07,,,1.68827726809378,19.05,,85.3644829022975,,0.0,11.4727570469278,,,,,,,,,,,,,,,,,3.1627600507747,0.0,,0.0,,False,,,,,,,,96.83723994922529,,3.367295829986474
UCDV1_00530,Luo et al. (2025) open GitHub UCS benchmark,10.1007/s42452-025-07766-9,geopolymer_ash_cementitious,UCS,8262.1,,,28.0,,,,,,,,38.0,,14.07,,,1.68827726809378,19.05,,88.6064873019864,,0.0,8.93135529293437,,,,,,,,,,,,,,,,,2.46215740507921,0.0,,0.0,,False,,,,,,,,97.53784259492078,,3.367295829986474
UCDV1_00531,Luo et al. (2025) open GitHub UCS benchmark,10.1007/s42452-025-07766-9,geopolymer_ash_cementitious,UCS,148.60000000000002,,,28.0,,,,,,,,38.0,,14.07,,,1.68827726809378,19.05,,92.1044652845299,,0.0,6.18929628119478,,,,,,,,,,,,,,,,,1.70623843427532,0.0,,0.0,,False,,,,,,,,98.29376156572468,,3.367295829986474
UCDV1_00532,Luo et al. (2025) open GitHub UCS benchmark,10.1007/s42452-025-07766-9,geopolymer_ash_cementitious,UCS,33.7,,,28.0,,,,,,,,38.0,,14.07,,,1.68827726809378,19.05,,95.8899785573563,,0.0,3.22183884275032,,,,,,,,,,,,,,,,,0.888182599893331,0.0,,0.0,,False,,,,,,,,99.11181740010662,,3.367295829986474
UCDV1_00533,Luo et al. (2025) open GitHub UCS benchmark,10.1007/s42452-025-07766-9,geopolymer_ash_cementitious,UCS,10809.0,,,28.0,,,,,,,,38.0,,14.07,,,1.68827726809378,19.05,,83.5878532560997,,0.0,14.0424784974548,,,,,,,,,,,,,,,,,2.3696682464455,0.0,,0.0,,False,,,,,,,,97.6303317535545,,3.367295829986474
UCDV1_00534,Luo et al. (2025) open GitHub UCS benchmark,10.1007/s42452-025-07766-9,geopolymer_ash_cementitious,UCS,9878.1,,,28.0,,,,,,,,38.0,,14.07,,,1.68827726809378,19.05,,86.4246823956443,,0.0,11.6152450090744,,,,,,,,,,,,,,,,,1.96007259528131,0.0,,0.0,,False,,,,,,,,98.0399274047187,,3.367295829986474
UCDV1_00535,Luo et al. (2025) open GitHub UCS benchmark,10.1007/s42452-025-07766-9,geopolymer_ash_cementitious,UCS,269.2,,,28.0,,,,,,,,38.0,,14.07,,,1.68827726809378,19.05,,89.4608303588202,,0.0,9.01747135074206,,,,,,,,,,,,,,,,,1.52169829043772,0.0,,0.0,,False,,,,,,,,98.47830170956226,,3.367295829986474
UCDV1_00536,Luo et al. (2025) open GitHub UCS benchmark,10.1007/s42452-025-07766-9,geopolymer_ash_cementitious,UCS,178.79999999999998,,,28.0,,,,,,,,38.0,,14.07,,,1.68827726809378,19.05,,92.7180685358255,,0.0,6.23052959501558,,,,,,,,,,,,,,,,,1.05140186915888,0.0,,0.0,,False,,,,,,,,98.94859813084108,,3.367295829986474
UCDV1_00537,Luo et al. (2025) open GitHub UCS benchmark,10.1007/s42452-025-07766-9,geopolymer_ash_cementitious,UCS,56.7,,,28.0,,,,,,,,38.0,,14.07,,,1.68827726809378,19.05,,96.2214588805819,,0.0,3.23297635886038,,,,,,,,,,,,,,,,,0.545564760557688,0.0,,0.0,,False,,,,,,,,99.45443523944229,,3.367295829986474
UCDV1_00538,Luo et al. (2025) open GitHub UCS benchmark,10.1007/s42452-025-07766-9,geopolymer_ash_cementitious,UCS,11033.0,,,28.0,,,,,,,,38.0,,14.07,,,1.68827726809378,19.05,,82.7166927219038,,0.0,13.8961264547507,,,,,,,,,,,,,,,,,3.38718082334549,0.0,,0.0,,False,,,,,,,,96.6128191766545,,3.367295829986474
UCDV1_00539,Luo et al. (2025) open GitHub UCS benchmark,10.1007/s42452-025-07766-9,geopolymer_ash_cementitious,UCS,8186.999999999999,,,28.0,,,,,,,,38.0,,14.07,,,1.68827726809378,19.05,,85.6783015473192,,0.0,11.5149334292911,,,,,,,,,,,,,,,,,2.80676502338971,0.0,,0.0,,False,,,,,,,,97.1932349766103,,3.367295829986474
UCDV1_00540,Luo et al. (2025) open GitHub UCS benchmark,10.1007/s42452-025-07766-9,geopolymer_ash_cementitious,UCS,3534.2,,,28.0,,,,,,,,38.0,,14.07,,,1.68827726809378,19.05,,88.8598619145363,,0.0,8.95689494308639,,,,,,,,,,,,,,,,,2.18324314237731,0.0,,0.0,,False,,,,,,,,97.81675685762269,,3.367295829986474
UCDV1_00541,Luo et al. (2025) open GitHub UCS benchmark,10.1007/s42452-025-07766-9,geopolymer_ash_cementitious,UCS,99.0,,,28.0,,,,,,,,38.0,,14.07,,,1.68827726809378,19.05,,92.2868217054264,,0.0,6.2015503875969,,,,,,,,,,,,,,,,,1.51162790697674,0.0,,0.0,,False,,,,,,,,98.4883720930233,,3.367295829986474
UCDV1_00542,Luo et al. (2025) open GitHub UCS benchmark,10.1007/s42452-025-07766-9,geopolymer_ash_cementitious,UCS,38.2,,,28.0,,,,,,,,38.0,,14.07,,,1.68827726809378,19.05,,95.9887119532352,,0.0,3.22515621850433,,,,,,,,,,,,,,,,,0.786131828260431,0.0,,0.0,,False,,,,,,,,99.21386817173952,,3.367295829986474
UCDV1_00543,Luo et al. (2025) open GitHub UCS benchmark,10.1007/s42452-025-07766-9,geopolymer_ash_cementitious,UCS,8661.099999999999,,,28.0,,,,,,,,38.0,,14.07,,,1.68827726809378,19.05,,81.8635035241534,,0.0,13.752793536187,,,,,,,,,,,,,,,,,4.38370293965962,0.0,,0.0,,False,,,,,,,,95.6162970603404,,3.367295829986474
UCDV1_00544,Luo et al. (2025) open GitHub UCS benchmark,10.1007/s42452-025-07766-9,geopolymer_ash_cementitious,UCS,7999.2,,,28.0,,,,,,,,38.0,,14.07,,,1.68827726809378,19.05,,84.9447021048876,,0.0,11.4163396361042,,,,,,,,,,,,,,,,,3.6389582590082,0.0,,0.0,,False,,,,,,,,96.3610417409918,,3.367295829986474
UCDV1_00545,Luo et al. (2025) open GitHub UCS benchmark,10.1007/s42452-025-07766-9,geopolymer_ash_cementitious,UCS,7754.0,,,28.0,,,,,,,,38.0,,14.07,,,1.68827726809378,19.05,,88.2669138090825,,0.0,8.89712696941613,,,,,,,,,,,,,,,,,2.83595922150139,0.0,,0.0,,False,,,,,,,,97.16404077849863,,3.367295829986474
UCDV1_00546,Luo et al. (2025) open GitHub UCS benchmark,10.1007/s42452-025-07766-9,geopolymer_ash_cementitious,UCS,1216.6999999999998,,,28.0,,,,,,,,38.0,,14.07,,,1.68827726809378,19.05,,91.8595679012346,,0.0,6.17283950617284,,,,,,,,,,,,,,,,,1.96759259259259,0.0,,0.0,,False,,,,,,,,98.03240740740743,,3.367295829986474
UCDV1_00547,Luo et al. (2025) open GitHub UCS benchmark,10.1007/s42452-025-07766-9,geopolymer_ash_cementitious,UCS,70.8,,,28.0,,,,,,,,38.0,,14.07,,,1.68827726809378,19.05,,95.7570882766941,,0.0,3.21737381862055,,,,,,,,,,,,,,,,,1.0255379046853,0.0,,0.0,,False,,,,,,,,98.97446209531465,,3.367295829986474
UCDV1_00548,Luo et al. (2025) open GitHub UCS benchmark,10.1007/s42452-025-07766-9,geopolymer_ash_cementitious,UCS,117.4,,,28.0,,,,,,,,38.0,,14.07,,,1.68827726809378,19.05,,83.856382725568,,14.0875905460845,0.0,,,,,,,,,,,,,,,,,2.05602672834747,0.0,,0.0,,False,,,,,,,,97.9439732716525,,3.367295829986474
UCDV1_00549,Luo et al. (2025) open GitHub UCS benchmark,10.1007/s42452-025-07766-9,geopolymer_ash_cementitious,UCS,109.9,,,28.0,,,,,,,,38.0,,14.07,,,1.68827726809378,19.05,,86.6542074460237,,11.6460925588944,0.0,,,,,,,,,,,,,,,,,1.69969999508189,0.0,,0.0,,False,,,,,,,,98.3003000049181,,3.367295829986474
UCDV1_00550,Luo et al. (2025) open GitHub UCS benchmark,10.1007/s42452-025-07766-9,geopolymer_ash_cementitious,UCS,84.9,,,28.0,,,,,,,,38.0,,14.07,,,1.68827726809378,19.05,,89.6451721225565,,9.03605262890112,0.0,,,,,,,,,,,,,,,,,1.31877524854233,0.0,,0.0,,False,,,,,,,,98.68122475145762,,3.367295829986474
UCDV1_00551,Luo et al. (2025) open GitHub UCS benchmark,10.1007/s42452-025-07766-9,geopolymer_ash_cementitious,UCS,16.9,,,28.0,,,,,,,,38.0,,14.07,,,1.68827726809378,19.05,,92.8499910414098,,6.23939461009054,0.0,,,,,,,,,,,,,,,,,0.9106143484997,0.0,,0.0,,False,,,,,,,,99.08938565150034,,3.367295829986474
UCDV1_00552,Luo et al. (2025) open GitHub UCS benchmark,10.1007/s42452-025-07766-9,geopolymer_ash_cementitious,UCS,210.7,,,28.0,,,,,,,,38.0,,14.07,,,1.68827726809378,19.05,,83.0970504730373,,13.9600252789647,0.0,,,,,,,,,,,,,,,,,2.94292424799796,0.0,,0.0,,False,,,,,,,,97.05707575200199,,3.367295829986474
UCDV1_00553,Luo et al. (2025) open GitHub UCS benchmark,10.1007/s42452-025-07766-9,geopolymer_ash_cementitious,UCS,197.0,,,28.0,,,,,,,,38.0,,14.07,,,1.68827726809378,19.05,,86.0045102652465,,11.5587750041491,0.0,,,,,,,,,,,,,,,,,2.43671473060439,0.0,,0.0,,False,,,,,,,,97.56328526939559,,3.367295829986474
UCDV1_00554,Luo et al. (2025) open GitHub UCS benchmark,10.1007/s42452-025-07766-9,geopolymer_ash_cementitious,UCS,168.9,,,28.0,,,,,,,,38.0,,14.07,,,1.68827726809378,19.05,,89.1228034679157,,8.98339892158747,0.0,,,,,,,,,,,,,,,,,1.89379761049682,0.0,,0.0,,False,,,,,,,,98.10620238950317,,3.367295829986474
UCDV1_00555,Luo et al. (2025) open GitHub UCS benchmark,10.1007/s42452-025-07766-9,geopolymer_ash_cementitious,UCS,110.3,,,28.0,,,,,,,,38.0,,14.07,,,1.68827726809378,19.05,,92.4757256075159,,6.21424447593555,0.0,,,,,,,,,,,,,,,,,1.31002991654857,0.0,,0.0,,False,,,,,,,,98.68997008345144,,3.367295829986474
UCDV1_00556,Luo et al. (2025) open GitHub UCS benchmark,10.1007/s42452-025-07766-9,geopolymer_ash_cementitious,UCS,229.3,,,28.0,,,,,,,,38.0,,14.07,,,1.68827726809378,19.05,,82.3513465511278,,13.834749525599,0.0,,,,,,,,,,,,,,,,,3.81390392327323,0.0,,0.0,,False,,,,,,,,96.1860960767268,,3.367295829986474
UCDV1_00557,Luo et al. (2025) open GitHub UCS benchmark,10.1007/s42452-025-07766-9,geopolymer_ash_cementitious,UCS,224.1,,,28.0,,,,,,,,38.0,,14.07,,,1.68827726809378,19.05,,85.3644829022975,,11.4727570469278,0.0,,,,,,,,,,,,,,,,,3.1627600507747,0.0,,0.0,,False,,,,,,,,96.83723994922529,,3.367295829986474
UCDV1_00558,Luo et al. (2025) open GitHub UCS benchmark,10.1007/s42452-025-07766-9,geopolymer_ash_cementitious,UCS,186.8,,,28.0,,,,,,,,38.0,,14.07,,,1.68827726809378,19.05,,88.6064873019864,,8.93135529293437,0.0,,,,,,,,,,,,,,,,,2.46215740507921,0.0,,0.0,,False,,,,,,,,97.53784259492078,,3.367295829986474
UCDV1_00559,Luo et al. (2025) open GitHub UCS benchmark,10.1007/s42452-025-07766-9,geopolymer_ash_cementitious,UCS,155.5,,,28.0,,,,,,,,38.0,,14.07,,,1.68827726809378,19.05,,92.1044652845299,,6.18929628119478,0.0,,,,,,,,,,,,,,,,,1.70623843427532,0.0,,0.0,,False,,,,,,,,98.29376156572468,,3.367295829986474
UCDV1_00560,Luo et al. (2025) open GitHub UCS benchmark,10.1007/s42452-025-07766-9,geopolymer_ash_cementitious,UCS,195.4,,,28.0,,,,,,,,38.0,,14.07,,,1.68827726809378,19.05,,83.5878532560997,,14.0424784974548,0.0,,,,,,,,,,,,,,,,,2.3696682464455,0.0,,0.0,,False,,,,,,,,97.6303317535545,,3.367295829986474
UCDV1_00561,Luo et al. (2025) open GitHub UCS benchmark,10.1007/s42452-025-07766-9,geopolymer_ash_cementitious,UCS,123.2,,,28.0,,,,,,,,38.0,,14.07,,,1.68827726809378,19.05,,86.4246823956443,,11.6152450090744,0.0,,,,,,,,,,,,,,,,,1.96007259528131,0.0,,0.0,,False,,,,,,,,98.0399274047187,,3.367295829986474
UCDV1_00562,Luo et al. (2025) open GitHub UCS benchmark,10.1007/s42452-025-07766-9,geopolymer_ash_cementitious,UCS,80.0,,,28.0,,,,,,,,38.0,,14.07,,,1.68827726809378,19.05,,89.4608303588202,,9.01747135074206,0.0,,,,,,,,,,,,,,,,,1.52169829043772,0.0,,0.0,,False,,,,,,,,98.47830170956226,,3.367295829986474
UCDV1_00563,Luo et al. (2025) open GitHub UCS benchmark,10.1007/s42452-025-07766-9,geopolymer_ash_cementitious,UCS,39.0,,,28.0,,,,,,,,38.0,,14.07,,,1.68827726809378,19.05,,92.7180685358255,,6.23052959501558,0.0,,,,,,,,,,,,,,,,,1.05140186915888,0.0,,0.0,,False,,,,,,,,98.94859813084108,,3.367295829986474
UCDV1_00564,Luo et al. (2025) open GitHub UCS benchmark,10.1007/s42452-025-07766-9,geopolymer_ash_cementitious,UCS,185.2,,,28.0,,,,,,,,38.0,,14.07,,,1.68827726809378,19.05,,82.7166927219038,,13.8961264547507,0.0,,,,,,,,,,,,,,,,,3.38718082334549,0.0,,0.0,,False,,,,,,,,96.6128191766545,,3.367295829986474
UCDV1_00565,Luo et al. (2025) open GitHub UCS benchmark,10.1007/s42452-025-07766-9,geopolymer_ash_cementitious,UCS,181.9,,,28.0,,,,,,,,38.0,,14.07,,,1.68827726809378,19.05,,85.6783015473192,,11.5149334292911,0.0,,,,,,,,,,,,,,,,,2.80676502338971,0.0,,0.0,,False,,,,,,,,97.1932349766103,,3.367295829986474
UCDV1_00566,Luo et al. (2025) open GitHub UCS benchmark,10.1007/s42452-025-07766-9,geopolymer_ash_cementitious,UCS,180.0,,,28.0,,,,,,,,37.7,,14.07,,,1.68827726809378,19.05,,88.9008096113582,,8.96102238837714,0.0,,,,,,,,,,,,,,,,,2.13816800026467,0.0,,0.0,,False,,,,,,,,97.86183199973534,,3.367295829986474
UCDV1_00567,Luo et al. (2025) open GitHub UCS benchmark,10.1007/s42452-025-07766-9,geopolymer_ash_cementitious,UCS,127.0,,,28.0,,,,,,,,37.7,,14.07,,,1.68827726809378,19.05,,92.3162621776153,,6.20352874776079,0.0,,,,,,,,,,,,,,,,,1.48020907462394,0.0,,0.0,,False,,,,,,,,98.51979092537609,,3.367295829986474
UCDV1_00568,Luo et al. (2025) open GitHub UCS benchmark,10.1007/s42452-025-07766-9,geopolymer_ash_cementitious,UCS,189.0,,,28.0,,,,,,,,37.7,,14.07,,,1.68827726809378,19.05,,81.9392835828697,,13.7655243314355,0.0,,,,,,,,,,,,,,,,,4.29519208569475,0.0,,0.0,,False,,,,,,,,95.7048079143052,,3.367295829986474
UCDV1_00569,Luo et al. (2025) open GitHub UCS benchmark,10.1007/s42452-025-07766-9,geopolymer_ash_cementitious,UCS,170.0,,,28.0,,,,,,,,37.7,,14.07,,,1.68827726809378,19.05,,85.0099653359968,,11.4251108389412,0.0,,,,,,,,,,,,,,,,,3.56492382506203,0.0,,0.0,,False,,,,,,,,96.43507617493799,,3.367295829986474
UCDV1_00570,Luo et al. (2025) open GitHub UCS benchmark,10.1007/s42452-025-07766-9,geopolymer_ash_cementitious,UCS,163.0,,,28.0,,,,,,,,37.7,,14.07,,,1.68827726809378,19.05,,88.3197558398873,,8.90245333959385,0.0,,,,,,,,,,,,,,,,,2.77779082051884,0.0,,0.0,,False,,,,,,,,97.22220917948115,,3.367295829986474
UCDV1_00571,Luo et al. (2025) open GitHub UCS benchmark,10.1007/s42452-025-07766-9,geopolymer_ash_cementitious,UCS,120.0,,,28.0,,,,,,,,37.7,,14.07,,,1.68827726809378,19.05,,91.8977150032001,,6.17540294015624,0.0,,,,,,,,,,,,,,,,,1.92688205664369,0.0,,0.0,,False,,,,,,,,98.07311794335635,,3.367295829986474
UCDV1_00572,Luo et al. (2025) open GitHub UCS benchmark,10.1007/s42452-025-07766-9,geopolymer_ash_cementitious,UCS,5855.0,,,28.0,,,,,,,,37.7,,14.07,,,1.68827726809378,19.05,,83.0970504730373,,8.37601516737882,5.58401011158588,,,,,,,,,,,,,,,,,2.94292424799796,0.0,,0.0,,False,,,,,,,,97.057075752002,,3.367295829986474
UCDV1_00573,Luo et al. (2025) open GitHub UCS benchmark,10.1007/s42452-025-07766-9,geopolymer_ash_cementitious,UCS,2597.0,,,28.0,,,,,,,,37.7,,14.07,,,1.68827726809378,19.05,,86.0045102652466,,7.22423437759316,4.33454062655589,,,,,,,,,,,,,,,,,2.43671473060439,0.0,,0.0,,False,,,,,,,,97.56328526939565,,3.367295829986474
UCDV1_00574,Luo et al. (2025) open GitHub UCS benchmark,10.1007/s42452-025-07766-9,geopolymer_ash_cementitious,UCS,120.0,,,28.0,,,,,,,,37.7,,14.07,,,1.68827726809378,19.05,,89.1228034679157,,5.24031603759269,3.74308288399478,,,,,,,,,,,,,,,,,1.89379761049682,0.0,,0.0,,False,,,,,,,,98.10620238950317,,3.367295829986474
UCDV1_00575,Luo et al. (2025) open GitHub UCS benchmark,10.1007/s42452-025-07766-9,geopolymer_ash_cementitious,UCS,97.0,,,28.0,,,,,,,,37.7,,14.07,,,1.68827726809378,19.05,,92.4757256075159,,3.88390279745972,2.33034167847583,,,,,,,,,,,,,,,,,1.31002991654857,0.0,,0.0,,False,,,,,,,,98.68997008345146,,3.367295829986474
UCDV1_00576,Luo et al. (2025) open GitHub UCS benchmark,10.1007/s42452-025-07766-9,geopolymer_ash_cementitious,UCS,53.0,,,28.0,,,,,,,,37.7,,14.07,,,1.68827726809378,19.05,,96.0907930759917,,1.61429303781591,1.61429303781591,,,,,,,,,,,,,,,,,0.680620848376436,0.0,,0.0,,False,,,,,,,,99.31937915162352,,3.367295829986474
UCDV1_00577,Luo et al. (2025) open GitHub UCS benchmark,10.1007/s42452-025-07766-9,geopolymer_ash_cementitious,UCS,4899.0,,,28.0,,,,,,,,37.7,,14.07,,,1.68827726809378,19.05,,82.77584393524,,8.34363819590827,5.56242546393885,,,,,,,,,,,,,,,,,3.31809240491289,0.0,,0.0,,False,,,,,,,,96.68190759508713,,3.367295829986474
UCDV1_00578,Luo et al. (2025) open GitHub UCS benchmark,10.1007/s42452-025-07766-9,geopolymer_ash_cementitious,UCS,3410.0,,,28.0,,,,,,,,37.7,,14.07,,,1.68827726809378,19.05,,85.7290655436601,,7.20109748371777,4.32065849023066,,,,,,,,,,,,,,,,,2.74917848239149,0.0,,0.0,,False,,,,,,,,97.25082151760853,,3.367295829986474
UCDV1_00579,Luo et al. (2025) open GitHub UCS benchmark,10.1007/s42452-025-07766-9,geopolymer_ash_cementitious,UCS,604.0,,,28.0,,,,,,,,37.7,,14.07,,,1.68827726809378,19.05,,88.9008096113582,,5.22726305988666,3.73375932849047,,,,,,,,,,,,,,,,,2.13816800026467,0.0,,0.0,,False,,,,,,,,97.86183199973533,,3.367295829986474
UCDV1_00580,Luo et al. (2025) open GitHub UCS benchmark,10.1007/s42452-025-07766-9,geopolymer_ash_cementitious,UCS,96.0,,,28.0,,,,,,,,37.7,,14.07,,,1.68827726809378,19.05,,92.3162621776153,,3.87720546735049,2.3263232804103,,,,,,,,,,,,,,,,,1.48020907462394,0.0,,0.0,,False,,,,,,,,98.5197909253761,,3.367295829986474
UCDV1_00581,Luo et al. (2025) open GitHub UCS benchmark,10.1007/s42452-025-07766-9,geopolymer_ash_cementitious,UCS,74.0,,,28.0,,,,,,,,37.7,,14.07,,,1.68827726809378,19.05,,96.004634379131,,1.61284560065739,1.61284560065739,,,,,,,,,,,,,,,,,0.769674419554222,0.0,,0.0,,False,,,,,,,,99.2303255804458,,3.367295829986474
UCDV1_00582,Luo et al. (2025) open GitHub UCS benchmark,10.1007/s42452-025-07766-9,geopolymer_ash_cementitious,UCS,7346.0,,,28.0,,,,,,,,37.7,,14.07,,,1.68827726809378,19.05,,83.0970504730373,,5.58401011158588,8.37601516737882,,,,,,,,,,,,,,,,,2.94292424799796,0.0,,0.0,,False,,,,,,,,97.057075752002,,3.367295829986474
UCDV1_00583,Luo et al. (2025) open GitHub UCS benchmark,10.1007/s42452-025-07766-9,geopolymer_ash_cementitious,UCS,6191.0,,,28.0,,,,,,,,37.7,,14.07,,,1.68827726809378,19.05,,86.0045102652466,,4.33454062655589,7.22423437759316,,,,,,,,,,,,,,,,,2.43671473060439,0.0,,0.0,,False,,,,,,,,97.56328526939565,,3.367295829986474
UCDV1_00584,Luo et al. (2025) open GitHub UCS benchmark,10.1007/s42452-025-07766-9,geopolymer_ash_cementitious,UCS,348.0,,,28.0,,,,,,,,37.7,,14.07,,,1.68827726809378,19.05,,89.1228034679157,,3.74308288399478,5.24031603759269,,,,,,,,,,,,,,,,,1.89379761049682,0.0,,0.0,,False,,,,,,,,98.10620238950317,,3.367295829986474
UCDV1_00585,Luo et al. (2025) open GitHub UCS benchmark,10.1007/s42452-025-07766-9,geopolymer_ash_cementitious,UCS,144.0,,,28.0,,,,,,,,37.7,,14.07,,,1.68827726809378,19.05,,92.4757256075159,,2.33034167847583,3.88390279745972,,,,,,,,,,,,,,,,,1.31002991654857,0.0,,0.0,,False,,,,,,,,98.68997008345146,,3.367295829986474
UCDV1_00586,Luo et al. (2025) open GitHub UCS benchmark,10.1007/s42452-025-07766-9,geopolymer_ash_cementitious,UCS,45.0,,,28.0,,,,,,,,37.7,,14.07,,,1.68827726809378,19.05,,96.0907930759917,,1.61429303781591,1.61429303781591,,,,,,,,,,,,,,,,,0.680620848376436,0.0,,0.0,,False,,,,,,,,99.31937915162352,,3.367295829986474
UCDV1_00587,Luo et al. (2025) open GitHub UCS benchmark,10.1007/s42452-025-07766-9,geopolymer_ash_cementitious,UCS,9562.0,,,28.0,,,,,,,,37.7,,14.07,,,1.68827726809378,19.05,,82.77584393524,,5.56242546393885,8.34363819590827,,,,,,,,,,,,,,,,,3.31809240491289,0.0,,0.0,,False,,,,,,,,96.68190759508713,,3.367295829986474
UCDV1_00588,Luo et al. (2025) open GitHub UCS benchmark,10.1007/s42452-025-07766-9,geopolymer_ash_cementitious,UCS,8595.0,,,28.0,,,,,,,,37.7,,14.07,,,1.68827726809378,19.05,,85.7290655436601,,4.32065849023066,7.20109748371777,,,,,,,,,,,,,,,,,2.74917848239149,0.0,,0.0,,False,,,,,,,,97.25082151760853,,3.367295829986474
UCDV1_00589,Luo et al. (2025) open GitHub UCS benchmark,10.1007/s42452-025-07766-9,geopolymer_ash_cementitious,UCS,971.0,,,28.0,,,,,,,,37.7,,14.07,,,1.68827726809378,19.05,,88.9008096113582,,3.73375932849047,5.22726305988666,,,,,,,,,,,,,,,,,2.13816800026467,0.0,,0.0,,False,,,,,,,,97.86183199973533,,3.367295829986474
UCDV1_00590,Luo et al. (2025) open GitHub UCS benchmark,10.1007/s42452-025-07766-9,geopolymer_ash_cementitious,UCS,140.0,,,28.0,,,,,,,,37.7,,14.07,,,1.68827726809378,19.05,,92.3162621776153,,2.3263232804103,3.87720546735049,,,,,,,,,,,,,,,,,1.48020907462394,0.0,,0.0,,False,,,,,,,,98.51979092537609,,3.367295829986474
UCDV1_00591,Luo et al. (2025) open GitHub UCS benchmark,10.1007/s42452-025-07766-9,geopolymer_ash_cementitious,UCS,54.0,,,28.0,,,,,,,,37.7,,14.07,,,1.68827726809378,19.05,,96.004634379131,,1.61284560065739,1.61284560065739,,,,,,,,,,,,,,,,,0.769674419554222,0.0,,0.0,,False,,,,,,,,99.2303255804458,,3.367295829986474
UCDV1_00592,Luo et al. (2025) open GitHub UCS benchmark,10.1007/s42452-025-07766-9,geopolymer_ash_cementitious,UCS,2687.0,,,28.0,,,,,,,,37.7,,14.07,,,1.68827726809378,19.05,,83.0970504730373,,11.1680202231718,2.79200505579294,,,,,,,,,,,,,,,,,2.94292424799796,0.0,,0.0,,False,,,,,,,,97.05707575200204,,3.367295829986474
UCDV1_00593,Luo et al. (2025) open GitHub UCS benchmark,10.1007/s42452-025-07766-9,geopolymer_ash_cementitious,UCS,650.0,,,28.0,,,,,,,,37.7,,14.07,,,1.68827726809378,19.05,,86.0045102652466,,9.39150469087111,2.16727031327795,,,,,,,,,,,,,,,,,2.43671473060439,0.0,,0.0,,False,,,,,,,,97.56328526939566,,3.367295829986474
UCDV1_00594,Luo et al. (2025) open GitHub UCS benchmark,10.1007/s42452-025-07766-9,geopolymer_ash_cementitious,UCS,199.0,,,28.0,,,,,,,,37.7,,14.07,,,1.68827726809378,19.05,,89.1228034679157,,7.48616576798956,1.49723315359791,,,,,,,,,,,,,,,,,1.89379761049682,0.0,,0.0,,False,,,,,,,,98.10620238950317,,3.367295829986474
UCDV1_00595,Luo et al. (2025) open GitHub UCS benchmark,10.1007/s42452-025-07766-9,geopolymer_ash_cementitious,UCS,109.0,,,28.0,,,,,,,,37.7,,14.07,,,1.68827726809378,19.05,,92.4757256075159,,4.66068335695166,1.55356111898389,,,,,,,,,,,,,,,,,1.31002991654857,0.0,,0.0,,False,,,,,,,,98.68997008345146,,3.367295829986474
UCDV1_00596,Luo et al. (2025) open GitHub UCS benchmark,10.1007/s42452-025-07766-9,geopolymer_ash_cementitious,UCS,37.0,,,28.0,,,,,,,,37.7,,14.07,,,1.68827726809378,19.05,,96.0907930759918,,2.42143955672386,0.807146518907953,,,,,,,,,,,,,,,,,0.680620848376436,0.0,,0.0,,False,,,,,,,,99.31937915162361,,3.367295829986474
UCDV1_00597,Luo et al. (2025) open GitHub UCS benchmark,10.1007/s42452-025-07766-9,geopolymer_ash_cementitious,UCS,3127.0,,,28.0,,,,,,,,37.7,,14.07,,,1.68827726809378,19.05,,82.77584393524,,11.1248509278777,2.78121273196942,,,,,,,,,,,,,,,,,3.31809240491289,0.0,,0.0,,False,,,,,,,,96.68190759508713,,3.367295829986474
UCDV1_00598,Luo et al. (2025) open GitHub UCS benchmark,10.1007/s42452-025-07766-9,geopolymer_ash_cementitious,UCS,615.0,,,28.0,,,,,,,,37.7,,14.07,,,1.68827726809378,19.05,,85.7290655436601,,9.3614267288331,2.16032924511533,,,,,,,,,,,,,,,,,2.74917848239149,0.0,,0.0,,False,,,,,,,,97.25082151760853,,3.367295829986474
UCDV1_00599,Luo et al. (2025) open GitHub UCS benchmark,10.1007/s42452-025-07766-9,geopolymer_ash_cementitious,UCS,134.0,,,28.0,,,,,,,,37.7,,14.07,,,1.68827726809378,19.05,,88.9008096113582,,7.46751865698095,1.49350373139619,,,,,,,,,,,,,,,,,2.13816800026467,0.0,,0.0,,False,,,,,,,,97.86183199973534,,3.367295829986474
UCDV1_00600,Luo et al. (2025) open GitHub UCS benchmark,10.1007/s42452-025-07766-9,geopolymer_ash_cementitious,UCS,142.0,,,28.0,,,,,,,,37.7,,14.07,,,1.68827726809378,19.05,,92.3162621776153,,4.65264656082059,1.5508821869402,,,,,,,,,,,,,,,,,1.48020907462394,0.0,,0.0,,False,,,,,,,,98.51979092537609,,3.367295829986474
UCDV1_00601,Luo et al. (2025) open GitHub UCS benchmark,10.1007/s42452-025-07766-9,geopolymer_ash_cementitious,UCS,10530.0,,,28.0,,,,,,,,37.7,,14.07,,,1.68827726809378,19.05,,83.0970504730373,,2.79200505579294,11.1680202231718,,,,,,,,,,,,,,,,,2.94292424799796,0.0,,0.0,,False,,,,,,,,97.05707575200204,,3.367295829986474
UCDV1_00602,Luo et al. (2025) open GitHub UCS benchmark,10.1007/s42452-025-07766-9,geopolymer_ash_cementitious,UCS,7492.0,,,28.0,,,,,,,,37.7,,14.07,,,1.68827726809378,19.05,,86.0045102652466,,2.16727031327795,9.39150469087111,,,,,,,,,,,,,,,,,2.43671473060439,0.0,,0.0,,False,,,,,,,,97.56328526939566,,3.367295829986474
UCDV1_00603,Luo et al. (2025) open GitHub UCS benchmark,10.1007/s42452-025-07766-9,geopolymer_ash_cementitious,UCS,656.0,,,28.0,,,,,,,,37.7,,14.07,,,1.68827726809378,19.05,,89.1228034679157,,1.49723315359791,7.48616576798956,,,,,,,,,,,,,,,,,1.89379761049682,0.0,,0.0,,False,,,,,,,,98.10620238950317,,3.367295829986474
UCDV1_00604,Luo et al. (2025) open GitHub UCS benchmark,10.1007/s42452-025-07766-9,geopolymer_ash_cementitious,UCS,240.0,,,28.0,,,,,,,,37.7,,14.07,,,1.68827726809378,19.05,,92.4757256075159,,1.55356111898389,4.66068335695166,,,,,,,,,,,,,,,,,1.31002991654857,0.0,,0.0,,False,,,,,,,,98.68997008345146,,3.367295829986474
UCDV1_00605,Luo et al. (2025) open GitHub UCS benchmark,10.1007/s42452-025-07766-9,geopolymer_ash_cementitious,UCS,10560.0,,,28.0,,,,,,,,37.7,,14.07,,,1.68827726809378,19.05,,82.77584393524,,2.78121273196942,11.1248509278777,,,,,,,,,,,,,,,,,3.31809240491289,0.0,,0.0,,False,,,,,,,,96.68190759508713,,3.367295829986474
UCDV1_00606,Luo et al. (2025) open GitHub UCS benchmark,10.1007/s42452-025-07766-9,geopolymer_ash_cementitious,UCS,9610.0,,,28.0,,,,,,,,37.7,,14.07,,,1.68827726809378,19.05,,85.7290655436601,,2.16032924511533,9.3614267288331,,,,,,,,,,,,,,,,,2.74917848239149,0.0,,0.0,,False,,,,,,,,97.25082151760853,,3.367295829986474
UCDV1_00607,Luo et al. (2025) open GitHub UCS benchmark,10.1007/s42452-025-07766-9,geopolymer_ash_cementitious,UCS,1323.0,,,28.0,,,,,,,,37.7,,14.07,,,1.68827726809378,19.05,,88.9008096113582,,1.49350373139619,7.46751865698095,,,,,,,,,,,,,,,,,2.13816800026467,0.0,,0.0,,False,,,,,,,,97.86183199973533,,3.367295829986474
UCDV1_00608,Luo et al. (2025) open GitHub UCS benchmark,10.1007/s42452-025-07766-9,geopolymer_ash_cementitious,UCS,176.0,,,28.0,,,,,,,,37.7,,14.07,,,1.68827726809378,19.05,,92.3162621776153,,1.5508821869402,4.65264656082059,,,,,,,,,,,,,,,,,1.48020907462394,0.0,,0.0,,False,,,,,,,,98.51979092537609,,3.367295829986474
UCDV1_00609,Luo et al. (2025) open GitHub UCS benchmark,10.1007/s42452-025-07766-9,geopolymer_ash_cementitious,UCS,40.0,,,28.0,,,,,,,,37.7,,14.07,,,1.68827726809378,19.05,,96.004634379131,,0.806422800328694,2.41926840098608,,,,,,,,,,,,,,,,,0.769674419554222,0.0,,0.0,,False,,,,,,,,99.23032558044578,,3.367295829986474
UCDV1_00610,Luo et al. (2025) open GitHub UCS benchmark,10.1007/s42452-025-07766-9,geopolymer_ash_cementitious,UCS,5012.0,,,28.0,,,,,,,,116.0,,88.46,,,1.43853211009174,23.89,,81.2187606862594,,0.0,16.3892890237831,,,,,,,,,,,,,,,,,2.39195028995753,0.0,,0.0,,False,,,,,,,,97.60804971004251,,3.367295829986474
UCDV1_00611,Luo et al. (2025) open GitHub UCS benchmark,10.1007/s42452-025-07766-9,geopolymer_ash_cementitious,UCS,6644.0,,,28.0,,,,,,,,116.0,,88.46,,,1.43853211009174,23.89,,78.2784288746621,,0.0,18.955144614092,,,,,,,,,,,,,,,,,2.76642651124587,0.0,,0.0,,False,,,,,,,,97.2335734887541,,3.367295829986474
UCDV1_00612,Luo et al. (2025) open GitHub UCS benchmark,10.1007/s42452-025-07766-9,geopolymer_ash_cementitious,UCS,7278.0,,,28.0,,,,,,,,116.0,,88.46,,,1.43853211009174,23.89,,75.5435543916953,,0.0,21.3417096110206,,,,,,,,,,,,,,,,,3.11473599728408,0.0,,0.0,,False,,,,,,,,96.8852640027159,,3.367295829986474
UCDV1_00613,Luo et al. (2025) open GitHub UCS benchmark,10.1007/s42452-025-07766-9,geopolymer_ash_cementitious,UCS,8696.0,,,28.0,,,,,,,,116.0,,88.46,,,1.43853211009174,23.89,,72.9933295434822,,0.0,23.5671416719613,,,,,,,,,,,,,,,,,3.43952878455652,0.0,,0.0,,False,,,,,,,,96.5604712154435,,3.367295829986474
UCDV1_00614,Luo et al. (2025) open GitHub UCS benchmark,10.1007/s42452-025-07766-9,geopolymer_ash_cementitious,UCS,10350.0,,,28.0,,,,,,,,116.0,,88.46,,,1.43853211009174,23.89,,68.3767581105411,,0.0,27.5957535356127,,,,,,,,,,,,,,,,,4.02748835384618,0.0,,0.0,,False,,,,,,,,95.9725116461538,,3.367295829986474
UCDV1_00615,Luo et al. (2025) open GitHub UCS benchmark,10.1007/s42452-025-07766-9,geopolymer_ash_cementitious,UCS,5423.0,,,28.0,,,,,,,,116.0,,88.46,,,1.43853211009174,23.89,,80.3644154118301,,0.0,16.2168890571939,,,,,,,,,,,,,,,,,3.41869553097601,0.0,,0.0,,False,,,,,,,,96.58130446902399,,3.367295829986474
UCDV1_00616,Luo et al. (2025) open GitHub UCS benchmark,10.1007/s42452-025-07766-9,geopolymer_ash_cementitious,UCS,6251.0,,,28.0,,,,,,,,116.0,,88.46,,,1.43853211009174,23.89,,77.3276674994476,,0.0,18.7249174669741,,,,,,,,,,,,,,,,,3.94741503357833,0.0,,0.0,,False,,,,,,,,96.0525849664217,,3.367295829986474
UCDV1_00617,Luo et al. (2025) open GitHub UCS benchmark,10.1007/s42452-025-07766-9,geopolymer_ash_cementitious,UCS,8130.000000000001,,,28.0,,,,,,,,116.0,,88.46,,,1.43853211009174,23.89,,74.5120636938327,,0.0,21.0503045385757,,,,,,,,,,,,,,,,,4.43763176759163,0.0,,0.0,,False,,,,,,,,95.5623682324084,,3.367295829986474
UCDV1_00618,Luo et al. (2025) open GitHub UCS benchmark,10.1007/s42452-025-07766-9,geopolymer_ash_cementitious,UCS,9384.0,,,28.0,,,,,,,,116.0,,88.46,,,1.43853211009174,23.89,,71.8942962046321,,0.0,23.2123000095672,,,,,,,,,,,,,,,,,4.89340378580066,0.0,,0.0,,False,,,,,,,,95.1065962141993,,3.367295829986474
UCDV1_00619,Luo et al. (2025) open GitHub UCS benchmark,10.1007/s42452-025-07766-9,geopolymer_ash_cementitious,UCS,11180.0,,,28.0,,,,,,,,116.0,,88.46,,,1.43853211009174,23.89,,67.1743408856774,,0.0,27.1104773935254,,,,,,,,,,,,,,,,,5.71518172079725,0.0,,0.0,,False,,,,,,,,94.2848182792028,,3.367295829986474
UCDV1_00620,Luo et al. (2025) open GitHub UCS benchmark,10.1007/s42452-025-07766-9,geopolymer_ash_cementitious,UCS,3484.0,,,28.0,,,,,,,,116.0,,88.46,,,1.43853211009174,23.89,,80.9634067250359,,0.0,16.337760659665,,,,,,,,,,,,,,,,,2.69883261529909,0.0,,0.0,,False,,,,,,,,97.3011673847009,,3.367295829986474
UCDV1_00621,Luo et al. (2025) open GitHub UCS benchmark,10.1007/s42452-025-07766-9,geopolymer_ash_cementitious,UCS,4605.0,,,28.0,,,,,,,,116.0,,88.46,,,1.43853211009174,23.89,,77.9939293048504,,0.0,18.886252959444,,,,,,,,,,,,,,,,,3.11981773570562,0.0,,0.0,,False,,,,,,,,96.8801822642944,,3.367295829986474
UCDV1_00622,Luo et al. (2025) open GitHub UCS benchmark,10.1007/s42452-025-07766-9,geopolymer_ash_cementitious,UCS,6519.0,,,28.0,,,,,,,,116.0,,88.46,,,1.43853211009174,23.89,,75.2345672938706,,0.0,21.2544180747879,,,,,,,,,,,,,,,,,3.51101463134154,0.0,,0.0,,False,,,,,,,,96.48898536865849,,3.367295829986474
UCDV1_00623,Luo et al. (2025) open GitHub UCS benchmark,10.1007/s42452-025-07766-9,geopolymer_ash_cementitious,UCS,8700.0,,,28.0,,,,,,,,116.0,,88.46,,,1.43853211009174,23.89,,72.6637815894059,,0.0,23.4607414930683,,,,,,,,,,,,,,,,,3.87547691752584,0.0,,0.0,,False,,,,,,,,96.1245230824742,,3.367295829986474
UCDV1_00624,Luo et al. (2025) open GitHub UCS benchmark,10.1007/s42452-025-07766-9,geopolymer_ash_cementitious,UCS,10350.0,,,28.0,,,,,,,,116.0,,88.46,,,1.43853211009174,23.89,,68.0155610115769,,0.0,27.4499802290649,,,,,,,,,,,,,,,,,4.53445875935819,0.0,,0.0,,False,,,,,,,,95.46554124064181,,3.367295829986474
UCDV1_00625,Luo et al. (2025) open GitHub UCS benchmark,10.1007/s42452-025-07766-9,geopolymer_ash_cementitious,UCS,4951.0,,,28.0,,,,,,,,116.0,,88.46,,,1.43853211009174,23.89,,80.0037764967843,,0.0,16.1441150409202,,,,,,,,,,,,,,,,,3.85210846229552,0.0,,0.0,,False,,,,,,,,96.1478915377045,,3.367295829986474
UCDV1_00626,Luo et al. (2025) open GitHub UCS benchmark,10.1007/s42452-025-07766-9,geopolymer_ash_cementitious,UCS,5471.0,,,28.0,,,,,,,,116.0,,88.46,,,1.43853211009174,23.89,,76.9272668537846,,0.0,18.6279603326624,,,,,,,,,,,,,,,,,4.44477281355298,0.0,,0.0,,False,,,,,,,,95.555227186447,,3.367295829986474
UCDV1_00627,Luo et al. (2025) open GitHub UCS benchmark,10.1007/s42452-025-07766-9,geopolymer_ash_cementitious,UCS,6285.0,,,28.0,,,,,,,,116.0,,88.46,,,1.43853211009174,23.89,,74.0786069696928,,0.0,20.9278492528796,,,,,,,,,,,,,,,,,4.99354377742759,0.0,,0.0,,False,,,,,,,,95.0064562225724,,3.367295829986474
UCDV1_00628,Luo et al. (2025) open GitHub UCS benchmark,10.1007/s42452-025-07766-9,geopolymer_ash_cementitious,UCS,7956.0,,,28.0,,,,,,,,116.0,,88.46,,,1.43853211009174,23.89,,71.4333884862104,,0.0,23.063488089825,,,,,,,,,,,,,,,,,5.50312342396457,0.0,,0.0,,False,,,,,,,,94.4968765760354,,3.367295829986474
UCDV1_00629,Luo et al. (2025) open GitHub UCS benchmark,10.1007/s42452-025-07766-9,geopolymer_ash_cementitious,UCS,10920.0,,,28.0,,,,,,,,116.0,,88.46,,,1.43853211009174,23.89,,66.6719119661631,,0.0,26.9077052087186,,,,,,,,,,,,,,,,,6.42038282511831,0.0,,0.0,,False,,,,,,,,93.57961717488169,,3.367295829986474
UCDV1_00630,Luo et al. (2025) open GitHub UCS benchmark,10.1007/s42452-025-07766-9,geopolymer_ash_cementitious,UCS,6304.0,,,28.0,,,,,,,,82.2,,56.46,,,1.55840978593272,19.26,,80.6308495747923,,0.0,16.9023246635067,,,,,,,,,,,,,,,,,2.46682576170098,0.0,,0.0,,False,,,,,,,,97.533174238299,,3.367295829986474
UCDV1_00631,Luo et al. (2025) open GitHub UCS benchmark,10.1007/s42452-025-07766-9,geopolymer_ash_cementitious,UCS,11620.0,,,28.0,,,,,,,,82.2,,56.46,,,1.55840978593272,19.26,,77.6238341349114,,0.0,19.5263711558556,,,,,,,,,,,,,,,,,2.84979470923298,0.0,,0.0,,False,,,,,,,,97.150205290767,,3.367295829986474
UCDV1_00632,Luo et al. (2025) open GitHub UCS benchmark,10.1007/s42452-025-07766-9,geopolymer_ash_cementitious,UCS,13870.0,,,28.0,,,,,,,,82.2,,56.46,,,1.55840978593272,19.26,,74.8330399449176,,0.0,21.9617340103313,,,,,,,,,,,,,,,,,3.20522604475106,0.0,,0.0,,False,,,,,,,,96.7947739552489,,3.367295829986474
UCDV1_00633,Luo et al. (2025) open GitHub UCS benchmark,10.1007/s42452-025-07766-9,geopolymer_ash_cementitious,UCS,15550.0,,,28.0,,,,,,,,82.2,,56.46,,,1.55840978593272,19.26,,72.235955092967,,0.0,24.2280580556656,,,,,,,,,,,,,,,,,3.53598685136741,0.0,,0.0,,False,,,,,,,,96.4640131486326,,3.367295829986474
UCDV1_00634,Luo et al. (2025) open GitHub UCS benchmark,10.1007/s42452-025-07766-9,geopolymer_ash_cementitious,UCS,18530.0,,,28.0,,,,,,,,82.2,,56.46,,,1.55840978593272,19.26,,67.5474771225022,,0.0,28.3194185487599,,,,,,,,,,,,,,,,,4.13310432873793,0.0,,0.0,,False,,,,,,,,95.8668956712621,,3.367295829986474
UCDV1_00635,Luo et al. (2025) open GitHub UCS benchmark,10.1007/s42452-025-07766-9,geopolymer_ash_cementitious,UCS,10690.0,,,28.0,,,,,,,,82.2,,56.46,,,1.55840978593272,19.26,,79.7564264308773,,0.0,16.7190228137844,,,,,,,,,,,,,,,,,3.52455075533834,0.0,,0.0,,False,,,,,,,,96.47544924466169,,3.367295829986474
UCDV1_00636,Luo et al. (2025) open GitHub UCS benchmark,10.1007/s42452-025-07766-9,geopolymer_ash_cementitious,UCS,12350.0,,,28.0,,,,,,,,82.2,,56.46,,,1.55840978593272,19.26,,76.6529664977018,,0.0,19.2821482050231,,,,,,,,,,,,,,,,,4.06488529727514,0.0,,0.0,,False,,,,,,,,95.93511470272489,,3.367295829986474
UCDV1_00637,Luo et al. (2025) open GitHub UCS benchmark,10.1007/s42452-025-07766-9,geopolymer_ash_cementitious,UCS,13260.0,,,28.0,,,,,,,,82.2,,56.46,,,1.55840978593272,19.26,,73.7819824700449,,0.0,21.6532734064361,,,,,,,,,,,,,,,,,4.56474412351897,0.0,,0.0,,False,,,,,,,,95.435255876481,,3.367295829986474
UCDV1_00638,Luo et al. (2025) open GitHub UCS benchmark,10.1007/s42452-025-07766-9,geopolymer_ash_cementitious,UCS,13660.0,,,28.0,,,,,,,,82.2,,56.46,,,1.55840978593272,19.26,,71.1182957215752,,0.0,23.8531932656633,,,,,,,,,,,,,,,,,5.02851101276146,0.0,,0.0,,False,,,,,,,,94.9714889872385,,3.367295829986474
UCDV1_00639,Luo et al. (2025) open GitHub UCS benchmark,10.1007/s42452-025-07766-9,geopolymer_ash_cementitious,UCS,15690.0,,,28.0,,,,,,,,82.2,,56.46,,,1.55840978593272,19.26,,66.3290553195583,,0.0,27.8085927048291,,,,,,,,,,,,,,,,,5.86235197561262,0.0,,0.0,,False,,,,,,,,94.13764802438739,,3.367295829986474
UCDV1_00640,Luo et al. (2025) open GitHub UCS benchmark,10.1007/s42452-025-07766-9,geopolymer_ash_cementitious,UCS,10080.0,,,28.0,,,,,,,,82.2,,56.46,,,1.55840978593272,19.26,,80.3694342387776,,0.0,16.8475252051773,,,,,,,,,,,,,,,,,2.78304055604511,0.0,,0.0,,False,,,,,,,,97.21695944395489,,3.367295829986474
UCDV1_00641,Luo et al. (2025) open GitHub UCS benchmark,10.1007/s42452-025-07766-9,geopolymer_ash_cementitious,UCS,12590.0,,,28.0,,,,,,,,82.2,,56.46,,,1.55840978593272,19.26,,77.3332435910906,,0.0,19.4532727463753,,,,,,,,,,,,,,,,,3.21348366253415,0.0,,0.0,,False,,,,,,,,96.78651633746591,,3.367295829986474
UCDV1_00642,Luo et al. (2025) open GitHub UCS benchmark,10.1007/s42452-025-07766-9,geopolymer_ash_cementitious,UCS,13450.0,,,28.0,,,,,,,,82.2,,56.46,,,1.55840978593272,19.26,,74.5181040694313,,0.0,21.8693077513843,,,,,,,,,,,,,,,,,3.61258817918437,0.0,,0.0,,False,,,,,,,,96.3874118208156,,3.367295829986474
UCDV1_00643,Luo et al. (2025) open GitHub UCS benchmark,10.1007/s42452-025-07766-9,geopolymer_ash_cementitious,UCS,15120.0,,,28.0,,,,,,,,82.2,,56.46,,,1.55840978593272,19.26,,71.9007230107284,,0.0,24.1156206643396,,,,,,,,,,,,,,,,,3.98365632493204,0.0,,0.0,,False,,,,,,,,96.016343675068,,3.367295829986474
UCDV1_00644,Luo et al. (2025) open GitHub UCS benchmark,10.1007/s42452-025-07766-9,geopolymer_ash_cementitious,UCS,15360.0,,,28.0,,,,,,,,82.2,,56.46,,,1.55840978593272,19.26,,67.1813543030397,,0.0,28.1659208045613,,,,,,,,,,,,,,,,,4.65272489239905,0.0,,0.0,,False,,,,,,,,95.34727510760099,,3.367295829986474
UCDV1_00645,Luo et al. (2025) open GitHub UCS benchmark,10.1007/s42452-025-07766-9,geopolymer_ash_cementitious,UCS,8791.0,,,28.0,,,,,,,,82.2,,56.46,,,1.55840978593272,19.26,,79.3874849487563,,0.0,16.6416830766301,,,,,,,,,,,,,,,,,3.97083197461364,0.0,,0.0,,False,,,,,,,,96.0291680253864,,3.367295829986474
UCDV1_00646,Luo et al. (2025) open GitHub UCS benchmark,10.1007/s42452-025-07766-9,geopolymer_ash_cementitious,UCS,10950.0,,,28.0,,,,,,,,82.2,,56.46,,,1.55840978593272,19.26,,76.2443109353049,,0.0,19.1793503945929,,,,,,,,,,,,,,,,,4.57633867010223,0.0,,0.0,,False,,,,,,,,95.4236613298978,,3.367295829986474
UCDV1_00647,Luo et al. (2025) open GitHub UCS benchmark,10.1007/s42452-025-07766-9,geopolymer_ash_cementitious,UCS,12020.0,,,28.0,,,,,,,,82.2,,56.46,,,1.55840978593272,19.26,,73.340552019299,,0.0,21.5237239701112,,,,,,,,,,,,,,,,,5.13572401058983,0.0,,0.0,,False,,,,,,,,94.8642759894102,,3.367295829986474
UCDV1_00648,Luo et al. (2025) open GitHub UCS benchmark,10.1007/s42452-025-07766-9,geopolymer_ash_cementitious,UCS,14260.0,,,28.0,,,,,,,,82.2,,56.46,,,1.55840978593272,19.26,,70.6498574485923,,0.0,23.6960782990415,,,,,,,,,,,,,,,,,5.65406425236623,0.0,,0.0,,False,,,,,,,,94.3459357476338,,3.367295829986474
UCDV1_00649,Luo et al. (2025) open GitHub UCS benchmark,10.1007/s42452-025-07766-9,geopolymer_ash_cementitious,UCS,17040.0,,,28.0,,,,,,,,82.2,,56.46,,,1.55840978593272,19.26,,65.8202715655399,,0.0,27.5952840707445,,,,,,,,,,,,,,,,,6.58444436371563,0.0,,0.0,,False,,,,,,,,93.4155556362844,,3.367295829986474
UCDV1_00650,Luo et al. (2025) open GitHub UCS benchmark,10.1007/s42452-025-07766-9,geopolymer_ash_cementitious,UCS,15860.0,,,28.0,,,,,,,,37.7,,14.07,,,1.68827726809378,19.05,,80.6033102463929,,0.0,16.92635662461,,,,,,,,,,,,,,,,,2.47033312899714,0.0,,0.0,,False,,,,,,,,97.52966687100289,,3.367295829986474
UCDV1_00651,Luo et al. (2025) open GitHub UCS benchmark,10.1007/s42452-025-07766-9,geopolymer_ash_cementitious,UCS,18920.0,,,28.0,,,,,,,,37.7,,14.07,,,1.68827726809378,19.05,,77.5932075006386,,0.0,19.5530972282163,,,,,,,,,,,,,,,,,2.85369527114509,0.0,,0.0,,False,,,,,,,,97.1463047288549,,3.367295829986474
UCDV1_00652,Luo et al. (2025) open GitHub UCS benchmark,10.1007/s42452-025-07766-9,geopolymer_ash_cementitious,UCS,19460.0,,,28.0,,,,,,,,37.7,,14.07,,,1.68827726809378,19.05,,74.7998335838067,,0.0,21.990711259414,,,,,,,,,,,,,,,,,3.20945515677934,0.0,,0.0,,False,,,,,,,,96.7905448432207,,3.367295829986474
UCDV1_00653,Luo et al. (2025) open GitHub UCS benchmark,10.1007/s42452-025-07766-9,geopolymer_ash_cementitious,UCS,22030.0,,,28.0,,,,,,,,37.7,,14.07,,,1.68827726809378,19.05,,72.2005949990575,,0.0,24.2589147413885,,,,,,,,,,,,,,,,,3.540490259554,0.0,,0.0,,False,,,,,,,,96.45950974044601,,3.367295829986474
UCDV1_00654,Luo et al. (2025) open GitHub UCS benchmark,10.1007/s42452-025-07766-9,geopolymer_ash_cementitious,UCS,23480.0,,,28.0,,,,,,,,37.7,,14.07,,,1.68827726809378,19.05,,67.5088316206503,,0.0,28.3531422178288,,,,,,,,,,,,,,,,,4.13802616152095,0.0,,0.0,,False,,,,,,,,95.8619738384791,,3.367295829986474
UCDV1_00655,Luo et al. (2025) open GitHub UCS benchmark,10.1007/s42452-025-07766-9,geopolymer_ash_cementitious,UCS,17250.0,,,28.0,,,,,,,,37.7,,14.07,,,1.68827726809378,19.05,,79.7279564151063,,0.0,16.7425359964524,,,,,,,,,,,,,,,,,3.52950758844131,0.0,,0.0,,False,,,,,,,,96.47049241155871,,3.367295829986474
UCDV1_00656,Luo et al. (2025) open GitHub UCS benchmark,10.1007/s42452-025-07766-9,geopolymer_ash_cementitious,UCS,18980.0,,,28.0,,,,,,,,37.7,,14.07,,,1.68827726809378,19.05,,76.6214112387695,,0.0,19.3082094679806,,,,,,,,,,,,,,,,,4.07037929324995,0.0,,0.0,,False,,,,,,,,95.9296207067501,,3.367295829986474
UCDV1_00657,Luo et al. (2025) open GitHub UCS benchmark,10.1007/s42452-025-07766-9,geopolymer_ash_cementitious,UCS,20720.0,,,28.0,,,,,,,,37.7,,14.07,,,1.68827726809378,19.05,,73.7478758046829,,0.0,21.6814418577396,,,,,,,,,,,,,,,,,4.57068233757754,0.0,,0.0,,False,,,,,,,,95.4293176624225,,3.367295829986474
UCDV1_00658,Luo et al. (2025) open GitHub UCS benchmark,10.1007/s42452-025-07766-9,geopolymer_ash_cementitious,UCS,22380.0,,,28.0,,,,,,,,37.7,,14.07,,,1.68827726809378,19.05,,71.0820820255453,,0.0,23.8831018985452,,,,,,,,,,,,,,,,,5.03481607590953,0.0,,0.0,,False,,,,,,,,94.9651839240905,,3.367295829986474
UCDV1_00659,Luo et al. (2025) open GitHub UCS benchmark,10.1007/s42452-025-07766-9,geopolymer_ash_cementitious,UCS,24260.0,,,28.0,,,,,,,,37.7,,14.07,,,1.68827726809378,19.05,,66.2896829875769,,0.0,27.8411100325816,,,,,,,,,,,,,,,,,5.86920697984153,0.0,,0.0,,False,,,,,,,,94.13079302015849,,3.367295829986474
UCDV1_00660,Luo et al. (2025) open GitHub UCS benchmark,10.1007/s42452-025-07766-9,geopolymer_ash_cementitious,UCS,14000.0,,,28.0,,,,,,,,37.7,,14.07,,,1.68827726809378,19.05,,80.3416138456545,,0.0,16.8714014795578,,,,,,,,,,,,,,,,,2.78698467478772,0.0,,0.0,,False,,,,,,,,97.21301532521231,,3.367295829986474
UCDV1_00661,Luo et al. (2025) open GitHub UCS benchmark,10.1007/s42452-025-07766-9,geopolymer_ash_cementitious,UCS,17140.0,,,28.0,,,,,,,,37.7,,14.07,,,1.68827726809378,19.05,,77.3023355210435,,0.0,19.4797989553239,,,,,,,,,,,,,,,,,3.21786552363261,0.0,,0.0,,False,,,,,,,,96.7821344763674,,3.367295829986474
UCDV1_00662,Luo et al. (2025) open GitHub UCS benchmark,10.1007/s42452-025-07766-9,geopolymer_ash_cementitious,UCS,20410.0,,,28.0,,,,,,,,37.7,,14.07,,,1.68827726809378,19.05,,74.4846238526298,,0.0,21.8980414518441,,,,,,,,,,,,,,,,,3.61733469552615,0.0,,0.0,,False,,,,,,,,96.3826653044739,,3.367295829986474
UCDV1_00663,Luo et al. (2025) open GitHub UCS benchmark,10.1007/s42452-025-07766-9,geopolymer_ash_cementitious,UCS,21890.0,,,28.0,,,,,,,,37.7,,14.07,,,1.68827726809378,19.05,,71.8651022583566,,0.0,24.1461914349791,,,,,,,,,,,,,,,,,3.98870630666427,0.0,,0.0,,False,,,,,,,,96.0112936933357,,3.367295829986474
UCDV1_00664,Luo et al. (2025) open GitHub UCS benchmark,10.1007/s42452-025-07766-9,geopolymer_ash_cementitious,UCS,22710.0,,,28.0,,,,,,,,37.7,,14.07,,,1.68827726809378,19.05,,67.1424848919682,,0.0,28.1992796690333,,,,,,,,,,,,,,,,,4.65823543899853,0.0,,0.0,,False,,,,,,,,95.3417645610015,,3.367295829986474
UCDV1_00665,Luo et al. (2025) open GitHub UCS benchmark,10.1007/s42452-025-07766-9,geopolymer_ash_cementitious,UCS,11460.0,,,28.0,,,,,,,,37.7,,14.07,,,1.68827726809378,19.05,,79.3586303496692,,0.0,16.6649790738491,,,,,,,,,,,,,,,,,3.97639057648171,0.0,,0.0,,False,,,,,,,,96.0236094235183,,3.367295829986474
UCDV1_00666,Luo et al. (2025) open GitHub UCS benchmark,10.1007/s42452-025-07766-9,geopolymer_ash_cementitious,UCS,14330.0,,,28.0,,,,,,,,37.7,,14.07,,,1.68827726809378,19.05,,76.212374751326,,0.0,19.2051343346474,,,,,,,,,,,,,,,,,4.58249091402664,0.0,,0.0,,False,,,,,,,,95.41750908597339,,3.367295829986474
UCDV1_00667,Luo et al. (2025) open GitHub UCS benchmark,10.1007/s42452-025-07766-9,geopolymer_ash_cementitious,UCS,16580.0,,,28.0,,,,,,,,37.7,,14.07,,,1.68827726809378,19.05,,73.3060788638862,,0.0,21.5515561548594,,,,,,,,,,,,,,,,,5.14236498125443,0.0,,0.0,,False,,,,,,,,94.8576350187456,,3.367295829986474
UCDV1_00668,Luo et al. (2025) open GitHub UCS benchmark,10.1007/s42452-025-07766-9,geopolymer_ash_cementitious,UCS,18080.0,,,28.0,,,,,,,,37.7,,14.07,,,1.68827726809378,19.05,,70.6132990964002,,0.0,23.7255939845108,,,,,,,,,,,,,,,,,5.66110691908897,0.0,,0.0,,False,,,,,,,,94.33889308091099,,3.367295829986474
UCDV1_00669,Luo et al. (2025) open GitHub UCS benchmark,10.1007/s42452-025-07766-9,geopolymer_ash_cementitious,UCS,18640.0,,,28.0,,,,,,,,37.7,,14.07,,,1.68827726809378,19.05,,65.7806112278762,,0.0,27.6273041696247,,,,,,,,,,,,,,,,,6.59208460249905,0.0,,0.0,,False,,,,,,,,93.40791539750089,,3.367295829986474
UCDV1_00670,Luo et al. (2025) open GitHub UCS benchmark,10.1007/s42452-025-07766-9,geopolymer_ash_cementitious,UCS,11580.0,,,28.0,,,,,,,,37.7,,14.07,,,1.68827726809378,19.05,,82.7269568670273,,0.0,13.8978507966447,,,,,,,,,,,,,,,,,3.37519233632799,0.0,,0.0,,False,,,,,,,,96.624807663672,,3.367295829986474
UCDV1_00671,Luo et al. (2025) open GitHub UCS benchmark,10.1007/s42452-025-07766-9,geopolymer_ash_cementitious,UCS,11610.0,,,28.0,,,,,,,,37.7,,14.07,,,1.68827726809378,19.05,,82.7269568670273,,0.0,13.8978507966447,,,,,,,,,,,,,,,,,3.20643271951159,0.168759616816399,,0.0,,False,,,,,,,,96.624807663672,,3.367295829986474
UCDV1_00672,Luo et al. (2025) open GitHub UCS benchmark,10.1007/s42452-025-07766-9,geopolymer_ash_cementitious,UCS,12160.0,,,28.0,,,,,,,,37.7,,14.07,,,1.68827726809378,19.05,,82.7269568670273,,0.0,13.8978507966447,,,,,,,,,,,,,,,,,3.03767310269519,0.337519233632799,,0.0,,False,,,,,,,,96.624807663672,,3.367295829986474
UCDV1_00673,Luo et al. (2025) open GitHub UCS benchmark,10.1007/s42452-025-07766-9,geopolymer_ash_cementitious,UCS,12000.0,,,28.0,,,,,,,,37.7,,14.07,,,1.68827726809378,19.05,,82.7269568670273,,0.0,13.8978507966447,,,,,,,,,,,,,,,,,2.86891348587879,0.506278850449198,,0.0,,False,,,,,,,,96.624807663672,,3.367295829986474
UCDV1_00674,Luo et al. (2025) open GitHub UCS benchmark,10.1007/s42452-025-07766-9,geopolymer_ash_cementitious,UCS,12470.0,,,28.0,,,,,,,,37.7,,14.07,,,1.68827726809378,19.05,,82.7269568670273,,0.0,13.8978507966447,,,,,,,,,,,,,,,,,2.70015386906239,0.675038467265598,,0.0,,False,,,,,,,,96.624807663672,,3.367295829986474
UCDV1_00675,Luo et al. (2025) open GitHub UCS benchmark,10.1007/s42452-025-07766-9,geopolymer_ash_cementitious,UCS,12620.0,,,28.0,,,,,,,,37.7,,14.07,,,1.68827726809378,19.05,,82.7269568670273,,0.0,13.8978507966447,,,,,,,,,,,,,,,,,2.53139425224599,0.843798084081997,,0.0,,False,,,,,,,,96.624807663672,,3.367295829986474
UCDV1_00676,Luo et al. (2025) open GitHub UCS benchmark,10.1007/s42452-025-07766-9,geopolymer_ash_cementitious,UCS,13050.0,,,28.0,,,,,,,,37.7,,14.07,,,1.68827726809378,19.05,,82.7269568670273,,0.0,13.8978507966447,,,,,,,,,,,,,,,,,2.02511540179679,1.3500769345312,,0.0,,False,,,,,,,,96.624807663672,,3.367295829986474
UCDV1_00677,Luo et al. (2025) open GitHub UCS benchmark,10.1007/s42452-025-07766-9,geopolymer_ash_cementitious,UCS,13370.0,,,28.0,,,,,,,,37.7,,14.07,,,1.68827726809378,19.05,,82.7269568670273,,0.0,13.8978507966447,,,,,,,,,,,,,,,,,1.51883655134759,1.85635578498039,,0.0,,False,,,,,,,,96.624807663672,,3.367295829986474
UCDV1_00678,Luo et al. (2025) open GitHub UCS benchmark,10.1007/s42452-025-07766-9,geopolymer_ash_cementitious,UCS,14320.0,,,28.0,,,,,,,,37.7,,14.07,,,1.68827726809378,19.05,,82.7269568670273,,0.0,13.8978507966447,,,,,,,,,,,,,,,,,1.1813173177148,2.19387501861319,,0.0,,False,,,,,,,,96.624807663672,,3.367295829986474
UCDV1_00679,Luo et al. (2025) open GitHub UCS benchmark,10.1007/s42452-025-07766-9,geopolymer_ash_cementitious,UCS,15570.0,,,28.0,,,,,,,,37.7,,14.07,,,1.68827726809378,19.05,,82.7269568670273,,0.0,13.8978507966447,,,,,,,,,,,,,,,,,0.843798084081997,2.53139425224599,,0.0,,False,,,,,,,,96.624807663672,,3.367295829986474
UCDV1_00680,Luo et al. (2025) open GitHub UCS benchmark,10.1007/s42452-025-07766-9,geopolymer_ash_cementitious,UCS,17550.0,,,28.0,,,,,,,,37.7,,14.07,,,1.68827726809378,19.05,,82.7269568670273,,0.0,13.8978507966447,,,,,,,,,,,,,,,,,3.37519233632799,0.0,,0.0,,False,,,,,,,,96.624807663672,,3.367295829986474
UCDV1_00681,Luo et al. (2025) open GitHub UCS benchmark,10.1007/s42452-025-07766-9,geopolymer_ash_cementitious,UCS,18330.0,,,28.0,,,,,,,,37.7,,14.07,,,1.68827726809378,19.05,,82.7269568670273,,0.0,13.8978507966447,,,,,,,,,,,,,,,,,3.37519233632799,0.0,,0.0,,False,,,,,,,,96.624807663672,,3.367295829986474
UCDV1_00682,Luo et al. (2025) open GitHub UCS benchmark,10.1007/s42452-025-07766-9,geopolymer_ash_cementitious,UCS,18310.0,,,28.0,,,,,,,,37.7,,14.07,,,1.68827726809378,19.05,,82.7269568670273,,0.0,13.8978507966447,,,,,,,,,,,,,,,,,3.37519233632799,0.0,,0.0,,False,,,,,,,,96.624807663672,,3.367295829986474
UCDV1_00683,Luo et al. (2025) open GitHub UCS benchmark,10.1007/s42452-025-07766-9,geopolymer_ash_cementitious,UCS,12350.0,,,28.0,,,,,,,,37.7,,14.07,,,1.68827726809378,19.05,,83.0970504730373,,0.0,13.9600252789647,,,,,,,,,,,,,,,,,2.94292424799796,0.0,,0.0,,False,,,,,,,,97.05707575200199,,3.367295829986474
UCDV1_00684,Luo et al. (2025) open GitHub UCS benchmark,10.1007/s42452-025-07766-9,geopolymer_ash_cementitious,UCS,13030.0,,,28.0,,,,,,,,37.7,,14.07,,,1.68827726809378,19.05,,83.0970504730373,,0.0,13.9600252789647,,,,,,,,,,,,,,,,,2.79577803559806,0.147146212399898,,0.0,,False,,,,,,,,97.05707575200199,,3.367295829986474
UCDV1_00685,Luo et al. (2025) open GitHub UCS benchmark,10.1007/s42452-025-07766-9,geopolymer_ash_cementitious,UCS,13600.0,,,28.0,,,,,,,,37.7,,14.07,,,1.68827726809378,19.05,,83.0970504730373,,0.0,13.9600252789647,,,,,,,,,,,,,,,,,2.64863182319817,0.294292424799796,,0.0,,False,,,,,,,,97.05707575200199,,3.367295829986474
UCDV1_00686,Luo et al. (2025) open GitHub UCS benchmark,10.1007/s42452-025-07766-9,geopolymer_ash_cementitious,UCS,14240.0,,,28.0,,,,,,,,37.7,,14.07,,,1.68827726809378,19.05,,83.0970504730373,,0.0,13.9600252789647,,,,,,,,,,,,,,,,,2.50148561079827,0.441438637199694,,0.0,,False,,,,,,,,97.05707575200199,,3.367295829986474
UCDV1_00687,Luo et al. (2025) open GitHub UCS benchmark,10.1007/s42452-025-07766-9,geopolymer_ash_cementitious,UCS,14700.0,,,28.0,,,,,,,,37.7,,14.07,,,1.68827726809378,19.05,,83.0970504730373,,0.0,13.9600252789647,,,,,,,,,,,,,,,,,2.35433939839837,0.588584849599592,,0.0,,False,,,,,,,,97.05707575200199,,3.367295829986474
UCDV1_00688,Luo et al. (2025) open GitHub UCS benchmark,10.1007/s42452-025-07766-9,geopolymer_ash_cementitious,UCS,15010.0,,,28.0,,,,,,,,37.7,,14.07,,,1.68827726809378,19.05,,83.0970504730373,,0.0,13.9600252789647,,,,,,,,,,,,,,,,,2.20719318599847,0.73573106199949,,0.0,,False,,,,,,,,97.05707575200199,,3.367295829986474
UCDV1_00689,Luo et al. (2025) open GitHub UCS benchmark,10.1007/s42452-025-07766-9,geopolymer_ash_cementitious,UCS,14930.0,,,28.0,,,,,,,,37.7,,14.07,,,1.68827726809378,19.05,,83.0970504730373,,0.0,13.9600252789647,,,,,,,,,,,,,,,,,1.76575454879878,1.17716969919918,,0.0,,False,,,,,,,,97.05707575200199,,3.367295829986474
UCDV1_00690,Luo et al. (2025) open GitHub UCS benchmark,10.1007/s42452-025-07766-9,geopolymer_ash_cementitious,UCS,15270.0,,,28.0,,,,,,,,37.7,,14.07,,,1.68827726809378,19.05,,83.0970504730373,,0.0,13.9600252789647,,,,,,,,,,,,,,,,,1.32431591159908,1.61860833639888,,0.0,,False,,,,,,,,97.05707575200199,,3.367295829986474
UCDV1_00691,Luo et al. (2025) open GitHub UCS benchmark,10.1007/s42452-025-07766-9,geopolymer_ash_cementitious,UCS,14720.0,,,28.0,,,,,,,,37.7,,14.07,,,1.68827726809378,19.05,,83.0970504730373,,0.0,13.9600252789647,,,,,,,,,,,,,,,,,1.03002348679929,1.91290076119868,,0.0,,False,,,,,,,,97.05707575200199,,3.367295829986474
UCDV1_00692,Luo et al. (2025) open GitHub UCS benchmark,10.1007/s42452-025-07766-9,geopolymer_ash_cementitious,UCS,13380.0,,,28.0,,,,,,,,37.7,,14.07,,,1.68827726809378,19.05,,83.0970504730373,,0.0,13.9600252789647,,,,,,,,,,,,,,,,,0.73573106199949,2.20719318599847,,0.0,,False,,,,,,,,97.05707575200199,,3.367295829986474
UCDV1_00693,Luo et al. (2025) open GitHub UCS benchmark,10.1007/s42452-025-07766-9,geopolymer_ash_cementitious,UCS,12570.0,,,28.0,,,,,,,,37.7,,14.07,,,1.68827726809378,19.05,,82.77584393524,,0.0,13.9060636598471,,,,,,,,,,,,,,,,,3.31809240491289,0.0,,0.0,,False,,,,,,,,96.6819075950871,,3.367295829986474
UCDV1_00694,Luo et al. (2025) open GitHub UCS benchmark,10.1007/s42452-025-07766-9,geopolymer_ash_cementitious,UCS,13540.0,,,28.0,,,,,,,,37.7,,14.07,,,1.68827726809378,19.05,,82.77584393524,,0.0,13.9060636598471,,,,,,,,,,,,,,,,,3.15218778466724,0.165904620245644,,0.0,,False,,,,,,,,96.6819075950871,,3.367295829986474
UCDV1_00695,Luo et al. (2025) open GitHub UCS benchmark,10.1007/s42452-025-07766-9,geopolymer_ash_cementitious,UCS,13380.0,,,28.0,,,,,,,,37.7,,14.07,,,1.68827726809378,19.05,,82.77584393524,,0.0,13.9060636598471,,,,,,,,,,,,,,,,,2.9862831644216,0.331809240491289,,0.0,,False,,,,,,,,96.6819075950871,,3.367295829986474
UCDV1_00696,Luo et al. (2025) open GitHub UCS benchmark,10.1007/s42452-025-07766-9,geopolymer_ash_cementitious,UCS,13730.0,,,28.0,,,,,,,,37.7,,14.07,,,1.68827726809378,19.05,,82.77584393524,,0.0,13.9060636598471,,,,,,,,,,,,,,,,,2.82037854417596,0.497713860736933,,0.0,,False,,,,,,,,96.6819075950871,,3.367295829986474
UCDV1_00697,Luo et al. (2025) open GitHub UCS benchmark,10.1007/s42452-025-07766-9,geopolymer_ash_cementitious,UCS,13700.0,,,28.0,,,,,,,,37.7,,14.07,,,1.68827726809378,19.05,,82.77584393524,,0.0,13.9060636598471,,,,,,,,,,,,,,,,,2.65447392393031,0.663618480982578,,0.0,,False,,,,,,,,96.6819075950871,,3.367295829986474
UCDV1_00698,Luo et al. (2025) open GitHub UCS benchmark,10.1007/s42452-025-07766-9,geopolymer_ash_cementitious,UCS,14010.0,,,28.0,,,,,,,,37.7,,14.07,,,1.68827726809378,19.05,,82.77584393524,,0.0,13.9060636598471,,,,,,,,,,,,,,,,,2.48856930368467,0.829523101228222,,0.0,,False,,,,,,,,96.6819075950871,,3.367295829986474
UCDV1_00699,Luo et al. (2025) open GitHub UCS benchmark,10.1007/s42452-025-07766-9,geopolymer_ash_cementitious,UCS,14060.0,,,28.0,,,,,,,,37.7,,14.07,,,1.68827726809378,19.05,,82.77584393524,,0.0,13.9060636598471,,,,,,,,,,,,,,,,,1.99085544294773,1.32723696196516,,0.0,,False,,,,,,,,96.6819075950871,,3.367295829986474
UCDV1_00700,Luo et al. (2025) open GitHub UCS benchmark,10.1007/s42452-025-07766-9,geopolymer_ash_cementitious,UCS,14030.0,,,28.0,,,,,,,,37.7,,14.07,,,1.68827726809378,19.05,,82.77584393524,,0.0,13.9060636598471,,,,,,,,,,,,,,,,,1.4931415822108,1.82495082270209,,0.0,,False,,,,,,,,96.6819075950871,,3.367295829986474
UCDV1_00701,Luo et al. (2025) open GitHub UCS benchmark,10.1007/s42452-025-07766-9,geopolymer_ash_cementitious,UCS,14650.0,,,28.0,,,,,,,,37.7,,14.07,,,1.68827726809378,19.05,,82.77584393524,,0.0,13.9060636598471,,,,,,,,,,,,,,,,,1.16133234171951,2.15676006319338,,0.0,,False,,,,,,,,96.6819075950871,,3.367295829986474
UCDV1_00702,Luo et al. (2025) open GitHub UCS benchmark,10.1007/s42452-025-07766-9,geopolymer_ash_cementitious,UCS,14820.0,,,28.0,,,,,,,,37.7,,14.07,,,1.68827726809378,19.05,,82.77584393524,,0.0,13.9060636598471,,,,,,,,,,,,,,,,,0.829523101228222,2.48856930368467,,0.0,,False,,,,,,,,96.6819075950871,,3.367295829986474
UCDV1_00703,Mendeley 55v6f5yb89 - ASM geopolymer activator soil stabilization,10.17632/55v6f5yb89.1,alkali_activated_geopolymer,UCS,2240.0,,,3.0,,,,,,,,,,,,,,,,,,,,,,,,,,,,,,,,,,,,,,0.075,,,False,,,,,,,,0.0,,1.3862943611198906
UCDV1_00704,Mendeley 55v6f5yb89 - ASM geopolymer activator soil stabilization,10.17632/55v6f5yb89.1,alkali_activated_geopolymer,UCS,1069.0,,,3.0,,,,,,,,,,,,,,,,,,,,,,,,,,,,,,,,,,,,,,0.05,,,False,,,,,,,,0.0,,1.3862943611198906
UCDV1_00705,Mendeley 55v6f5yb89 - ASM geopolymer activator soil stabilization,10.17632/55v6f5yb89.1,alkali_activated_geopolymer,UCS,629.0,,,3.0,,,,,,,,,,,,,,,,,,,,,,,,,,,,,,,,,,,,,,0.025,,,False,,,,,,,,0.0,,1.3862943611198906
UCDV1_00706,Mendeley 55v6f5yb89 - ASM geopolymer activator soil stabilization,10.17632/55v6f5yb89.1,alkali_activated_geopolymer,UCS,3110.0,,,7.0,,,,,,,,,,,,,,,,,,,,,,,,,,,,,,,,,,,,,,0.075,,,False,,,,,,,,0.0,,2.0794415416798357
UCDV1_00707,Mendeley 55v6f5yb89 - ASM geopolymer activator soil stabilization,10.17632/55v6f5yb89.1,alkali_activated_geopolymer,UCS,2421.0,,,7.0,,,,,,,,,,,,,,,,,,,,,,,,,,,,,,,,,,,,,,0.05,,,False,,,,,,,,0.0,,2.0794415416798357
UCDV1_00708,Mendeley 55v6f5yb89 - ASM geopolymer activator soil stabilization,10.17632/55v6f5yb89.1,alkali_activated_geopolymer,UCS,1981.0,,,7.0,,,,,,,,,,,,,,,,,,,,,,,,,,,,,,,,,,,,,,0.025,,,False,,,,,,,,0.0,,2.0794415416798357
UCDV1_00709,Mendeley 55v6f5yb89 - ASM geopolymer activator soil stabilization,10.17632/55v6f5yb89.1,alkali_activated_geopolymer,UCS,3860.0,,,14.0,,,,,,,,,,,,,,,,,,,,,,,,,,,,,,,,,,,,,,0.075,,,False,,,,,,,,0.0,,2.70805020110221
UCDV1_00710,Mendeley 55v6f5yb89 - ASM geopolymer activator soil stabilization,10.17632/55v6f5yb89.1,alkali_activated_geopolymer,UCS,3707.0,,,14.0,,,,,,,,,,,,,,,,,,,,,,,,,,,,,,,,,,,,,,0.05,,,False,,,,,,,,0.0,,2.70805020110221
UCDV1_00711,Mendeley 55v6f5yb89 - ASM geopolymer activator soil stabilization,10.17632/55v6f5yb89.1,alkali_activated_geopolymer,UCS,3269.0,,,14.0,,,,,,,,,,,,,,,,,,,,,,,,,,,,,,,,,,,,,,0.025,,,False,,,,,,,,0.0,,2.70805020110221
UCDV1_00712,Mendeley 55v6f5yb89 - ASM geopolymer activator soil stabilization,10.17632/55v6f5yb89.1,alkali_activated_geopolymer,UCS,4362.0,,,28.0,,,,,,,,,,,,,,,,,,,,,,,,,,,,,,,,,,,,,,0.075,,,False,,,,,,,,0.0,,3.367295829986474
UCDV1_00713,Mendeley 55v6f5yb89 - ASM geopolymer activator soil stabilization,10.17632/55v6f5yb89.1,alkali_activated_geopolymer,UCS,4280.0,,,28.0,,,,,,,,,,,,,,,,,,,,,,,,,,,,,,,,,,,,,,0.05,,,False,,,,,,,,0.0,,3.367295829986474
UCDV1_00714,Mendeley 55v6f5yb89 - ASM geopolymer activator soil stabilization,10.17632/55v6f5yb89.1,alkali_activated_geopolymer,UCS,3680.0,,,28.0,,,,,,,,,,,,,,,,,,,,,,,,,,,,,,,,,,,,,,0.025,,,False,,,,,,,,0.0,,3.367295829986474
UCDV1_00715,Mendeley 55v6f5yb89 - ASM geopolymer activator soil stabilization,10.17632/55v6f5yb89.1,alkali_activated_geopolymer,UCS,2151.0,,,3.0,,,,,,,,,,,,,,,,,,,,,,,,,,,,,,,,,,,,,,0.075,,,False,,,,,,,,0.0,,1.3862943611198906
UCDV1_00716,Mendeley 55v6f5yb89 - ASM geopolymer activator soil stabilization,10.17632/55v6f5yb89.1,alkali_activated_geopolymer,UCS,1473.0,,,3.0,,,,,,,,,,,,,,,,,,,,,,,,,,,,,,,,,,,,,,0.05,,,False,,,,,,,,0.0,,1.3862943611198906
UCDV1_00717,Mendeley 55v6f5yb89 - ASM geopolymer activator soil stabilization,10.17632/55v6f5yb89.1,alkali_activated_geopolymer,UCS,469.0,,,3.0,,,,,,,,,,,,,,,,,,,,,,,,,,,,,,,,,,,,,,0.025,,,False,,,,,,,,0.0,,1.3862943611198906
UCDV1_00718,Mendeley 55v6f5yb89 - ASM geopolymer activator soil stabilization,10.17632/55v6f5yb89.1,alkali_activated_geopolymer,UCS,3017.0,,,7.0,,,,,,,,,,,,,,,,,,,,,,,,,,,,,,,,,,,,,,0.075,,,False,,,,,,,,0.0,,2.0794415416798357
UCDV1_00719,Mendeley 55v6f5yb89 - ASM geopolymer activator soil stabilization,10.17632/55v6f5yb89.1,alkali_activated_geopolymer,UCS,2507.0,,,7.0,,,,,,,,,,,,,,,,,,,,,,,,,,,,,,,,,,,,,,0.05,,,False,,,,,,,,0.0,,2.0794415416798357
UCDV1_00720,Mendeley 55v6f5yb89 - ASM geopolymer activator soil stabilization,10.17632/55v6f5yb89.1,alkali_activated_geopolymer,UCS,1744.0,,,7.0,,,,,,,,,,,,,,,,,,,,,,,,,,,,,,,,,,,,,,0.025,,,False,,,,,,,,0.0,,2.0794415416798357
UCDV1_00721,Mendeley 55v6f5yb89 - ASM geopolymer activator soil stabilization,10.17632/55v6f5yb89.1,alkali_activated_geopolymer,UCS,3843.0,,,14.0,,,,,,,,,,,,,,,,,,,,,,,,,,,,,,,,,,,,,,0.075,,,False,,,,,,,,0.0,,2.70805020110221
UCDV1_00722,Mendeley 55v6f5yb89 - ASM geopolymer activator soil stabilization,10.17632/55v6f5yb89.1,alkali_activated_geopolymer,UCS,3739.0,,,14.0,,,,,,,,,,,,,,,,,,,,,,,,,,,,,,,,,,,,,,0.05,,,False,,,,,,,,0.0,,2.70805020110221
UCDV1_00723,Mendeley 55v6f5yb89 - ASM geopolymer activator soil stabilization,10.17632/55v6f5yb89.1,alkali_activated_geopolymer,UCS,3233.0,,,14.0,,,,,,,,,,,,,,,,,,,,,,,,,,,,,,,,,,,,,,0.025,,,False,,,,,,,,0.0,,2.70805020110221
UCDV1_00724,Mendeley 55v6f5yb89 - ASM geopolymer activator soil stabilization,10.17632/55v6f5yb89.1,alkali_activated_geopolymer,UCS,4475.0,,,28.0,,,,,,,,,,,,,,,,,,,,,,,,,,,,,,,,,,,,,,0.075,,,False,,,,,,,,0.0,,3.367295829986474
UCDV1_00725,Mendeley 55v6f5yb89 - ASM geopolymer activator soil stabilization,10.17632/55v6f5yb89.1,alkali_activated_geopolymer,UCS,4374.0,,,28.0,,,,,,,,,,,,,,,,,,,,,,,,,,,,,,,,,,,,,,0.05,,,False,,,,,,,,0.0,,3.367295829986474
UCDV1_00726,Mendeley 55v6f5yb89 - ASM geopolymer activator soil stabilization,10.17632/55v6f5yb89.1,alkali_activated_geopolymer,UCS,3699.0,,,28.0,,,,,,,,,,,,,,,,,,,,,,,,,,,,,,,,,,,,,,0.025,,,False,,,,,,,,0.0,,3.367295829986474
UCDV1_00727,Mendeley 55v6f5yb89 - ASM geopolymer activator soil stabilization,10.17632/55v6f5yb89.1,alkali_activated_geopolymer,UCS,453.0,,,3.0,,,,,,,,,,,,,,,,,,,,,,,,,,,,,,,,,,,,,,0.075,,,False,,,,,,,,0.0,,1.3862943611198906
UCDV1_00728,Mendeley 55v6f5yb89 - ASM geopolymer activator soil stabilization,10.17632/55v6f5yb89.1,alkali_activated_geopolymer,UCS,239.0,,,3.0,,,,,,,,,,,,,,,,,,,,,,,,,,,,,,,,,,,,,,0.05,,,False,,,,,,,,0.0,,1.3862943611198906
UCDV1_00729,Mendeley 55v6f5yb89 - ASM geopolymer activator soil stabilization,10.17632/55v6f5yb89.1,alkali_activated_geopolymer,UCS,91.0,,,3.0,,,,,,,,,,,,,,,,,,,,,,,,,,,,,,,,,,,,,,0.025,,,False,,,,,,,,0.0,,1.3862943611198906
UCDV1_00730,Mendeley 55v6f5yb89 - ASM geopolymer activator soil stabilization,10.17632/55v6f5yb89.1,alkali_activated_geopolymer,UCS,1859.0,,,7.0,,,,,,,,,,,,,,,,,,,,,,,,,,,,,,,,,,,,,,0.075,,,False,,,,,,,,0.0,,2.0794415416798357
UCDV1_00731,Mendeley 55v6f5yb89 - ASM geopolymer activator soil stabilization,10.17632/55v6f5yb89.1,alkali_activated_geopolymer,UCS,1438.0,,,7.0,,,,,,,,,,,,,,,,,,,,,,,,,,,,,,,,,,,,,,0.05,,,False,,,,,,,,0.0,,2.0794415416798357
UCDV1_00732,Mendeley 55v6f5yb89 - ASM geopolymer activator soil stabilization,10.17632/55v6f5yb89.1,alkali_activated_geopolymer,UCS,796.0,,,7.0,,,,,,,,,,,,,,,,,,,,,,,,,,,,,,,,,,,,,,0.025,,,False,,,,,,,,0.0,,2.0794415416798357
UCDV1_00733,Mendeley 55v6f5yb89 - ASM geopolymer activator soil stabilization,10.17632/55v6f5yb89.1,alkali_activated_geopolymer,UCS,2835.0,,,14.0,,,,,,,,,,,,,,,,,,,,,,,,,,,,,,,,,,,,,,0.075,,,False,,,,,,,,0.0,,2.70805020110221
UCDV1_00734,Mendeley 55v6f5yb89 - ASM geopolymer activator soil stabilization,10.17632/55v6f5yb89.1,alkali_activated_geopolymer,UCS,2650.0,,,14.0,,,,,,,,,,,,,,,,,,,,,,,,,,,,,,,,,,,,,,0.05,,,False,,,,,,,,0.0,,2.70805020110221
UCDV1_00735,Mendeley 55v6f5yb89 - ASM geopolymer activator soil stabilization,10.17632/55v6f5yb89.1,alkali_activated_geopolymer,UCS,1935.0,,,14.0,,,,,,,,,,,,,,,,,,,,,,,,,,,,,,,,,,,,,,0.025,,,False,,,,,,,,0.0,,2.70805020110221
UCDV1_00736,Mendeley 55v6f5yb89 - ASM geopolymer activator soil stabilization,10.17632/55v6f5yb89.1,alkali_activated_geopolymer,UCS,3551.0,,,28.0,,,,,,,,,,,,,,,,,,,,,,,,,,,,,,,,,,,,,,0.075,,,False,,,,,,,,0.0,,3.367295829986474
UCDV1_00737,Mendeley 55v6f5yb89 - ASM geopolymer activator soil stabilization,10.17632/55v6f5yb89.1,alkali_activated_geopolymer,UCS,3289.0,,,28.0,,,,,,,,,,,,,,,,,,,,,,,,,,,,,,,,,,,,,,0.05,,,False,,,,,,,,0.0,,3.367295829986474
UCDV1_00738,Mendeley 55v6f5yb89 - ASM geopolymer activator soil stabilization,10.17632/55v6f5yb89.1,alkali_activated_geopolymer,UCS,3037.0,,,28.0,,,,,,,,,,,,,,,,,,,,,,,,,,,,,,,,,,,,,,0.025,,,False,,,,,,,,0.0,,3.367295829986474
UCDV1_00739,Mendeley 55v6f5yb89 - ASM geopolymer activator soil stabilization,10.17632/55v6f5yb89.1,alkali_activated_geopolymer,UCS,283.0,,,3.0,,,,,,,,,,,,,,,,,,,,,,,,,,,,,,,,,,,,,,0.075,,,False,,,,,,,,0.0,,1.3862943611198906
UCDV1_00740,Mendeley 55v6f5yb89 - ASM geopolymer activator soil stabilization,10.17632/55v6f5yb89.1,alkali_activated_geopolymer,UCS,158.0,,,3.0,,,,,,,,,,,,,,,,,,,,,,,,,,,,,,,,,,,,,,0.05,,,False,,,,,,,,0.0,,1.3862943611198906
UCDV1_00741,Mendeley 55v6f5yb89 - ASM geopolymer activator soil stabilization,10.17632/55v6f5yb89.1,alkali_activated_geopolymer,UCS,73.0,,,3.0,,,,,,,,,,,,,,,,,,,,,,,,,,,,,,,,,,,,,,0.025,,,False,,,,,,,,0.0,,1.3862943611198906
UCDV1_00742,Mendeley 55v6f5yb89 - ASM geopolymer activator soil stabilization,10.17632/55v6f5yb89.1,alkali_activated_geopolymer,UCS,1697.0,,,7.0,,,,,,,,,,,,,,,,,,,,,,,,,,,,,,,,,,,,,,0.075,,,False,,,,,,,,0.0,,2.0794415416798357
UCDV1_00743,Mendeley 55v6f5yb89 - ASM geopolymer activator soil stabilization,10.17632/55v6f5yb89.1,alkali_activated_geopolymer,UCS,1344.0,,,7.0,,,,,,,,,,,,,,,,,,,,,,,,,,,,,,,,,,,,,,0.05,,,False,,,,,,,,0.0,,2.0794415416798357
UCDV1_00744,Mendeley 55v6f5yb89 - ASM geopolymer activator soil stabilization,10.17632/55v6f5yb89.1,alkali_activated_geopolymer,UCS,231.4,,,7.0,,,,,,,,,,,,,,,,,,,,,,,,,,,,,,,,,,,,,,0.025,,,False,,,,,,,,0.0,,2.0794415416798357
UCDV1_00745,Mendeley 55v6f5yb89 - ASM geopolymer activator soil stabilization,10.17632/55v6f5yb89.1,alkali_activated_geopolymer,UCS,2393.0,,,14.0,,,,,,,,,,,,,,,,,,,,,,,,,,,,,,,,,,,,,,0.075,,,False,,,,,,,,0.0,,2.70805020110221
UCDV1_00746,Mendeley 55v6f5yb89 - ASM geopolymer activator soil stabilization,10.17632/55v6f5yb89.1,alkali_activated_geopolymer,UCS,2110.0,,,14.0,,,,,,,,,,,,,,,,,,,,,,,,,,,,,,,,,,,,,,0.05,,,False,,,,,,,,0.0,,2.70805020110221
UCDV1_00747,Mendeley 55v6f5yb89 - ASM geopolymer activator soil stabilization,10.17632/55v6f5yb89.1,alkali_activated_geopolymer,UCS,1616.0,,,14.0,,,,,,,,,,,,,,,,,,,,,,,,,,,,,,,,,,,,,,0.025,,,False,,,,,,,,0.0,,2.70805020110221
UCDV1_00748,Mendeley 55v6f5yb89 - ASM geopolymer activator soil stabilization,10.17632/55v6f5yb89.1,alkali_activated_geopolymer,UCS,2927.0,,,28.0,,,,,,,,,,,,,,,,,,,,,,,,,,,,,,,,,,,,,,0.075,,,False,,,,,,,,0.0,,3.367295829986474
UCDV1_00749,Mendeley 55v6f5yb89 - ASM geopolymer activator soil stabilization,10.17632/55v6f5yb89.1,alkali_activated_geopolymer,UCS,2789.0,,,28.0,,,,,,,,,,,,,,,,,,,,,,,,,,,,,,,,,,,,,,0.05,,,False,,,,,,,,0.0,,3.367295829986474
UCDV1_00750,Mendeley 55v6f5yb89 - ASM geopolymer activator soil stabilization,10.17632/55v6f5yb89.1,alkali_activated_geopolymer,UCS,2659.0,,,28.0,,,,,,,,,,,,,,,,,,,,,,,,,,,,,,,,,,,,,,0.025,,,False,,,,,,,,0.0,,3.367295829986474
UCDV1_00751,Mendeley 55v6f5yb89 - ASM geopolymer activator soil stabilization,10.17632/55v6f5yb89.1,alkali_activated_geopolymer,UCS,178.0,,,3.0,,,,,,,,,,,,,,,,,,,,,,,,,,,,,,,,,,,,,,0.075,,,False,,,,,,,,0.0,,1.3862943611198906
UCDV1_00754,Mendeley 55v6f5yb89 - ASM geopolymer activator soil stabilization,10.17632/55v6f5yb89.1,alkali_activated_geopolymer,UCS,342.0,,,7.0,,,,,,,,,,,,,,,,,,,,,,,,,,,,,,,,,,,,,,0.075,,,False,,,,,,,,0.0,,2.0794415416798357
UCDV1_00757,Mendeley 55v6f5yb89 - ASM geopolymer activator soil stabilization,10.17632/55v6f5yb89.1,alkali_activated_geopolymer,UCS,501.0,,,14.0,,,,,,,,,,,,,,,,,,,,,,,,,,,,,,,,,,,,,,0.075,,,False,,,,,,,,0.0,,2.70805020110221
UCDV1_00760,Mendeley 55v6f5yb89 - ASM geopolymer activator soil stabilization,10.17632/55v6f5yb89.1,alkali_activated_geopolymer,UCS,1208.0,,,28.0,,,,,,,,,,,,,,,,,,,,,,,,,,,,,,,,,,,,,,0.075,,,False,,,,,,,,0.0,,3.367295829986474
UCDV1_00763,Mendeley 55v6f5yb89 - ASM geopolymer activator soil stabilization,10.17632/55v6f5yb89.1,alkali_activated_geopolymer,UCS,1242.0,,,3.0,,,,,,,,,,,,,,,,,,,,,,,,,,,,,,,,,,,,,,0.075,,,False,,,,,,,,0.0,,1.3862943611198906
UCDV1_00764,Mendeley 55v6f5yb89 - ASM geopolymer activator soil stabilization,10.17632/55v6f5yb89.1,alkali_activated_geopolymer,UCS,132.0,,,3.0,,,,,,,,,,,,,,,,,,,,,,,,,,,,,,,,,,,,,,0.05,,,False,,,,,,,,0.0,,1.3862943611198906
UCDV1_00765,Mendeley 55v6f5yb89 - ASM geopolymer activator soil stabilization,10.17632/55v6f5yb89.1,alkali_activated_geopolymer,UCS,36.0,,,3.0,,,,,,,,,,,,,,,,,,,,,,,,,,,,,,,,,,,,,,0.025,,,False,,,,,,,,0.0,,1.3862943611198906
UCDV1_00766,Mendeley 55v6f5yb89 - ASM geopolymer activator soil stabilization,10.17632/55v6f5yb89.1,alkali_activated_geopolymer,UCS,2310.0,,,7.0,,,,,,,,,,,,,,,,,,,,,,,,,,,,,,,,,,,,,,0.075,,,False,,,,,,,,0.0,,2.0794415416798357
UCDV1_00767,Mendeley 55v6f5yb89 - ASM geopolymer activator soil stabilization,10.17632/55v6f5yb89.1,alkali_activated_geopolymer,UCS,1866.0,,,7.0,,,,,,,,,,,,,,,,,,,,,,,,,,,,,,,,,,,,,,0.05,,,False,,,,,,,,0.0,,2.0794415416798357
UCDV1_00768,Mendeley 55v6f5yb89 - ASM geopolymer activator soil stabilization,10.17632/55v6f5yb89.1,alkali_activated_geopolymer,UCS,286.0,,,7.0,,,,,,,,,,,,,,,,,,,,,,,,,,,,,,,,,,,,,,0.025,,,False,,,,,,,,0.0,,2.0794415416798357
UCDV1_00769,Mendeley 55v6f5yb89 - ASM geopolymer activator soil stabilization,10.17632/55v6f5yb89.1,alkali_activated_geopolymer,UCS,3533.0,,,14.0,,,,,,,,,,,,,,,,,,,,,,,,,,,,,,,,,,,,,,0.075,,,False,,,,,,,,0.0,,2.70805020110221
UCDV1_00770,Mendeley 55v6f5yb89 - ASM geopolymer activator soil stabilization,10.17632/55v6f5yb89.1,alkali_activated_geopolymer,UCS,3397.0,,,14.0,,,,,,,,,,,,,,,,,,,,,,,,,,,,,,,,,,,,,,0.05,,,False,,,,,,,,0.0,,2.70805020110221
UCDV1_00771,Mendeley 55v6f5yb89 - ASM geopolymer activator soil stabilization,10.17632/55v6f5yb89.1,alkali_activated_geopolymer,UCS,901.0,,,14.0,,,,,,,,,,,,,,,,,,,,,,,,,,,,,,,,,,,,,,0.025,,,False,,,,,,,,0.0,,2.70805020110221
UCDV1_00772,Mendeley 55v6f5yb89 - ASM geopolymer activator soil stabilization,10.17632/55v6f5yb89.1,alkali_activated_geopolymer,UCS,4256.0,,,28.0,,,,,,,,,,,,,,,,,,,,,,,,,,,,,,,,,,,,,,0.075,,,False,,,,,,,,0.0,,3.367295829986474
UCDV1_00773,Mendeley 55v6f5yb89 - ASM geopolymer activator soil stabilization,10.17632/55v6f5yb89.1,alkali_activated_geopolymer,UCS,4108.0,,,28.0,,,,,,,,,,,,,,,,,,,,,,,,,,,,,,,,,,,,,,0.05,,,False,,,,,,,,0.0,,3.367295829986474
UCDV1_00774,Mendeley 55v6f5yb89 - ASM geopolymer activator soil stabilization,10.17632/55v6f5yb89.1,alkali_activated_geopolymer,UCS,1510.0,,,28.0,,,,,,,,,,,,,,,,,,,,,,,,,,,,,,,,,,,,,,0.025,,,False,,,,,,,,0.0,,3.367295829986474
UCDV1_00775,Mendeley 55v6f5yb89 - ASM geopolymer activator soil stabilization,10.17632/55v6f5yb89.1,alkali_activated_geopolymer,UCS,351.0,,,3.0,,,,,,,,,,,,,,,,,,,,,,,,,,,,,,,,,,,,,,0.075,,,False,,,,,,,,0.0,,1.3862943611198906
UCDV1_00776,Mendeley 55v6f5yb89 - ASM geopolymer activator soil stabilization,10.17632/55v6f5yb89.1,alkali_activated_geopolymer,UCS,59.0,,,3.0,,,,,,,,,,,,,,,,,,,,,,,,,,,,,,,,,,,,,,0.05,,,False,,,,,,,,0.0,,1.3862943611198906
UCDV1_00777,Mendeley 55v6f5yb89 - ASM geopolymer activator soil stabilization,10.17632/55v6f5yb89.1,alkali_activated_geopolymer,UCS,41.0,,,3.0,,,,,,,,,,,,,,,,,,,,,,,,,,,,,,,,,,,,,,0.025,,,False,,,,,,,,0.0,,1.3862943611198906
UCDV1_00778,Mendeley 55v6f5yb89 - ASM geopolymer activator soil stabilization,10.17632/55v6f5yb89.1,alkali_activated_geopolymer,UCS,2121.0,,,7.0,,,,,,,,,,,,,,,,,,,,,,,,,,,,,,,,,,,,,,0.075,,,False,,,,,,,,0.0,,2.0794415416798357
UCDV1_00779,Mendeley 55v6f5yb89 - ASM geopolymer activator soil stabilization,10.17632/55v6f5yb89.1,alkali_activated_geopolymer,UCS,2019.0,,,7.0,,,,,,,,,,,,,,,,,,,,,,,,,,,,,,,,,,,,,,0.05,,,False,,,,,,,,0.0,,2.0794415416798357
UCDV1_00780,Mendeley 55v6f5yb89 - ASM geopolymer activator soil stabilization,10.17632/55v6f5yb89.1,alkali_activated_geopolymer,UCS,493.0,,,7.0,,,,,,,,,,,,,,,,,,,,,,,,,,,,,,,,,,,,,,0.025,,,False,,,,,,,,0.0,,2.0794415416798357
UCDV1_00781,Mendeley 55v6f5yb89 - ASM geopolymer activator soil stabilization,10.17632/55v6f5yb89.1,alkali_activated_geopolymer,UCS,3671.0,,,14.0,,,,,,,,,,,,,,,,,,,,,,,,,,,,,,,,,,,,,,0.075,,,False,,,,,,,,0.0,,2.70805020110221
UCDV1_00782,Mendeley 55v6f5yb89 - ASM geopolymer activator soil stabilization,10.17632/55v6f5yb89.1,alkali_activated_geopolymer,UCS,2013.0,,,14.0,,,,,,,,,,,,,,,,,,,,,,,,,,,,,,,,,,,,,,0.05,,,False,,,,,,,,0.0,,2.70805020110221
UCDV1_00783,Mendeley 55v6f5yb89 - ASM geopolymer activator soil stabilization,10.17632/55v6f5yb89.1,alkali_activated_geopolymer,UCS,1290.0,,,14.0,,,,,,,,,,,,,,,,,,,,,,,,,,,,,,,,,,,,,,0.025,,,False,,,,,,,,0.0,,2.70805020110221
UCDV1_00784,Mendeley 55v6f5yb89 - ASM geopolymer activator soil stabilization,10.17632/55v6f5yb89.1,alkali_activated_geopolymer,UCS,4453.0,,,28.0,,,,,,,,,,,,,,,,,,,,,,,,,,,,,,,,,,,,,,0.075,,,False,,,,,,,,0.0,,3.367295829986474
UCDV1_00785,Mendeley 55v6f5yb89 - ASM geopolymer activator soil stabilization,10.17632/55v6f5yb89.1,alkali_activated_geopolymer,UCS,4081.000000000001,,,28.0,,,,,,,,,,,,,,,,,,,,,,,,,,,,,,,,,,,,,,0.05,,,False,,,,,,,,0.0,,3.367295829986474
UCDV1_00786,Mendeley 55v6f5yb89 - ASM geopolymer activator soil stabilization,10.17632/55v6f5yb89.1,alkali_activated_geopolymer,UCS,1840.0,,,28.0,,,,,,,,,,,,,,,,,,,,,,,,,,,,,,,,,,,,,,0.025,,,False,,,,,,,,0.0,,3.367295829986474
UCDV1_00787,Mendeley 55v6f5yb89 - ASM geopolymer activator soil stabilization,10.17632/55v6f5yb89.1,alkali_activated_geopolymer,UCS,182.0,,,3.0,,,,,,,,,,,,,,,,,,,,,,,,,,,,,,,,,,,,,,0.075,,,False,,,,,,,,0.0,,1.3862943611198906
UCDV1_00788,Mendeley 55v6f5yb89 - ASM geopolymer activator soil stabilization,10.17632/55v6f5yb89.1,alkali_activated_geopolymer,UCS,71.0,,,3.0,,,,,,,,,,,,,,,,,,,,,,,,,,,,,,,,,,,,,,0.05,,,False,,,,,,,,0.0,,1.3862943611198906
UCDV1_00790,Mendeley 55v6f5yb89 - ASM geopolymer activator soil stabilization,10.17632/55v6f5yb89.1,alkali_activated_geopolymer,UCS,1523.0,,,7.0,,,,,,,,,,,,,,,,,,,,,,,,,,,,,,,,,,,,,,0.075,,,False,,,,,,,,0.0,,2.0794415416798357
UCDV1_00791,Mendeley 55v6f5yb89 - ASM geopolymer activator soil stabilization,10.17632/55v6f5yb89.1,alkali_activated_geopolymer,UCS,1105.0,,,7.0,,,,,,,,,,,,,,,,,,,,,,,,,,,,,,,,,,,,,,0.05,,,False,,,,,,,,0.0,,2.0794415416798357
UCDV1_00792,Mendeley 55v6f5yb89 - ASM geopolymer activator soil stabilization,10.17632/55v6f5yb89.1,alkali_activated_geopolymer,UCS,98.0,,,7.0,,,,,,,,,,,,,,,,,,,,,,,,,,,,,,,,,,,,,,0.025,,,False,,,,,,,,0.0,,2.0794415416798357
UCDV1_00793,Mendeley 55v6f5yb89 - ASM geopolymer activator soil stabilization,10.17632/55v6f5yb89.1,alkali_activated_geopolymer,UCS,2442.0,,,14.0,,,,,,,,,,,,,,,,,,,,,,,,,,,,,,,,,,,,,,0.075,,,False,,,,,,,,0.0,,2.70805020110221
UCDV1_00794,Mendeley 55v6f5yb89 - ASM geopolymer activator soil stabilization,10.17632/55v6f5yb89.1,alkali_activated_geopolymer,UCS,2121.0,,,14.0,,,,,,,,,,,,,,,,,,,,,,,,,,,,,,,,,,,,,,0.05,,,False,,,,,,,,0.0,,2.70805020110221
UCDV1_00795,Mendeley 55v6f5yb89 - ASM geopolymer activator soil stabilization,10.17632/55v6f5yb89.1,alkali_activated_geopolymer,UCS,387.0,,,14.0,,,,,,,,,,,,,,,,,,,,,,,,,,,,,,,,,,,,,,0.025,,,False,,,,,,,,0.0,,2.70805020110221
UCDV1_00796,Mendeley 55v6f5yb89 - ASM geopolymer activator soil stabilization,10.17632/55v6f5yb89.1,alkali_activated_geopolymer,UCS,3120.0,,,28.0,,,,,,,,,,,,,,,,,,,,,,,,,,,,,,,,,,,,,,0.075,,,False,,,,,,,,0.0,,3.367295829986474
UCDV1_00797,Mendeley 55v6f5yb89 - ASM geopolymer activator soil stabilization,10.17632/55v6f5yb89.1,alkali_activated_geopolymer,UCS,2920.0,,,28.0,,,,,,,,,,,,,,,,,,,,,,,,,,,,,,,,,,,,,,0.05,,,False,,,,,,,,0.0,,3.367295829986474
UCDV1_00798,Mendeley 55v6f5yb89 - ASM geopolymer activator soil stabilization,10.17632/55v6f5yb89.1,alkali_activated_geopolymer,UCS,728.0,,,28.0,,,,,,,,,,,,,,,,,,,,,,,,,,,,,,,,,,,,,,0.025,,,False,,,,,,,,0.0,,3.367295829986474
UCDV1_00799,Mendeley 55v6f5yb89 - ASM geopolymer activator soil stabilization,10.17632/55v6f5yb89.1,alkali_activated_geopolymer,UCS,134.0,,,3.0,,,,,,,,,,,,,,,,,,,,,,,,,,,,,,,,,,,,,,0.075,,,False,,,,,,,,0.0,,1.3862943611198906
UCDV1_00800,Mendeley 55v6f5yb89 - ASM geopolymer activator soil stabilization,10.17632/55v6f5yb89.1,alkali_activated_geopolymer,UCS,27.0,,,3.0,,,,,,,,,,,,,,,,,,,,,,,,,,,,,,,,,,,,,,0.05,,,False,,,,,,,,0.0,,1.3862943611198906
UCDV1_00802,Mendeley 55v6f5yb89 - ASM geopolymer activator soil stabilization,10.17632/55v6f5yb89.1,alkali_activated_geopolymer,UCS,1221.0,,,7.0,,,,,,,,,,,,,,,,,,,,,,,,,,,,,,,,,,,,,,0.075,,,False,,,,,,,,0.0,,2.0794415416798357
UCDV1_00803,Mendeley 55v6f5yb89 - ASM geopolymer activator soil stabilization,10.17632/55v6f5yb89.1,alkali_activated_geopolymer,UCS,1082.0,,,7.0,,,,,,,,,,,,,,,,,,,,,,,,,,,,,,,,,,,,,,0.05,,,False,,,,,,,,0.0,,2.0794415416798357
UCDV1_00805,Mendeley 55v6f5yb89 - ASM geopolymer activator soil stabilization,10.17632/55v6f5yb89.1,alkali_activated_geopolymer,UCS,2003.0,,,14.0,,,,,,,,,,,,,,,,,,,,,,,,,,,,,,,,,,,,,,0.075,,,False,,,,,,,,0.0,,2.70805020110221
UCDV1_00806,Mendeley 55v6f5yb89 - ASM geopolymer activator soil stabilization,10.17632/55v6f5yb89.1,alkali_activated_geopolymer,UCS,1565.0,,,14.0,,,,,,,,,,,,,,,,,,,,,,,,,,,,,,,,,,,,,,0.05,,,False,,,,,,,,0.0,,2.70805020110221
UCDV1_00808,Mendeley 55v6f5yb89 - ASM geopolymer activator soil stabilization,10.17632/55v6f5yb89.1,alkali_activated_geopolymer,UCS,2706.0,,,28.0,,,,,,,,,,,,,,,,,,,,,,,,,,,,,,,,,,,,,,0.075,,,False,,,,,,,,0.0,,3.367295829986474
UCDV1_00809,Mendeley 55v6f5yb89 - ASM geopolymer activator soil stabilization,10.17632/55v6f5yb89.1,alkali_activated_geopolymer,UCS,2379.0,,,28.0,,,,,,,,,,,,,,,,,,,,,,,,,,,,,,,,,,,,,,0.05,,,False,,,,,,,,0.0,,3.367295829986474
UCDV1_00823,Mendeley 55v6f5yb89 - ASM geopolymer activator soil stabilization,10.17632/55v6f5yb89.1,alkali_activated_geopolymer,UCS,162.0,,,2.0,,,,,,,,,,,,,,,,,,,0.25,,,,,,,,,,,,,,,,,,,0.25,,,False,,,,,,,,0.25,,1.0986122886681098
UCDV1_00824,Mendeley 55v6f5yb89 - ASM geopolymer activator soil stabilization,10.17632/55v6f5yb89.1,alkali_activated_geopolymer,UCS,92.0,,,2.0,,,,,,,,,,,,,,,,,,,0.2,,,,,,,,,,,,,,,,,,,0.2,,,False,,,,,,,,0.2,,1.0986122886681098
UCDV1_00825,Mendeley 55v6f5yb89 - ASM geopolymer activator soil stabilization,10.17632/55v6f5yb89.1,alkali_activated_geopolymer,UCS,59.0,,,2.0,,,,,,,,,,,,,,,,,,,0.15,,,,,,,,,,,,,,,,,,,0.15,,,False,,,,,,,,0.15,,1.0986122886681098
UCDV1_00826,Mendeley 55v6f5yb89 - ASM geopolymer activator soil stabilization,10.17632/55v6f5yb89.1,alkali_activated_geopolymer,UCS,52.0,,,2.0,,,,,,,,,,,,,,,,,,,0.125,,,,,,,,,,,,,,,,,,,0.125,,,False,,,,,,,,0.125,,1.0986122886681098
UCDV1_00827,Mendeley 55v6f5yb89 - ASM geopolymer activator soil stabilization,10.17632/55v6f5yb89.1,alkali_activated_geopolymer,UCS,46.0,,,2.0,,,,,,,,,,,,,,,,,,,0.1,,,,,,,,,,,,,,,,,,,0.1,,,False,,,,,,,,0.1,,1.0986122886681098
UCDV1_00828,Mendeley 55v6f5yb89 - ASM geopolymer activator soil stabilization,10.17632/55v6f5yb89.1,alkali_activated_geopolymer,UCS,9.0,,,2.0,,,,,,,,,,,,,,,,,,,0.075,,,,,,,,,,,,,,,,,,,0.075,,,False,,,,,,,,0.075,,1.0986122886681098
UCDV1_00829,Mendeley 55v6f5yb89 - ASM geopolymer activator soil stabilization,10.17632/55v6f5yb89.1,alkali_activated_geopolymer,UCS,5.0,,,2.0,,,,,,,,,,,,,,,,,,,0.025,,,,,,,,,,,,,,,,,,,0.025,,,False,,,,,,,,0.025,,1.0986122886681098
UCDV1_00830,Mendeley 55v6f5yb89 - ASM geopolymer activator soil stabilization,10.17632/55v6f5yb89.1,alkali_activated_geopolymer,UCS,903.0,,,3.0,,,,,,,,,,,,,,,,,,,0.25,,,,,,,,,,,,,,,,,,,0.25,,,False,,,,,,,,0.25,,1.3862943611198906
UCDV1_00831,Mendeley 55v6f5yb89 - ASM geopolymer activator soil stabilization,10.17632/55v6f5yb89.1,alkali_activated_geopolymer,UCS,550.0,,,3.0,,,,,,,,,,,,,,,,,,,0.2,,,,,,,,,,,,,,,,,,,0.2,,,False,,,,,,,,0.2,,1.3862943611198906
UCDV1_00832,Mendeley 55v6f5yb89 - ASM geopolymer activator soil stabilization,10.17632/55v6f5yb89.1,alkali_activated_geopolymer,UCS,402.0,,,3.0,,,,,,,,,,,,,,,,,,,0.15,,,,,,,,,,,,,,,,,,,0.15,,,False,,,,,,,,0.15,,1.3862943611198906
UCDV1_00833,Mendeley 55v6f5yb89 - ASM geopolymer activator soil stabilization,10.17632/55v6f5yb89.1,alkali_activated_geopolymer,UCS,194.0,,,3.0,,,,,,,,,,,,,,,,,,,0.125,,,,,,,,,,,,,,,,,,,0.125,,,False,,,,,,,,0.125,,1.3862943611198906
UCDV1_00834,Mendeley 55v6f5yb89 - ASM geopolymer activator soil stabilization,10.17632/55v6f5yb89.1,alkali_activated_geopolymer,UCS,201.0,,,3.0,,,,,,,,,,,,,,,,,,,0.1,,,,,,,,,,,,,,,,,,,0.1,,,False,,,,,,,,0.1,,1.3862943611198906
UCDV1_00835,Mendeley 55v6f5yb89 - ASM geopolymer activator soil stabilization,10.17632/55v6f5yb89.1,alkali_activated_geopolymer,UCS,20.0,,,3.0,,,,,,,,,,,,,,,,,,,0.075,,,,,,,,,,,,,,,,,,,0.075,,,False,,,,,,,,0.075,,1.3862943611198906
UCDV1_00836,Mendeley 55v6f5yb89 - ASM geopolymer activator soil stabilization,10.17632/55v6f5yb89.1,alkali_activated_geopolymer,UCS,15.0,,,3.0,,,,,,,,,,,,,,,,,,,0.025,,,,,,,,,,,,,,,,,,,0.025,,,False,,,,,,,,0.025,,1.3862943611198906
UCDV1_00837,Mendeley 55v6f5yb89 - ASM geopolymer activator soil stabilization,10.17632/55v6f5yb89.1,alkali_activated_geopolymer,UCS,2320.0,,,5.0,,,,,,,,,,,,,,,,,,,0.25,,,,,,,,,,,,,,,,,,,0.25,,,False,,,,,,,,0.25,,1.791759469228055
UCDV1_00838,Mendeley 55v6f5yb89 - ASM geopolymer activator soil stabilization,10.17632/55v6f5yb89.1,alkali_activated_geopolymer,UCS,1652.0,,,5.0,,,,,,,,,,,,,,,,,,,0.2,,,,,,,,,,,,,,,,,,,0.2,,,False,,,,,,,,0.2,,1.791759469228055
UCDV1_00839,Mendeley 55v6f5yb89 - ASM geopolymer activator soil stabilization,10.17632/55v6f5yb89.1,alkali_activated_geopolymer,UCS,997.0,,,5.0,,,,,,,,,,,,,,,,,,,0.15,,,,,,,,,,,,,,,,,,,0.15,,,False,,,,,,,,0.15,,1.791759469228055
UCDV1_00840,Mendeley 55v6f5yb89 - ASM geopolymer activator soil stabilization,10.17632/55v6f5yb89.1,alkali_activated_geopolymer,UCS,559.0,,,5.0,,,,,,,,,,,,,,,,,,,0.125,,,,,,,,,,,,,,,,,,,0.125,,,False,,,,,,,,0.125,,1.791759469228055
UCDV1_00841,Mendeley 55v6f5yb89 - ASM geopolymer activator soil stabilization,10.17632/55v6f5yb89.1,alkali_activated_geopolymer,UCS,536.0,,,5.0,,,,,,,,,,,,,,,,,,,0.1,,,,,,,,,,,,,,,,,,,0.1,,,False,,,,,,,,0.1,,1.791759469228055
UCDV1_00842,Mendeley 55v6f5yb89 - ASM geopolymer activator soil stabilization,10.17632/55v6f5yb89.1,alkali_activated_geopolymer,UCS,134.0,,,5.0,,,,,,,,,,,,,,,,,,,0.075,,,,,,,,,,,,,,,,,,,0.075,,,False,,,,,,,,0.075,,1.791759469228055
UCDV1_00843,Mendeley 55v6f5yb89 - ASM geopolymer activator soil stabilization,10.17632/55v6f5yb89.1,alkali_activated_geopolymer,UCS,33.0,,,5.0,,,,,,,,,,,,,,,,,,,0.025,,,,,,,,,,,,,,,,,,,0.025,,,False,,,,,,,,0.025,,1.791759469228055
UCDV1_00844,Mendeley 55v6f5yb89 - ASM geopolymer activator soil stabilization,10.17632/55v6f5yb89.1,alkali_activated_geopolymer,UCS,3922.0,,,7.0,,,,,,,,,,,,,,,,,,,0.25,,,,,,,,,,,,,,,,,,,0.25,,,False,,,,,,,,0.25,,2.0794415416798357
UCDV1_00845,Mendeley 55v6f5yb89 - ASM geopolymer activator soil stabilization,10.17632/55v6f5yb89.1,alkali_activated_geopolymer,UCS,3011.0,,,7.0,,,,,,,,,,,,,,,,,,,0.2,,,,,,,,,,,,,,,,,,,0.2,,,False,,,,,,,,0.2,,2.0794415416798357
UCDV1_00846,Mendeley 55v6f5yb89 - ASM geopolymer activator soil stabilization,10.17632/55v6f5yb89.1,alkali_activated_geopolymer,UCS,2261.0,,,7.0,,,,,,,,,,,,,,,,,,,0.15,,,,,,,,,,,,,,,,,,,0.15,,,False,,,,,,,,0.15,,2.0794415416798357
UCDV1_00847,Mendeley 55v6f5yb89 - ASM geopolymer activator soil stabilization,10.17632/55v6f5yb89.1,alkali_activated_geopolymer,UCS,1684.0,,,7.0,,,,,,,,,,,,,,,,,,,0.125,,,,,,,,,,,,,,,,,,,0.125,,,False,,,,,,,,0.125,,2.0794415416798357
UCDV1_00848,Mendeley 55v6f5yb89 - ASM geopolymer activator soil stabilization,10.17632/55v6f5yb89.1,alkali_activated_geopolymer,UCS,1307.0,,,7.0,,,,,,,,,,,,,,,,,,,0.1,,,,,,,,,,,,,,,,,,,0.1,,,False,,,,,,,,0.1,,2.0794415416798357
UCDV1_00849,Mendeley 55v6f5yb89 - ASM geopolymer activator soil stabilization,10.17632/55v6f5yb89.1,alkali_activated_geopolymer,UCS,245.0,,,7.0,,,,,,,,,,,,,,,,,,,0.075,,,,,,,,,,,,,,,,,,,0.075,,,False,,,,,,,,0.075,,2.0794415416798357
UCDV1_00850,Mendeley 55v6f5yb89 - ASM geopolymer activator soil stabilization,10.17632/55v6f5yb89.1,alkali_activated_geopolymer,UCS,52.0,,,7.0,,,,,,,,,,,,,,,,,,,0.025,,,,,,,,,,,,,,,,,,,0.025,,,False,,,,,,,,0.025,,2.0794415416798357
UCDV1_00851,Mendeley 55v6f5yb89 - ASM geopolymer activator soil stabilization,10.17632/55v6f5yb89.1,alkali_activated_geopolymer,UCS,4674.0,,,10.0,,,,,,,,,,,,,,,,,,,0.25,,,,,,,,,,,,,,,,,,,0.25,,,False,,,,,,,,0.25,,2.3978952727983707
UCDV1_00852,Mendeley 55v6f5yb89 - ASM geopolymer activator soil stabilization,10.17632/55v6f5yb89.1,alkali_activated_geopolymer,UCS,4320.0,,,10.0,,,,,,,,,,,,,,,,,,,0.2,,,,,,,,,,,,,,,,,,,0.2,,,False,,,,,,,,0.2,,2.3978952727983707
UCDV1_00853,Mendeley 55v6f5yb89 - ASM geopolymer activator soil stabilization,10.17632/55v6f5yb89.1,alkali_activated_geopolymer,UCS,3560.0,,,10.0,,,,,,,,,,,,,,,,,,,0.15,,,,,,,,,,,,,,,,,,,0.15,,,False,,,,,,,,0.15,,2.3978952727983707
UCDV1_00854,Mendeley 55v6f5yb89 - ASM geopolymer activator soil stabilization,10.17632/55v6f5yb89.1,alkali_activated_geopolymer,UCS,2723.0,,,10.0,,,,,,,,,,,,,,,,,,,0.125,,,,,,,,,,,,,,,,,,,0.125,,,False,,,,,,,,0.125,,2.3978952727983707
UCDV1_00855,Mendeley 55v6f5yb89 - ASM geopolymer activator soil stabilization,10.17632/55v6f5yb89.1,alkali_activated_geopolymer,UCS,1740.0,,,10.0,,,,,,,,,,,,,,,,,,,0.1,,,,,,,,,,,,,,,,,,,0.1,,,False,,,,,,,,0.1,,2.3978952727983707
UCDV1_00856,Mendeley 55v6f5yb89 - ASM geopolymer activator soil stabilization,10.17632/55v6f5yb89.1,alkali_activated_geopolymer,UCS,328.0,,,10.0,,,,,,,,,,,,,,,,,,,0.075,,,,,,,,,,,,,,,,,,,0.075,,,False,,,,,,,,0.075,,2.3978952727983707
UCDV1_00857,Mendeley 55v6f5yb89 - ASM geopolymer activator soil stabilization,10.17632/55v6f5yb89.1,alkali_activated_geopolymer,UCS,96.0,,,10.0,,,,,,,,,,,,,,,,,,,0.025,,,,,,,,,,,,,,,,,,,0.025,,,False,,,,,,,,0.025,,2.3978952727983707
UCDV1_00858,Mendeley 55v6f5yb89 - ASM geopolymer activator soil stabilization,10.17632/55v6f5yb89.1,alkali_activated_geopolymer,UCS,5240.0,,,14.0,,,,,,,,,,,,,,,,,,,0.25,,,,,,,,,,,,,,,,,,,0.25,,,False,,,,,,,,0.25,,2.70805020110221
UCDV1_00859,Mendeley 55v6f5yb89 - ASM geopolymer activator soil stabilization,10.17632/55v6f5yb89.1,alkali_activated_geopolymer,UCS,4899.0,,,14.0,,,,,,,,,,,,,,,,,,,0.2,,,,,,,,,,,,,,,,,,,0.2,,,False,,,,,,,,0.2,,2.70805020110221
UCDV1_00860,Mendeley 55v6f5yb89 - ASM geopolymer activator soil stabilization,10.17632/55v6f5yb89.1,alkali_activated_geopolymer,UCS,4213.0,,,14.0,,,,,,,,,,,,,,,,,,,0.15,,,,,,,,,,,,,,,,,,,0.15,,,False,,,,,,,,0.15,,2.70805020110221
UCDV1_00861,Mendeley 55v6f5yb89 - ASM geopolymer activator soil stabilization,10.17632/55v6f5yb89.1,alkali_activated_geopolymer,UCS,3297.0,,,14.0,,,,,,,,,,,,,,,,,,,0.125,,,,,,,,,,,,,,,,,,,0.125,,,False,,,,,,,,0.125,,2.70805020110221
UCDV1_00862,Mendeley 55v6f5yb89 - ASM geopolymer activator soil stabilization,10.17632/55v6f5yb89.1,alkali_activated_geopolymer,UCS,1864.0,,,14.0,,,,,,,,,,,,,,,,,,,0.1,,,,,,,,,,,,,,,,,,,0.1,,,False,,,,,,,,0.1,,2.70805020110221
UCDV1_00863,Mendeley 55v6f5yb89 - ASM geopolymer activator soil stabilization,10.17632/55v6f5yb89.1,alkali_activated_geopolymer,UCS,342.0,,,14.0,,,,,,,,,,,,,,,,,,,0.075,,,,,,,,,,,,,,,,,,,0.075,,,False,,,,,,,,0.075,,2.70805020110221
UCDV1_00864,Mendeley 55v6f5yb89 - ASM geopolymer activator soil stabilization,10.17632/55v6f5yb89.1,alkali_activated_geopolymer,UCS,104.0,,,14.0,,,,,,,,,,,,,,,,,,,0.025,,,,,,,,,,,,,,,,,,,0.025,,,False,,,,,,,,0.025,,2.70805020110221
UCDV1_00865,Mendeley 55v6f5yb89 - ASM geopolymer activator soil stabilization,10.17632/55v6f5yb89.1,alkali_activated_geopolymer,UCS,5604.0,,,21.0,,,,,,,,,,,,,,,,,,,0.25,,,,,,,,,,,,,,,,,,,0.25,,,False,,,,,,,,0.25,,3.091042453358316
UCDV1_00866,Mendeley 55v6f5yb89 - ASM geopolymer activator soil stabilization,10.17632/55v6f5yb89.1,alkali_activated_geopolymer,UCS,5315.0,,,21.0,,,,,,,,,,,,,,,,,,,0.2,,,,,,,,,,,,,,,,,,,0.2,,,False,,,,,,,,0.2,,3.091042453358316
UCDV1_00867,Mendeley 55v6f5yb89 - ASM geopolymer activator soil stabilization,10.17632/55v6f5yb89.1,alkali_activated_geopolymer,UCS,4667.0,,,21.0,,,,,,,,,,,,,,,,,,,0.15,,,,,,,,,,,,,,,,,,,0.15,,,False,,,,,,,,0.15,,3.091042453358316
UCDV1_00868,Mendeley 55v6f5yb89 - ASM geopolymer activator soil stabilization,10.17632/55v6f5yb89.1,alkali_activated_geopolymer,UCS,3741.0,,,21.0,,,,,,,,,,,,,,,,,,,0.125,,,,,,,,,,,,,,,,,,,0.125,,,False,,,,,,,,0.125,,3.091042453358316
UCDV1_00869,Mendeley 55v6f5yb89 - ASM geopolymer activator soil stabilization,10.17632/55v6f5yb89.1,alkali_activated_geopolymer,UCS,1937.0,,,21.0,,,,,,,,,,,,,,,,,,,0.1,,,,,,,,,,,,,,,,,,,0.1,,,False,,,,,,,,0.1,,3.091042453358316
UCDV1_00870,Mendeley 55v6f5yb89 - ASM geopolymer activator soil stabilization,10.17632/55v6f5yb89.1,alkali_activated_geopolymer,UCS,376.0,,,21.0,,,,,,,,,,,,,,,,,,,0.075,,,,,,,,,,,,,,,,,,,0.075,,,False,,,,,,,,0.075,,3.091042453358316
UCDV1_00871,Mendeley 55v6f5yb89 - ASM geopolymer activator soil stabilization,10.17632/55v6f5yb89.1,alkali_activated_geopolymer,UCS,113.0,,,21.0,,,,,,,,,,,,,,,,,,,0.025,,,,,,,,,,,,,,,,,,,0.025,,,False,,,,,,,,0.025,,3.091042453358316
UCDV1_00872,Mendeley 55v6f5yb89 - ASM geopolymer activator soil stabilization,10.17632/55v6f5yb89.1,alkali_activated_geopolymer,UCS,5768.0,,,28.0,,,,,,,,,,,,,,,,,,,0.25,,,,,,,,,,,,,,,,,,,0.25,,,False,,,,,,,,0.25,,3.367295829986474
UCDV1_00873,Mendeley 55v6f5yb89 - ASM geopolymer activator soil stabilization,10.17632/55v6f5yb89.1,alkali_activated_geopolymer,UCS,5410.0,,,28.0,,,,,,,,,,,,,,,,,,,0.2,,,,,,,,,,,,,,,,,,,0.2,,,False,,,,,,,,0.2,,3.367295829986474
UCDV1_00874,Mendeley 55v6f5yb89 - ASM geopolymer activator soil stabilization,10.17632/55v6f5yb89.1,alkali_activated_geopolymer,UCS,4876.0,,,28.0,,,,,,,,,,,,,,,,,,,0.15,,,,,,,,,,,,,,,,,,,0.15,,,False,,,,,,,,0.15,,3.367295829986474
UCDV1_00875,Mendeley 55v6f5yb89 - ASM geopolymer activator soil stabilization,10.17632/55v6f5yb89.1,alkali_activated_geopolymer,UCS,3985.0,,,28.0,,,,,,,,,,,,,,,,,,,0.125,,,,,,,,,,,,,,,,,,,0.125,,,False,,,,,,,,0.125,,3.367295829986474
UCDV1_00876,Mendeley 55v6f5yb89 - ASM geopolymer activator soil stabilization,10.17632/55v6f5yb89.1,alkali_activated_geopolymer,UCS,1980.0,,,28.0,,,,,,,,,,,,,,,,,,,0.1,,,,,,,,,,,,,,,,,,,0.1,,,False,,,,,,,,0.1,,3.367295829986474
UCDV1_00877,Mendeley 55v6f5yb89 - ASM geopolymer activator soil stabilization,10.17632/55v6f5yb89.1,alkali_activated_geopolymer,UCS,397.0,,,28.0,,,,,,,,,,,,,,,,,,,0.075,,,,,,,,,,,,,,,,,,,0.075,,,False,,,,,,,,0.075,,3.367295829986474
UCDV1_00878,Mendeley 55v6f5yb89 - ASM geopolymer activator soil stabilization,10.17632/55v6f5yb89.1,alkali_activated_geopolymer,UCS,117.0,,,28.0,,,,,,,,,,,,,,,,,,,0.025,,,,,,,,,,,,,,,,,,,0.025,,,False,,,,,,,,0.025,,3.367295829986474
UCDV1_00879,Mendeley 55v6f5yb89 - ASM geopolymer activator soil stabilization,10.17632/55v6f5yb89.1,alkali_activated_geopolymer,UCS,519.0,,,2.0,,,,,,,,,,,,,,,,,,,,,,,,,,,,,,,,,,,,,,0.8,0.8,,False,,,,,,,,0.0,,1.0986122886681098
UCDV1_00880,Mendeley 55v6f5yb89 - ASM geopolymer activator soil stabilization,10.17632/55v6f5yb89.1,alkali_activated_geopolymer,UCS,60.0,,,2.0,,,,,,,,,,,,,,,,,,,,,,,,,,,,,,,,,,,,,,1.0,1.0,,False,,,,,,,,0.0,,1.0986122886681098
UCDV1_00882,Mendeley 55v6f5yb89 - ASM geopolymer activator soil stabilization,10.17632/55v6f5yb89.1,alkali_activated_geopolymer,UCS,1720.0,,,3.0,,,,,,,,,,,,,,,,,,,,,,,,,,,,,,,,,,,,,,0.8,0.8,,False,,,,,,,,0.0,,1.3862943611198906
UCDV1_00883,Mendeley 55v6f5yb89 - ASM geopolymer activator soil stabilization,10.17632/55v6f5yb89.1,alkali_activated_geopolymer,UCS,194.0,,,3.0,,,,,,,,,,,,,,,,,,,,,,,,,,,,,,,,,,,,,,1.0,1.0,,False,,,,,,,,0.0,,1.3862943611198906
UCDV1_00884,Mendeley 55v6f5yb89 - ASM geopolymer activator soil stabilization,10.17632/55v6f5yb89.1,alkali_activated_geopolymer,UCS,15.0,,,3.0,,,,,,,,,,,,,,,,,,,,,,,,,,,,,,,,,,,,,,1.2,1.2,,False,,,,,,,,0.0,,1.3862943611198906
UCDV1_00885,Mendeley 55v6f5yb89 - ASM geopolymer activator soil stabilization,10.17632/55v6f5yb89.1,alkali_activated_geopolymer,UCS,3626.0,,,5.0,,,,,,,,,,,,,,,,,,,,,,,,,,,,,,,,,,,,,,0.8,0.8,,False,,,,,,,,0.0,,1.791759469228055
UCDV1_00886,Mendeley 55v6f5yb89 - ASM geopolymer activator soil stabilization,10.17632/55v6f5yb89.1,alkali_activated_geopolymer,UCS,559.0,,,5.0,,,,,,,,,,,,,,,,,,,,,,,,,,,,,,,,,,,,,,1.0,1.0,,False,,,,,,,,0.0,,1.791759469228055
UCDV1_00887,Mendeley 55v6f5yb89 - ASM geopolymer activator soil stabilization,10.17632/55v6f5yb89.1,alkali_activated_geopolymer,UCS,29.0,,,5.0,,,,,,,,,,,,,,,,,,,,,,,,,,,,,,,,,,,,,,1.2,1.2,,False,,,,,,,,0.0,,1.791759469228055
UCDV1_00888,Mendeley 55v6f5yb89 - ASM geopolymer activator soil stabilization,10.17632/55v6f5yb89.1,alkali_activated_geopolymer,UCS,4624.0,,,7.0,,,,,,,,,,,,,,,,,,,,,,,,,,,,,,,,,,,,,,0.8,0.8,,False,,,,,,,,0.0,,2.0794415416798357
UCDV1_00889,Mendeley 55v6f5yb89 - ASM geopolymer activator soil stabilization,10.17632/55v6f5yb89.1,alkali_activated_geopolymer,UCS,1684.0,,,7.0,,,,,,,,,,,,,,,,,,,,,,,,,,,,,,,,,,,,,,1.0,1.0,,False,,,,,,,,0.0,,2.0794415416798357
UCDV1_00890,Mendeley 55v6f5yb89 - ASM geopolymer activator soil stabilization,10.17632/55v6f5yb89.1,alkali_activated_geopolymer,UCS,61.0,,,7.0,,,,,,,,,,,,,,,,,,,,,,,,,,,,,,,,,,,,,,1.2,1.2,,False,,,,,,,,0.0,,2.0794415416798357
UCDV1_00891,Mendeley 55v6f5yb89 - ASM geopolymer activator soil stabilization,10.17632/55v6f5yb89.1,alkali_activated_geopolymer,UCS,5195.0,,,10.0,,,,,,,,,,,,,,,,,,,,,,,,,,,,,,,,,,,,,,0.8,0.8,,False,,,,,,,,0.0,,2.3978952727983707
UCDV1_00892,Mendeley 55v6f5yb89 - ASM geopolymer activator soil stabilization,10.17632/55v6f5yb89.1,alkali_activated_geopolymer,UCS,2723.0,,,10.0,,,,,,,,,,,,,,,,,,,,,,,,,,,,,,,,,,,,,,1.0,1.0,,False,,,,,,,,0.0,,2.3978952727983707
UCDV1_00893,Mendeley 55v6f5yb89 - ASM geopolymer activator soil stabilization,10.17632/55v6f5yb89.1,alkali_activated_geopolymer,UCS,102.0,,,10.0,,,,,,,,,,,,,,,,,,,,,,,,,,,,,,,,,,,,,,1.2,1.2,,False,,,,,,,,0.0,,2.3978952727983707
UCDV1_00894,Mendeley 55v6f5yb89 - ASM geopolymer activator soil stabilization,10.17632/55v6f5yb89.1,alkali_activated_geopolymer,UCS,5498.0,,,14.0,,,,,,,,,,,,,,,,,,,,,,,,,,,,,,,,,,,,,,0.8,0.8,,False,,,,,,,,0.0,,2.70805020110221
UCDV1_00895,Mendeley 55v6f5yb89 - ASM geopolymer activator soil stabilization,10.17632/55v6f5yb89.1,alkali_activated_geopolymer,UCS,3297.0,,,14.0,,,,,,,,,,,,,,,,,,,,,,,,,,,,,,,,,,,,,,1.0,1.0,,False,,,,,,,,0.0,,2.70805020110221
UCDV1_00896,Mendeley 55v6f5yb89 - ASM geopolymer activator soil stabilization,10.17632/55v6f5yb89.1,alkali_activated_geopolymer,UCS,179.0,,,14.0,,,,,,,,,,,,,,,,,,,,,,,,,,,,,,,,,,,,,,1.2,1.2,,False,,,,,,,,0.0,,2.70805020110221
UCDV1_00897,Mendeley 55v6f5yb89 - ASM geopolymer activator soil stabilization,10.17632/55v6f5yb89.1,alkali_activated_geopolymer,UCS,5615.0,,,21.0,,,,,,,,,,,,,,,,,,,,,,,,,,,,,,,,,,,,,,0.8,0.8,,False,,,,,,,,0.0,,3.091042453358316
UCDV1_00898,Mendeley 55v6f5yb89 - ASM geopolymer activator soil stabilization,10.17632/55v6f5yb89.1,alkali_activated_geopolymer,UCS,3741.0,,,21.0,,,,,,,,,,,,,,,,,,,,,,,,,,,,,,,,,,,,,,1.0,1.0,,False,,,,,,,,0.0,,3.091042453358316
UCDV1_00899,Mendeley 55v6f5yb89 - ASM geopolymer activator soil stabilization,10.17632/55v6f5yb89.1,alkali_activated_geopolymer,UCS,233.0,,,21.0,,,,,,,,,,,,,,,,,,,,,,,,,,,,,,,,,,,,,,1.2,1.2,,False,,,,,,,,0.0,,3.091042453358316
UCDV1_00900,Mendeley 55v6f5yb89 - ASM geopolymer activator soil stabilization,10.17632/55v6f5yb89.1,alkali_activated_geopolymer,UCS,5687.0,,,28.0,,,,,,,,,,,,,,,,,,,,,,,,,,,,,,,,,,,,,,0.8,0.8,,False,,,,,,,,0.0,,3.367295829986474
UCDV1_00901,Mendeley 55v6f5yb89 - ASM geopolymer activator soil stabilization,10.17632/55v6f5yb89.1,alkali_activated_geopolymer,UCS,3985.0,,,28.0,,,,,,,,,,,,,,,,,,,,,,,,,,,,,,,,,,,,,,1.0,1.0,,False,,,,,,,,0.0,,3.367295829986474
UCDV1_00902,Mendeley 55v6f5yb89 - ASM geopolymer activator soil stabilization,10.17632/55v6f5yb89.1,alkali_activated_geopolymer,UCS,276.0,,,28.0,,,,,,,,,,,,,,,,,,,,,,,,,,,,,,,,,,,,,,1.2,1.2,,False,,,,,,,,0.0,,3.367295829986474
UCDV1_00903,Mendeley 55v6f5yb89 - ASM geopolymer activator soil stabilization,10.17632/55v6f5yb89.1,alkali_activated_geopolymer,UCS,225.0,,,0.5,,,,,,,,,,,,,,,,,,,,,,,,,,,,,,,,,,,,,,0.05,,,False,,,,,,,,0.0,,0.4054651081081644
UCDV1_00904,Mendeley 55v6f5yb89 - ASM geopolymer activator soil stabilization,10.17632/55v6f5yb89.1,alkali_activated_geopolymer,UCS,17.0,,,0.5,,,,,,,,,,,,,,,,,,,,,,,,,,,,,,,,,,,,,,0.05,,,False,,,,,,,,0.0,,0.4054651081081644
UCDV1_00905,Mendeley 55v6f5yb89 - ASM geopolymer activator soil stabilization,10.17632/55v6f5yb89.1,alkali_activated_geopolymer,UCS,857.0,,,1.0,,,,,,,,,,,,,,,,,,,,,,,,,,,,,,,,,,,,,,0.05,,,False,,,,,,,,0.0,,0.6931471805599453
UCDV1_00906,Mendeley 55v6f5yb89 - ASM geopolymer activator soil stabilization,10.17632/55v6f5yb89.1,alkali_activated_geopolymer,UCS,28.0,,,1.0,,,,,,,,,,,,,,,,,,,,,,,,,,,,,,,,,,,,,,0.05,,,False,,,,,,,,0.0,,0.6931471805599453
UCDV1_00907,Mendeley 55v6f5yb89 - ASM geopolymer activator soil stabilization,10.17632/55v6f5yb89.1,alkali_activated_geopolymer,UCS,1239.0,,,2.0,,,,,,,,,,,,,,,,,,,,,,,,,,,,,,,,,,,,,,0.05,,,False,,,,,,,,0.0,,1.0986122886681098
UCDV1_00908,Mendeley 55v6f5yb89 - ASM geopolymer activator soil stabilization,10.17632/55v6f5yb89.1,alkali_activated_geopolymer,UCS,51.0,,,2.0,,,,,,,,,,,,,,,,,,,,,,,,,,,,,,,,,,,,,,0.05,,,False,,,,,,,,0.0,,1.0986122886681098
UCDV1_00909,Mendeley 55v6f5yb89 - ASM geopolymer activator soil stabilization,10.17632/55v6f5yb89.1,alkali_activated_geopolymer,UCS,1509.0,,,3.0,,,,,,,,,,,,,,,,,,,,,,,,,,,,,,,,,,,,,,0.05,,,False,,,,,,,,0.0,,1.3862943611198906
UCDV1_00910,Mendeley 55v6f5yb89 - ASM geopolymer activator soil stabilization,10.17632/55v6f5yb89.1,alkali_activated_geopolymer,UCS,194.0,,,3.0,,,,,,,,,,,,,,,,,,,,,,,,,,,,,,,,,,,,,,0.05,,,False,,,,,,,,0.0,,1.3862943611198906
UCDV1_00911,Mendeley 55v6f5yb89 - ASM geopolymer activator soil stabilization,10.17632/55v6f5yb89.1,alkali_activated_geopolymer,UCS,1890.0,,,4.0,,,,,,,,,,,,,,,,,,,,,,,,,,,,,,,,,,,,,,0.05,,,False,,,,,,,,0.0,,1.6094379124341003
UCDV1_00912,Mendeley 55v6f5yb89 - ASM geopolymer activator soil stabilization,10.17632/55v6f5yb89.1,alkali_activated_geopolymer,UCS,268.0,,,4.0,,,,,,,,,,,,,,,,,,,,,,,,,,,,,,,,,,,,,,0.05,,,False,,,,,,,,0.0,,1.6094379124341003
UCDV1_00913,Mendeley 55v6f5yb89 - ASM geopolymer activator soil stabilization,10.17632/55v6f5yb89.1,alkali_activated_geopolymer,UCS,2053.0,,,5.0,,,,,,,,,,,,,,,,,,,,,,,,,,,,,,,,,,,,,,0.05,,,False,,,,,,,,0.0,,1.791759469228055
UCDV1_00914,Mendeley 55v6f5yb89 - ASM geopolymer activator soil stabilization,10.17632/55v6f5yb89.1,alkali_activated_geopolymer,UCS,560.0,,,5.0,,,,,,,,,,,,,,,,,,,,,,,,,,,,,,,,,,,,,,0.05,,,False,,,,,,,,0.0,,1.791759469228055
UCDV1_00915,Mendeley 55v6f5yb89 - ASM geopolymer activator soil stabilization,10.17632/55v6f5yb89.1,alkali_activated_geopolymer,UCS,2250.0,,,6.0,,,,,,,,,,,,,,,,,,,,,,,,,,,,,,,,,,,,,,0.05,,,False,,,,,,,,0.0,,1.9459101490553132
UCDV1_00916,Mendeley 55v6f5yb89 - ASM geopolymer activator soil stabilization,10.17632/55v6f5yb89.1,alkali_activated_geopolymer,UCS,877.0,,,6.0,,,,,,,,,,,,,,,,,,,,,,,,,,,,,,,,,,,,,,0.05,,,False,,,,,,,,0.0,,1.9459101490553132
UCDV1_00917,Mendeley 55v6f5yb89 - ASM geopolymer activator soil stabilization,10.17632/55v6f5yb89.1,alkali_activated_geopolymer,UCS,2522.0,,,7.0,,,,,,,,,,,,,,,,,,,,,,,,,,,,,,,,,,,,,,0.05,,,False,,,,,,,,0.0,,2.0794415416798357
UCDV1_00918,Mendeley 55v6f5yb89 - ASM geopolymer activator soil stabilization,10.17632/55v6f5yb89.1,alkali_activated_geopolymer,UCS,1684.0,,,7.0,,,,,,,,,,,,,,,,,,,,,,,,,,,,,,,,,,,,,,0.05,,,False,,,,,,,,0.0,,2.0794415416798357
UCDV1_00919,Mendeley 55v6f5yb89 - ASM geopolymer activator soil stabilization,10.17632/55v6f5yb89.1,alkali_activated_geopolymer,UCS,2828.0,,,8.0,,,,,,,,,,,,,,,,,,,,,,,,,,,,,,,,,,,,,,0.05,,,False,,,,,,,,0.0,,2.1972245773362196
UCDV1_00920,Mendeley 55v6f5yb89 - ASM geopolymer activator soil stabilization,10.17632/55v6f5yb89.1,alkali_activated_geopolymer,UCS,2087.0,,,8.0,,,,,,,,,,,,,,,,,,,,,,,,,,,,,,,,,,,,,,0.05,,,False,,,,,,,,0.0,,2.1972245773362196
UCDV1_00921,Mendeley 55v6f5yb89 - ASM geopolymer activator soil stabilization,10.17632/55v6f5yb89.1,alkali_activated_geopolymer,UCS,3233.0,,,10.0,,,,,,,,,,,,,,,,,,,,,,,,,,,,,,,,,,,,,,0.05,,,False,,,,,,,,0.0,,2.3978952727983707
UCDV1_00922,Mendeley 55v6f5yb89 - ASM geopolymer activator soil stabilization,10.17632/55v6f5yb89.1,alkali_activated_geopolymer,UCS,2723.0,,,10.0,,,,,,,,,,,,,,,,,,,,,,,,,,,,,,,,,,,,,,0.05,,,False,,,,,,,,0.0,,2.3978952727983707
UCDV1_00923,Mendeley 55v6f5yb89 - ASM geopolymer activator soil stabilization,10.17632/55v6f5yb89.1,alkali_activated_geopolymer,UCS,3707.0,,,14.0,,,,,,,,,,,,,,,,,,,,,,,,,,,,,,,,,,,,,,0.05,,,False,,,,,,,,0.0,,2.70805020110221
UCDV1_00924,Mendeley 55v6f5yb89 - ASM geopolymer activator soil stabilization,10.17632/55v6f5yb89.1,alkali_activated_geopolymer,UCS,3297.0,,,14.0,,,,,,,,,,,,,,,,,,,,,,,,,,,,,,,,,,,,,,0.05,,,False,,,,,,,,0.0,,2.70805020110221
UCDV1_00925,Mendeley 55v6f5yb89 - ASM geopolymer activator soil stabilization,10.17632/55v6f5yb89.1,alkali_activated_geopolymer,UCS,4274.0,,,21.0,,,,,,,,,,,,,,,,,,,,,,,,,,,,,,,,,,,,,,0.05,,,False,,,,,,,,0.0,,3.091042453358316
UCDV1_00926,Mendeley 55v6f5yb89 - ASM geopolymer activator soil stabilization,10.17632/55v6f5yb89.1,alkali_activated_geopolymer,UCS,3741.0,,,21.0,,,,,,,,,,,,,,,,,,,,,,,,,,,,,,,,,,,,,,0.05,,,False,,,,,,,,0.0,,3.091042453358316
UCDV1_00927,Mendeley 55v6f5yb89 - ASM geopolymer activator soil stabilization,10.17632/55v6f5yb89.1,alkali_activated_geopolymer,UCS,4440.0,,,28.0,,,,,,,,,,,,,,,,,,,,,,,,,,,,,,,,,,,,,,0.05,,,False,,,,,,,,0.0,,3.367295829986474
UCDV1_00928,Mendeley 55v6f5yb89 - ASM geopolymer activator soil stabilization,10.17632/55v6f5yb89.1,alkali_activated_geopolymer,UCS,3985.0,,,28.0,,,,,,,,,,,,,,,,,,,,,,,,,,,,,,,,,,,,,,0.05,,,False,,,,,,,,0.0,,3.367295829986474
UCDV1_00929,Mendeley 55v6f5yb89 - ASM geopolymer activator soil stabilization,10.17632/55v6f5yb89.1,alkali_activated_geopolymer,UCS,746.0,,,3.0,,,,,,,,,,,,,,,,,,,,,,,,,,,,,,,,,,,,,,0.125,,,False,,,,,,,,0.0,,1.3862943611198906
UCDV1_00930,Mendeley 55v6f5yb89 - ASM geopolymer activator soil stabilization,10.17632/55v6f5yb89.1,alkali_activated_geopolymer,UCS,1319.0,,,3.0,,,,,,,,,,,,,,,,,,,,,,,,,,,,,,,,,,,,,,0.2,,,False,,,,,,,,0.0,,1.3862943611198906
UCDV1_00931,Mendeley 55v6f5yb89 - ASM geopolymer activator soil stabilization,10.17632/55v6f5yb89.1,alkali_activated_geopolymer,UCS,975.0,,,7.0,,,,,,,,,,,,,,,,,,,,,,,,,,,,,,,,,,,,,,0.125,,,False,,,,,,,,0.0,,2.0794415416798357
UCDV1_00932,Mendeley 55v6f5yb89 - ASM geopolymer activator soil stabilization,10.17632/55v6f5yb89.1,alkali_activated_geopolymer,UCS,2160.0,,,7.0,,,,,,,,,,,,,,,,,,,,,,,,,,,,,,,,,,,,,,0.2,,,False,,,,,,,,0.0,,2.0794415416798357
UCDV1_00933,Mendeley 55v6f5yb89 - ASM geopolymer activator soil stabilization,10.17632/55v6f5yb89.1,alkali_activated_geopolymer,UCS,1267.0,,,14.0,,,,,,,,,,,,,,,,,,,,,,,,,,,,,,,,,,,,,,0.125,,,False,,,,,,,,0.0,,2.70805020110221
UCDV1_00934,Mendeley 55v6f5yb89 - ASM geopolymer activator soil stabilization,10.17632/55v6f5yb89.1,alkali_activated_geopolymer,UCS,2853.0,,,14.0,,,,,,,,,,,,,,,,,,,,,,,,,,,,,,,,,,,,,,0.2,,,False,,,,,,,,0.0,,2.70805020110221
UCDV1_00935,Mendeley 55v6f5yb89 - ASM geopolymer activator soil stabilization,10.17632/55v6f5yb89.1,alkali_activated_geopolymer,UCS,1345.0,,,28.0,,,,,,,,,,,,,,,,,,,,,,,,,,,,,,,,,,,,,,0.125,,,False,,,,,,,,0.0,,3.367295829986474
UCDV1_00936,Mendeley 55v6f5yb89 - ASM geopolymer activator soil stabilization,10.17632/55v6f5yb89.1,alkali_activated_geopolymer,UCS,3274.0,,,28.0,,,,,,,,,,,,,,,,,,,,,,,,,,,,,,,,,,,,,,0.2,,,False,,,,,,,,0.0,,3.367295829986474
UCDV1_00937,Taffese and Abegaz 2022 Buildings supplementary Table S1,10.3390/buildings12050613,cement_lime,UCS,55.31,,,28.0,,CL,,,,,,49.0,24.0,25.0,,20.0,1.67,,,0.0,0.0,,,,,,,,,,,,,,,,,,,,,,,,False,,,,,,,,0.0,,3.367295829986474
UCDV1_00938,Taffese and Abegaz 2022 Buildings supplementary Table S1,10.3390/buildings12050613,cement_lime,UCS,351.67,,,28.0,,ML,,,,,,37.0,33.5,3.5,,18.3,1.72,,,0.0,7.0,,,,,,,,,,,,,,,,,,,,,,,,False,,,,,,,,7.0,,3.367295829986474
UCDV1_00939,Taffese and Abegaz 2022 Buildings supplementary Table S1,10.3390/buildings12050613,cement_lime,UCS,369.42,,,28.0,,ML,,,,,,38.0,34.3,3.7,,21.3,1.64,,,0.0,15.0,,,,,,,,,,,,,,,,,,,,,,,,False,,,,,,,,15.0,,3.367295829986474
UCDV1_00940,Taffese and Abegaz 2022 Buildings supplementary Table S1,10.3390/buildings12050613,cement_lime,UCS,461.89,,,28.0,,ML,,,,,,38.4,32.0,6.4,,22.8,1.59,,,0.0,30.0,,,,,,,,,,,,,,,,,,,,,,,,False,,,,,,,,30.0,,3.367295829986474
UCDV1_00941,Taffese and Abegaz 2022 Buildings supplementary Table S1,10.3390/buildings12050613,cement_lime,UCS,1803.44,,,28.0,,ML,,,,,,40.0,34.1,5.9,,17.0,1.72,,,7.0,0.0,,,,,,,,,,,,,,,,,,,,,,,,False,,,,,,,,7.0,,3.367295829986474
UCDV1_00942,Taffese and Abegaz 2022 Buildings supplementary Table S1,10.3390/buildings12050613,cement_lime,UCS,2284.95,,,28.0,,ML,,,,,,41.0,35.9,5.1,,17.5,1.74,,,15.0,0.0,,,,,,,,,,,,,,,,,,,,,,,,False,,,,,,,,15.0,,3.367295829986474
UCDV1_00943,Taffese and Abegaz 2022 Buildings supplementary Table S1,10.3390/buildings12050613,cement_lime,UCS,3297.0,,,28.0,,ML,,,,,,39.0,32.2,6.8,,18.0,1.77,,,30.0,0.0,,,,,,,,,,,,,,,,,,,,,,,,False,,,,,,,,30.0,,3.367295829986474
UCDV1_00944,Taffese and Abegaz 2022 Buildings supplementary Table S1,10.3390/buildings12050613,cement_lime,UCS,69.43,,,28.0,,ML,,,,,,44.5,35.0,9.5,,29.0,1.42,,,0.0,0.0,,,,,,,,,,,,,,,,,,,,,,,,False,,,,,,,,0.0,,3.367295829986474
UCDV1_00945,Taffese and Abegaz 2022 Buildings supplementary Table S1,10.3390/buildings12050613,cement_lime,UCS,1305.27,,,28.0,,ML,,,,,,46.5,42.3,4.2,,22.8,1.48,,,0.0,7.0,,,,,,,,,,,,,,,,,,,,,,,,False,,,,,,,,7.0,,3.367295829986474
UCDV1_00946,Taffese and Abegaz 2022 Buildings supplementary Table S1,10.3390/buildings12050613,cement_lime,UCS,1147.38,,,28.0,,ML,,,,,,47.0,39.0,8.0,,26.3,1.47,,,0.0,15.0,,,,,,,,,,,,,,,,,,,,,,,,False,,,,,,,,15.0,,3.367295829986474
UCDV1_00947,Taffese and Abegaz 2022 Buildings supplementary Table S1,10.3390/buildings12050613,cement_lime,UCS,1090.5,,,28.0,,ML,,,,,,48.0,42.0,6.0,,28.8,1.39,,,0.0,30.0,,,,,,,,,,,,,,,,,,,,,,,,False,,,,,,,,30.0,,3.367295829986474
UCDV1_00948,Taffese and Abegaz 2022 Buildings supplementary Table S1,10.3390/buildings12050613,cement_lime,UCS,609.97,,,28.0,,ML,,,,,,48.0,40.3,7.7,,22.5,1.56,,,7.0,0.0,,,,,,,,,,,,,,,,,,,,,,,,False,,,,,,,,7.0,,3.367295829986474
UCDV1_00949,Taffese and Abegaz 2022 Buildings supplementary Table S1,10.3390/buildings12050613,cement_lime,UCS,2545.81,,,28.0,,ML,,,,,,49.0,40.7,8.3,,26.3,1.53,,,15.0,0.0,,,,,,,,,,,,,,,,,,,,,,,,False,,,,,,,,15.0,,3.367295829986474
UCDV1_00950,Taffese and Abegaz 2022 Buildings supplementary Table S1,10.3390/buildings12050613,cement_lime,UCS,3936.39,,,28.0,,ML,,,,,,46.0,41.0,5.0,,30.0,1.5,,,30.0,0.0,,,,,,,,,,,,,,,,,,,,,,,,False,,,,,,,,30.0,,3.367295829986474
UCDV1_00951,Taffese and Abegaz 2022 Buildings supplementary Table S1,10.3390/buildings12050613,cement_lime,UCS,87.08,,,28.0,,MH,,,,,,84.0,40.0,44.0,,36.0,1.29,,,0.0,0.0,,,,,,,,,,,,,,,,,,,,,,,,False,,,,,,,,0.0,,3.367295829986474
UCDV1_00952,Taffese and Abegaz 2022 Buildings supplementary Table S1,10.3390/buildings12050613,cement_lime,UCS,2076.95,,,28.0,,MH,,,,,,57.0,41.5,15.5,,36.8,1.39,,,30.0,0.0,,,,,,,,,,,,,,,,,,,,,,,,False,,,,,,,,30.0,,3.367295829986474
UCDV1_00953,Taffese and Abegaz 2022 Buildings supplementary Table S1,10.3390/buildings12050613,cement_lime,UCS,360.0,,,28.0,,MH,,,,,,77.0,45.0,32.0,,29.0,1.41,,,0.0,0.0,,,,,,,,,,,,,,,,,,,,,,,,False,,,,,,,,0.0,,3.367295829986474
UCDV1_00954,Taffese and Abegaz 2022 Buildings supplementary Table S1,10.3390/buildings12050613,cement_lime,UCS,1180.0,,,28.0,,MH,,,,,,102.0,47.0,55.0,,31.0,1.353,,,0.0,4.0,,,,,,,,,,,,,,,,,,,,,,,,False,,,,,,,,4.0,,3.367295829986474
UCDV1_00955,Taffese and Abegaz 2022 Buildings supplementary Table S1,10.3390/buildings12050613,cement_lime,UCS,520.0,,,28.0,,MH,,,,,,60.0,37.0,23.0,,31.0,1.4,,,0.0,0.0,,,,,,,,,,,,,,,,,,,,,,,,False,,,,,,,,0.0,,3.367295829986474
UCDV1_00956,Taffese and Abegaz 2022 Buildings supplementary Table S1,10.3390/buildings12050613,cement_lime,UCS,3400.0,,,28.0,,MH,,,,,,73.0,43.0,30.0,,35.0,1.34,,,0.0,8.0,,,,,,,,,,,,,,,,,,,,,,,,False,,,,,,,,8.0,,3.367295829986474
UCDV1_00957,Taffese and Abegaz 2022 Buildings supplementary Table S1,10.3390/buildings12050613,cement_lime,UCS,85.0,,,28.0,,MH,,,,,,86.0,54.0,32.0,,22.0,1.22,,,0.0,0.0,,,,,,,,,,,,,,,,,,,,,,,,False,,,,,,,,0.0,,3.367295829986474
UCDV1_00958,Taffese and Abegaz 2022 Buildings supplementary Table S1,10.3390/buildings12050613,cement_lime,UCS,180.0,,,28.0,,MH,,,,,,80.0,58.0,22.0,,33.0,1.2,,,0.0,6.0,,,,,,,,,,,,,,,,,,,,,,,,False,,,,,,,,6.0,,3.367295829986474
UCDV1_00959,Taffese and Abegaz 2022 Buildings supplementary Table S1,10.3390/buildings12050613,cement_lime,UCS,55.6,,,28.0,,CH,,,,,,84.8,32.78,52.02,,28.3,1.407,,,0.0,0.0,,,,,,,,,,,,,,,,,,,,,,,,False,,,,,,,,0.0,,3.367295829986474
UCDV1_00960,Taffese and Abegaz 2022 Buildings supplementary Table S1,10.3390/buildings12050613,cement_lime,UCS,1032.2,,,28.0,,MH,,,,,,78.73,57.26,21.47,,30.4,1.346,,,0.0,4.0,,,,,,,,,,,,,,,,,,,,,,,,False,,,,,,,,4.0,,3.367295829986474
UCDV1_00961,Taffese and Abegaz 2022 Buildings supplementary Table S1,10.3390/buildings12050613,cement_lime,UCS,1050.7,,,28.0,,MH,,,,,,78.16,58.24,19.92,,31.1,1.315,,,0.0,8.0,,,,,,,,,,,,,,,,,,,,,,,,False,,,,,,,,8.0,,3.367295829986474
UCDV1_00962,Taffese and Abegaz 2022 Buildings supplementary Table S1,10.3390/buildings12050613,cement_lime,UCS,222.5,,,28.0,,CL,,,,,,47.79,23.23,24.56,,15.3,1.723,,,0.0,0.0,,,,,,,,,,,,,,,,,,,,,,,,False,,,,,,,,0.0,,3.367295829986474
UCDV1_00963,Taffese and Abegaz 2022 Buildings supplementary Table S1,10.3390/buildings12050613,cement_lime,UCS,692.2,,,28.0,,MH,,,,,,58.97,36.34,22.63,,17.8,1.672,,,0.0,4.0,,,,,,,,,,,,,,,,,,,,,,,,False,,,,,,,,4.0,,3.367295829986474
UCDV1_00964,Taffese and Abegaz 2022 Buildings supplementary Table S1,10.3390/buildings12050613,cement_lime,UCS,716.9,,,28.0,,MH,,,,,,57.03,37.35,19.68,,17.4,1.652,,,0.0,8.0,,,,,,,,,,,,,,,,,,,,,,,,False,,,,,,,,8.0,,3.367295829986474
UCDV1_00965,Taffese and Abegaz 2022 Buildings supplementary Table S1,10.3390/buildings12050613,cement_lime,UCS,149.0,,,28.0,,CH,,,,,,86.0,37.0,49.0,,36.5,1.29,,,0.0,0.0,,,,,,,,,,,,,,,,,,,,,,,,False,,,,,,,,0.0,,3.367295829986474
UCDV1_00966,Taffese and Abegaz 2022 Buildings supplementary Table S1,10.3390/buildings12050613,cement_lime,UCS,190.0,,,28.0,,CH,,,,,,84.0,26.0,58.0,,29.83,1.353,,,0.0,0.0,,,,,,,,,,,,,,,,,,,,,,,,False,,,,,,,,0.0,,3.367295829986474
UCDV1_00967,Taffese and Abegaz 2022 Buildings supplementary Table S1,10.3390/buildings12050613,cement_lime,UCS,663.0,,,28.0,,CH,,,,,,75.0,28.0,47.0,,31.82,1.406,,,0.0,0.0,,,,,,,,,,,,,,,,,,,,,,,,False,,,,,,,,0.0,,3.367295829986474
UCDV1_00968,Taffese and Abegaz 2022 Buildings supplementary Table S1,10.3390/buildings12050613,cement_lime,UCS,1100.0,,,28.0,,CH,,,,,,54.0,24.0,30.0,,19.9,1.564,,,0.0,3.0,,,,,,,,,,,,,,,,,,,,,,,,False,,,,,,,,3.0,,3.367295829986474
UCDV1_00969,Taffese and Abegaz 2022 Buildings supplementary Table S1,10.3390/buildings12050613,cement_lime,UCS,1820.0,,,28.0,,CH,,,,,,53.0,28.0,25.0,,23.8,1.538,,,0.0,6.0,,,,,,,,,,,,,,,,,,,,,,,,False,,,,,,,,6.0,,3.367295829986474
UCDV1_00970,Taffese and Abegaz 2022 Buildings supplementary Table S1,10.3390/buildings12050613,cement_lime,UCS,1930.0,,,28.0,,MH,,,,,,54.0,32.0,22.0,,25.6,1.504,,,0.0,9.0,,,,,,,,,,,,,,,,,,,,,,,,False,,,,,,,,9.0,,3.367295829986474
UCDV1_00971,Taffese and Abegaz 2022 Buildings supplementary Table S1,10.3390/buildings12050613,cement_lime,UCS,2300.0,,,28.0,,MH,,,,,,57.0,37.0,20.0,,27.7,1.472,,,0.0,12.0,,,,,,,,,,,,,,,,,,,,,,,,False,,,,,,,,12.0,,3.367295829986474
UCDV1_00972,Taffese and Abegaz 2022 Buildings supplementary Table S1,10.3390/buildings12050613,cement_lime,UCS,2650.0,,,28.0,,MH,,,,,,59.0,40.0,19.0,,29.9,1.438,,,0.0,15.0,,,,,,,,,,,,,,,,,,,,,,,,False,,,,,,,,15.0,,3.367295829986474
UCDV1_00973,Taffese and Abegaz 2022 Buildings supplementary Table S1,10.3390/buildings12050613,cement_lime,UCS,4400.0,,,28.0,,ML,,,,,,18.0,14.0,4.0,,8.5,2.08,,,3.0,0.0,,,,,,,,,,,,,,,,,,,,,,,,False,,,,,,,,3.0,,3.367295829986474
UCDV1_00974,Taffese and Abegaz 2022 Buildings supplementary Table S1,10.3390/buildings12050613,cement_lime,UCS,4400.0,,,28.0,,ML,,,,,,18.0,14.0,4.0,,8.5,2.08,,,6.0,0.0,,,,,,,,,,,,,,,,,,,,,,,,False,,,,,,,,6.0,,3.367295829986474
UCDV1_00975,Taffese and Abegaz 2022 Buildings supplementary Table S1,10.3390/buildings12050613,cement_lime,UCS,2540.0,,,28.0,,CL-ML,,,,,,19.0,14.0,5.0,,7.8,1.96,,,4.0,2.0,,,,,,,,,,,,,,,,,,,,,,,,False,,,,,,,,6.0,,3.367295829986474
UCDV1_00976,Taffese and Abegaz 2022 Buildings supplementary Table S1,10.3390/buildings12050613,cement_lime,UCS,2540.0,,,28.0,,CL-ML,,,,,,19.0,14.0,5.0,,7.8,1.96,,,5.0,0.0,,,,,,,,,,,,,,,,,,,,,,,,False,,,,,,,,5.0,,3.367295829986474
UCDV1_00977,Taffese and Abegaz 2022 Buildings supplementary Table S1,10.3390/buildings12050613,cement_lime,UCS,3200.0,,,28.0,,ML,,,,,,20.0,20.0,0.0,,7.3,1.89,,,4.0,2.0,,,,,,,,,,,,,,,,,,,,,,,,False,,,,,,,,6.0,,3.367295829986474
UCDV1_00978,Taffese and Abegaz 2022 Buildings supplementary Table S1,10.3390/buildings12050613,cement_lime,UCS,3200.0,,,28.0,,ML,,,,,,20.0,20.0,0.0,,7.3,1.89,,,5.0,0.0,,,,,,,,,,,,,,,,,,,,,,,,False,,,,,,,,5.0,,3.367295829986474
UCDV1_00979,Taffese and Abegaz 2022 Buildings supplementary Table S1,10.3390/buildings12050613,cement_lime,UCS,1900.0,,,28.0,,ML,,,,,,20.0,19.0,1.0,,8.3,1.65,,,5.0,0.0,,,,,,,,,,,,,,,,,,,,,,,,False,,,,,,,,5.0,,3.367295829986474
UCDV1_00980,Taffese and Abegaz 2022 Buildings supplementary Table S1,10.3390/buildings12050613,cement_lime,UCS,1900.0,,,28.0,,ML,,,,,,20.0,19.0,1.0,,8.3,1.65,,,4.0,0.0,,,,,,,,,,,,,,,,,,,,,,,,False,,,,,,,,4.0,,3.367295829986474
UCDV1_00981,Taffese and Abegaz 2022 Buildings supplementary Table S1,10.3390/buildings12050613,cement_lime,UCS,4700.0,,,28.0,,ML,,,,,,21.0,17.0,4.0,,8.5,2.08,,,4.0,0.0,,,,,,,,,,,,,,,,,,,,,,,,False,,,,,,,,4.0,,3.367295829986474
UCDV1_00982,Taffese and Abegaz 2022 Buildings supplementary Table S1,10.3390/buildings12050613,cement_lime,UCS,4700.0,,,28.0,,ML,,,,,,21.0,17.0,4.0,,8.5,2.08,,,6.0,0.0,,,,,,,,,,,,,,,,,,,,,,,,False,,,,,,,,6.0,,3.367295829986474
UCDV1_00983,Taffese and Abegaz 2022 Buildings supplementary Table S1,10.3390/buildings12050613,cement_lime,UCS,3900.0,,,28.0,,ML,,,,,,22.0,22.0,0.0,,8.7,2.2,,,4.0,0.0,,,,,,,,,,,,,,,,,,,,,,,,False,,,,,,,,4.0,,3.367295829986474
UCDV1_00984,Taffese and Abegaz 2022 Buildings supplementary Table S1,10.3390/buildings12050613,cement_lime,UCS,4200.0,,,28.0,,CL-ML,,,,,,22.0,17.0,5.0,,8.4,2.12,,,5.0,0.0,,,,,,,,,,,,,,,,,,,,,,,,False,,,,,,,,5.0,,3.367295829986474
UCDV1_00985,Taffese and Abegaz 2022 Buildings supplementary Table S1,10.3390/buildings12050613,cement_lime,UCS,4200.0,,,28.0,,CL-ML,,,,,,22.0,17.0,5.0,,8.4,2.12,,,6.0,0.0,,,,,,,,,,,,,,,,,,,,,,,,False,,,,,,,,6.0,,3.367295829986474
UCDV1_00986,Taffese and Abegaz 2022 Buildings supplementary Table S1,10.3390/buildings12050613,cement_lime,UCS,2950.0,,,28.0,,ML,,,,,,22.0,19.0,3.0,,9.9,1.72,,,6.0,0.0,,,,,,,,,,,,,,,,,,,,,,,,False,,,,,,,,6.0,,3.367295829986474
UCDV1_00987,Taffese and Abegaz 2022 Buildings supplementary Table S1,10.3390/buildings12050613,cement_lime,UCS,2950.0,,,28.0,,ML,,,,,,22.0,19.0,3.0,,9.9,1.72,,,5.0,0.0,,,,,,,,,,,,,,,,,,,,,,,,False,,,,,,,,5.0,,3.367295829986474
UCDV1_00988,Taffese and Abegaz 2022 Buildings supplementary Table S1,10.3390/buildings12050613,cement_lime,UCS,2700.0,,,28.0,,ML,,,,,,22.0,19.0,3.0,,11.4,1.92,,,6.0,0.0,,,,,,,,,,,,,,,,,,,,,,,,False,,,,,,,,6.0,,3.367295829986474
UCDV1_00989,Taffese and Abegaz 2022 Buildings supplementary Table S1,10.3390/buildings12050613,cement_lime,UCS,2700.0,,,28.0,,ML,,,,,,22.0,19.0,3.0,,11.4,1.92,,,4.0,2.0,,,,,,,,,,,,,,,,,,,,,,,,False,,,,,,,,6.0,,3.367295829986474
UCDV1_00990,Taffese and Abegaz 2022 Buildings supplementary Table S1,10.3390/buildings12050613,cement_lime,UCS,3100.0,,,28.0,,CL-ML,,,,,,23.0,18.0,5.0,,10.0,1.9,,,4.0,4.0,,,,,,,,,,,,,,,,,,,,,,,,False,,,,,,,,8.0,,3.367295829986474
UCDV1_00991,Taffese and Abegaz 2022 Buildings supplementary Table S1,10.3390/buildings12050613,cement_lime,UCS,3100.0,,,28.0,,CL-ML,,,,,,23.0,18.0,5.0,,10.0,1.9,,,5.0,0.0,,,,,,,,,,,,,,,,,,,,,,,,False,,,,,,,,5.0,,3.367295829986474
UCDV1_00992,Taffese and Abegaz 2022 Buildings supplementary Table S1,10.3390/buildings12050613,cement_lime,UCS,1800.0,,,28.0,,CL,,,,,,23.0,15.0,8.0,,13.5,1.83,,,4.0,2.0,,,,,,,,,,,,,,,,,,,,,,,,False,,,,,,,,6.0,,3.367295829986474
UCDV1_00993,Taffese and Abegaz 2022 Buildings supplementary Table S1,10.3390/buildings12050613,cement_lime,UCS,1800.0,,,28.0,,CL,,,,,,23.0,15.0,8.0,,13.5,1.83,,,3.0,3.0,,,,,,,,,,,,,,,,,,,,,,,,False,,,,,,,,6.0,,3.367295829986474
UCDV1_00994,Taffese and Abegaz 2022 Buildings supplementary Table S1,10.3390/buildings12050613,cement_lime,UCS,2900.0,,,28.0,,CL-ML,,,,,,23.0,18.0,5.0,,11.5,2.0,,,6.0,4.0,,,,,,,,,,,,,,,,,,,,,,,,False,,,,,,,,10.0,,3.367295829986474
UCDV1_00995,Taffese and Abegaz 2022 Buildings supplementary Table S1,10.3390/buildings12050613,cement_lime,UCS,2900.0,,,28.0,,CL-ML,,,,,,23.0,18.0,5.0,,11.5,2.0,,,4.0,2.0,,,,,,,,,,,,,,,,,,,,,,,,False,,,,,,,,6.0,,3.367295829986474
UCDV1_00996,Taffese and Abegaz 2022 Buildings supplementary Table S1,10.3390/buildings12050613,cement_lime,UCS,2900.0,,,28.0,,CL-ML,,,,,,23.0,18.0,5.0,,11.5,2.0,,,6.0,0.0,,,,,,,,,,,,,,,,,,,,,,,,False,,,,,,,,6.0,,3.367295829986474
UCDV1_00997,Taffese and Abegaz 2022 Buildings supplementary Table S1,10.3390/buildings12050613,cement_lime,UCS,2900.0,,,28.0,,CL-ML,,,,,,23.0,18.0,5.0,,11.5,2.0,,,6.0,0.0,,,,,,,,,,,,,,,,,,,,,,,,False,,,,,,,,6.0,,3.367295829986474
UCDV1_00998,Taffese and Abegaz 2022 Buildings supplementary Table S1,10.3390/buildings12050613,cement_lime,UCS,1100.0,,,28.0,,ML,,,,,,23.0,22.0,1.0,,9.8,1.73,,,2.0,4.0,,,,,,,,,,,,,,,,,,,,,,,,False,,,,,,,,6.0,,3.367295829986474
UCDV1_00999,Taffese and Abegaz 2022 Buildings supplementary Table S1,10.3390/buildings12050613,cement_lime,UCS,1100.0,,,28.0,,ML,,,,,,23.0,22.0,1.0,,9.9,1.73,,,6.0,0.0,,,,,,,,,,,,,,,,,,,,,,,,False,,,,,,,,6.0,,3.367295829986474
UCDV1_01000,Taffese and Abegaz 2022 Buildings supplementary Table S1,10.3390/buildings12050613,cement_lime,UCS,4100.0,,,28.0,,ML,,,,,,24.0,20.0,4.0,,7.7,2.0,,,4.0,0.0,,,,,,,,,,,,,,,,,,,,,,,,False,,,,,,,,4.0,,3.367295829986474
UCDV1_01001,Taffese and Abegaz 2022 Buildings supplementary Table S1,10.3390/buildings12050613,cement_lime,UCS,4100.0,,,28.0,,ML,,,,,,24.0,20.0,4.0,,7.7,2.0,,,6.0,0.0,,,,,,,,,,,,,,,,,,,,,,,,False,,,,,,,,6.0,,3.367295829986474
UCDV1_01002,Taffese and Abegaz 2022 Buildings supplementary Table S1,10.3390/buildings12050613,cement_lime,UCS,2300.0,,,28.0,,ML,,,,,,24.0,21.0,3.0,,10.8,1.75,,,6.0,0.0,,,,,,,,,,,,,,,,,,,,,,,,False,,,,,,,,6.0,,3.367295829986474
UCDV1_01003,Taffese and Abegaz 2022 Buildings supplementary Table S1,10.3390/buildings12050613,cement_lime,UCS,2300.0,,,28.0,,ML,,,,,,24.0,21.0,3.0,,10.8,1.75,,,4.0,2.0,,,,,,,,,,,,,,,,,,,,,,,,False,,,,,,,,6.0,,3.367295829986474
UCDV1_01004,Taffese and Abegaz 2022 Buildings supplementary Table S1,10.3390/buildings12050613,cement_lime,UCS,1860.0,,,28.0,,CL,,,,,,25.0,12.0,13.0,,10.1,1.67,,,0.0,5.0,,,,,,,,,,,,,,,,,,,,,,,,False,,,,,,,,5.0,,3.367295829986474
UCDV1_01005,Taffese and Abegaz 2022 Buildings supplementary Table S1,10.3390/buildings12050613,cement_lime,UCS,1860.0,,,28.0,,CL,,,,,,25.0,12.0,13.0,,10.1,1.67,,,0.0,6.0,,,,,,,,,,,,,,,,,,,,,,,,False,,,,,,,,6.0,,3.367295829986474
UCDV1_01006,Taffese and Abegaz 2022 Buildings supplementary Table S1,10.3390/buildings12050613,cement_lime,UCS,2700.0,,,28.0,,CL,,,,,,25.0,12.0,13.0,,10.1,1.67,,,6.0,0.0,,,,,,,,,,,,,,,,,,,,,,,,False,,,,,,,,6.0,,3.367295829986474
UCDV1_01007,Taffese and Abegaz 2022 Buildings supplementary Table S1,10.3390/buildings12050613,cement_lime,UCS,4100.0,,,28.0,,ML,,,,,,25.0,21.0,4.0,,7.9,1.98,,,5.0,0.0,,,,,,,,,,,,,,,,,,,,,,,,False,,,,,,,,5.0,,3.367295829986474
UCDV1_01008,Taffese and Abegaz 2022 Buildings supplementary Table S1,10.3390/buildings12050613,cement_lime,UCS,4100.0,,,28.0,,ML,,,,,,25.0,21.0,4.0,,7.9,1.98,,,6.0,0.0,,,,,,,,,,,,,,,,,,,,,,,,False,,,,,,,,6.0,,3.367295829986474
UCDV1_01009,Taffese and Abegaz 2022 Buildings supplementary Table S1,10.3390/buildings12050613,cement_lime,UCS,2300.0,,,28.0,,CL,,,,,,26.0,19.0,7.0,,12.7,1.86,,,3.0,3.0,,,,,,,,,,,,,,,,,,,,,,,,False,,,,,,,,6.0,,3.367295829986474
UCDV1_01010,Taffese and Abegaz 2022 Buildings supplementary Table S1,10.3390/buildings12050613,cement_lime,UCS,2300.0,,,28.0,,CL,,,,,,26.0,19.0,7.0,,12.7,1.86,,,5.0,0.0,,,,,,,,,,,,,,,,,,,,,,,,False,,,,,,,,5.0,,3.367295829986474
UCDV1_01011,Taffese and Abegaz 2022 Buildings supplementary Table S1,10.3390/buildings12050613,cement_lime,UCS,2050.0,,,28.0,,CL,,,,,,27.0,16.0,11.0,,8.7,1.93,,,3.0,3.0,,,,,,,,,,,,,,,,,,,,,,,,False,,,,,,,,6.0,,3.367295829986474
UCDV1_01012,Taffese and Abegaz 2022 Buildings supplementary Table S1,10.3390/buildings12050613,cement_lime,UCS,2050.0,,,28.0,,CL,,,,,,27.0,16.0,11.0,,8.7,1.93,,,2.0,4.0,,,,,,,,,,,,,,,,,,,,,,,,False,,,,,,,,6.0,,3.367295829986474
UCDV1_01013,Taffese and Abegaz 2022 Buildings supplementary Table S1,10.3390/buildings12050613,cement_lime,UCS,1200.0,,,28.0,,ML,,,,,,27.0,24.0,3.0,,16.3,1.45,,,2.0,4.0,,,,,,,,,,,,,,,,,,,,,,,,False,,,,,,,,6.0,,3.367295829986474
UCDV1_01014,Taffese and Abegaz 2022 Buildings supplementary Table S1,10.3390/buildings12050613,cement_lime,UCS,1200.0,,,28.0,,ML,,,,,,27.0,24.0,3.0,,16.3,1.45,,,4.0,2.0,,,,,,,,,,,,,,,,,,,,,,,,False,,,,,,,,6.0,,3.367295829986474
UCDV1_01015,Taffese and Abegaz 2022 Buildings supplementary Table S1,10.3390/buildings12050613,cement_lime,UCS,3300.0,,,28.0,,CL,,,,,,28.0,19.0,9.0,,6.0,2.15,,,2.0,2.0,,,,,,,,,,,,,,,,,,,,,,,,False,,,,,,,,4.0,,3.367295829986474
UCDV1_01016,Taffese and Abegaz 2022 Buildings supplementary Table S1,10.3390/buildings12050613,cement_lime,UCS,3300.0,,,28.0,,CL,,,,,,28.0,19.0,9.0,,6.0,2.15,,,4.0,2.0,,,,,,,,,,,,,,,,,,,,,,,,False,,,,,,,,6.0,,3.367295829986474
UCDV1_01017,Taffese and Abegaz 2022 Buildings supplementary Table S1,10.3390/buildings12050613,cement_lime,UCS,2930.0,,,28.0,,CL,,,,,,28.0,19.0,9.0,,12.8,1.84,,,5.0,2.0,,,,,,,,,,,,,,,,,,,,,,,,False,,,,,,,,7.0,,3.367295829986474
UCDV1_01018,Taffese and Abegaz 2022 Buildings supplementary Table S1,10.3390/buildings12050613,cement_lime,UCS,2930.0,,,28.0,,CL,,,,,,28.0,19.0,9.0,,12.8,1.84,,,4.0,4.0,,,,,,,,,,,,,,,,,,,,,,,,False,,,,,,,,8.0,,3.367295829986474
UCDV1_01019,Taffese and Abegaz 2022 Buildings supplementary Table S1,10.3390/buildings12050613,cement_lime,UCS,2000.0,,,28.0,,CL,,,,,,29.0,16.0,13.0,,9.7,2.01,,,4.0,2.0,,,,,,,,,,,,,,,,,,,,,,,,False,,,,,,,,6.0,,3.367295829986474
UCDV1_01020,Taffese and Abegaz 2022 Buildings supplementary Table S1,10.3390/buildings12050613,cement_lime,UCS,2000.0,,,28.0,,CL,,,,,,29.0,16.0,13.0,,9.7,2.01,,,0.0,4.0,,,,,,,,,,,,,,,,,,,,,,,,False,,,,,,,,4.0,,3.367295829986474
UCDV1_01021,Taffese and Abegaz 2022 Buildings supplementary Table S1,10.3390/buildings12050613,cement_lime,UCS,2000.0,,,28.0,,CL,,,,,,29.0,20.0,9.0,,12.6,1.61,,,4.0,2.0,,,,,,,,,,,,,,,,,,,,,,,,False,,,,,,,,6.0,,3.367295829986474
UCDV1_01022,Taffese and Abegaz 2022 Buildings supplementary Table S1,10.3390/buildings12050613,cement_lime,UCS,2000.0,,,28.0,,CL,,,,,,29.0,20.0,9.0,,12.6,1.61,,,6.0,0.0,,,,,,,,,,,,,,,,,,,,,,,,False,,,,,,,,6.0,,3.367295829986474
UCDV1_01023,Taffese and Abegaz 2022 Buildings supplementary Table S1,10.3390/buildings12050613,cement_lime,UCS,2050.0,,,28.0,,CL,,,,,,29.0,20.0,9.0,,12.6,1.61,,,6.0,0.0,,,,,,,,,,,,,,,,,,,,,,,,False,,,,,,,,6.0,,3.367295829986474
UCDV1_01024,Taffese and Abegaz 2022 Buildings supplementary Table S1,10.3390/buildings12050613,cement_lime,UCS,2960.0,,,28.0,,CL,,,,,,29.0,12.0,17.0,,12.3,1.99,,,0.0,5.0,,,,,,,,,,,,,,,,,,,,,,,,False,,,,,,,,5.0,,3.367295829986474
UCDV1_01025,Taffese and Abegaz 2022 Buildings supplementary Table S1,10.3390/buildings12050613,cement_lime,UCS,2960.0,,,28.0,,CL,,,,,,29.0,12.0,17.0,,12.3,1.99,,,6.0,0.0,,,,,,,,,,,,,,,,,,,,,,,,False,,,,,,,,6.0,,3.367295829986474
UCDV1_01026,Taffese and Abegaz 2022 Buildings supplementary Table S1,10.3390/buildings12050613,cement_lime,UCS,4600.0,,,28.0,,CL,,,,,,29.0,18.0,11.0,,10.1,1.9,,,0.0,6.0,,,,,,,,,,,,,,,,,,,,,,,,False,,,,,,,,6.0,,3.367295829986474
UCDV1_01027,Taffese and Abegaz 2022 Buildings supplementary Table S1,10.3390/buildings12050613,cement_lime,UCS,4600.0,,,28.0,,CL,,,,,,29.0,18.0,11.0,,10.1,1.9,,,4.0,2.0,,,,,,,,,,,,,,,,,,,,,,,,False,,,,,,,,6.0,,3.367295829986474
UCDV1_01028,Taffese and Abegaz 2022 Buildings supplementary Table S1,10.3390/buildings12050613,cement_lime,UCS,3250.0,,,28.0,,CL,,,,,,29.0,22.0,7.0,,8.1,1.97,,,5.0,0.0,,,,,,,,,,,,,,,,,,,,,,,,False,,,,,,,,5.0,,3.367295829986474
UCDV1_01029,Taffese and Abegaz 2022 Buildings supplementary Table S1,10.3390/buildings12050613,cement_lime,UCS,3250.0,,,28.0,,CL,,,,,,29.0,22.0,7.0,,8.1,1.97,,,6.0,0.0,,,,,,,,,,,,,,,,,,,,,,,,False,,,,,,,,6.0,,3.367295829986474
UCDV1_01030,Taffese and Abegaz 2022 Buildings supplementary Table S1,10.3390/buildings12050613,cement_lime,UCS,2200.0,,,28.0,,CL,,,,,,29.0,14.0,15.0,,11.4,1.69,,,6.0,0.0,,,,,,,,,,,,,,,,,,,,,,,,False,,,,,,,,6.0,,3.367295829986474
UCDV1_01031,Taffese and Abegaz 2022 Buildings supplementary Table S1,10.3390/buildings12050613,cement_lime,UCS,1820.0,,,28.0,,CL,,,,,,29.0,12.0,17.0,,11.2,2.09,,,2.0,6.0,,,,,,,,,,,,,,,,,,,,,,,,False,,,,,,,,8.0,,3.367295829986474
UCDV1_01032,Taffese and Abegaz 2022 Buildings supplementary Table S1,10.3390/buildings12050613,cement_lime,UCS,1820.0,,,28.0,,CL,,,,,,29.0,12.0,17.0,,11.2,2.09,,,6.0,0.0,,,,,,,,,,,,,,,,,,,,,,,,False,,,,,,,,6.0,,3.367295829986474
UCDV1_01033,Taffese and Abegaz 2022 Buildings supplementary Table S1,10.3390/buildings12050613,cement_lime,UCS,2620.0,,,28.0,,CL,,,,,,29.0,14.0,15.0,,11.4,1.69,,,0.0,4.0,,,,,,,,,,,,,,,,,,,,,,,,False,,,,,,,,4.0,,3.367295829986474
UCDV1_01034,Taffese and Abegaz 2022 Buildings supplementary Table S1,10.3390/buildings12050613,cement_lime,UCS,2200.0,,,28.0,,CL,,,,,,29.0,22.0,7.0,,18.5,1.78,,,4.0,2.0,,,,,,,,,,,,,,,,,,,,,,,,False,,,,,,,,6.0,,3.367295829986474
UCDV1_01035,Taffese and Abegaz 2022 Buildings supplementary Table S1,10.3390/buildings12050613,cement_lime,UCS,2200.0,,,28.0,,CL,,,,,,29.0,22.0,7.0,,18.5,1.78,,,4.0,0.0,,,,,,,,,,,,,,,,,,,,,,,,False,,,,,,,,4.0,,3.367295829986474
UCDV1_01036,Taffese and Abegaz 2022 Buildings supplementary Table S1,10.3390/buildings12050613,cement_lime,UCS,3000.0,,,28.0,,CL,,,,,,30.0,18.0,12.0,,10.1,1.97,,,4.0,4.0,,,,,,,,,,,,,,,,,,,,,,,,False,,,,,,,,8.0,,3.367295829986474
UCDV1_01037,Taffese and Abegaz 2022 Buildings supplementary Table S1,10.3390/buildings12050613,cement_lime,UCS,3000.0,,,28.0,,CL,,,,,,30.0,18.0,12.0,,10.1,1.97,,,0.0,4.0,,,,,,,,,,,,,,,,,,,,,,,,False,,,,,,,,4.0,,3.367295829986474
UCDV1_01038,Taffese and Abegaz 2022 Buildings supplementary Table S1,10.3390/buildings12050613,cement_lime,UCS,3000.0,,,28.0,,CL,,,,,,30.0,14.0,16.0,,9.4,1.83,,,2.0,6.0,,,,,,,,,,,,,,,,,,,,,,,,False,,,,,,,,8.0,,3.367295829986474
UCDV1_01039,Taffese and Abegaz 2022 Buildings supplementary Table S1,10.3390/buildings12050613,cement_lime,UCS,3000.0,,,28.0,,CL,,,,,,30.0,14.0,16.0,,9.4,1.83,,,4.0,2.0,,,,,,,,,,,,,,,,,,,,,,,,False,,,,,,,,6.0,,3.367295829986474
UCDV1_01040,Taffese and Abegaz 2022 Buildings supplementary Table S1,10.3390/buildings12050613,cement_lime,UCS,3800.0,,,28.0,,ML,,,,,,31.0,25.0,6.0,,7.3,1.94,,,5.0,0.0,,,,,,,,,,,,,,,,,,,,,,,,False,,,,,,,,5.0,,3.367295829986474
UCDV1_01041,Taffese and Abegaz 2022 Buildings supplementary Table S1,10.3390/buildings12050613,cement_lime,UCS,3800.0,,,28.0,,ML,,,,,,31.0,25.0,6.0,,7.3,1.94,,,6.0,0.0,,,,,,,,,,,,,,,,,,,,,,,,False,,,,,,,,6.0,,3.367295829986474
UCDV1_01042,Taffese and Abegaz 2022 Buildings supplementary Table S1,10.3390/buildings12050613,cement_lime,UCS,3900.0,,,28.0,,CL,,,,,,31.0,14.0,17.0,,8.8,2.12,,,0.0,5.0,,,,,,,,,,,,,,,,,,,,,,,,False,,,,,,,,5.0,,3.367295829986474
UCDV1_01043,Taffese and Abegaz 2022 Buildings supplementary Table S1,10.3390/buildings12050613,cement_lime,UCS,3900.0,,,28.0,,CL,,,,,,31.0,14.0,17.0,,8.8,2.12,,,6.0,0.0,,,,,,,,,,,,,,,,,,,,,,,,False,,,,,,,,6.0,,3.367295829986474
UCDV1_01044,Taffese and Abegaz 2022 Buildings supplementary Table S1,10.3390/buildings12050613,cement_lime,UCS,2950.0,,,28.0,,CL,,,,,,32.0,17.0,15.0,,6.9,1.82,,,2.0,6.0,,,,,,,,,,,,,,,,,,,,,,,,False,,,,,,,,8.0,,3.367295829986474
UCDV1_01045,Taffese and Abegaz 2022 Buildings supplementary Table S1,10.3390/buildings12050613,cement_lime,UCS,2950.0,,,28.0,,CL,,,,,,32.0,17.0,15.0,,6.9,1.82,,,6.0,0.0,,,,,,,,,,,,,,,,,,,,,,,,False,,,,,,,,6.0,,3.367295829986474
UCDV1_01046,Taffese and Abegaz 2022 Buildings supplementary Table S1,10.3390/buildings12050613,cement_lime,UCS,1930.0,,,28.0,,CL,,,,,,32.0,12.0,20.0,,8.2,1.96,,,0.0,3.0,,,,,,,,,,,,,,,,,,,,,,,,False,,,,,,,,3.0,,3.367295829986474
UCDV1_01047,Taffese and Abegaz 2022 Buildings supplementary Table S1,10.3390/buildings12050613,cement_lime,UCS,1930.0,,,28.0,,CL,,,,,,32.0,12.0,20.0,,8.2,1.96,,,6.0,0.0,,,,,,,,,,,,,,,,,,,,,,,,False,,,,,,,,6.0,,3.367295829986474
UCDV1_01048,Taffese and Abegaz 2022 Buildings supplementary Table S1,10.3390/buildings12050613,cement_lime,UCS,2150.0,,,28.0,,ML,,,,,,32.0,24.0,8.0,,9.3,1.92,,,3.0,3.0,,,,,,,,,,,,,,,,,,,,,,,,False,,,,,,,,6.0,,3.367295829986474
UCDV1_01049,Taffese and Abegaz 2022 Buildings supplementary Table S1,10.3390/buildings12050613,cement_lime,UCS,2150.0,,,28.0,,ML,,,,,,32.0,24.0,8.0,,9.3,1.92,,,5.0,0.0,,,,,,,,,,,,,,,,,,,,,,,,False,,,,,,,,5.0,,3.367295829986474
UCDV1_01050,Taffese and Abegaz 2022 Buildings supplementary Table S1,10.3390/buildings12050613,cement_lime,UCS,3100.0,,,28.0,,CL,,,,,,32.0,17.0,15.0,,13.0,1.95,,,0.0,3.0,,,,,,,,,,,,,,,,,,,,,,,,False,,,,,,,,3.0,,3.367295829986474
UCDV1_01051,Taffese and Abegaz 2022 Buildings supplementary Table S1,10.3390/buildings12050613,cement_lime,UCS,3100.0,,,28.0,,CL,,,,,,32.0,17.0,15.0,,13.0,1.95,,,4.0,4.0,,,,,,,,,,,,,,,,,,,,,,,,False,,,,,,,,8.0,,3.367295829986474
UCDV1_01052,Taffese and Abegaz 2022 Buildings supplementary Table S1,10.3390/buildings12050613,cement_lime,UCS,1980.0,,,28.0,,CL,,,,,,32.0,13.0,19.0,,8.8,1.69,,,0.0,6.0,,,,,,,,,,,,,,,,,,,,,,,,False,,,,,,,,6.0,,3.367295829986474
UCDV1_01053,Taffese and Abegaz 2022 Buildings supplementary Table S1,10.3390/buildings12050613,cement_lime,UCS,1980.0,,,28.0,,CL,,,,,,32.0,13.0,19.0,,8.8,1.69,,,4.0,2.0,,,,,,,,,,,,,,,,,,,,,,,,False,,,,,,,,6.0,,3.367295829986474
UCDV1_01054,Taffese and Abegaz 2022 Buildings supplementary Table S1,10.3390/buildings12050613,cement_lime,UCS,2450.0,,,28.0,,CL,,,,,,33.0,12.0,21.0,,16.0,1.81,,,0.0,6.0,,,,,,,,,,,,,,,,,,,,,,,,False,,,,,,,,6.0,,3.367295829986474
UCDV1_01055,Taffese and Abegaz 2022 Buildings supplementary Table S1,10.3390/buildings12050613,cement_lime,UCS,2450.0,,,28.0,,CL,,,,,,33.0,12.0,21.0,,16.0,1.81,,,6.0,2.0,,,,,,,,,,,,,,,,,,,,,,,,False,,,,,,,,8.0,,3.367295829986474
UCDV1_01056,Taffese and Abegaz 2022 Buildings supplementary Table S1,10.3390/buildings12050613,cement_lime,UCS,2010.0,,,28.0,,CL,,,,,,33.5,18.0,15.5,,5.4,1.7,,,0.0,5.0,,,,,,,,,,,,,,,,,,,,,,,,False,,,,,,,,5.0,,3.367295829986474
UCDV1_01057,Taffese and Abegaz 2022 Buildings supplementary Table S1,10.3390/buildings12050613,cement_lime,UCS,2010.0,,,28.0,,CL,,,,,,33.5,18.0,15.5,,5.4,1.7,,,6.0,0.0,,,,,,,,,,,,,,,,,,,,,,,,False,,,,,,,,6.0,,3.367295829986474
UCDV1_01058,Taffese and Abegaz 2022 Buildings supplementary Table S1,10.3390/buildings12050613,cement_lime,UCS,4200.0,,,28.0,,ML,,,,,,35.0,27.0,8.0,,8.2,2.21,,,3.0,3.0,,,,,,,,,,,,,,,,,,,,,,,,False,,,,,,,,6.0,,3.367295829986474
UCDV1_01059,Taffese and Abegaz 2022 Buildings supplementary Table S1,10.3390/buildings12050613,cement_lime,UCS,4200.0,,,28.0,,ML,,,,,,35.0,27.0,8.0,,8.2,2.21,,,4.0,0.0,,,,,,,,,,,,,,,,,,,,,,,,False,,,,,,,,4.0,,3.367295829986474
UCDV1_01060,Taffese and Abegaz 2022 Buildings supplementary Table S1,10.3390/buildings12050613,cement_lime,UCS,1600.0,,,28.0,,CL,,,,,,35.0,15.0,20.0,,11.7,1.65,,,4.0,2.0,,,,,,,,,,,,,,,,,,,,,,,,False,,,,,,,,6.0,,3.367295829986474
UCDV1_01061,Taffese and Abegaz 2022 Buildings supplementary Table S1,10.3390/buildings12050613,cement_lime,UCS,2300.0,,,28.0,,CL,,,,,,35.0,15.0,20.0,,11.7,1.65,,,0.0,5.0,,,,,,,,,,,,,,,,,,,,,,,,False,,,,,,,,5.0,,3.367295829986474
UCDV1_01062,Taffese and Abegaz 2022 Buildings supplementary Table S1,10.3390/buildings12050613,cement_lime,UCS,2300.0,,,28.0,,CL,,,,,,35.0,15.0,20.0,,11.7,1.65,,,6.0,0.0,,,,,,,,,,,,,,,,,,,,,,,,False,,,,,,,,6.0,,3.367295829986474
UCDV1_01063,Taffese and Abegaz 2022 Buildings supplementary Table S1,10.3390/buildings12050613,cement_lime,UCS,2270.0,,,28.0,,CL,,,,,,35.0,21.0,14.0,,8.0,2.1,,,6.0,0.0,,,,,,,,,,,,,,,,,,,,,,,,False,,,,,,,,6.0,,3.367295829986474
UCDV1_01064,Taffese and Abegaz 2022 Buildings supplementary Table S1,10.3390/buildings12050613,cement_lime,UCS,2270.0,,,28.0,,CL,,,,,,35.0,21.0,14.0,,8.0,2.1,,,0.0,5.0,,,,,,,,,,,,,,,,,,,,,,,,False,,,,,,,,5.0,,3.367295829986474
UCDV1_01065,Taffese and Abegaz 2022 Buildings supplementary Table S1,10.3390/buildings12050613,cement_lime,UCS,3210.0,,,28.0,,ML,,,,,,35.0,29.0,6.0,,8.8,2.04,,,4.0,2.0,,,,,,,,,,,,,,,,,,,,,,,,False,,,,,,,,6.0,,3.367295829986474
UCDV1_01066,Taffese and Abegaz 2022 Buildings supplementary Table S1,10.3390/buildings12050613,cement_lime,UCS,3210.0,,,28.0,,ML,,,,,,35.0,29.0,6.0,,8.8,2.04,,,5.0,0.0,,,,,,,,,,,,,,,,,,,,,,,,False,,,,,,,,5.0,,3.367295829986474
UCDV1_01067,Taffese and Abegaz 2022 Buildings supplementary Table S1,10.3390/buildings12050613,cement_lime,UCS,2870.0,,,28.0,,CL,,,,,,35.0,17.0,18.0,,10.9,1.89,,,6.0,0.0,,,,,,,,,,,,,,,,,,,,,,,,False,,,,,,,,6.0,,3.367295829986474
UCDV1_01068,Taffese and Abegaz 2022 Buildings supplementary Table S1,10.3390/buildings12050613,cement_lime,UCS,2800.0,,,28.0,,CL,,,,,,36.0,17.0,19.0,,7.0,1.9,,,0.0,6.0,,,,,,,,,,,,,,,,,,,,,,,,False,,,,,,,,6.0,,3.367295829986474
UCDV1_01069,Taffese and Abegaz 2022 Buildings supplementary Table S1,10.3390/buildings12050613,cement_lime,UCS,2800.0,,,28.0,,CL,,,,,,36.0,17.0,19.0,,7.0,1.9,,,6.0,0.0,,,,,,,,,,,,,,,,,,,,,,,,False,,,,,,,,6.0,,3.367295829986474
UCDV1_01070,Taffese and Abegaz 2022 Buildings supplementary Table S1,10.3390/buildings12050613,cement_lime,UCS,2900.0,,,28.0,,CL,,,,,,36.0,17.0,19.0,,7.0,2.15,,,6.0,0.0,,,,,,,,,,,,,,,,,,,,,,,,False,,,,,,,,6.0,,3.367295829986474
UCDV1_01071,Taffese and Abegaz 2022 Buildings supplementary Table S1,10.3390/buildings12050613,cement_lime,UCS,2020.0,,,28.0,,CL,,,,,,36.4,19.0,17.4,,9.4,1.92,,,0.0,5.0,,,,,,,,,,,,,,,,,,,,,,,,False,,,,,,,,5.0,,3.367295829986474
UCDV1_01072,Taffese and Abegaz 2022 Buildings supplementary Table S1,10.3390/buildings12050613,cement_lime,UCS,2020.0,,,28.0,,CL,,,,,,36.4,19.0,17.4,,9.4,1.92,,,6.0,0.0,,,,,,,,,,,,,,,,,,,,,,,,False,,,,,,,,6.0,,3.367295829986474
UCDV1_01073,Taffese and Abegaz 2022 Buildings supplementary Table S1,10.3390/buildings12050613,cement_lime,UCS,4900.0,,,28.0,,CL,,,,,,37.0,16.0,21.0,,12.4,1.9,,,2.0,6.0,,,,,,,,,,,,,,,,,,,,,,,,False,,,,,,,,8.0,,3.367295829986474
UCDV1_01074,Taffese and Abegaz 2022 Buildings supplementary Table S1,10.3390/buildings12050613,cement_lime,UCS,4900.0,,,28.0,,CL,,,,,,37.0,16.0,21.0,,12.4,1.9,,,6.0,2.0,,,,,,,,,,,,,,,,,,,,,,,,False,,,,,,,,8.0,,3.367295829986474
UCDV1_01075,Taffese and Abegaz 2022 Buildings supplementary Table S1,10.3390/buildings12050613,cement_lime,UCS,1500.0,,,28.0,,CL,,,,,,37.0,14.0,23.0,,10.6,1.47,,,4.0,2.0,,,,,,,,,,,,,,,,,,,,,,,,False,,,,,,,,6.0,,3.367295829986474
UCDV1_01076,Taffese and Abegaz 2022 Buildings supplementary Table S1,10.3390/buildings12050613,cement_lime,UCS,2000.0,,,28.0,,CL,,,,,,38.0,23.0,15.0,,7.9,1.93,,,0.0,6.0,,,,,,,,,,,,,,,,,,,,,,,,False,,,,,,,,6.0,,3.367295829986474
UCDV1_01077,Taffese and Abegaz 2022 Buildings supplementary Table S1,10.3390/buildings12050613,cement_lime,UCS,2000.0,,,28.0,,CL,,,,,,38.0,23.0,15.0,,7.9,1.93,,,6.0,0.0,,,,,,,,,,,,,,,,,,,,,,,,False,,,,,,,,6.0,,3.367295829986474
UCDV1_01078,Taffese and Abegaz 2022 Buildings supplementary Table S1,10.3390/buildings12050613,cement_lime,UCS,1880.0,,,28.0,,CL,,,,,,38.0,17.0,21.0,,10.5,1.82,,,0.0,4.0,,,,,,,,,,,,,,,,,,,,,,,,False,,,,,,,,4.0,,3.367295829986474
UCDV1_01079,Taffese and Abegaz 2022 Buildings supplementary Table S1,10.3390/buildings12050613,cement_lime,UCS,1880.0,,,28.0,,CL,,,,,,38.0,17.0,21.0,,10.5,1.82,,,6.0,0.0,,,,,,,,,,,,,,,,,,,,,,,,False,,,,,,,,6.0,,3.367295829986474
UCDV1_01080,Taffese and Abegaz 2022 Buildings supplementary Table S1,10.3390/buildings12050613,cement_lime,UCS,2300.0,,,28.0,,CL,,,,,,38.0,17.0,21.0,,9.1,1.78,,,4.0,2.0,,,,,,,,,,,,,,,,,,,,,,,,False,,,,,,,,6.0,,3.367295829986474
UCDV1_01081,Taffese and Abegaz 2022 Buildings supplementary Table S1,10.3390/buildings12050613,cement_lime,UCS,3000.0,,,28.0,,CL,,,,,,39.0,25.0,14.0,,12.0,1.86,,,6.0,0.0,,,,,,,,,,,,,,,,,,,,,,,,False,,,,,,,,6.0,,3.367295829986474
UCDV1_01082,Taffese and Abegaz 2022 Buildings supplementary Table S1,10.3390/buildings12050613,cement_lime,UCS,1610.0,,,28.0,,CL,,,,,,40.0,20.0,20.0,,7.1,1.98,,,2.0,6.0,,,,,,,,,,,,,,,,,,,,,,,,False,,,,,,,,8.0,,3.367295829986474
UCDV1_01083,Taffese and Abegaz 2022 Buildings supplementary Table S1,10.3390/buildings12050613,cement_lime,UCS,1610.0,,,28.0,,CL,,,,,,40.0,20.0,20.0,,7.1,1.98,,,6.0,0.0,,,,,,,,,,,,,,,,,,,,,,,,False,,,,,,,,6.0,,3.367295829986474
UCDV1_01084,Taffese and Abegaz 2022 Buildings supplementary Table S1,10.3390/buildings12050613,cement_lime,UCS,3980.0,,,28.0,,CL,,,,,,40.0,15.0,25.0,,9.2,1.97,,,6.0,0.0,,,,,,,,,,,,,,,,,,,,,,,,False,,,,,,,,6.0,,3.367295829986474
UCDV1_01085,Taffese and Abegaz 2022 Buildings supplementary Table S1,10.3390/buildings12050613,cement_lime,UCS,2990.0,,,28.0,,CL,,,,,,40.0,18.0,22.0,,7.8,1.92,,,4.0,2.0,,,,,,,,,,,,,,,,,,,,,,,,False,,,,,,,,6.0,,3.367295829986474
UCDV1_01086,Taffese and Abegaz 2022 Buildings supplementary Table S1,10.3390/buildings12050613,cement_lime,UCS,2300.0,,,28.0,,CL,,,,,,40.0,17.0,23.0,,10.9,1.78,,,4.0,2.0,,,,,,,,,,,,,,,,,,,,,,,,False,,,,,,,,6.0,,3.367295829986474
UCDV1_01087,Taffese and Abegaz 2022 Buildings supplementary Table S1,10.3390/buildings12050613,cement_lime,UCS,1690.0,,,28.0,,CL,,,,,,41.0,21.0,20.0,,19.0,1.7,,,0.0,4.0,,,,,,,,,,,,,,,,,,,,,,,,False,,,,,,,,4.0,,3.367295829986474
UCDV1_01088,Taffese and Abegaz 2022 Buildings supplementary Table S1,10.3390/buildings12050613,cement_lime,UCS,1690.0,,,28.0,,CL,,,,,,41.0,21.0,20.0,,19.0,1.7,,,6.0,0.0,,,,,,,,,,,,,,,,,,,,,,,,False,,,,,,,,6.0,,3.367295829986474
UCDV1_01089,Taffese and Abegaz 2022 Buildings supplementary Table S1,10.3390/buildings12050613,cement_lime,UCS,2300.0,,,28.0,,CL,,,,,,42.0,23.0,19.0,,9.3,1.44,,,0.0,5.0,,,,,,,,,,,,,,,,,,,,,,,,False,,,,,,,,5.0,,3.367295829986474
UCDV1_01090,Taffese and Abegaz 2022 Buildings supplementary Table S1,10.3390/buildings12050613,cement_lime,UCS,2300.0,,,28.0,,CL,,,,,,42.0,23.0,19.0,,9.3,1.44,,,6.0,0.0,,,,,,,,,,,,,,,,,,,,,,,,False,,,,,,,,6.0,,3.367295829986474
UCDV1_01091,Taffese and Abegaz 2022 Buildings supplementary Table S1,10.3390/buildings12050613,cement_lime,UCS,2790.0,,,28.0,,CL,,,,,,42.0,20.0,22.0,,9.7,1.86,,,6.0,0.0,,,,,,,,,,,,,,,,,,,,,,,,False,,,,,,,,6.0,,3.367295829986474
UCDV1_01092,Taffese and Abegaz 2022 Buildings supplementary Table S1,10.3390/buildings12050613,cement_lime,UCS,2960.0,,,28.0,,CL,,,,,,42.0,15.0,27.0,,12.2,1.98,,,6.0,2.0,,,,,,,,,,,,,,,,,,,,,,,,False,,,,,,,,8.0,,3.367295829986474
UCDV1_01093,Taffese and Abegaz 2022 Buildings supplementary Table S1,10.3390/buildings12050613,cement_lime,UCS,1820.0,,,28.0,,CL,,,,,,43.3,15.0,28.3,,16.5,1.76,,,6.0,0.0,,,,,,,,,,,,,,,,,,,,,,,,False,,,,,,,,6.0,,3.367295829986474
UCDV1_01094,Taffese and Abegaz 2022 Buildings supplementary Table S1,10.3390/buildings12050613,cement_lime,UCS,3200.0,,,28.0,,CL,,,,,,44.0,22.0,22.0,,8.7,2.01,,,6.0,0.0,,,,,,,,,,,,,,,,,,,,,,,,False,,,,,,,,6.0,,3.367295829986474
UCDV1_01095,Taffese and Abegaz 2022 Buildings supplementary Table S1,10.3390/buildings12050613,cement_lime,UCS,2250.0,,,28.0,,CL,,,,,,44.0,18.0,26.0,,8.9,1.79,,,4.0,2.0,,,,,,,,,,,,,,,,,,,,,,,,False,,,,,,,,6.0,,3.367295829986474
UCDV1_01096,Taffese and Abegaz 2022 Buildings supplementary Table S1,10.3390/buildings12050613,cement_lime,UCS,1980.0,,,28.0,,CL,,,,,,45.0,12.0,33.0,,14.8,1.76,,,6.0,0.0,,,,,,,,,,,,,,,,,,,,,,,,False,,,,,,,,6.0,,3.367295829986474
UCDV1_01097,Taffese and Abegaz 2022 Buildings supplementary Table S1,10.3390/buildings12050613,cement_lime,UCS,1750.0,,,28.0,,CL,,,,,,45.0,26.0,19.0,,10.5,1.82,,,4.0,2.0,,,,,,,,,,,,,,,,,,,,,,,,False,,,,,,,,6.0,,3.367295829986474
UCDV1_01098,Taffese and Abegaz 2022 Buildings supplementary Table S1,10.3390/buildings12050613,cement_lime,UCS,2450.0,,,28.0,,CL,,,,,,45.0,26.0,19.0,,10.5,1.82,,,2.0,6.0,,,,,,,,,,,,,,,,,,,,,,,,False,,,,,,,,8.0,,3.367295829986474
UCDV1_01099,Taffese and Abegaz 2022 Buildings supplementary Table S1,10.3390/buildings12050613,cement_lime,UCS,2450.0,,,28.0,,CL,,,,,,45.0,26.0,19.0,,10.5,1.82,,,2.0,4.0,,,,,,,,,,,,,,,,,,,,,,,,False,,,,,,,,6.0,,3.367295829986474
UCDV1_01100,Taffese and Abegaz 2022 Buildings supplementary Table S1,10.3390/buildings12050613,cement_lime,UCS,1900.0,,,28.0,,ML,,,,,,45.0,27.0,18.0,,12.5,1.82,,,4.0,2.0,,,,,,,,,,,,,,,,,,,,,,,,False,,,,,,,,6.0,,3.367295829986474
UCDV1_01101,Taffese and Abegaz 2022 Buildings supplementary Table S1,10.3390/buildings12050613,cement_lime,UCS,4100.0,,,28.0,,ML,,,,,,45.0,27.0,18.0,,12.5,1.82,,,5.0,2.0,,,,,,,,,,,,,,,,,,,,,,,,False,,,,,,,,7.0,,3.367295829986474
UCDV1_01102,Taffese and Abegaz 2022 Buildings supplementary Table S1,10.3390/buildings12050613,cement_lime,UCS,4100.0,,,28.0,,ML,,,,,,45.0,27.0,18.0,,12.5,1.82,,,2.0,6.0,,,,,,,,,,,,,,,,,,,,,,,,False,,,,,,,,8.0,,3.367295829986474
UCDV1_01103,Taffese and Abegaz 2022 Buildings supplementary Table S1,10.3390/buildings12050613,cement_lime,UCS,1800.0,,,28.0,,CL,,,,,,46.0,16.0,30.0,,14.8,1.52,,,6.0,0.0,,,,,,,,,,,,,,,,,,,,,,,,False,,,,,,,,6.0,,3.367295829986474
UCDV1_01104,Taffese and Abegaz 2022 Buildings supplementary Table S1,10.3390/buildings12050613,cement_lime,UCS,1820.0,,,28.0,,CL,,,,,,46.0,16.0,30.0,,14.8,1.52,,,4.0,4.0,,,,,,,,,,,,,,,,,,,,,,,,False,,,,,,,,8.0,,3.367295829986474
UCDV1_01105,Taffese and Abegaz 2022 Buildings supplementary Table S1,10.3390/buildings12050613,cement_lime,UCS,3000.0,,,28.0,,CH,,,,,,50.0,15.0,35.0,,10.2,1.94,,,2.0,4.0,,,,,,,,,,,,,,,,,,,,,,,,False,,,,,,,,6.0,,3.367295829986474
UCDV1_01106,Taffese and Abegaz 2022 Buildings supplementary Table S1,10.3390/buildings12050613,cement_lime,UCS,4020.0,,,28.0,,CH,,,,,,51.0,25.0,26.0,,7.9,2.15,,,6.0,0.0,,,,,,,,,,,,,,,,,,,,,,,,False,,,,,,,,6.0,,3.367295829986474
UCDV1_01107,Taffese and Abegaz 2022 Buildings supplementary Table S1,10.3390/buildings12050613,cement_lime,UCS,5400.0,,,28.0,,MH,,,,,,52.0,34.0,18.0,,8.7,2.01,,,6.0,0.0,,,,,,,,,,,,,,,,,,,,,,,,False,,,,,,,,6.0,,3.367295829986474
UCDV1_01108,Taffese and Abegaz 2022 Buildings supplementary Table S1,10.3390/buildings12050613,cement_lime,UCS,1200.0,,,28.0,,CH,,,,,,55.0,20.0,35.0,,14.0,1.52,,,6.0,0.0,,,,,,,,,,,,,,,,,,,,,,,,False,,,,,,,,6.0,,3.367295829986474
UCDV1_01109,Taffese and Abegaz 2022 Buildings supplementary Table S1,10.3390/buildings12050613,cement_lime,UCS,1570.0,,,28.0,,CH,,,,,,55.0,23.0,32.0,,15.5,1.55,,,6.0,0.0,,,,,,,,,,,,,,,,,,,,,,,,False,,,,,,,,6.0,,3.367295829986474
UCDV1_01110,Taffese and Abegaz 2022 Buildings supplementary Table S1,10.3390/buildings12050613,cement_lime,UCS,3300.0,,,28.0,,MH,,,,,,55.0,30.0,25.0,,16.0,1.87,,,6.0,0.0,,,,,,,,,,,,,,,,,,,,,,,,False,,,,,,,,6.0,,3.367295829986474
UCDV1_01111,Taffese and Abegaz 2022 Buildings supplementary Table S1,10.3390/buildings12050613,cement_lime,UCS,3400.0,,,28.0,,MH,,,,,,57.0,36.0,21.0,,9.0,2.1,,,6.0,0.0,,,,,,,,,,,,,,,,,,,,,,,,False,,,,,,,,6.0,,3.367295829986474
UCDV1_01112,Taffese and Abegaz 2022 Buildings supplementary Table S1,10.3390/buildings12050613,cement_lime,UCS,1350.0,,,28.0,,CH,,,,,,58.0,16.0,42.0,,22.7,1.6,,,0.0,6.0,,,,,,,,,,,,,,,,,,,,,,,,False,,,,,,,,6.0,,3.367295829986474
UCDV1_01113,Taffese and Abegaz 2022 Buildings supplementary Table S1,10.3390/buildings12050613,cement_lime,UCS,1500.0,,,28.0,,CH,,,,,,65.0,14.0,51.0,,20.0,1.6,,,2.0,4.0,,,,,,,,,,,,,,,,,,,,,,,,False,,,,,,,,6.0,,3.367295829986474
UCDV1_01114,Taffese and Abegaz 2022 Buildings supplementary Table S1,10.3390/buildings12050613,cement_lime,UCS,1250.0,,,28.0,,CH,,,,,,66.0,24.0,42.0,,28.0,1.52,,,0.0,6.0,,,,,,,,,,,,,,,,,,,,,,,,False,,,,,,,,6.0,,3.367295829986474
UCDV1_01115,Taffese and Abegaz 2022 Buildings supplementary Table S1,10.3390/buildings12050613,cement_lime,UCS,1300.0,,,28.0,,CH,,,,,,72.0,23.0,49.0,,11.2,1.6,,,4.0,2.0,,,,,,,,,,,,,,,,,,,,,,,,False,,,,,,,,6.0,,3.367295829986474
UCDV1_01116,Taffese and Abegaz 2022 Buildings supplementary Table S1,10.3390/buildings12050613,cement_lime,UCS,1500.0,,,28.0,,CH,,,,,,72.0,23.0,49.0,,11.2,1.6,,,4.0,2.0,,,,,,,,,,,,,,,,,,,,,,,,False,,,,,,,,6.0,,3.367295829986474
UCDV1_01117,Taffese and Abegaz 2022 Buildings supplementary Table S1,10.3390/buildings12050613,cement_lime,UCS,1700.0,,,28.0,,CH,,,,,,73.0,25.0,48.0,,16.0,1.59,,,4.0,2.0,,,,,,,,,,,,,,,,,,,,,,,,False,,,,,,,,6.0,,3.367295829986474
UCDV1_01118,Taffese and Abegaz 2022 Buildings supplementary Table S1,10.3390/buildings12050613,cement_lime,UCS,1900.0,,,28.0,,CH,,,,,,73.0,25.0,48.0,,16.0,1.59,,,6.0,0.0,,,,,,,,,,,,,,,,,,,,,,,,False,,,,,,,,6.0,,3.367295829986474
UCDV1_01119,Taffese and Abegaz 2022 Buildings supplementary Table S1,10.3390/buildings12050613,cement_lime,UCS,1400.0,,,28.0,,CH,,,,,,89.0,19.0,70.0,,25.5,1.51,,,2.0,4.0,,,,,,,,,,,,,,,,,,,,,,,,False,,,,,,,,6.0,,3.367295829986474
UCDV1_01120,Taffese and Abegaz 2022 Buildings supplementary Table S1,10.3390/buildings12050613,cement_lime,UCS,1025.0,,,28.0,,CL,,,,,,42.25,19.3,22.95,,14.5,1.72,,,0.0,0.0,,,,,,,,,,,,,,,,,,,,,,,,False,,,,,,,,0.0,,3.367295829986474
UCDV1_01121,Taffese and Abegaz 2022 Buildings supplementary Table S1,10.3390/buildings12050613,cement_lime,UCS,1120.0,,,28.0,,CL,,,,,,37.11,20.6,16.51,,15.1,1.73,,,0.0,2.0,,,,,,,,,,,,,,,,,,,,,,,,False,,,,,,,,2.0,,3.367295829986474
UCDV1_01122,Taffese and Abegaz 2022 Buildings supplementary Table S1,10.3390/buildings12050613,cement_lime,UCS,1154.0,,,28.0,,CL,,,,,,31.78,21.0,10.78,,13.8,1.75,,,0.0,4.0,,,,,,,,,,,,,,,,,,,,,,,,False,,,,,,,,4.0,,3.367295829986474
UCDV1_01123,Taffese and Abegaz 2022 Buildings supplementary Table S1,10.3390/buildings12050613,cement_lime,UCS,193.05,,,28.0,,CL,,,,,,39.0,18.0,21.0,,16.5,1.772,,,0.0,0.0,,,,,,,,,,,,,,,,,,,,,,,,False,,,,,,,,0.0,,3.367295829986474
UCDV1_01124,Figshare_28553693_Teodoru_OwusuYeboah_2025,10.6084/m9.figshare.28553693.v2,cement_lime,UCS,563.9453462,,,1.0,Iasi_clayey_silt_clSi,clayey_silt_clSi_EN_ISO_14688,,9.0,64.0,27.0,,36.0,24.0,12.0,,14.9,1.537,,,2.5,0.0,,,,,,,,,,,,,,,,,,,,,,,0.75,False,,,,,0.4444444444444444,,,2.5,0.09259259259259259,0.6931471805599453
UCDV1_01125,Figshare_28553693_Teodoru_OwusuYeboah_2025,10.6084/m9.figshare.28553693.v2,cement_lime,UCS,567.6207363,,,1.0,Iasi_clayey_silt_clSi,clayey_silt_clSi_EN_ISO_14688,,9.0,64.0,27.0,,36.0,24.0,12.0,,14.9,1.537,,,2.5,0.0,,,,,,,,,,,,,,,,,,,,,,,0.75,False,,,,,0.4444444444444444,,,2.5,0.09259259259259259,0.6931471805599453
UCDV1_01126,Figshare_28553693_Teodoru_OwusuYeboah_2025,10.6084/m9.figshare.28553693.v2,cement_lime,UCS,563.0710124,,,1.0,Iasi_clayey_silt_clSi,clayey_silt_clSi_EN_ISO_14688,,9.0,64.0,27.0,,36.0,24.0,12.0,,14.9,1.537,,,2.5,0.0,,,,,,,,,,,,,,,,,,,,,,,0.75,False,,,,,0.4444444444444444,,,2.5,0.09259259259259259,0.6931471805599453
UCDV1_01127,Figshare_28553693_Teodoru_OwusuYeboah_2025,10.6084/m9.figshare.28553693.v2,cement_lime,UCS,642.4051846,,,1.0,Iasi_clayey_silt_clSi,clayey_silt_clSi_EN_ISO_14688,,9.0,64.0,27.0,,36.0,24.0,12.0,,14.9,1.537,,,2.5,0.0,,,,,,,,,,,,,,,,,,,,,,,1.0,False,,,,,0.4444444444444444,,,2.5,0.09259259259259259,0.6931471805599453
UCDV1_01128,Figshare_28553693_Teodoru_OwusuYeboah_2025,10.6084/m9.figshare.28553693.v2,cement_lime,UCS,643.4453926,,,1.0,Iasi_clayey_silt_clSi,clayey_silt_clSi_EN_ISO_14688,,9.0,64.0,27.0,,36.0,24.0,12.0,,14.9,1.537,,,2.5,0.0,,,,,,,,,,,,,,,,,,,,,,,1.0,False,,,,,0.4444444444444444,,,2.5,0.09259259259259259,0.6931471805599453
UCDV1_01129,Figshare_28553693_Teodoru_OwusuYeboah_2025,10.6084/m9.figshare.28553693.v2,cement_lime,UCS,599.0696803,,,1.0,Iasi_clayey_silt_clSi,clayey_silt_clSi_EN_ISO_14688,,9.0,64.0,27.0,,36.0,24.0,12.0,,14.9,1.537,,,2.5,0.0,,,,,,,,,,,,,,,,,,,,,,,1.0,False,,,,,0.4444444444444444,,,2.5,0.09259259259259259,0.6931471805599453
UCDV1_01130,Figshare_28553693_Teodoru_OwusuYeboah_2025,10.6084/m9.figshare.28553693.v2,cement_lime,UCS,670.5908717,,,1.0,Iasi_clayey_silt_clSi,clayey_silt_clSi_EN_ISO_14688,,9.0,64.0,27.0,,36.0,24.0,12.0,,14.9,1.537,,,2.5,0.0,,,,,,,,,,,,,,,,,,,,,,,1.25,False,,,,,0.4444444444444444,,,2.5,0.09259259259259259,0.6931471805599453
UCDV1_01131,Figshare_28553693_Teodoru_OwusuYeboah_2025,10.6084/m9.figshare.28553693.v2,cement_lime,UCS,582.3483776,,,1.0,Iasi_clayey_silt_clSi,clayey_silt_clSi_EN_ISO_14688,,9.0,64.0,27.0,,36.0,24.0,12.0,,14.9,1.537,,,2.5,0.0,,,,,,,,,,,,,,,,,,,,,,,1.25,False,,,,,0.4444444444444444,,,2.5,0.09259259259259259,0.6931471805599453
UCDV1_01132,Figshare_28553693_Teodoru_OwusuYeboah_2025,10.6084/m9.figshare.28553693.v2,cement_lime,UCS,494.5436003,,,1.0,Iasi_clayey_silt_clSi,clayey_silt_clSi_EN_ISO_14688,,9.0,64.0,27.0,,36.0,24.0,12.0,,14.9,1.537,,,2.5,0.0,,,,,,,,,,,,,,,,,,,,,,,1.25,False,,,,,0.4444444444444444,,,2.5,0.09259259259259259,0.6931471805599453
UCDV1_01133,Figshare_28553693_Teodoru_OwusuYeboah_2025,10.6084/m9.figshare.28553693.v2,cement_lime,UCS,764.4821038,,,7.0,Iasi_clayey_silt_clSi,clayey_silt_clSi_EN_ISO_14688,,9.0,64.0,27.0,,36.0,24.0,12.0,,14.9,1.537,,,2.5,0.0,,,,,,,,,,,,,,,,,,,,,,,0.75,False,,,,,0.4444444444444444,,,2.5,0.09259259259259259,2.0794415416798357
UCDV1_01134,Figshare_28553693_Teodoru_OwusuYeboah_2025,10.6084/m9.figshare.28553693.v2,cement_lime,UCS,774.4835872,,,7.0,Iasi_clayey_silt_clSi,clayey_silt_clSi_EN_ISO_14688,,9.0,64.0,27.0,,36.0,24.0,12.0,,14.9,1.537,,,2.5,0.0,,,,,,,,,,,,,,,,,,,,,,,0.75,False,,,,,0.4444444444444444,,,2.5,0.09259259259259259,2.0794415416798357
UCDV1_01135,Figshare_28553693_Teodoru_OwusuYeboah_2025,10.6084/m9.figshare.28553693.v2,cement_lime,UCS,772.5592082,,,7.0,Iasi_clayey_silt_clSi,clayey_silt_clSi_EN_ISO_14688,,9.0,64.0,27.0,,36.0,24.0,12.0,,14.9,1.537,,,2.5,0.0,,,,,,,,,,,,,,,,,,,,,,,0.75,False,,,,,0.4444444444444444,,,2.5,0.09259259259259259,2.0794415416798357
UCDV1_01136,Figshare_28553693_Teodoru_OwusuYeboah_2025,10.6084/m9.figshare.28553693.v2,cement_lime,UCS,744.4610518,,,7.0,Iasi_clayey_silt_clSi,clayey_silt_clSi_EN_ISO_14688,,9.0,64.0,27.0,,36.0,24.0,12.0,,14.9,1.537,,,2.5,0.0,,,,,,,,,,,,,,,,,,,,,,,1.0,False,,,,,0.4444444444444444,,,2.5,0.09259259259259259,2.0794415416798357
UCDV1_01137,Figshare_28553693_Teodoru_OwusuYeboah_2025,10.6084/m9.figshare.28553693.v2,cement_lime,UCS,792.44841,,,7.0,Iasi_clayey_silt_clSi,clayey_silt_clSi_EN_ISO_14688,,9.0,64.0,27.0,,36.0,24.0,12.0,,14.9,1.537,,,2.5,0.0,,,,,,,,,,,,,,,,,,,,,,,1.0,False,,,,,0.4444444444444444,,,2.5,0.09259259259259259,2.0794415416798357
UCDV1_01138,Figshare_28553693_Teodoru_OwusuYeboah_2025,10.6084/m9.figshare.28553693.v2,cement_lime,UCS,793.6107586,,,7.0,Iasi_clayey_silt_clSi,clayey_silt_clSi_EN_ISO_14688,,9.0,64.0,27.0,,36.0,24.0,12.0,,14.9,1.537,,,2.5,0.0,,,,,,,,,,,,,,,,,,,,,,,1.0,False,,,,,0.4444444444444444,,,2.5,0.09259259259259259,2.0794415416798357
UCDV1_01139,Figshare_28553693_Teodoru_OwusuYeboah_2025,10.6084/m9.figshare.28553693.v2,cement_lime,UCS,854.7376017,,,7.0,Iasi_clayey_silt_clSi,clayey_silt_clSi_EN_ISO_14688,,9.0,64.0,27.0,,36.0,24.0,12.0,,14.9,1.537,,,2.5,0.0,,,,,,,,,,,,,,,,,,,,,,,1.25,False,,,,,0.4444444444444444,,,2.5,0.09259259259259259,2.0794415416798357
UCDV1_01140,Figshare_28553693_Teodoru_OwusuYeboah_2025,10.6084/m9.figshare.28553693.v2,cement_lime,UCS,809.3336182,,,7.0,Iasi_clayey_silt_clSi,clayey_silt_clSi_EN_ISO_14688,,9.0,64.0,27.0,,36.0,24.0,12.0,,14.9,1.537,,,2.5,0.0,,,,,,,,,,,,,,,,,,,,,,,1.25,False,,,,,0.4444444444444444,,,2.5,0.09259259259259259,2.0794415416798357
UCDV1_01141,Figshare_28553693_Teodoru_OwusuYeboah_2025,10.6084/m9.figshare.28553693.v2,cement_lime,UCS,833.4702026,,,7.0,Iasi_clayey_silt_clSi,clayey_silt_clSi_EN_ISO_14688,,9.0,64.0,27.0,,36.0,24.0,12.0,,14.9,1.537,,,2.5,0.0,,,,,,,,,,,,,,,,,,,,,,,1.25,False,,,,,0.4444444444444444,,,2.5,0.09259259259259259,2.0794415416798357
UCDV1_01142,Figshare_28553693_Teodoru_OwusuYeboah_2025,10.6084/m9.figshare.28553693.v2,cement_lime,UCS,947.553863,,,14.0,Iasi_clayey_silt_clSi,clayey_silt_clSi_EN_ISO_14688,,9.0,64.0,27.0,,36.0,24.0,12.0,,14.9,1.537,,,2.5,0.0,,,,,,,,,,,,,,,,,,,,,,,0.75,False,,,,,0.4444444444444444,,,2.5,0.09259259259259259,2.70805020110221
UCDV1_01143,Figshare_28553693_Teodoru_OwusuYeboah_2025,10.6084/m9.figshare.28553693.v2,cement_lime,UCS,862.3263524,,,14.0,Iasi_clayey_silt_clSi,clayey_silt_clSi_EN_ISO_14688,,9.0,64.0,27.0,,36.0,24.0,12.0,,14.9,1.537,,,2.5,0.0,,,,,,,,,,,,,,,,,,,,,,,0.75,False,,,,,0.4444444444444444,,,2.5,0.09259259259259259,2.70805020110221
UCDV1_01144,Figshare_28553693_Teodoru_OwusuYeboah_2025,10.6084/m9.figshare.28553693.v2,cement_lime,UCS,857.4156124,,,14.0,Iasi_clayey_silt_clSi,clayey_silt_clSi_EN_ISO_14688,,9.0,64.0,27.0,,36.0,24.0,12.0,,14.9,1.537,,,2.5,0.0,,,,,,,,,,,,,,,,,,,,,,,0.75,False,,,,,0.4444444444444444,,,2.5,0.09259259259259259,2.70805020110221
UCDV1_01145,Figshare_28553693_Teodoru_OwusuYeboah_2025,10.6084/m9.figshare.28553693.v2,cement_lime,UCS,770.8698301,,,14.0,Iasi_clayey_silt_clSi,clayey_silt_clSi_EN_ISO_14688,,9.0,64.0,27.0,,36.0,24.0,12.0,,14.9,1.537,,,2.5,0.0,,,,,,,,,,,,,,,,,,,,,,,1.0,False,,,,,0.4444444444444444,,,2.5,0.09259259259259259,2.70805020110221
UCDV1_01146,Figshare_28553693_Teodoru_OwusuYeboah_2025,10.6084/m9.figshare.28553693.v2,cement_lime,UCS,932.1083363,,,14.0,Iasi_clayey_silt_clSi,clayey_silt_clSi_EN_ISO_14688,,9.0,64.0,27.0,,36.0,24.0,12.0,,14.9,1.537,,,2.5,0.0,,,,,,,,,,,,,,,,,,,,,,,1.0,False,,,,,0.4444444444444444,,,2.5,0.09259259259259259,2.70805020110221
UCDV1_01147,Figshare_28553693_Teodoru_OwusuYeboah_2025,10.6084/m9.figshare.28553693.v2,cement_lime,UCS,1082.454587,,,14.0,Iasi_clayey_silt_clSi,clayey_silt_clSi_EN_ISO_14688,,9.0,64.0,27.0,,36.0,24.0,12.0,,14.9,1.537,,,2.5,0.0,,,,,,,,,,,,,,,,,,,,,,,1.0,False,,,,,0.4444444444444444,,,2.5,0.09259259259259259,2.70805020110221
UCDV1_01148,Figshare_28553693_Teodoru_OwusuYeboah_2025,10.6084/m9.figshare.28553693.v2,cement_lime,UCS,913.9914207,,,14.0,Iasi_clayey_silt_clSi,clayey_silt_clSi_EN_ISO_14688,,9.0,64.0,27.0,,36.0,24.0,12.0,,14.9,1.537,,,2.5,0.0,,,,,,,,,,,,,,,,,,,,,,,1.25,False,,,,,0.4444444444444444,,,2.5,0.09259259259259259,2.70805020110221
UCDV1_01149,Figshare_28553693_Teodoru_OwusuYeboah_2025,10.6084/m9.figshare.28553693.v2,cement_lime,UCS,864.6703064,,,14.0,Iasi_clayey_silt_clSi,clayey_silt_clSi_EN_ISO_14688,,9.0,64.0,27.0,,36.0,24.0,12.0,,14.9,1.537,,,2.5,0.0,,,,,,,,,,,,,,,,,,,,,,,1.25,False,,,,,0.4444444444444444,,,2.5,0.09259259259259259,2.70805020110221
UCDV1_01150,Figshare_28553693_Teodoru_OwusuYeboah_2025,10.6084/m9.figshare.28553693.v2,cement_lime,UCS,1049.322646,,,14.0,Iasi_clayey_silt_clSi,clayey_silt_clSi_EN_ISO_14688,,9.0,64.0,27.0,,36.0,24.0,12.0,,14.9,1.537,,,2.5,0.0,,,,,,,,,,,,,,,,,,,,,,,1.25,False,,,,,0.4444444444444444,,,2.5,0.09259259259259259,2.70805020110221
UCDV1_01151,Figshare_28553693_Teodoru_OwusuYeboah_2025,10.6084/m9.figshare.28553693.v2,cement_lime,UCS,1123.468434,,,28.0,Iasi_clayey_silt_clSi,clayey_silt_clSi_EN_ISO_14688,,9.0,64.0,27.0,,36.0,24.0,12.0,,14.9,1.537,,,2.5,0.0,,,,,,,,,,,,,,,,,,,,,,,0.75,False,,,,,0.4444444444444444,,,2.5,0.09259259259259259,3.367295829986474
UCDV1_01152,Figshare_28553693_Teodoru_OwusuYeboah_2025,10.6084/m9.figshare.28553693.v2,cement_lime,UCS,1392.578727,,,28.0,Iasi_clayey_silt_clSi,clayey_silt_clSi_EN_ISO_14688,,9.0,64.0,27.0,,36.0,24.0,12.0,,14.9,1.537,,,2.5,0.0,,,,,,,,,,,,,,,,,,,,,,,0.75,False,,,,,0.4444444444444444,,,2.5,0.09259259259259259,3.367295829986474
UCDV1_01153,Figshare_28553693_Teodoru_OwusuYeboah_2025,10.6084/m9.figshare.28553693.v2,cement_lime,UCS,992.8297686,,,28.0,Iasi_clayey_silt_clSi,clayey_silt_clSi_EN_ISO_14688,,9.0,64.0,27.0,,36.0,24.0,12.0,,14.9,1.537,,,2.5,0.0,,,,,,,,,,,,,,,,,,,,,,,0.75,False,,,,,0.4444444444444444,,,2.5,0.09259259259259259,3.367295829986474
UCDV1_01154,Figshare_28553693_Teodoru_OwusuYeboah_2025,10.6084/m9.figshare.28553693.v2,cement_lime,UCS,940.5185695,,,28.0,Iasi_clayey_silt_clSi,clayey_silt_clSi_EN_ISO_14688,,9.0,64.0,27.0,,36.0,24.0,12.0,,14.9,1.537,,,2.5,0.0,,,,,,,,,,,,,,,,,,,,,,,1.0,False,,,,,0.4444444444444444,,,2.5,0.09259259259259259,3.367295829986474
UCDV1_01155,Figshare_28553693_Teodoru_OwusuYeboah_2025,10.6084/m9.figshare.28553693.v2,cement_lime,UCS,1180.476009,,,28.0,Iasi_clayey_silt_clSi,clayey_silt_clSi_EN_ISO_14688,,9.0,64.0,27.0,,36.0,24.0,12.0,,14.9,1.537,,,2.5,0.0,,,,,,,,,,,,,,,,,,,,,,,1.0,False,,,,,0.4444444444444444,,,2.5,0.09259259259259259,3.367295829986474
UCDV1_01156,Figshare_28553693_Teodoru_OwusuYeboah_2025,10.6084/m9.figshare.28553693.v2,cement_lime,UCS,1014.240746,,,28.0,Iasi_clayey_silt_clSi,clayey_silt_clSi_EN_ISO_14688,,9.0,64.0,27.0,,36.0,24.0,12.0,,14.9,1.537,,,2.5,0.0,,,,,,,,,,,,,,,,,,,,,,,1.0,False,,,,,0.4444444444444444,,,2.5,0.09259259259259259,3.367295829986474
UCDV1_01157,Figshare_28553693_Teodoru_OwusuYeboah_2025,10.6084/m9.figshare.28553693.v2,cement_lime,UCS,1061.53447,,,28.0,Iasi_clayey_silt_clSi,clayey_silt_clSi_EN_ISO_14688,,9.0,64.0,27.0,,36.0,24.0,12.0,,14.9,1.537,,,2.5,0.0,,,,,,,,,,,,,,,,,,,,,,,1.25,False,,,,,0.4444444444444444,,,2.5,0.09259259259259259,3.367295829986474
UCDV1_01158,Figshare_28553693_Teodoru_OwusuYeboah_2025,10.6084/m9.figshare.28553693.v2,cement_lime,UCS,1167.22023,,,28.0,Iasi_clayey_silt_clSi,clayey_silt_clSi_EN_ISO_14688,,9.0,64.0,27.0,,36.0,24.0,12.0,,14.9,1.537,,,2.5,0.0,,,,,,,,,,,,,,,,,,,,,,,1.25,False,,,,,0.4444444444444444,,,2.5,0.09259259259259259,3.367295829986474
UCDV1_01159,Figshare_28553693_Teodoru_OwusuYeboah_2025,10.6084/m9.figshare.28553693.v2,cement_lime,UCS,989.4392032,,,28.0,Iasi_clayey_silt_clSi,clayey_silt_clSi_EN_ISO_14688,,9.0,64.0,27.0,,36.0,24.0,12.0,,14.9,1.537,,,2.5,0.0,,,,,,,,,,,,,,,,,,,,,,,1.25,False,,,,,0.4444444444444444,,,2.5,0.09259259259259259,3.367295829986474
UCDV1_01160,Figshare_28553693_Teodoru_OwusuYeboah_2025,10.6084/m9.figshare.28553693.v2,cement_lime,UCS,1105.576357,,,1.0,Iasi_clayey_silt_clSi,clayey_silt_clSi_EN_ISO_14688,,9.0,64.0,27.0,,36.0,24.0,12.0,,14.9,1.537,,,5.0,0.0,,,,,,,,,,,,,,,,,,,,,,,0.75,False,,,,,0.4444444444444444,,,5.0,0.18518518518518517,0.6931471805599453
UCDV1_01161,Figshare_28553693_Teodoru_OwusuYeboah_2025,10.6084/m9.figshare.28553693.v2,cement_lime,UCS,1009.455998,,,1.0,Iasi_clayey_silt_clSi,clayey_silt_clSi_EN_ISO_14688,,9.0,64.0,27.0,,36.0,24.0,12.0,,14.9,1.537,,,5.0,0.0,,,,,,,,,,,,,,,,,,,,,,,0.75,False,,,,,0.4444444444444444,,,5.0,0.18518518518518517,0.6931471805599453
UCDV1_01162,Figshare_28553693_Teodoru_OwusuYeboah_2025,10.6084/m9.figshare.28553693.v2,cement_lime,UCS,1081.192835,,,1.0,Iasi_clayey_silt_clSi,clayey_silt_clSi_EN_ISO_14688,,9.0,64.0,27.0,,36.0,24.0,12.0,,14.9,1.537,,,5.0,0.0,,,,,,,,,,,,,,,,,,,,,,,0.75,False,,,,,0.4444444444444444,,,5.0,0.18518518518518517,0.6931471805599453
UCDV1_01163,Figshare_28553693_Teodoru_OwusuYeboah_2025,10.6084/m9.figshare.28553693.v2,cement_lime,UCS,1368.909615,,,1.0,Iasi_clayey_silt_clSi,clayey_silt_clSi_EN_ISO_14688,,9.0,64.0,27.0,,36.0,24.0,12.0,,14.9,1.537,,,5.0,0.0,,,,,,,,,,,,,,,,,,,,,,,1.0,False,,,,,0.4444444444444444,,,5.0,0.18518518518518517,0.6931471805599453
UCDV1_01164,Figshare_28553693_Teodoru_OwusuYeboah_2025,10.6084/m9.figshare.28553693.v2,cement_lime,UCS,1484.237455,,,1.0,Iasi_clayey_silt_clSi,clayey_silt_clSi_EN_ISO_14688,,9.0,64.0,27.0,,36.0,24.0,12.0,,14.9,1.537,,,5.0,0.0,,,,,,,,,,,,,,,,,,,,,,,1.0,False,,,,,0.4444444444444444,,,5.0,0.18518518518518517,0.6931471805599453
UCDV1_01165,Figshare_28553693_Teodoru_OwusuYeboah_2025,10.6084/m9.figshare.28553693.v2,cement_lime,UCS,1232.36913,,,1.0,Iasi_clayey_silt_clSi,clayey_silt_clSi_EN_ISO_14688,,9.0,64.0,27.0,,36.0,24.0,12.0,,14.9,1.537,,,5.0,0.0,,,,,,,,,,,,,,,,,,,,,,,1.0,False,,,,,0.4444444444444444,,,5.0,0.18518518518518517,0.6931471805599453
UCDV1_01166,Figshare_28553693_Teodoru_OwusuYeboah_2025,10.6084/m9.figshare.28553693.v2,cement_lime,UCS,1271.32873,,,1.0,Iasi_clayey_silt_clSi,clayey_silt_clSi_EN_ISO_14688,,9.0,64.0,27.0,,36.0,24.0,12.0,,14.9,1.537,,,5.0,0.0,,,,,,,,,,,,,,,,,,,,,,,1.25,False,,,,,0.4444444444444444,,,5.0,0.18518518518518517,0.6931471805599453
UCDV1_01167,Figshare_28553693_Teodoru_OwusuYeboah_2025,10.6084/m9.figshare.28553693.v2,cement_lime,UCS,1143.383655,,,1.0,Iasi_clayey_silt_clSi,clayey_silt_clSi_EN_ISO_14688,,9.0,64.0,27.0,,36.0,24.0,12.0,,14.9,1.537,,,5.0,0.0,,,,,,,,,,,,,,,,,,,,,,,1.25,False,,,,,0.4444444444444444,,,5.0,0.18518518518518517,0.6931471805599453
UCDV1_01168,Figshare_28553693_Teodoru_OwusuYeboah_2025,10.6084/m9.figshare.28553693.v2,cement_lime,UCS,1230.817089,,,1.0,Iasi_clayey_silt_clSi,clayey_silt_clSi_EN_ISO_14688,,9.0,64.0,27.0,,36.0,24.0,12.0,,14.9,1.537,,,5.0,0.0,,,,,,,,,,,,,,,,,,,,,,,1.25,False,,,,,0.4444444444444444,,,5.0,0.18518518518518517,0.6931471805599453
UCDV1_01169,Figshare_28553693_Teodoru_OwusuYeboah_2025,10.6084/m9.figshare.28553693.v2,cement_lime,UCS,1940.761482,,,7.0,Iasi_clayey_silt_clSi,clayey_silt_clSi_EN_ISO_14688,,9.0,64.0,27.0,,36.0,24.0,12.0,,14.9,1.537,,,5.0,0.0,,,,,,,,,,,,,,,,,,,,,,,0.75,False,,,,,0.4444444444444444,,,5.0,0.18518518518518517,2.0794415416798357
UCDV1_01170,Figshare_28553693_Teodoru_OwusuYeboah_2025,10.6084/m9.figshare.28553693.v2,cement_lime,UCS,2025.527217,,,7.0,Iasi_clayey_silt_clSi,clayey_silt_clSi_EN_ISO_14688,,9.0,64.0,27.0,,36.0,24.0,12.0,,14.9,1.537,,,5.0,0.0,,,,,,,,,,,,,,,,,,,,,,,0.75,False,,,,,0.4444444444444444,,,5.0,0.18518518518518517,2.0794415416798357
UCDV1_01171,Figshare_28553693_Teodoru_OwusuYeboah_2025,10.6084/m9.figshare.28553693.v2,cement_lime,UCS,1907.33105,,,7.0,Iasi_clayey_silt_clSi,clayey_silt_clSi_EN_ISO_14688,,9.0,64.0,27.0,,36.0,24.0,12.0,,14.9,1.537,,,5.0,0.0,,,,,,,,,,,,,,,,,,,,,,,0.75,False,,,,,0.4444444444444444,,,5.0,0.18518518518518517,2.0794415416798357
UCDV1_01172,Figshare_28553693_Teodoru_OwusuYeboah_2025,10.6084/m9.figshare.28553693.v2,cement_lime,UCS,1884.33909,,,7.0,Iasi_clayey_silt_clSi,clayey_silt_clSi_EN_ISO_14688,,9.0,64.0,27.0,,36.0,24.0,12.0,,14.9,1.537,,,5.0,0.0,,,,,,,,,,,,,,,,,,,,,,,1.0,False,,,,,0.4444444444444444,,,5.0,0.18518518518518517,2.0794415416798357
UCDV1_01173,Figshare_28553693_Teodoru_OwusuYeboah_2025,10.6084/m9.figshare.28553693.v2,cement_lime,UCS,1859.471621,,,7.0,Iasi_clayey_silt_clSi,clayey_silt_clSi_EN_ISO_14688,,9.0,64.0,27.0,,36.0,24.0,12.0,,14.9,1.537,,,5.0,0.0,,,,,,,,,,,,,,,,,,,,,,,1.0,False,,,,,0.4444444444444444,,,5.0,0.18518518518518517,2.0794415416798357
UCDV1_01174,Figshare_28553693_Teodoru_OwusuYeboah_2025,10.6084/m9.figshare.28553693.v2,cement_lime,UCS,1979.525419,,,7.0,Iasi_clayey_silt_clSi,clayey_silt_clSi_EN_ISO_14688,,9.0,64.0,27.0,,36.0,24.0,12.0,,14.9,1.537,,,5.0,0.0,,,,,,,,,,,,,,,,,,,,,,,1.0,False,,,,,0.4444444444444444,,,5.0,0.18518518518518517,2.0794415416798357
UCDV1_01175,Figshare_28553693_Teodoru_OwusuYeboah_2025,10.6084/m9.figshare.28553693.v2,cement_lime,UCS,1840.943877,,,7.0,Iasi_clayey_silt_clSi,clayey_silt_clSi_EN_ISO_14688,,9.0,64.0,27.0,,36.0,24.0,12.0,,14.9,1.537,,,5.0,0.0,,,,,,,,,,,,,,,,,,,,,,,1.25,False,,,,,0.4444444444444444,,,5.0,0.18518518518518517,2.0794415416798357
UCDV1_01176,Figshare_28553693_Teodoru_OwusuYeboah_2025,10.6084/m9.figshare.28553693.v2,cement_lime,UCS,1851.057235,,,7.0,Iasi_clayey_silt_clSi,clayey_silt_clSi_EN_ISO_14688,,9.0,64.0,27.0,,36.0,24.0,12.0,,14.9,1.537,,,5.0,0.0,,,,,,,,,,,,,,,,,,,,,,,1.25,False,,,,,0.4444444444444444,,,5.0,0.18518518518518517,2.0794415416798357
UCDV1_01177,Figshare_28553693_Teodoru_OwusuYeboah_2025,10.6084/m9.figshare.28553693.v2,cement_lime,UCS,1471.718035,,,7.0,Iasi_clayey_silt_clSi,clayey_silt_clSi_EN_ISO_14688,,9.0,64.0,27.0,,36.0,24.0,12.0,,14.9,1.537,,,5.0,0.0,,,,,,,,,,,,,,,,,,,,,,,1.25,False,,,,,0.4444444444444444,,,5.0,0.18518518518518517,2.0794415416798357
UCDV1_01178,Figshare_28553693_Teodoru_OwusuYeboah_2025,10.6084/m9.figshare.28553693.v2,cement_lime,UCS,2010.562657,,,14.0,Iasi_clayey_silt_clSi,clayey_silt_clSi_EN_ISO_14688,,9.0,64.0,27.0,,36.0,24.0,12.0,,14.9,1.537,,,5.0,0.0,,,,,,,,,,,,,,,,,,,,,,,0.75,False,,,,,0.4444444444444444,,,5.0,0.18518518518518517,2.70805020110221
UCDV1_01179,Figshare_28553693_Teodoru_OwusuYeboah_2025,10.6084/m9.figshare.28553693.v2,cement_lime,UCS,2361.519249,,,14.0,Iasi_clayey_silt_clSi,clayey_silt_clSi_EN_ISO_14688,,9.0,64.0,27.0,,36.0,24.0,12.0,,14.9,1.537,,,5.0,0.0,,,,,,,,,,,,,,,,,,,,,,,0.75,False,,,,,0.4444444444444444,,,5.0,0.18518518518518517,2.70805020110221
UCDV1_01180,Figshare_28553693_Teodoru_OwusuYeboah_2025,10.6084/m9.figshare.28553693.v2,cement_lime,UCS,2449.098293,,,14.0,Iasi_clayey_silt_clSi,clayey_silt_clSi_EN_ISO_14688,,9.0,64.0,27.0,,36.0,24.0,12.0,,14.9,1.537,,,5.0,0.0,,,,,,,,,,,,,,,,,,,,,,,0.75,False,,,,,0.4444444444444444,,,5.0,0.18518518518518517,2.70805020110221
UCDV1_01181,Figshare_28553693_Teodoru_OwusuYeboah_2025,10.6084/m9.figshare.28553693.v2,cement_lime,UCS,2126.641844,,,14.0,Iasi_clayey_silt_clSi,clayey_silt_clSi_EN_ISO_14688,,9.0,64.0,27.0,,36.0,24.0,12.0,,14.9,1.537,,,5.0,0.0,,,,,,,,,,,,,,,,,,,,,,,1.0,False,,,,,0.4444444444444444,,,5.0,0.18518518518518517,2.70805020110221
UCDV1_01182,Figshare_28553693_Teodoru_OwusuYeboah_2025,10.6084/m9.figshare.28553693.v2,cement_lime,UCS,2166.80315,,,14.0,Iasi_clayey_silt_clSi,clayey_silt_clSi_EN_ISO_14688,,9.0,64.0,27.0,,36.0,24.0,12.0,,14.9,1.537,,,5.0,0.0,,,,,,,,,,,,,,,,,,,,,,,1.0,False,,,,,0.4444444444444444,,,5.0,0.18518518518518517,2.70805020110221
UCDV1_01183,Figshare_28553693_Teodoru_OwusuYeboah_2025,10.6084/m9.figshare.28553693.v2,cement_lime,UCS,2704.439041,,,14.0,Iasi_clayey_silt_clSi,clayey_silt_clSi_EN_ISO_14688,,9.0,64.0,27.0,,36.0,24.0,12.0,,14.9,1.537,,,5.0,0.0,,,,,,,,,,,,,,,,,,,,,,,1.0,False,,,,,0.4444444444444444,,,5.0,0.18518518518518517,2.70805020110221
UCDV1_01184,Figshare_28553693_Teodoru_OwusuYeboah_2025,10.6084/m9.figshare.28553693.v2,cement_lime,UCS,2791.980992,,,14.0,Iasi_clayey_silt_clSi,clayey_silt_clSi_EN_ISO_14688,,9.0,64.0,27.0,,36.0,24.0,12.0,,14.9,1.537,,,5.0,0.0,,,,,,,,,,,,,,,,,,,,,,,1.25,False,,,,,0.4444444444444444,,,5.0,0.18518518518518517,2.70805020110221
UCDV1_01185,Figshare_28553693_Teodoru_OwusuYeboah_2025,10.6084/m9.figshare.28553693.v2,cement_lime,UCS,2267.702405,,,14.0,Iasi_clayey_silt_clSi,clayey_silt_clSi_EN_ISO_14688,,9.0,64.0,27.0,,36.0,24.0,12.0,,14.9,1.537,,,5.0,0.0,,,,,,,,,,,,,,,,,,,,,,,1.25,False,,,,,0.4444444444444444,,,5.0,0.18518518518518517,2.70805020110221
UCDV1_01186,Figshare_28553693_Teodoru_OwusuYeboah_2025,10.6084/m9.figshare.28553693.v2,cement_lime,UCS,1895.68344,,,14.0,Iasi_clayey_silt_clSi,clayey_silt_clSi_EN_ISO_14688,,9.0,64.0,27.0,,36.0,24.0,12.0,,14.9,1.537,,,5.0,0.0,,,,,,,,,,,,,,,,,,,,,,,1.25,False,,,,,0.4444444444444444,,,5.0,0.18518518518518517,2.70805020110221
UCDV1_01187,Figshare_28553693_Teodoru_OwusuYeboah_2025,10.6084/m9.figshare.28553693.v2,cement_lime,UCS,2716.405892,,,28.0,Iasi_clayey_silt_clSi,clayey_silt_clSi_EN_ISO_14688,,9.0,64.0,27.0,,36.0,24.0,12.0,,14.9,1.537,,,5.0,0.0,,,,,,,,,,,,,,,,,,,,,,,0.75,False,,,,,0.4444444444444444,,,5.0,0.18518518518518517,3.367295829986474
UCDV1_01188,Figshare_28553693_Teodoru_OwusuYeboah_2025,10.6084/m9.figshare.28553693.v2,cement_lime,UCS,2690.8722,,,28.0,Iasi_clayey_silt_clSi,clayey_silt_clSi_EN_ISO_14688,,9.0,64.0,27.0,,36.0,24.0,12.0,,14.9,1.537,,,5.0,0.0,,,,,,,,,,,,,,,,,,,,,,,0.75,False,,,,,0.4444444444444444,,,5.0,0.18518518518518517,3.367295829986474
UCDV1_01189,Figshare_28553693_Teodoru_OwusuYeboah_2025,10.6084/m9.figshare.28553693.v2,cement_lime,UCS,2729.968478,,,28.0,Iasi_clayey_silt_clSi,clayey_silt_clSi_EN_ISO_14688,,9.0,64.0,27.0,,36.0,24.0,12.0,,14.9,1.537,,,5.0,0.0,,,,,,,,,,,,,,,,,,,,,,,0.75,False,,,,,0.4444444444444444,,,5.0,0.18518518518518517,3.367295829986474
UCDV1_01190,Figshare_28553693_Teodoru_OwusuYeboah_2025,10.6084/m9.figshare.28553693.v2,cement_lime,UCS,2674.308471,,,28.0,Iasi_clayey_silt_clSi,clayey_silt_clSi_EN_ISO_14688,,9.0,64.0,27.0,,36.0,24.0,12.0,,14.9,1.537,,,5.0,0.0,,,,,,,,,,,,,,,,,,,,,,,1.0,False,,,,,0.4444444444444444,,,5.0,0.18518518518518517,3.367295829986474
UCDV1_01191,Figshare_28553693_Teodoru_OwusuYeboah_2025,10.6084/m9.figshare.28553693.v2,cement_lime,UCS,2912.764086,,,28.0,Iasi_clayey_silt_clSi,clayey_silt_clSi_EN_ISO_14688,,9.0,64.0,27.0,,36.0,24.0,12.0,,14.9,1.537,,,5.0,0.0,,,,,,,,,,,,,,,,,,,,,,,1.0,False,,,,,0.4444444444444444,,,5.0,0.18518518518518517,3.367295829986474
UCDV1_01192,Figshare_28553693_Teodoru_OwusuYeboah_2025,10.6084/m9.figshare.28553693.v2,cement_lime,UCS,2847.741968,,,28.0,Iasi_clayey_silt_clSi,clayey_silt_clSi_EN_ISO_14688,,9.0,64.0,27.0,,36.0,24.0,12.0,,14.9,1.537,,,5.0,0.0,,,,,,,,,,,,,,,,,,,,,,,1.0,False,,,,,0.4444444444444444,,,5.0,0.18518518518518517,3.367295829986474
UCDV1_01193,Figshare_28553693_Teodoru_OwusuYeboah_2025,10.6084/m9.figshare.28553693.v2,cement_lime,UCS,2148.138224,,,28.0,Iasi_clayey_silt_clSi,clayey_silt_clSi_EN_ISO_14688,,9.0,64.0,27.0,,36.0,24.0,12.0,,14.9,1.537,,,5.0,0.0,,,,,,,,,,,,,,,,,,,,,,,1.25,False,,,,,0.4444444444444444,,,5.0,0.18518518518518517,3.367295829986474
UCDV1_01194,Figshare_28553693_Teodoru_OwusuYeboah_2025,10.6084/m9.figshare.28553693.v2,cement_lime,UCS,2399.8976,,,28.0,Iasi_clayey_silt_clSi,clayey_silt_clSi_EN_ISO_14688,,9.0,64.0,27.0,,36.0,24.0,12.0,,14.9,1.537,,,5.0,0.0,,,,,,,,,,,,,,,,,,,,,,,1.25,False,,,,,0.4444444444444444,,,5.0,0.18518518518518517,3.367295829986474
UCDV1_01195,Figshare_28553693_Teodoru_OwusuYeboah_2025,10.6084/m9.figshare.28553693.v2,cement_lime,UCS,2265.127185,,,28.0,Iasi_clayey_silt_clSi,clayey_silt_clSi_EN_ISO_14688,,9.0,64.0,27.0,,36.0,24.0,12.0,,14.9,1.537,,,5.0,0.0,,,,,,,,,,,,,,,,,,,,,,,1.25,False,,,,,0.4444444444444444,,,5.0,0.18518518518518517,3.367295829986474
UCDV1_01196,Figshare_28553693_Teodoru_OwusuYeboah_2025,10.6084/m9.figshare.28553693.v2,cement_lime,UCS,1344.46033,,,1.0,Iasi_clayey_silt_clSi,clayey_silt_clSi_EN_ISO_14688,,9.0,64.0,27.0,,36.0,24.0,12.0,,14.9,1.537,,,7.5,0.0,,,,,,,,,,,,,,,,,,,,,,,0.75,False,,,,,0.4444444444444444,,,7.5,0.2777777777777778,0.6931471805599453
UCDV1_01197,Figshare_28553693_Teodoru_OwusuYeboah_2025,10.6084/m9.figshare.28553693.v2,cement_lime,UCS,1677.88151,,,1.0,Iasi_clayey_silt_clSi,clayey_silt_clSi_EN_ISO_14688,,9.0,64.0,27.0,,36.0,24.0,12.0,,14.9,1.537,,,7.5,0.0,,,,,,,,,,,,,,,,,,,,,,,0.75,False,,,,,0.4444444444444444,,,7.5,0.2777777777777778,0.6931471805599453
UCDV1_01198,Figshare_28553693_Teodoru_OwusuYeboah_2025,10.6084/m9.figshare.28553693.v2,cement_lime,UCS,1614.380436,,,1.0,Iasi_clayey_silt_clSi,clayey_silt_clSi_EN_ISO_14688,,9.0,64.0,27.0,,36.0,24.0,12.0,,14.9,1.537,,,7.5,0.0,,,,,,,,,,,,,,,,,,,,,,,0.75,False,,,,,0.4444444444444444,,,7.5,0.2777777777777778,0.6931471805599453
UCDV1_01199,Figshare_28553693_Teodoru_OwusuYeboah_2025,10.6084/m9.figshare.28553693.v2,cement_lime,UCS,1539.923617,,,1.0,Iasi_clayey_silt_clSi,clayey_silt_clSi_EN_ISO_14688,,9.0,64.0,27.0,,36.0,24.0,12.0,,14.9,1.537,,,7.5,0.0,,,,,,,,,,,,,,,,,,,,,,,1.0,False,,,,,0.4444444444444444,,,7.5,0.2777777777777778,0.6931471805599453
UCDV1_01200,Figshare_28553693_Teodoru_OwusuYeboah_2025,10.6084/m9.figshare.28553693.v2,cement_lime,UCS,1699.200844,,,1.0,Iasi_clayey_silt_clSi,clayey_silt_clSi_EN_ISO_14688,,9.0,64.0,27.0,,36.0,24.0,12.0,,14.9,1.537,,,7.5,0.0,,,,,,,,,,,,,,,,,,,,,,,1.0,False,,,,,0.4444444444444444,,,7.5,0.2777777777777778,0.6931471805599453
UCDV1_01201,Figshare_28553693_Teodoru_OwusuYeboah_2025,10.6084/m9.figshare.28553693.v2,cement_lime,UCS,1731.388965,,,1.0,Iasi_clayey_silt_clSi,clayey_silt_clSi_EN_ISO_14688,,9.0,64.0,27.0,,36.0,24.0,12.0,,14.9,1.537,,,7.5,0.0,,,,,,,,,,,,,,,,,,,,,,,1.0,False,,,,,0.4444444444444444,,,7.5,0.2777777777777778,0.6931471805599453
UCDV1_01202,Figshare_28553693_Teodoru_OwusuYeboah_2025,10.6084/m9.figshare.28553693.v2,cement_lime,UCS,1687.798403,,,1.0,Iasi_clayey_silt_clSi,clayey_silt_clSi_EN_ISO_14688,,9.0,64.0,27.0,,36.0,24.0,12.0,,14.9,1.537,,,7.5,0.0,,,,,,,,,,,,,,,,,,,,,,,1.25,False,,,,,0.4444444444444444,,,7.5,0.2777777777777778,0.6931471805599453
UCDV1_01203,Figshare_28553693_Teodoru_OwusuYeboah_2025,10.6084/m9.figshare.28553693.v2,cement_lime,UCS,1450.91978,,,1.0,Iasi_clayey_silt_clSi,clayey_silt_clSi_EN_ISO_14688,,9.0,64.0,27.0,,36.0,24.0,12.0,,14.9,1.537,,,7.5,0.0,,,,,,,,,,,,,,,,,,,,,,,1.25,False,,,,,0.4444444444444444,,,7.5,0.2777777777777778,0.6931471805599453
UCDV1_01204,Figshare_28553693_Teodoru_OwusuYeboah_2025,10.6084/m9.figshare.28553693.v2,cement_lime,UCS,1644.836791,,,1.0,Iasi_clayey_silt_clSi,clayey_silt_clSi_EN_ISO_14688,,9.0,64.0,27.0,,36.0,24.0,12.0,,14.9,1.537,,,7.5,0.0,,,,,,,,,,,,,,,,,,,,,,,1.25,False,,,,,0.4444444444444444,,,7.5,0.2777777777777778,0.6931471805599453
UCDV1_01205,Figshare_28553693_Teodoru_OwusuYeboah_2025,10.6084/m9.figshare.28553693.v2,cement_lime,UCS,2960.037586,,,7.0,Iasi_clayey_silt_clSi,clayey_silt_clSi_EN_ISO_14688,,9.0,64.0,27.0,,36.0,24.0,12.0,,14.9,1.537,,,7.5,0.0,,,,,,,,,,,,,,,,,,,,,,,0.75,False,,,,,0.4444444444444444,,,7.5,0.2777777777777778,2.0794415416798357
UCDV1_01206,Figshare_28553693_Teodoru_OwusuYeboah_2025,10.6084/m9.figshare.28553693.v2,cement_lime,UCS,2821.887459,,,7.0,Iasi_clayey_silt_clSi,clayey_silt_clSi_EN_ISO_14688,,9.0,64.0,27.0,,36.0,24.0,12.0,,14.9,1.537,,,7.5,0.0,,,,,,,,,,,,,,,,,,,,,,,0.75,False,,,,,0.4444444444444444,,,7.5,0.2777777777777778,2.0794415416798357
UCDV1_01207,Figshare_28553693_Teodoru_OwusuYeboah_2025,10.6084/m9.figshare.28553693.v2,cement_lime,UCS,2626.414584,,,7.0,Iasi_clayey_silt_clSi,clayey_silt_clSi_EN_ISO_14688,,9.0,64.0,27.0,,36.0,24.0,12.0,,14.9,1.537,,,7.5,0.0,,,,,,,,,,,,,,,,,,,,,,,0.75,False,,,,,0.4444444444444444,,,7.5,0.2777777777777778,2.0794415416798357
UCDV1_01208,Figshare_28553693_Teodoru_OwusuYeboah_2025,10.6084/m9.figshare.28553693.v2,cement_lime,UCS,2947.078754,,,7.0,Iasi_clayey_silt_clSi,clayey_silt_clSi_EN_ISO_14688,,9.0,64.0,27.0,,36.0,24.0,12.0,,14.9,1.537,,,7.5,0.0,,,,,,,,,,,,,,,,,,,,,,,1.0,False,,,,,0.4444444444444444,,,7.5,0.2777777777777778,2.0794415416798357
UCDV1_01209,Figshare_28553693_Teodoru_OwusuYeboah_2025,10.6084/m9.figshare.28553693.v2,cement_lime,UCS,2824.67257,,,7.0,Iasi_clayey_silt_clSi,clayey_silt_clSi_EN_ISO_14688,,9.0,64.0,27.0,,36.0,24.0,12.0,,14.9,1.537,,,7.5,0.0,,,,,,,,,,,,,,,,,,,,,,,1.0,False,,,,,0.4444444444444444,,,7.5,0.2777777777777778,2.0794415416798357
UCDV1_01210,Figshare_28553693_Teodoru_OwusuYeboah_2025,10.6084/m9.figshare.28553693.v2,cement_lime,UCS,2976.140189,,,7.0,Iasi_clayey_silt_clSi,clayey_silt_clSi_EN_ISO_14688,,9.0,64.0,27.0,,36.0,24.0,12.0,,14.9,1.537,,,7.5,0.0,,,,,,,,,,,,,,,,,,,,,,,1.0,False,,,,,0.4444444444444444,,,7.5,0.2777777777777778,2.0794415416798357
UCDV1_01211,Figshare_28553693_Teodoru_OwusuYeboah_2025,10.6084/m9.figshare.28553693.v2,cement_lime,UCS,2716.035321,,,7.0,Iasi_clayey_silt_clSi,clayey_silt_clSi_EN_ISO_14688,,9.0,64.0,27.0,,36.0,24.0,12.0,,14.9,1.537,,,7.5,0.0,,,,,,,,,,,,,,,,,,,,,,,1.25,False,,,,,0.4444444444444444,,,7.5,0.2777777777777778,2.0794415416798357
UCDV1_01212,Figshare_28553693_Teodoru_OwusuYeboah_2025,10.6084/m9.figshare.28553693.v2,cement_lime,UCS,2515.906526,,,7.0,Iasi_clayey_silt_clSi,clayey_silt_clSi_EN_ISO_14688,,9.0,64.0,27.0,,36.0,24.0,12.0,,14.9,1.537,,,7.5,0.0,,,,,,,,,,,,,,,,,,,,,,,1.25,False,,,,,0.4444444444444444,,,7.5,0.2777777777777778,2.0794415416798357
UCDV1_01213,Figshare_28553693_Teodoru_OwusuYeboah_2025,10.6084/m9.figshare.28553693.v2,cement_lime,UCS,2970.291916,,,7.0,Iasi_clayey_silt_clSi,clayey_silt_clSi_EN_ISO_14688,,9.0,64.0,27.0,,36.0,24.0,12.0,,14.9,1.537,,,7.5,0.0,,,,,,,,,,,,,,,,,,,,,,,1.25,False,,,,,0.4444444444444444,,,7.5,0.2777777777777778,2.0794415416798357
UCDV1_01214,Figshare_28553693_Teodoru_OwusuYeboah_2025,10.6084/m9.figshare.28553693.v2,cement_lime,UCS,2829.757141,,,14.0,Iasi_clayey_silt_clSi,clayey_silt_clSi_EN_ISO_14688,,9.0,64.0,27.0,,36.0,24.0,12.0,,14.9,1.537,,,7.5,0.0,,,,,,,,,,,,,,,,,,,,,,,0.75,False,,,,,0.4444444444444444,,,7.5,0.2777777777777778,2.70805020110221
UCDV1_01215,Figshare_28553693_Teodoru_OwusuYeboah_2025,10.6084/m9.figshare.28553693.v2,cement_lime,UCS,2672.074248,,,14.0,Iasi_clayey_silt_clSi,clayey_silt_clSi_EN_ISO_14688,,9.0,64.0,27.0,,36.0,24.0,12.0,,14.9,1.537,,,7.5,0.0,,,,,,,,,,,,,,,,,,,,,,,0.75,False,,,,,0.4444444444444444,,,7.5,0.2777777777777778,2.70805020110221
UCDV1_01216,Figshare_28553693_Teodoru_OwusuYeboah_2025,10.6084/m9.figshare.28553693.v2,cement_lime,UCS,3738.208024,,,14.0,Iasi_clayey_silt_clSi,clayey_silt_clSi_EN_ISO_14688,,9.0,64.0,27.0,,36.0,24.0,12.0,,14.9,1.537,,,7.5,0.0,,,,,,,,,,,,,,,,,,,,,,,0.75,False,,,,,0.4444444444444444,,,7.5,0.2777777777777778,2.70805020110221
UCDV1_01217,Figshare_28553693_Teodoru_OwusuYeboah_2025,10.6084/m9.figshare.28553693.v2,cement_lime,UCS,2738.006682,,,14.0,Iasi_clayey_silt_clSi,clayey_silt_clSi_EN_ISO_14688,,9.0,64.0,27.0,,36.0,24.0,12.0,,14.9,1.537,,,7.5,0.0,,,,,,,,,,,,,,,,,,,,,,,1.0,False,,,,,0.4444444444444444,,,7.5,0.2777777777777778,2.70805020110221
UCDV1_01218,Figshare_28553693_Teodoru_OwusuYeboah_2025,10.6084/m9.figshare.28553693.v2,cement_lime,UCS,3332.9899,,,14.0,Iasi_clayey_silt_clSi,clayey_silt_clSi_EN_ISO_14688,,9.0,64.0,27.0,,36.0,24.0,12.0,,14.9,1.537,,,7.5,0.0,,,,,,,,,,,,,,,,,,,,,,,1.0,False,,,,,0.4444444444444444,,,7.5,0.2777777777777778,2.70805020110221
UCDV1_01219,Figshare_28553693_Teodoru_OwusuYeboah_2025,10.6084/m9.figshare.28553693.v2,cement_lime,UCS,3525.037221,,,14.0,Iasi_clayey_silt_clSi,clayey_silt_clSi_EN_ISO_14688,,9.0,64.0,27.0,,36.0,24.0,12.0,,14.9,1.537,,,7.5,0.0,,,,,,,,,,,,,,,,,,,,,,,1.0,False,,,,,0.4444444444444444,,,7.5,0.2777777777777778,2.70805020110221
UCDV1_01220,Figshare_28553693_Teodoru_OwusuYeboah_2025,10.6084/m9.figshare.28553693.v2,cement_lime,UCS,3115.437181,,,14.0,Iasi_clayey_silt_clSi,clayey_silt_clSi_EN_ISO_14688,,9.0,64.0,27.0,,36.0,24.0,12.0,,14.9,1.537,,,7.5,0.0,,,,,,,,,,,,,,,,,,,,,,,1.25,False,,,,,0.4444444444444444,,,7.5,0.2777777777777778,2.70805020110221
UCDV1_01221,Figshare_28553693_Teodoru_OwusuYeboah_2025,10.6084/m9.figshare.28553693.v2,cement_lime,UCS,2373.475846,,,14.0,Iasi_clayey_silt_clSi,clayey_silt_clSi_EN_ISO_14688,,9.0,64.0,27.0,,36.0,24.0,12.0,,14.9,1.537,,,7.5,0.0,,,,,,,,,,,,,,,,,,,,,,,1.25,False,,,,,0.4444444444444444,,,7.5,0.2777777777777778,2.70805020110221
UCDV1_01222,Figshare_28553693_Teodoru_OwusuYeboah_2025,10.6084/m9.figshare.28553693.v2,cement_lime,UCS,3289.505367,,,14.0,Iasi_clayey_silt_clSi,clayey_silt_clSi_EN_ISO_14688,,9.0,64.0,27.0,,36.0,24.0,12.0,,14.9,1.537,,,7.5,0.0,,,,,,,,,,,,,,,,,,,,,,,1.25,False,,,,,0.4444444444444444,,,7.5,0.2777777777777778,2.70805020110221
UCDV1_01223,Figshare_28553693_Teodoru_OwusuYeboah_2025,10.6084/m9.figshare.28553693.v2,cement_lime,UCS,3936.85678,,,28.0,Iasi_clayey_silt_clSi,clayey_silt_clSi_EN_ISO_14688,,9.0,64.0,27.0,,36.0,24.0,12.0,,14.9,1.537,,,7.5,0.0,,,,,,,,,,,,,,,,,,,,,,,0.75,False,,,,,0.4444444444444444,,,7.5,0.2777777777777778,3.367295829986474
UCDV1_01224,Figshare_28553693_Teodoru_OwusuYeboah_2025,10.6084/m9.figshare.28553693.v2,cement_lime,UCS,3857.525227,,,28.0,Iasi_clayey_silt_clSi,clayey_silt_clSi_EN_ISO_14688,,9.0,64.0,27.0,,36.0,24.0,12.0,,14.9,1.537,,,7.5,0.0,,,,,,,,,,,,,,,,,,,,,,,0.75,False,,,,,0.4444444444444444,,,7.5,0.2777777777777778,3.367295829986474
UCDV1_01225,Figshare_28553693_Teodoru_OwusuYeboah_2025,10.6084/m9.figshare.28553693.v2,cement_lime,UCS,3941.527879,,,28.0,Iasi_clayey_silt_clSi,clayey_silt_clSi_EN_ISO_14688,,9.0,64.0,27.0,,36.0,24.0,12.0,,14.9,1.537,,,7.5,0.0,,,,,,,,,,,,,,,,,,,,,,,0.75,False,,,,,0.4444444444444444,,,7.5,0.2777777777777778,3.367295829986474
UCDV1_01226,Figshare_28553693_Teodoru_OwusuYeboah_2025,10.6084/m9.figshare.28553693.v2,cement_lime,UCS,3829.042867,,,28.0,Iasi_clayey_silt_clSi,clayey_silt_clSi_EN_ISO_14688,,9.0,64.0,27.0,,36.0,24.0,12.0,,14.9,1.537,,,7.5,0.0,,,,,,,,,,,,,,,,,,,,,,,1.0,False,,,,,0.4444444444444444,,,7.5,0.2777777777777778,3.367295829986474
UCDV1_01227,Figshare_28553693_Teodoru_OwusuYeboah_2025,10.6084/m9.figshare.28553693.v2,cement_lime,UCS,4097.811514,,,28.0,Iasi_clayey_silt_clSi,clayey_silt_clSi_EN_ISO_14688,,9.0,64.0,27.0,,36.0,24.0,12.0,,14.9,1.537,,,7.5,0.0,,,,,,,,,,,,,,,,,,,,,,,1.0,False,,,,,0.4444444444444444,,,7.5,0.2777777777777778,3.367295829986474
UCDV1_01228,Figshare_28553693_Teodoru_OwusuYeboah_2025,10.6084/m9.figshare.28553693.v2,cement_lime,UCS,4401.716567,,,28.0,Iasi_clayey_silt_clSi,clayey_silt_clSi_EN_ISO_14688,,9.0,64.0,27.0,,36.0,24.0,12.0,,14.9,1.537,,,7.5,0.0,,,,,,,,,,,,,,,,,,,,,,,1.0,False,,,,,0.4444444444444444,,,7.5,0.2777777777777778,3.367295829986474
UCDV1_01229,Figshare_28553693_Teodoru_OwusuYeboah_2025,10.6084/m9.figshare.28553693.v2,cement_lime,UCS,4071.439425,,,28.0,Iasi_clayey_silt_clSi,clayey_silt_clSi_EN_ISO_14688,,9.0,64.0,27.0,,36.0,24.0,12.0,,14.9,1.537,,,7.5,0.0,,,,,,,,,,,,,,,,,,,,,,,1.25,False,,,,,0.4444444444444444,,,7.5,0.2777777777777778,3.367295829986474
UCDV1_01230,Figshare_28553693_Teodoru_OwusuYeboah_2025,10.6084/m9.figshare.28553693.v2,cement_lime,UCS,3313.19393,,,28.0,Iasi_clayey_silt_clSi,clayey_silt_clSi_EN_ISO_14688,,9.0,64.0,27.0,,36.0,24.0,12.0,,14.9,1.537,,,7.5,0.0,,,,,,,,,,,,,,,,,,,,,,,1.25,False,,,,,0.4444444444444444,,,7.5,0.2777777777777778,3.367295829986474
UCDV1_01231,Figshare_28553693_Teodoru_OwusuYeboah_2025,10.6084/m9.figshare.28553693.v2,cement_lime,UCS,2500.050674,,,28.0,Iasi_clayey_silt_clSi,clayey_silt_clSi_EN_ISO_14688,,9.0,64.0,27.0,,36.0,24.0,12.0,,14.9,1.537,,,7.5,0.0,,,,,,,,,,,,,,,,,,,,,,,1.25,False,,,,,0.4444444444444444,,,7.5,0.2777777777777778,3.367295829986474
UCDV1_01232,Figshare_28553693_Teodoru_OwusuYeboah_2025,10.6084/m9.figshare.28553693.v2,cement_lime,UCS,2843.719026,,,1.0,Iasi_clayey_silt_clSi,clayey_silt_clSi_EN_ISO_14688,,9.0,64.0,27.0,,36.0,24.0,12.0,,14.9,1.537,,,10.0,0.0,,,,,,,,,,,,,,,,,,,,,,,0.75,False,,,,,0.4444444444444444,,,10.0,0.37037037037037035,0.6931471805599453
UCDV1_01233,Figshare_28553693_Teodoru_OwusuYeboah_2025,10.6084/m9.figshare.28553693.v2,cement_lime,UCS,2463.576227,,,1.0,Iasi_clayey_silt_clSi,clayey_silt_clSi_EN_ISO_14688,,9.0,64.0,27.0,,36.0,24.0,12.0,,14.9,1.537,,,10.0,0.0,,,,,,,,,,,,,,,,,,,,,,,0.75,False,,,,,0.4444444444444444,,,10.0,0.37037037037037035,0.6931471805599453
UCDV1_01234,Figshare_28553693_Teodoru_OwusuYeboah_2025,10.6084/m9.figshare.28553693.v2,cement_lime,UCS,2355.405962,,,1.0,Iasi_clayey_silt_clSi,clayey_silt_clSi_EN_ISO_14688,,9.0,64.0,27.0,,36.0,24.0,12.0,,14.9,1.537,,,10.0,0.0,,,,,,,,,,,,,,,,,,,,,,,0.75,False,,,,,0.4444444444444444,,,10.0,0.37037037037037035,0.6931471805599453
UCDV1_01235,Figshare_28553693_Teodoru_OwusuYeboah_2025,10.6084/m9.figshare.28553693.v2,cement_lime,UCS,2167.612978,,,1.0,Iasi_clayey_silt_clSi,clayey_silt_clSi_EN_ISO_14688,,9.0,64.0,27.0,,36.0,24.0,12.0,,14.9,1.537,,,10.0,0.0,,,,,,,,,,,,,,,,,,,,,,,1.0,False,,,,,0.4444444444444444,,,10.0,0.37037037037037035,0.6931471805599453
UCDV1_01236,Figshare_28553693_Teodoru_OwusuYeboah_2025,10.6084/m9.figshare.28553693.v2,cement_lime,UCS,2059.801197,,,1.0,Iasi_clayey_silt_clSi,clayey_silt_clSi_EN_ISO_14688,,9.0,64.0,27.0,,36.0,24.0,12.0,,14.9,1.537,,,10.0,0.0,,,,,,,,,,,,,,,,,,,,,,,1.0,False,,,,,0.4444444444444444,,,10.0,0.37037037037037035,0.6931471805599453
UCDV1_01237,Figshare_28553693_Teodoru_OwusuYeboah_2025,10.6084/m9.figshare.28553693.v2,cement_lime,UCS,2326.779638,,,1.0,Iasi_clayey_silt_clSi,clayey_silt_clSi_EN_ISO_14688,,9.0,64.0,27.0,,36.0,24.0,12.0,,14.9,1.537,,,10.0,0.0,,,,,,,,,,,,,,,,,,,,,,,1.0,False,,,,,0.4444444444444444,,,10.0,0.37037037037037035,0.6931471805599453
UCDV1_01238,Figshare_28553693_Teodoru_OwusuYeboah_2025,10.6084/m9.figshare.28553693.v2,cement_lime,UCS,2474.302207,,,1.0,Iasi_clayey_silt_clSi,clayey_silt_clSi_EN_ISO_14688,,9.0,64.0,27.0,,36.0,24.0,12.0,,14.9,1.537,,,10.0,0.0,,,,,,,,,,,,,,,,,,,,,,,1.25,False,,,,,0.4444444444444444,,,10.0,0.37037037037037035,0.6931471805599453
UCDV1_01239,Figshare_28553693_Teodoru_OwusuYeboah_2025,10.6084/m9.figshare.28553693.v2,cement_lime,UCS,2418.926583,,,1.0,Iasi_clayey_silt_clSi,clayey_silt_clSi_EN_ISO_14688,,9.0,64.0,27.0,,36.0,24.0,12.0,,14.9,1.537,,,10.0,0.0,,,,,,,,,,,,,,,,,,,,,,,1.25,False,,,,,0.4444444444444444,,,10.0,0.37037037037037035,0.6931471805599453
UCDV1_01240,Figshare_28553693_Teodoru_OwusuYeboah_2025,10.6084/m9.figshare.28553693.v2,cement_lime,UCS,2175.818459,,,1.0,Iasi_clayey_silt_clSi,clayey_silt_clSi_EN_ISO_14688,,9.0,64.0,27.0,,36.0,24.0,12.0,,14.9,1.537,,,10.0,0.0,,,,,,,,,,,,,,,,,,,,,,,1.25,False,,,,,0.4444444444444444,,,10.0,0.37037037037037035,0.6931471805599453
UCDV1_01241,Figshare_28553693_Teodoru_OwusuYeboah_2025,10.6084/m9.figshare.28553693.v2,cement_lime,UCS,3477.567677,,,7.0,Iasi_clayey_silt_clSi,clayey_silt_clSi_EN_ISO_14688,,9.0,64.0,27.0,,36.0,24.0,12.0,,14.9,1.537,,,10.0,0.0,,,,,,,,,,,,,,,,,,,,,,,0.75,False,,,,,0.4444444444444444,,,10.0,0.37037037037037035,2.0794415416798357
UCDV1_01242,Figshare_28553693_Teodoru_OwusuYeboah_2025,10.6084/m9.figshare.28553693.v2,cement_lime,UCS,3672.249668,,,7.0,Iasi_clayey_silt_clSi,clayey_silt_clSi_EN_ISO_14688,,9.0,64.0,27.0,,36.0,24.0,12.0,,14.9,1.537,,,10.0,0.0,,,,,,,,,,,,,,,,,,,,,,,0.75,False,,,,,0.4444444444444444,,,10.0,0.37037037037037035,2.0794415416798357
UCDV1_01243,Figshare_28553693_Teodoru_OwusuYeboah_2025,10.6084/m9.figshare.28553693.v2,cement_lime,UCS,3718.00842,,,7.0,Iasi_clayey_silt_clSi,clayey_silt_clSi_EN_ISO_14688,,9.0,64.0,27.0,,36.0,24.0,12.0,,14.9,1.537,,,10.0,0.0,,,,,,,,,,,,,,,,,,,,,,,0.75,False,,,,,0.4444444444444444,,,10.0,0.37037037037037035,2.0794415416798357
UCDV1_01244,Figshare_28553693_Teodoru_OwusuYeboah_2025,10.6084/m9.figshare.28553693.v2,cement_lime,UCS,3699.041298,,,7.0,Iasi_clayey_silt_clSi,clayey_silt_clSi_EN_ISO_14688,,9.0,64.0,27.0,,36.0,24.0,12.0,,14.9,1.537,,,10.0,0.0,,,,,,,,,,,,,,,,,,,,,,,1.0,False,,,,,0.4444444444444444,,,10.0,0.37037037037037035,2.0794415416798357
UCDV1_01245,Figshare_28553693_Teodoru_OwusuYeboah_2025,10.6084/m9.figshare.28553693.v2,cement_lime,UCS,3777.222995,,,7.0,Iasi_clayey_silt_clSi,clayey_silt_clSi_EN_ISO_14688,,9.0,64.0,27.0,,36.0,24.0,12.0,,14.9,1.537,,,10.0,0.0,,,,,,,,,,,,,,,,,,,,,,,1.0,False,,,,,0.4444444444444444,,,10.0,0.37037037037037035,2.0794415416798357
UCDV1_01246,Figshare_28553693_Teodoru_OwusuYeboah_2025,10.6084/m9.figshare.28553693.v2,cement_lime,UCS,3008.862534,,,7.0,Iasi_clayey_silt_clSi,clayey_silt_clSi_EN_ISO_14688,,9.0,64.0,27.0,,36.0,24.0,12.0,,14.9,1.537,,,10.0,0.0,,,,,,,,,,,,,,,,,,,,,,,1.0,False,,,,,0.4444444444444444,,,10.0,0.37037037037037035,2.0794415416798357
UCDV1_01247,Figshare_28553693_Teodoru_OwusuYeboah_2025,10.6084/m9.figshare.28553693.v2,cement_lime,UCS,3504.677879,,,7.0,Iasi_clayey_silt_clSi,clayey_silt_clSi_EN_ISO_14688,,9.0,64.0,27.0,,36.0,24.0,12.0,,14.9,1.537,,,10.0,0.0,,,,,,,,,,,,,,,,,,,,,,,1.25,False,,,,,0.4444444444444444,,,10.0,0.37037037037037035,2.0794415416798357
UCDV1_01248,Figshare_28553693_Teodoru_OwusuYeboah_2025,10.6084/m9.figshare.28553693.v2,cement_lime,UCS,3866.189754,,,7.0,Iasi_clayey_silt_clSi,clayey_silt_clSi_EN_ISO_14688,,9.0,64.0,27.0,,36.0,24.0,12.0,,14.9,1.537,,,10.0,0.0,,,,,,,,,,,,,,,,,,,,,,,1.25,False,,,,,0.4444444444444444,,,10.0,0.37037037037037035,2.0794415416798357
UCDV1_01249,Figshare_28553693_Teodoru_OwusuYeboah_2025,10.6084/m9.figshare.28553693.v2,cement_lime,UCS,3697.568297,,,7.0,Iasi_clayey_silt_clSi,clayey_silt_clSi_EN_ISO_14688,,9.0,64.0,27.0,,36.0,24.0,12.0,,14.9,1.537,,,10.0,0.0,,,,,,,,,,,,,,,,,,,,,,,1.25,False,,,,,0.4444444444444444,,,10.0,0.37037037037037035,2.0794415416798357
UCDV1_01250,Figshare_28553693_Teodoru_OwusuYeboah_2025,10.6084/m9.figshare.28553693.v2,cement_lime,UCS,3916.844803,,,14.0,Iasi_clayey_silt_clSi,clayey_silt_clSi_EN_ISO_14688,,9.0,64.0,27.0,,36.0,24.0,12.0,,14.9,1.537,,,10.0,0.0,,,,,,,,,,,,,,,,,,,,,,,0.75,False,,,,,0.4444444444444444,,,10.0,0.37037037037037035,2.70805020110221
UCDV1_01251,Figshare_28553693_Teodoru_OwusuYeboah_2025,10.6084/m9.figshare.28553693.v2,cement_lime,UCS,3527.83995,,,14.0,Iasi_clayey_silt_clSi,clayey_silt_clSi_EN_ISO_14688,,9.0,64.0,27.0,,36.0,24.0,12.0,,14.9,1.537,,,10.0,0.0,,,,,,,,,,,,,,,,,,,,,,,0.75,False,,,,,0.4444444444444444,,,10.0,0.37037037037037035,2.70805020110221
UCDV1_01252,Figshare_28553693_Teodoru_OwusuYeboah_2025,10.6084/m9.figshare.28553693.v2,cement_lime,UCS,3935.155979,,,14.0,Iasi_clayey_silt_clSi,clayey_silt_clSi_EN_ISO_14688,,9.0,64.0,27.0,,36.0,24.0,12.0,,14.9,1.537,,,10.0,0.0,,,,,,,,,,,,,,,,,,,,,,,0.75,False,,,,,0.4444444444444444,,,10.0,0.37037037037037035,2.70805020110221
UCDV1_01253,Figshare_28553693_Teodoru_OwusuYeboah_2025,10.6084/m9.figshare.28553693.v2,cement_lime,UCS,3917.092675,,,14.0,Iasi_clayey_silt_clSi,clayey_silt_clSi_EN_ISO_14688,,9.0,64.0,27.0,,36.0,24.0,12.0,,14.9,1.537,,,10.0,0.0,,,,,,,,,,,,,,,,,,,,,,,1.0,False,,,,,0.4444444444444444,,,10.0,0.37037037037037035,2.70805020110221
UCDV1_01254,Figshare_28553693_Teodoru_OwusuYeboah_2025,10.6084/m9.figshare.28553693.v2,cement_lime,UCS,4156.512013,,,14.0,Iasi_clayey_silt_clSi,clayey_silt_clSi_EN_ISO_14688,,9.0,64.0,27.0,,36.0,24.0,12.0,,14.9,1.537,,,10.0,0.0,,,,,,,,,,,,,,,,,,,,,,,1.0,False,,,,,0.4444444444444444,,,10.0,0.37037037037037035,2.70805020110221
UCDV1_01255,Figshare_28553693_Teodoru_OwusuYeboah_2025,10.6084/m9.figshare.28553693.v2,cement_lime,UCS,3698.558578,,,14.0,Iasi_clayey_silt_clSi,clayey_silt_clSi_EN_ISO_14688,,9.0,64.0,27.0,,36.0,24.0,12.0,,14.9,1.537,,,10.0,0.0,,,,,,,,,,,,,,,,,,,,,,,1.0,False,,,,,0.4444444444444444,,,10.0,0.37037037037037035,2.70805020110221
UCDV1_01256,Figshare_28553693_Teodoru_OwusuYeboah_2025,10.6084/m9.figshare.28553693.v2,cement_lime,UCS,5054.611964,,,14.0,Iasi_clayey_silt_clSi,clayey_silt_clSi_EN_ISO_14688,,9.0,64.0,27.0,,36.0,24.0,12.0,,14.9,1.537,,,10.0,0.0,,,,,,,,,,,,,,,,,,,,,,,1.25,False,,,,,0.4444444444444444,,,10.0,0.37037037037037035,2.70805020110221
UCDV1_01257,Figshare_28553693_Teodoru_OwusuYeboah_2025,10.6084/m9.figshare.28553693.v2,cement_lime,UCS,3855.974785,,,14.0,Iasi_clayey_silt_clSi,clayey_silt_clSi_EN_ISO_14688,,9.0,64.0,27.0,,36.0,24.0,12.0,,14.9,1.537,,,10.0,0.0,,,,,,,,,,,,,,,,,,,,,,,1.25,False,,,,,0.4444444444444444,,,10.0,0.37037037037037035,2.70805020110221
UCDV1_01258,Figshare_28553693_Teodoru_OwusuYeboah_2025,10.6084/m9.figshare.28553693.v2,cement_lime,UCS,3649.510748,,,14.0,Iasi_clayey_silt_clSi,clayey_silt_clSi_EN_ISO_14688,,9.0,64.0,27.0,,36.0,24.0,12.0,,14.9,1.537,,,10.0,0.0,,,,,,,,,,,,,,,,,,,,,,,1.25,False,,,,,0.4444444444444444,,,10.0,0.37037037037037035,2.70805020110221
UCDV1_01259,Figshare_28553693_Teodoru_OwusuYeboah_2025,10.6084/m9.figshare.28553693.v2,cement_lime,UCS,4105.161762,,,28.0,Iasi_clayey_silt_clSi,clayey_silt_clSi_EN_ISO_14688,,9.0,64.0,27.0,,36.0,24.0,12.0,,14.9,1.537,,,10.0,0.0,,,,,,,,,,,,,,,,,,,,,,,0.75,False,,,,,0.4444444444444444,,,10.0,0.37037037037037035,3.367295829986474
UCDV1_01260,Figshare_28553693_Teodoru_OwusuYeboah_2025,10.6084/m9.figshare.28553693.v2,cement_lime,UCS,4876.055944,,,28.0,Iasi_clayey_silt_clSi,clayey_silt_clSi_EN_ISO_14688,,9.0,64.0,27.0,,36.0,24.0,12.0,,14.9,1.537,,,10.0,0.0,,,,,,,,,,,,,,,,,,,,,,,0.75,False,,,,,0.4444444444444444,,,10.0,0.37037037037037035,3.367295829986474
UCDV1_01261,Figshare_28553693_Teodoru_OwusuYeboah_2025,10.6084/m9.figshare.28553693.v2,cement_lime,UCS,4398.404385,,,28.0,Iasi_clayey_silt_clSi,clayey_silt_clSi_EN_ISO_14688,,9.0,64.0,27.0,,36.0,24.0,12.0,,14.9,1.537,,,10.0,0.0,,,,,,,,,,,,,,,,,,,,,,,0.75,False,,,,,0.4444444444444444,,,10.0,0.37037037037037035,3.367295829986474
UCDV1_01262,Figshare_28553693_Teodoru_OwusuYeboah_2025,10.6084/m9.figshare.28553693.v2,cement_lime,UCS,4371.308578,,,28.0,Iasi_clayey_silt_clSi,clayey_silt_clSi_EN_ISO_14688,,9.0,64.0,27.0,,36.0,24.0,12.0,,14.9,1.537,,,10.0,0.0,,,,,,,,,,,,,,,,,,,,,,,1.0,False,,,,,0.4444444444444444,,,10.0,0.37037037037037035,3.367295829986474
UCDV1_01263,Figshare_28553693_Teodoru_OwusuYeboah_2025,10.6084/m9.figshare.28553693.v2,cement_lime,UCS,4440.652261,,,28.0,Iasi_clayey_silt_clSi,clayey_silt_clSi_EN_ISO_14688,,9.0,64.0,27.0,,36.0,24.0,12.0,,14.9,1.537,,,10.0,0.0,,,,,,,,,,,,,,,,,,,,,,,1.0,False,,,,,0.4444444444444444,,,10.0,0.37037037037037035,3.367295829986474
UCDV1_01264,Figshare_28553693_Teodoru_OwusuYeboah_2025,10.6084/m9.figshare.28553693.v2,cement_lime,UCS,3563.252614,,,28.0,Iasi_clayey_silt_clSi,clayey_silt_clSi_EN_ISO_14688,,9.0,64.0,27.0,,36.0,24.0,12.0,,14.9,1.537,,,10.0,0.0,,,,,,,,,,,,,,,,,,,,,,,1.0,False,,,,,0.4444444444444444,,,10.0,0.37037037037037035,3.367295829986474
UCDV1_01265,Figshare_28553693_Teodoru_OwusuYeboah_2025,10.6084/m9.figshare.28553693.v2,cement_lime,UCS,4375.638612,,,28.0,Iasi_clayey_silt_clSi,clayey_silt_clSi_EN_ISO_14688,,9.0,64.0,27.0,,36.0,24.0,12.0,,14.9,1.537,,,10.0,0.0,,,,,,,,,,,,,,,,,,,,,,,1.25,False,,,,,0.4444444444444444,,,10.0,0.37037037037037035,3.367295829986474
UCDV1_01266,Figshare_28553693_Teodoru_OwusuYeboah_2025,10.6084/m9.figshare.28553693.v2,cement_lime,UCS,4159.927686,,,28.0,Iasi_clayey_silt_clSi,clayey_silt_clSi_EN_ISO_14688,,9.0,64.0,27.0,,36.0,24.0,12.0,,14.9,1.537,,,10.0,0.0,,,,,,,,,,,,,,,,,,,,,,,1.25,False,,,,,0.4444444444444444,,,10.0,0.37037037037037035,3.367295829986474
UCDV1_01267,Figshare_28553693_Teodoru_OwusuYeboah_2025,10.6084/m9.figshare.28553693.v2,cement_lime,UCS,4312.463399,,,28.0,Iasi_clayey_silt_clSi,clayey_silt_clSi_EN_ISO_14688,,9.0,64.0,27.0,,36.0,24.0,12.0,,14.9,1.537,,,10.0,0.0,,,,,,,,,,,,,,,,,,,,,,,1.25,False,,,,,0.4444444444444444,,,10.0,0.37037037037037035,3.367295829986474
UCDV1_01268,Figshare_28553693_Teodoru_OwusuYeboah_2025,10.6084/m9.figshare.28553693.v2,cement_lime,UCS,167.453375,,,0.0,Iasi_clayey_silt_clSi,clayey_silt_clSi_EN_ISO_14688,,9.0,64.0,27.0,,36.0,24.0,12.0,,14.9,1.537,,,0.0,0.0,,,,,,,,,,,,,,,,,,,,,,,0.5,False,,,,,0.4444444444444444,,,0.0,0.0,0.0
UCDV1_01269,Figshare_28553693_Teodoru_OwusuYeboah_2025,10.6084/m9.figshare.28553693.v2,cement_lime,UCS,170.9692711,,,0.0,Iasi_clayey_silt_clSi,clayey_silt_clSi_EN_ISO_14688,,9.0,64.0,27.0,,36.0,24.0,12.0,,14.9,1.537,,,0.0,0.0,,,,,,,,,,,,,,,,,,,,,,,0.5,False,,,,,0.4444444444444444,,,0.0,0.0,0.0
UCDV1_01270,Figshare_28553693_Teodoru_OwusuYeboah_2025,10.6084/m9.figshare.28553693.v2,cement_lime,UCS,168.3598768,,,0.0,Iasi_clayey_silt_clSi,clayey_silt_clSi_EN_ISO_14688,,9.0,64.0,27.0,,36.0,24.0,12.0,,14.9,1.537,,,0.0,0.0,,,,,,,,,,,,,,,,,,,,,,,0.5,False,,,,,0.4444444444444444,,,0.0,0.0,0.0
UCDV1_01271,Figshare_28553693_Teodoru_OwusuYeboah_2025,10.6084/m9.figshare.28553693.v2,cement_lime,UCS,172.0655206,,,0.0,Iasi_clayey_silt_clSi,clayey_silt_clSi_EN_ISO_14688,,9.0,64.0,27.0,,36.0,24.0,12.0,,14.9,1.537,,,0.0,0.0,,,,,,,,,,,,,,,,,,,,,,,0.75,False,,,,,0.4444444444444444,,,0.0,0.0,0.0
UCDV1_01272,Figshare_28553693_Teodoru_OwusuYeboah_2025,10.6084/m9.figshare.28553693.v2,cement_lime,UCS,177.8547823,,,0.0,Iasi_clayey_silt_clSi,clayey_silt_clSi_EN_ISO_14688,,9.0,64.0,27.0,,36.0,24.0,12.0,,14.9,1.537,,,0.0,0.0,,,,,,,,,,,,,,,,,,,,,,,0.75,False,,,,,0.4444444444444444,,,0.0,0.0,0.0
UCDV1_01273,Figshare_28553693_Teodoru_OwusuYeboah_2025,10.6084/m9.figshare.28553693.v2,cement_lime,UCS,176.8614863,,,0.0,Iasi_clayey_silt_clSi,clayey_silt_clSi_EN_ISO_14688,,9.0,64.0,27.0,,36.0,24.0,12.0,,14.9,1.537,,,0.0,0.0,,,,,,,,,,,,,,,,,,,,,,,0.75,False,,,,,0.4444444444444444,,,0.0,0.0,0.0
UCDV1_01274,Figshare_28553693_Teodoru_OwusuYeboah_2025,10.6084/m9.figshare.28553693.v2,cement_lime,UCS,157.4657076,,,0.0,Iasi_clayey_silt_clSi,clayey_silt_clSi_EN_ISO_14688,,9.0,64.0,27.0,,36.0,24.0,12.0,,14.9,1.537,,,0.0,0.0,,,,,,,,,,,,,,,,,,,,,,,1.0,False,,,,,0.4444444444444444,,,0.0,0.0,0.0
UCDV1_01275,Figshare_28553693_Teodoru_OwusuYeboah_2025,10.6084/m9.figshare.28553693.v2,cement_lime,UCS,181.3545074,,,0.0,Iasi_clayey_silt_clSi,clayey_silt_clSi_EN_ISO_14688,,9.0,64.0,27.0,,36.0,24.0,12.0,,14.9,1.537,,,0.0,0.0,,,,,,,,,,,,,,,,,,,,,,,1.0,False,,,,,0.4444444444444444,,,0.0,0.0,0.0
UCDV1_01276,Figshare_28553693_Teodoru_OwusuYeboah_2025,10.6084/m9.figshare.28553693.v2,cement_lime,UCS,188.0466283,,,0.0,Iasi_clayey_silt_clSi,clayey_silt_clSi_EN_ISO_14688,,9.0,64.0,27.0,,36.0,24.0,12.0,,14.9,1.537,,,0.0,0.0,,,,,,,,,,,,,,,,,,,,,,,1.0,False,,,,,0.4444444444444444,,,0.0,0.0,0.0
UCDV1_01277,Figshare_28553693_Teodoru_OwusuYeboah_2025,10.6084/m9.figshare.28553693.v2,cement_lime,UCS,161.1591827,,,0.0,Iasi_clayey_silt_clSi,clayey_silt_clSi_EN_ISO_14688,,9.0,64.0,27.0,,36.0,24.0,12.0,,14.9,1.537,,,0.0,0.0,,,,,,,,,,,,,,,,,,,,,,,1.25,False,,,,,0.4444444444444444,,,0.0,0.0,0.0
UCDV1_01278,Figshare_28553693_Teodoru_OwusuYeboah_2025,10.6084/m9.figshare.28553693.v2,cement_lime,UCS,181.8059487,,,0.0,Iasi_clayey_silt_clSi,clayey_silt_clSi_EN_ISO_14688,,9.0,64.0,27.0,,36.0,24.0,12.0,,14.9,1.537,,,0.0,0.0,,,,,,,,,,,,,,,,,,,,,,,1.25,False,,,,,0.4444444444444444,,,0.0,0.0,0.0
UCDV1_01279,Figshare_28553693_Teodoru_OwusuYeboah_2025,10.6084/m9.figshare.28553693.v2,cement_lime,UCS,182.6800157,,,0.0,Iasi_clayey_silt_clSi,clayey_silt_clSi_EN_ISO_14688,,9.0,64.0,27.0,,36.0,24.0,12.0,,14.9,1.537,,,0.0,0.0,,,,,,,,,,,,,,,,,,,,,,,1.25,False,,,,,0.4444444444444444,,,0.0,0.0,0.0
UCDV1_01280,Figshare_28553693_Teodoru_OwusuYeboah_2025,10.6084/m9.figshare.28553693.v2,cement_lime,UCS,176.2053676,,,0.0,Iasi_clayey_silt_clSi,clayey_silt_clSi_EN_ISO_14688,,9.0,64.0,27.0,,36.0,24.0,12.0,,14.9,1.537,,,0.0,0.0,,,,,,,,,,,,,,,,,,,,,,,1.0,False,,,,,0.4444444444444444,,,0.0,0.0,0.0
UCDV1_01281,Figshare_28553693_Teodoru_OwusuYeboah_2025,10.6084/m9.figshare.28553693.v2,cement_lime,UCS,160.9692145,,,0.0,Iasi_clayey_silt_clSi,clayey_silt_clSi_EN_ISO_14688,,9.0,64.0,27.0,,36.0,24.0,12.0,,14.9,1.537,,,0.0,0.0,,,,,,,,,,,,,,,,,,,,,,,1.25,False,,,,,0.4444444444444444,,,0.0,0.0,0.0
UCDV1_01282,Figshare_28553693_Teodoru_OwusuYeboah_2025,10.6084/m9.figshare.28553693.v2,cement_lime,UCS,844.9311906,,,7.0,Iasi_clayey_silt_clSi,clayey_silt_clSi_EN_ISO_14688,,9.0,64.0,27.0,,36.0,24.0,12.0,,14.9,1.537,,,2.5,0.0,,,,,,,,,,,,,,,,,,,,,,,0.75,False,,,,,0.4444444444444444,,,2.5,0.09259259259259259,2.0794415416798357
UCDV1_01283,Figshare_28553693_Teodoru_OwusuYeboah_2025,10.6084/m9.figshare.28553693.v2,cement_lime,UCS,661.0392113,,,7.0,Iasi_clayey_silt_clSi,clayey_silt_clSi_EN_ISO_14688,,9.0,64.0,27.0,,36.0,24.0,12.0,,14.9,1.537,,,2.5,0.0,,,,,,,,,,,,,,,,,,,,,,,1.0,False,,,,,0.4444444444444444,,,2.5,0.09259259259259259,2.0794415416798357
UCDV1_01284,Figshare_28553693_Teodoru_OwusuYeboah_2025,10.6084/m9.figshare.28553693.v2,cement_lime,UCS,706.482091,,,7.0,Iasi_clayey_silt_clSi,clayey_silt_clSi_EN_ISO_14688,,9.0,64.0,27.0,,36.0,24.0,12.0,,14.9,1.537,,,2.5,0.0,,,,,,,,,,,,,,,,,,,,,,,1.25,False,,,,,0.4444444444444444,,,2.5,0.09259259259259259,2.0794415416798357
UCDV1_01285,Figshare_28553693_Teodoru_OwusuYeboah_2025,10.6084/m9.figshare.28553693.v2,cement_lime,UCS,816.157218,,,14.0,Iasi_clayey_silt_clSi,clayey_silt_clSi_EN_ISO_14688,,9.0,64.0,27.0,,36.0,24.0,12.0,,14.9,1.537,,,2.5,0.0,,,,,,,,,,,,,,,,,,,,,,,1.0,False,,,,,0.4444444444444444,,,2.5,0.09259259259259259,2.70805020110221
UCDV1_01286,Figshare_28553693_Teodoru_OwusuYeboah_2025,10.6084/m9.figshare.28553693.v2,cement_lime,UCS,892.9609946,,,28.0,Iasi_clayey_silt_clSi,clayey_silt_clSi_EN_ISO_14688,,9.0,64.0,27.0,,36.0,24.0,12.0,,14.9,1.537,,,2.5,0.0,,,,,,,,,,,,,,,,,,,,,,,0.75,False,,,,,0.4444444444444444,,,2.5,0.09259259259259259,3.367295829986474
UCDV1_01287,Figshare_28553693_Teodoru_OwusuYeboah_2025,10.6084/m9.figshare.28553693.v2,cement_lime,UCS,974.4334225,,,1.0,Iasi_clayey_silt_clSi,clayey_silt_clSi_EN_ISO_14688,,9.0,64.0,27.0,,36.0,24.0,12.0,,14.9,1.537,,,5.0,0.0,,,,,,,,,,,,,,,,,,,,,,,1.0,False,,,,,0.4444444444444444,,,5.0,0.18518518518518517,0.6931471805599453
UCDV1_01288,Figshare_28553693_Teodoru_OwusuYeboah_2025,10.6084/m9.figshare.28553693.v2,cement_lime,UCS,1991.330417,,,7.0,Iasi_clayey_silt_clSi,clayey_silt_clSi_EN_ISO_14688,,9.0,64.0,27.0,,36.0,24.0,12.0,,14.9,1.537,,,5.0,0.0,,,,,,,,,,,,,,,,,,,,,,,0.75,False,,,,,0.4444444444444444,,,5.0,0.18518518518518517,2.0794415416798357
UCDV1_01289,Figshare_28553693_Teodoru_OwusuYeboah_2025,10.6084/m9.figshare.28553693.v2,cement_lime,UCS,1858.912992,,,7.0,Iasi_clayey_silt_clSi,clayey_silt_clSi_EN_ISO_14688,,9.0,64.0,27.0,,36.0,24.0,12.0,,14.9,1.537,,,5.0,0.0,,,,,,,,,,,,,,,,,,,,,,,1.0,False,,,,,0.4444444444444444,,,5.0,0.18518518518518517,2.0794415416798357
UCDV1_01290,Figshare_28553693_Teodoru_OwusuYeboah_2025,10.6084/m9.figshare.28553693.v2,cement_lime,UCS,1951.45189,,,7.0,Iasi_clayey_silt_clSi,clayey_silt_clSi_EN_ISO_14688,,9.0,64.0,27.0,,36.0,24.0,12.0,,14.9,1.537,,,5.0,0.0,,,,,,,,,,,,,,,,,,,,,,,1.25,False,,,,,0.4444444444444444,,,5.0,0.18518518518518517,2.0794415416798357
UCDV1_01291,Figshare_28553693_Teodoru_OwusuYeboah_2025,10.6084/m9.figshare.28553693.v2,cement_lime,UCS,2232.142468,,,14.0,Iasi_clayey_silt_clSi,clayey_silt_clSi_EN_ISO_14688,,9.0,64.0,27.0,,36.0,24.0,12.0,,14.9,1.537,,,5.0,0.0,,,,,,,,,,,,,,,,,,,,,,,1.0,False,,,,,0.4444444444444444,,,5.0,0.18518518518518517,2.70805020110221
UCDV1_01292,Figshare_28553693_Teodoru_OwusuYeboah_2025,10.6084/m9.figshare.28553693.v2,cement_lime,UCS,2258.72875,,,14.0,Iasi_clayey_silt_clSi,clayey_silt_clSi_EN_ISO_14688,,9.0,64.0,27.0,,36.0,24.0,12.0,,14.9,1.537,,,5.0,0.0,,,,,,,,,,,,,,,,,,,,,,,1.25,False,,,,,0.4444444444444444,,,5.0,0.18518518518518517,2.70805020110221
UCDV1_01293,Figshare_28553693_Teodoru_OwusuYeboah_2025,10.6084/m9.figshare.28553693.v2,cement_lime,UCS,1646.008741,,,1.0,Iasi_clayey_silt_clSi,clayey_silt_clSi_EN_ISO_14688,,9.0,64.0,27.0,,36.0,24.0,12.0,,14.9,1.537,,,7.5,0.0,,,,,,,,,,,,,,,,,,,,,,,1.0,False,,,,,0.4444444444444444,,,7.5,0.2777777777777778,0.6931471805599453
UCDV1_01294,Figshare_28553693_Teodoru_OwusuYeboah_2025,10.6084/m9.figshare.28553693.v2,cement_lime,UCS,3061.832507,,,7.0,Iasi_clayey_silt_clSi,clayey_silt_clSi_EN_ISO_14688,,9.0,64.0,27.0,,36.0,24.0,12.0,,14.9,1.537,,,7.5,0.0,,,,,,,,,,,,,,,,,,,,,,,0.75,False,,,,,0.4444444444444444,,,7.5,0.2777777777777778,2.0794415416798357
UCDV1_01295,Figshare_28553693_Teodoru_OwusuYeboah_2025,10.6084/m9.figshare.28553693.v2,cement_lime,UCS,3060.411589,,,7.0,Iasi_clayey_silt_clSi,clayey_silt_clSi_EN_ISO_14688,,9.0,64.0,27.0,,36.0,24.0,12.0,,14.9,1.537,,,7.5,0.0,,,,,,,,,,,,,,,,,,,,,,,1.0,False,,,,,0.4444444444444444,,,7.5,0.2777777777777778,2.0794415416798357
UCDV1_01296,Figshare_28553693_Teodoru_OwusuYeboah_2025,10.6084/m9.figshare.28553693.v2,cement_lime,UCS,3138.210411,,,7.0,Iasi_clayey_silt_clSi,clayey_silt_clSi_EN_ISO_14688,,9.0,64.0,27.0,,36.0,24.0,12.0,,14.9,1.537,,,7.5,0.0,,,,,,,,,,,,,,,,,,,,,,,1.25,False,,,,,0.4444444444444444,,,7.5,0.2777777777777778,2.0794415416798357
UCDV1_01297,Figshare_28553693_Teodoru_OwusuYeboah_2025,10.6084/m9.figshare.28553693.v2,cement_lime,UCS,3132.987642,,,14.0,Iasi_clayey_silt_clSi,clayey_silt_clSi_EN_ISO_14688,,9.0,64.0,27.0,,36.0,24.0,12.0,,14.9,1.537,,,7.5,0.0,,,,,,,,,,,,,,,,,,,,,,,0.75,False,,,,,0.4444444444444444,,,7.5,0.2777777777777778,2.70805020110221
UCDV1_01298,Figshare_28553693_Teodoru_OwusuYeboah_2025,10.6084/m9.figshare.28553693.v2,cement_lime,UCS,3171.757965,,,14.0,Iasi_clayey_silt_clSi,clayey_silt_clSi_EN_ISO_14688,,9.0,64.0,27.0,,36.0,24.0,12.0,,14.9,1.537,,,7.5,0.0,,,,,,,,,,,,,,,,,,,,,,,1.0,False,,,,,0.4444444444444444,,,7.5,0.2777777777777778,2.70805020110221
UCDV1_01299,Figshare_28553693_Teodoru_OwusuYeboah_2025,10.6084/m9.figshare.28553693.v2,cement_lime,UCS,3741.993353,,,28.0,Iasi_clayey_silt_clSi,clayey_silt_clSi_EN_ISO_14688,,9.0,64.0,27.0,,36.0,24.0,12.0,,14.9,1.537,,,7.5,0.0,,,,,,,,,,,,,,,,,,,,,,,1.0,False,,,,,0.4444444444444444,,,7.5,0.2777777777777778,3.367295829986474
UCDV1_01300,Figshare_28553693_Teodoru_OwusuYeboah_2025,10.6084/m9.figshare.28553693.v2,cement_lime,UCS,4094.294568,,,28.0,Iasi_clayey_silt_clSi,clayey_silt_clSi_EN_ISO_14688,,9.0,64.0,27.0,,36.0,24.0,12.0,,14.9,1.537,,,7.5,0.0,,,,,,,,,,,,,,,,,,,,,,,1.25,False,,,,,0.4444444444444444,,,7.5,0.2777777777777778,3.367295829986474
UCDV1_01301,Figshare_28553693_Teodoru_OwusuYeboah_2025,10.6084/m9.figshare.28553693.v2,cement_lime,UCS,2135.618094,,,1.0,Iasi_clayey_silt_clSi,clayey_silt_clSi_EN_ISO_14688,,9.0,64.0,27.0,,36.0,24.0,12.0,,14.9,1.537,,,10.0,0.0,,,,,,,,,,,,,,,,,,,,,,,0.75,False,,,,,0.4444444444444444,,,10.0,0.37037037037037035,0.6931471805599453
UCDV1_01302,Figshare_28553693_Teodoru_OwusuYeboah_2025,10.6084/m9.figshare.28553693.v2,cement_lime,UCS,2058.554651,,,1.0,Iasi_clayey_silt_clSi,clayey_silt_clSi_EN_ISO_14688,,9.0,64.0,27.0,,36.0,24.0,12.0,,14.9,1.537,,,10.0,0.0,,,,,,,,,,,,,,,,,,,,,,,1.0,False,,,,,0.4444444444444444,,,10.0,0.37037037037037035,0.6931471805599453
UCDV1_01303,Figshare_28553693_Teodoru_OwusuYeboah_2025,10.6084/m9.figshare.28553693.v2,cement_lime,UCS,3358.517036,,,7.0,Iasi_clayey_silt_clSi,clayey_silt_clSi_EN_ISO_14688,,9.0,64.0,27.0,,36.0,24.0,12.0,,14.9,1.537,,,10.0,0.0,,,,,,,,,,,,,,,,,,,,,,,0.75,False,,,,,0.4444444444444444,,,10.0,0.37037037037037035,2.0794415416798357
UCDV1_01304,Figshare_28553693_Teodoru_OwusuYeboah_2025,10.6084/m9.figshare.28553693.v2,cement_lime,UCS,3064.688377,,,7.0,Iasi_clayey_silt_clSi,clayey_silt_clSi_EN_ISO_14688,,9.0,64.0,27.0,,36.0,24.0,12.0,,14.9,1.537,,,10.0,0.0,,,,,,,,,,,,,,,,,,,,,,,1.0,False,,,,,0.4444444444444444,,,10.0,0.37037037037037035,2.0794415416798357
UCDV1_01305,Figshare_28553693_Teodoru_OwusuYeboah_2025,10.6084/m9.figshare.28553693.v2,cement_lime,UCS,3519.471169,,,7.0,Iasi_clayey_silt_clSi,clayey_silt_clSi_EN_ISO_14688,,9.0,64.0,27.0,,36.0,24.0,12.0,,14.9,1.537,,,10.0,0.0,,,,,,,,,,,,,,,,,,,,,,,1.25,False,,,,,0.4444444444444444,,,10.0,0.37037037037037035,2.0794415416798357
UCDV1_01306,Figshare_28553693_Teodoru_OwusuYeboah_2025,10.6084/m9.figshare.28553693.v2,cement_lime,UCS,3963.481765,,,14.0,Iasi_clayey_silt_clSi,clayey_silt_clSi_EN_ISO_14688,,9.0,64.0,27.0,,36.0,24.0,12.0,,14.9,1.537,,,10.0,0.0,,,,,,,,,,,,,,,,,,,,,,,1.0,False,,,,,0.4444444444444444,,,10.0,0.37037037037037035,2.70805020110221
UCDV1_01307,Figshare_28553693_Teodoru_OwusuYeboah_2025,10.6084/m9.figshare.28553693.v2,cement_lime,UCS,4184.241327,,,14.0,Iasi_clayey_silt_clSi,clayey_silt_clSi_EN_ISO_14688,,9.0,64.0,27.0,,36.0,24.0,12.0,,14.9,1.537,,,10.0,0.0,,,,,,,,,,,,,,,,,,,,,,,1.25,False,,,,,0.4444444444444444,,,10.0,0.37037037037037035,2.70805020110221
UCDV1_01308,Figshare_28553693_Teodoru_OwusuYeboah_2025,10.6084/m9.figshare.28553693.v2,cement_lime,UCS,4700.649561,,,28.0,Iasi_clayey_silt_clSi,clayey_silt_clSi_EN_ISO_14688,,9.0,64.0,27.0,,36.0,24.0,12.0,,14.9,1.537,,,10.0,0.0,,,,,,,,,,,,,,,,,,,,,,,0.75,False,,,,,0.4444444444444444,,,10.0,0.37037037037037035,3.367295829986474
UCDV1_01309,DataGouv_10.57745_L6EIIT_CastanedaLopez_2025,10.57745/L6EIIT,cement_lime,UCS,1580.0,,,7.0,A,cement_stabilized_soil_A_or_B,,,,,,,,,,15.5,1.79,15.1,1.71,2.99,0.0,,,,,,,,,,,,,,,,,,,,,,,,False,,,,,,,-0.40000000000000036,2.99,,2.0794415416798357
UCDV1_01310,DataGouv_10.57745_L6EIIT_CastanedaLopez_2025,10.57745/L6EIIT,cement_lime,UCS,1480.0,,,7.0,A,cement_stabilized_soil_A_or_B,,,,,,,,,,15.5,1.79,15.1,1.7,2.99,0.0,,,,,,,,,,,,,,,,,,,,,,,,False,,,,,,,-0.40000000000000036,2.99,,2.0794415416798357
UCDV1_01311,DataGouv_10.57745_L6EIIT_CastanedaLopez_2025,10.57745/L6EIIT,cement_lime,UCS,1530.0,,,7.0,A,cement_stabilized_soil_A_or_B,,,,,,,,,,15.5,1.79,15.1,1.71,2.99,0.0,,,,,,,,,,,,,,,,,,,,,,,,False,,,,,,,-0.40000000000000036,2.99,,2.0794415416798357
UCDV1_01312,DataGouv_10.57745_L6EIIT_CastanedaLopez_2025,10.57745/L6EIIT,cement_lime,UCS,1820.0,,,28.0,A,cement_stabilized_soil_A_or_B,,,,,,,,,,15.5,1.79,14.6,1.71,2.98,0.0,,,,,,,,,,,,,,,,,,,,,,,,False,,,,,,,-0.9000000000000004,2.98,,3.367295829986474
UCDV1_01313,DataGouv_10.57745_L6EIIT_CastanedaLopez_2025,10.57745/L6EIIT,cement_lime,UCS,1600.0,,,28.0,A,cement_stabilized_soil_A_or_B,,,,,,,,,,15.5,1.79,14.7,1.72,2.98,0.0,,,,,,,,,,,,,,,,,,,,,,,,False,,,,,,,-0.8000000000000007,2.98,,3.367295829986474
UCDV1_01314,DataGouv_10.57745_L6EIIT_CastanedaLopez_2025,10.57745/L6EIIT,cement_lime,UCS,1540.0,,,29.0,A,cement_stabilized_soil_A_or_B,,,,,,,,,,15.5,1.79,14.7,1.72,2.98,0.0,,,,,,,,,,,,,,,,,,,,,,,,False,,,,,,,-0.8000000000000007,2.98,,3.4011973816621555
UCDV1_01315,DataGouv_10.57745_L6EIIT_CastanedaLopez_2025,10.57745/L6EIIT,cement_lime,UCS,2420.0,,,93.0,A,cement_stabilized_soil_A_or_B,,,,,,,,,,15.5,1.79,14.7,1.71,2.98,0.0,,,,,,,,,,,,,,,,,,,,,,,,False,,,,,,,-0.8000000000000007,2.98,,4.543294782270004
UCDV1_01316,DataGouv_10.57745_L6EIIT_CastanedaLopez_2025,10.57745/L6EIIT,cement_lime,UCS,2400.0,,,94.0,A,cement_stabilized_soil_A_or_B,,,,,,,,,,15.5,1.79,15.2,1.71,3.0,0.0,,,,,,,,,,,,,,,,,,,,,,,,False,,,,,,,-0.3000000000000007,3.0,,4.553876891600541
UCDV1_01317,DataGouv_10.57745_L6EIIT_CastanedaLopez_2025,10.57745/L6EIIT,cement_lime,UCS,2420.0,,,94.0,A,cement_stabilized_soil_A_or_B,,,,,,,,,,15.5,1.79,15.1,1.71,2.99,0.0,,,,,,,,,,,,,,,,,,,,,,,,False,,,,,,,-0.40000000000000036,2.99,,4.553876891600541
UCDV1_01318,DataGouv_10.57745_L6EIIT_CastanedaLopez_2025,10.57745/L6EIIT,cement_lime,UCS,1810.0,,,180.0,A,cement_stabilized_soil_A_or_B,,,,,,,,,,15.5,1.79,15.2,1.71,2.99,0.0,,,,,,,,,,,,,,,,,,,,,,,,False,,,,,,,-0.3000000000000007,2.99,,5.198497031265826
UCDV1_01319,DataGouv_10.57745_L6EIIT_CastanedaLopez_2025,10.57745/L6EIIT,cement_lime,UCS,1650.0,,,180.0,A,cement_stabilized_soil_A_or_B,,,,,,,,,,15.5,1.79,15.3,1.72,3.0,0.0,,,,,,,,,,,,,,,,,,,,,,,,False,,,,,,,-0.1999999999999993,3.0,,5.198497031265826
UCDV1_01320,DataGouv_10.57745_L6EIIT_CastanedaLopez_2025,10.57745/L6EIIT,cement_lime,UCS,1840.0,,,180.0,A,cement_stabilized_soil_A_or_B,,,,,,,,,,15.5,1.79,15.3,1.7,3.0,0.0,,,,,,,,,,,,,,,,,,,,,,,,False,,,,,,,-0.1999999999999993,3.0,,5.198497031265826
UCDV1_01321,DataGouv_10.57745_L6EIIT_CastanedaLopez_2025,10.57745/L6EIIT,cement_lime,UCS,2120.0,,,378.0,A,cement_stabilized_soil_A_or_B,,,,,,,,,,15.5,1.79,14.5,1.72,2.98,0.0,,,,,,,,,,,,,,,,,,,,,,,,False,,,,,,,-1.0,2.98,,5.937536205082426
UCDV1_01322,DataGouv_10.57745_L6EIIT_CastanedaLopez_2025,10.57745/L6EIIT,cement_lime,UCS,2100.0,,,378.0,A,cement_stabilized_soil_A_or_B,,,,,,,,,,15.5,1.79,14.8,1.71,2.99,0.0,,,,,,,,,,,,,,,,,,,,,,,,False,,,,,,,-0.6999999999999993,2.99,,5.937536205082426
UCDV1_01323,DataGouv_10.57745_L6EIIT_CastanedaLopez_2025,10.57745/L6EIIT,cement_lime,UCS,940.0,,,7.0,B,cement_stabilized_soil_A_or_B,,,,,,,,,,10.0,1.98,10.2,1.89,3.0,0.0,,,,,,,,,,,,,,,,,,,,,,,,False,,,,,,,0.1999999999999993,3.0,,2.0794415416798357
UCDV1_01324,DataGouv_10.57745_L6EIIT_CastanedaLopez_2025,10.57745/L6EIIT,cement_lime,UCS,910.0,,,7.0,B,cement_stabilized_soil_A_or_B,,,,,,,,,,10.0,1.98,9.8,1.88,3.0,0.0,,,,,,,,,,,,,,,,,,,,,,,,False,,,,,,,-0.1999999999999993,3.0,,2.0794415416798357
UCDV1_01325,DataGouv_10.57745_L6EIIT_CastanedaLopez_2025,10.57745/L6EIIT,cement_lime,UCS,880.0,,,7.0,B,cement_stabilized_soil_A_or_B,,,,,,,,,,10.0,1.98,10.0,1.89,3.0,0.0,,,,,,,,,,,,,,,,,,,,,,,,False,,,,,,,0.0,3.0,,2.0794415416798357
UCDV1_01326,DataGouv_10.57745_L6EIIT_CastanedaLopez_2025,10.57745/L6EIIT,cement_lime,UCS,1220.0,,,28.0,B,cement_stabilized_soil_A_or_B,,,,,,,,,,10.0,1.98,9.7,1.89,2.99,0.0,,,,,,,,,,,,,,,,,,,,,,,,False,,,,,,,-0.3000000000000007,2.99,,3.367295829986474
UCDV1_01327,DataGouv_10.57745_L6EIIT_CastanedaLopez_2025,10.57745/L6EIIT,cement_lime,UCS,1170.0,,,29.0,B,cement_stabilized_soil_A_or_B,,,,,,,,,,10.0,1.98,9.6,1.89,2.99,0.0,,,,,,,,,,,,,,,,,,,,,,,,False,,,,,,,-0.40000000000000036,2.99,,3.4011973816621555
UCDV1_01328,DataGouv_10.57745_L6EIIT_CastanedaLopez_2025,10.57745/L6EIIT,cement_lime,UCS,1200.0,,,29.0,B,cement_stabilized_soil_A_or_B,,,,,,,,,,10.0,1.98,9.5,1.89,2.99,0.0,,,,,,,,,,,,,,,,,,,,,,,,False,,,,,,,-0.5,2.99,,3.4011973816621555
UCDV1_01329,DataGouv_10.57745_L6EIIT_CastanedaLopez_2025,10.57745/L6EIIT,cement_lime,UCS,1620.0,,,95.0,B,cement_stabilized_soil_A_or_B,,,,,,,,,,10.0,1.98,9.5,1.89,2.99,0.0,,,,,,,,,,,,,,,,,,,,,,,,False,,,,,,,-0.5,2.99,,4.564348191467836
UCDV1_01330,DataGouv_10.57745_L6EIIT_CastanedaLopez_2025,10.57745/L6EIIT,cement_lime,UCS,1660.0,,,95.0,B,cement_stabilized_soil_A_or_B,,,,,,,,,,10.0,1.98,9.2,1.9,2.98,0.0,,,,,,,,,,,,,,,,,,,,,,,,False,,,,,,,-0.8000000000000007,2.98,,4.564348191467836
UCDV1_01331,DataGouv_10.57745_L6EIIT_CastanedaLopez_2025,10.57745/L6EIIT,cement_lime,UCS,1330.0,,,95.0,B,cement_stabilized_soil_A_or_B,,,,,,,,,,10.0,1.98,9.0,1.89,2.97,0.0,,,,,,,,,,,,,,,,,,,,,,,,False,,,,,,,-1.0,2.97,,4.564348191467836
UCDV1_01332,DataGouv_10.57745_L6EIIT_CastanedaLopez_2025,10.57745/L6EIIT,cement_lime,UCS,1660.0,,,180.0,B,cement_stabilized_soil_A_or_B,,,,,,,,,,10.0,1.98,9.3,1.88,2.99,0.0,,,,,,,,,,,,,,,,,,,,,,,,False,,,,,,,-0.6999999999999993,2.99,,5.198497031265826
UCDV1_01333,DataGouv_10.57745_L6EIIT_CastanedaLopez_2025,10.57745/L6EIIT,cement_lime,UCS,1790.0,,,180.0,B,cement_stabilized_soil_A_or_B,,,,,,,,,,10.0,1.98,9.4,1.89,2.99,0.0,,,,,,,,,,,,,,,,,,,,,,,,False,,,,,,,-0.5999999999999996,2.99,,5.198497031265826
UCDV1_01334,DataGouv_10.57745_L6EIIT_CastanedaLopez_2025,10.57745/L6EIIT,cement_lime,UCS,1720.0,,,180.0,B,cement_stabilized_soil_A_or_B,,,,,,,,,,10.0,1.98,9.0,1.92,2.98,0.0,,,,,,,,,,,,,,,,,,,,,,,,False,,,,,,,-1.0,2.98,,5.198497031265826
UCDV1_01335,DataGouv_10.57745_L6EIIT_CastanedaLopez_2025,10.57745/L6EIIT,cement_lime,UCS,1960.0,,,378.0,B,cement_stabilized_soil_A_or_B,,,,,,,,,,10.0,1.98,9.0,1.89,2.98,0.0,,,,,,,,,,,,,,,,,,,,,,,,False,,,,,,,-1.0,2.98,,5.937536205082426
UCDV1_01336,DataGouv_10.57745_L6EIIT_CastanedaLopez_2025,10.57745/L6EIIT,cement_lime,UCS,1900.0,,,378.0,B,cement_stabilized_soil_A_or_B,,,,,,,,,,10.0,1.98,8.9,1.9,2.98,0.0,,,,,,,,,,,,,,,,,,,,,,,,False,,,,,,,-1.0999999999999996,2.98,,5.937536205082426
UCDV1_01337,DataGouv_10.57745_L6EIIT_CastanedaLopez_2025,10.57745/L6EIIT,cement_lime,UCS,1880.0,,,378.0,B,cement_stabilized_soil_A_or_B,,,,,,,,,,10.0,1.98,9.3,1.89,2.99,0.0,,,,,,,,,,,,,,,,,,,,,,,,False,,,,,,,-0.6999999999999993,2.99,,5.937536205082426
UCDV1_01338,DataGouv_10.57745_L6EIIT_CastanedaLopez_2025,10.57745/L6EIIT,cement_lime,UCS,2050.0,,,60.0,A,cement_stabilized_soil_A_or_B,,,,,,,,,,15.5,1.68,14.6,1.69,3.54,0.0,,,,,,,,,,,,,,,,,,,,,,,,False,,,,,,,-0.9000000000000004,3.54,,4.110873864173311
UCDV1_01339,DataGouv_10.57745_L6EIIT_CastanedaLopez_2025,10.57745/L6EIIT,cement_lime,UCS,2230.0,,,43.0,A,cement_stabilized_soil_A_or_B,,,,,,,,,,15.5,1.71,14.7,1.71,3.98,0.0,,,,,,,,,,,,,,,,,,,,,,,,False,,,,,,,-0.8000000000000007,3.98,,3.784189633918261
UCDV1_01340,DataGouv_10.57745_L6EIIT_CastanedaLopez_2025,10.57745/L6EIIT,cement_lime,UCS,1620.0,,,53.0,A,cement_stabilized_soil_A_or_B,,,,,,,,,,15.5,1.76,14.9,1.76,2.43,0.0,,,,,,,,,,,,,,,,,,,,,,,,False,,,,,,,-0.5999999999999996,2.43,,3.9889840465642745
UCDV1_01341,DataGouv_10.57745_L6EIIT_CastanedaLopez_2025,10.57745/L6EIIT,cement_lime,UCS,1070.0,,,37.0,A,cement_stabilized_soil_A_or_B,,,,,,,,,,15.5,1.75,15.0,1.74,2.0,0.0,,,,,,,,,,,,,,,,,,,,,,,,False,,,,,,,-0.5,2.0,,3.6375861597263857
UCDV1_01342,DataGouv_10.57745_L6EIIT_CastanedaLopez_2025,10.57745/L6EIIT,cement_lime,UCS,1300.0,,,48.0,A,cement_stabilized_soil_A_or_B,,,,,,,,,,15.5,1.74,15.3,1.72,2.67,0.0,,,,,,,,,,,,,,,,,,,,,,,,False,,,,,,,-0.1999999999999993,2.67,,3.8918202981106265
UCDV1_01343,DataGouv_10.57745_L6EIIT_CastanedaLopez_2025,10.57745/L6EIIT,cement_lime,UCS,2050.0,,,30.0,A,cement_stabilized_soil_A_or_B,,,,,,,,,,15.5,1.69,12.6,1.73,3.69,0.0,,,,,,,,,,,,,,,,,,,,,,,,False,,,,,,,-2.9000000000000004,3.69,,3.4339872044851463
UCDV1_01344,DataGouv_10.57745_L6EIIT_CastanedaLopez_2025,10.57745/L6EIIT,cement_lime,UCS,1900.0,,,24.0,A,cement_stabilized_soil_A_or_B,,,,,,,,,,15.5,1.75,14.6,1.76,3.09,0.0,,,,,,,,,,,,,,,,,,,,,,,,False,,,,,,,-0.9000000000000004,3.09,,3.2188758248682006
UCDV1_01345,DataGouv_10.57745_L6EIIT_CastanedaLopez_2025,10.57745/L6EIIT,cement_lime,UCS,1000.0,,,18.0,A,cement_stabilized_soil_A_or_B,,,,,,,,,,15.5,1.7,15.2,1.69,3.33,0.0,,,,,,,,,,,,,,,,,,,,,,,,False,,,,,,,-0.3000000000000007,3.33,,2.9444389791664403
UCDV1_01346,DataGouv_10.57745_L6EIIT_CastanedaLopez_2025,10.57745/L6EIIT,cement_lime,UCS,1000.0,,,12.0,A,cement_stabilized_soil_A_or_B,,,,,,,,,,15.5,1.73,14.9,1.72,2.88,0.0,,,,,,,,,,,,,,,,,,,,,,,,False,,,,,,,-0.5999999999999996,2.88,,2.5649493574615367
UCDV1_01347,DataGouv_10.57745_L6EIIT_CastanedaLopez_2025,10.57745/L6EIIT,cement_lime,UCS,650.0,,,7.0,A,cement_stabilized_soil_A_or_B,,,,,,,,,,15.5,1.72,15.1,1.7,2.2,0.0,,,,,,,,,,,,,,,,,,,,,,,,False,,,,,,,-0.40000000000000036,2.2,,2.0794415416798357
UCDV1_01348,DataGouv_10.57745_L6EIIT_CastanedaLopez_2025,10.57745/L6EIIT,cement_lime,UCS,1630.0,,,60.0,B,cement_stabilized_soil_A_or_B,,,,,,,,,,10.0,1.86,8.6,1.87,3.53,0.0,,,,,,,,,,,,,,,,,,,,,,,,False,,,,,,,-1.4000000000000004,3.53,,4.110873864173311
UCDV1_01349,DataGouv_10.57745_L6EIIT_CastanedaLopez_2025,10.57745/L6EIIT,cement_lime,UCS,1900.0,,,43.0,B,cement_stabilized_soil_A_or_B,,,,,,,,,,10.0,1.89,8.9,1.9,3.97,0.0,,,,,,,,,,,,,,,,,,,,,,,,False,,,,,,,-1.0999999999999996,3.97,,3.784189633918261
UCDV1_01350,DataGouv_10.57745_L6EIIT_CastanedaLopez_2025,10.57745/L6EIIT,cement_lime,UCS,1590.0,,,53.0,B,cement_stabilized_soil_A_or_B,,,,,,,,,,10.0,1.95,9.1,1.94,2.43,0.0,,,,,,,,,,,,,,,,,,,,,,,,False,,,,,,,-0.9000000000000004,2.43,,3.9889840465642745
UCDV1_01351,DataGouv_10.57745_L6EIIT_CastanedaLopez_2025,10.57745/L6EIIT,cement_lime,UCS,1130.0,,,37.0,B,cement_stabilized_soil_A_or_B,,,,,,,,,,10.0,1.93,9.3,1.93,1.99,0.0,,,,,,,,,,,,,,,,,,,,,,,,False,,,,,,,-0.6999999999999993,1.99,,3.6375861597263857
UCDV1_01352,DataGouv_10.57745_L6EIIT_CastanedaLopez_2025,10.57745/L6EIIT,cement_lime,UCS,1540.0,,,48.0,B,cement_stabilized_soil_A_or_B,,,,,,,,,,10.0,1.92,9.3,1.91,2.66,0.0,,,,,,,,,,,,,,,,,,,,,,,,False,,,,,,,-0.6999999999999993,2.66,,3.8918202981106265
UCDV1_01353,DataGouv_10.57745_L6EIIT_CastanedaLopez_2025,10.57745/L6EIIT,cement_lime,UCS,1490.0,,,30.0,B,cement_stabilized_soil_A_or_B,,,,,,,,,,10.0,1.87,8.4,1.88,3.73,0.0,,,,,,,,,,,,,,,,,,,,,,,,False,,,,,,,-1.5999999999999996,3.73,,3.4339872044851463
UCDV1_01354,DataGouv_10.57745_L6EIIT_CastanedaLopez_2025,10.57745/L6EIIT,cement_lime,UCS,1360.0,,,24.0,B,cement_stabilized_soil_A_or_B,,,,,,,,,,10.0,1.94,9.2,1.93,3.09,0.0,,,,,,,,,,,,,,,,,,,,,,,,False,,,,,,,-0.8000000000000007,3.09,,3.2188758248682006
UCDV1_01355,DataGouv_10.57745_L6EIIT_CastanedaLopez_2025,10.57745/L6EIIT,cement_lime,UCS,1030.0,,,18.0,B,cement_stabilized_soil_A_or_B,,,,,,,,,,10.0,1.88,9.6,1.88,3.32,0.0,,,,,,,,,,,,,,,,,,,,,,,,False,,,,,,,-0.40000000000000036,3.32,,2.9444389791664403
UCDV1_01356,DataGouv_10.57745_L6EIIT_CastanedaLopez_2025,10.57745/L6EIIT,cement_lime,UCS,890.0,,,12.0,B,cement_stabilized_soil_A_or_B,,,,,,,,,,10.0,1.91,9.7,1.9,2.89,0.0,,,,,,,,,,,,,,,,,,,,,,,,False,,,,,,,-0.3000000000000007,2.89,,2.5649493574615367
UCDV1_01357,DataGouv_10.57745_L6EIIT_CastanedaLopez_2025,10.57745/L6EIIT,cement_lime,UCS,630.0,,,7.0,B,cement_stabilized_soil_A_or_B,,,,,,,,,,10.0,1.9,9.9,1.88,2.22,0.0,,,,,,,,,,,,,,,,,,,,,,,,False,,,,,,,-0.09999999999999964,2.22,,2.0794415416798357
UCDV1_01358,Zenodo_19242690_Biopolymer_UCS_CBR_2026,10.1016/j.conbuildmat.2024.137258,biopolymer_multi_additive,UCS,1820.0,,,7.0,,ML,"Serra Riccò – Genoa, Italy",26.9,57.5,15.6,,43.0,28.0,15.0,2.7,,1.94,,,0.0,,,,,,,,,0.0,,,,,,,,,,,,,,,,False,,,,,0.9615384615384616,,,0.0,0.0,2.0794415416798357
UCDV1_01359,Zenodo_19242690_Biopolymer_UCS_CBR_2026,10.1016/j.conbuildmat.2024.137258,biopolymer_multi_additive,UCS,2520.0,,,28.0,,ML,"Serra Riccò – Genoa, Italy",26.9,57.5,15.6,,43.0,28.0,15.0,2.7,,1.94,,,0.0,,,,,,,,,0.0,,,,,,,,,,,,,,,,False,,,,,0.9615384615384616,,,0.0,0.0,3.367295829986474
UCDV1_01360,Zenodo_19242690_Biopolymer_UCS_CBR_2026,10.1016/j.conbuildmat.2024.137258,biopolymer_multi_additive,UCS,2060.0,,,7.0,,ML,"Serra Riccò – Genoa, Italy",26.9,57.5,15.6,,43.0,28.0,15.0,2.7,,1.94,,,0.0,,,,,,,,,3.0,,,,,,,,,,,,,,,,False,,,,,0.9615384615384616,,,0.0,0.0,2.0794415416798357
UCDV1_01361,Zenodo_19242690_Biopolymer_UCS_CBR_2026,10.1016/j.conbuildmat.2024.137258,biopolymer_multi_additive,UCS,2630.0,,,28.0,,ML,"Serra Riccò – Genoa, Italy",26.9,57.5,15.6,,43.0,28.0,15.0,2.7,,1.94,,,0.0,,,,,,,,,3.0,,,,,,,,,,,,,,,,False,,,,,0.9615384615384616,,,0.0,0.0,3.367295829986474
UCDV1_01362,Zenodo_19242690_Biopolymer_UCS_CBR_2026,10.1016/j.conbuildmat.2024.137258,biopolymer_multi_additive,UCS,2120.0,,,7.0,,ML,"Serra Riccò – Genoa, Italy",26.9,57.5,15.6,,43.0,28.0,15.0,2.7,,1.94,,,0.0,,,,,,,,,2.0,,,,,,,,,,,,,,,,False,,,,,0.9615384615384616,,,0.0,0.0,2.0794415416798357
UCDV1_01363,Zenodo_19242690_Biopolymer_UCS_CBR_2026,10.1016/j.conbuildmat.2024.137258,biopolymer_multi_additive,UCS,3080.0,,,28.0,,ML,"Serra Riccò – Genoa, Italy",26.9,57.5,15.6,,43.0,28.0,15.0,2.7,,1.94,,,0.0,,,,,,,,,2.0,,,,,,,,,,,,,,,,False,,,,,0.9615384615384616,,,0.0,0.0,3.367295829986474
UCDV1_01364,Zenodo_19242690_Biopolymer_UCS_CBR_2026,10.1016/j.conbuildmat.2024.137258,biopolymer_multi_additive,UCS,2290.0,,,7.0,,ML,"Serra Riccò – Genoa, Italy",26.9,57.5,15.6,,43.0,28.0,15.0,2.7,,1.94,,,0.0,,,,,,,,,1.0,,,,,,,,,,,,,,,,False,,,,,0.9615384615384616,,,0.0,0.0,2.0794415416798357
UCDV1_01365,Zenodo_19242690_Biopolymer_UCS_CBR_2026,10.1016/j.conbuildmat.2024.137258,biopolymer_multi_additive,UCS,2940.0,,,28.0,,ML,"Serra Riccò – Genoa, Italy",26.9,57.5,15.6,,43.0,28.0,15.0,2.7,,1.94,,,0.0,,,,,,,,,1.0,,,,,,,,,,,,,,,,False,,,,,0.9615384615384616,,,0.0,0.0,3.367295829986474
UCDV1_01366,Zenodo_19242690_Biopolymer_UCS_CBR_2026,10.1016/j.conbuildmat.2024.137258,biopolymer_multi_additive,UCS,2690.0,,,7.0,,ML,"Serra Riccò – Genoa, Italy",26.9,57.5,15.6,,43.0,28.0,15.0,2.7,,1.94,,,0.0,,,,,,,,,0.0,,,,,,,,,,,,,,,,False,,,,,0.9615384615384616,,,0.0,0.0,2.0794415416798357
UCDV1_01367,Zenodo_19242690_Biopolymer_UCS_CBR_2026,10.1016/j.conbuildmat.2024.137258,biopolymer_multi_additive,UCS,3350.0,,,28.0,,ML,"Serra Riccò – Genoa, Italy",26.9,57.5,15.6,,43.0,28.0,15.0,2.7,,1.94,,,0.0,,,,,,,,,0.0,,,,,,,,,,,,,,,,False,,,,,0.9615384615384616,,,0.0,0.0,3.367295829986474
UCDV1_01368,Zenodo_19242690_Biopolymer_UCS_CBR_2026,10.1007/978-981-96-1373-1_21,biopolymer_multi_additive,UCS,83.15,,,0.0,,,"Hoj Village, Papum Pare District, Arunachal Pradesh, India",,,,,22.8,,,2.69,11.48,1.783,,,0.0,,,,,,,,,0.0,,,,,,,,,,,,,,,,False,,,,,,,,0.0,,0.0
UCDV1_01369,Zenodo_19242690_Biopolymer_UCS_CBR_2026,10.1007/978-981-96-1373-1_21,biopolymer_multi_additive,UCS,103.18,,,3.0,,,"Hoj Village, Papum Pare District, Arunachal Pradesh, India",,,,,22.8,,,2.69,11.48,1.783,,,0.0,,,,,,,,,0.0,,,,,,,,,,,,,,,,False,,,,,,,,0.0,,1.3862943611198906
UCDV1_01370,Zenodo_19242690_Biopolymer_UCS_CBR_2026,10.1007/978-981-96-1373-1_21,biopolymer_multi_additive,UCS,118.083,,,7.0,,,"Hoj Village, Papum Pare District, Arunachal Pradesh, India",,,,,22.8,,,2.69,11.48,1.783,,,0.0,,,,,,,,,0.0,,,,,,,,,,,,,,,,False,,,,,,,,0.0,,2.0794415416798357
UCDV1_01371,Zenodo_19242690_Biopolymer_UCS_CBR_2026,10.1007/978-981-96-1373-1_21,biopolymer_multi_additive,UCS,158.517,,,28.0,,,"Hoj Village, Papum Pare District, Arunachal Pradesh, India",,,,,22.8,,,2.69,11.48,1.783,,,0.0,,,,,,,,,0.0,,,,,,,,,,,,,,,,False,,,,,,,,0.0,,3.367295829986474
UCDV1_01372,Zenodo_19242690_Biopolymer_UCS_CBR_2026,10.1007/978-981-96-1373-1_21,biopolymer_multi_additive,UCS,95.2,,,0.0,,,"Hoj Village, Papum Pare District, Arunachal Pradesh, India",,,,,22.8,,,2.69,12.69,1.718,,,0.0,,,,,,,,,0.5,,,,,,,,,,,,,,,,False,,,,,,,,0.0,,0.0
UCDV1_01373,Zenodo_19242690_Biopolymer_UCS_CBR_2026,10.1007/978-981-96-1373-1_21,biopolymer_multi_additive,UCS,142.012,,,3.0,,,"Hoj Village, Papum Pare District, Arunachal Pradesh, India",,,,,22.8,,,2.69,12.69,1.718,,,0.0,,,,,,,,,0.5,,,,,,,,,,,,,,,,False,,,,,,,,0.0,,1.3862943611198906
UCDV1_01374,Zenodo_19242690_Biopolymer_UCS_CBR_2026,10.1007/978-981-96-1373-1_21,biopolymer_multi_additive,UCS,195.2,,,7.0,,,"Hoj Village, Papum Pare District, Arunachal Pradesh, India",,,,,22.8,,,2.69,12.69,1.718,,,0.0,,,,,,,,,0.5,,,,,,,,,,,,,,,,False,,,,,,,,0.0,,2.0794415416798357
UCDV1_01375,Zenodo_19242690_Biopolymer_UCS_CBR_2026,10.1007/978-981-96-1373-1_21,biopolymer_multi_additive,UCS,246.279,,,28.0,,,"Hoj Village, Papum Pare District, Arunachal Pradesh, India",,,,,22.8,,,2.69,12.69,1.718,,,0.0,,,,,,,,,0.5,,,,,,,,,,,,,,,,False,,,,,,,,0.0,,3.367295829986474
UCDV1_01376,Zenodo_19242690_Biopolymer_UCS_CBR_2026,10.1007/978-981-96-1373-1_21,biopolymer_multi_additive,UCS,130.84,,,0.0,,,"Hoj Village, Papum Pare District, Arunachal Pradesh, India",,,,,22.8,,,2.69,13.18,1.698,,,0.0,,,,,,,,,1.0,,,,,,,,,,,,,,,,False,,,,,,,,0.0,,0.0
UCDV1_01377,Zenodo_19242690_Biopolymer_UCS_CBR_2026,10.1007/978-981-96-1373-1_21,biopolymer_multi_additive,UCS,161.68,,,3.0,,,"Hoj Village, Papum Pare District, Arunachal Pradesh, India",,,,,22.8,,,2.69,13.18,1.698,,,0.0,,,,,,,,,1.0,,,,,,,,,,,,,,,,False,,,,,,,,0.0,,1.3862943611198906
UCDV1_01378,Zenodo_19242690_Biopolymer_UCS_CBR_2026,10.1007/978-981-96-1373-1_21,biopolymer_multi_additive,UCS,222.34,,,7.0,,,"Hoj Village, Papum Pare District, Arunachal Pradesh, India",,,,,22.8,,,2.69,13.18,1.698,,,0.0,,,,,,,,,1.0,,,,,,,,,,,,,,,,False,,,,,,,,0.0,,2.0794415416798357
UCDV1_01379,Zenodo_19242690_Biopolymer_UCS_CBR_2026,10.1007/978-981-96-1373-1_21,biopolymer_multi_additive,UCS,264.898,,,28.0,,,"Hoj Village, Papum Pare District, Arunachal Pradesh, India",,,,,22.8,,,2.69,13.18,1.698,,,0.0,,,,,,,,,1.0,,,,,,,,,,,,,,,,False,,,,,,,,0.0,,3.367295829986474
UCDV1_01380,Zenodo_19242690_Biopolymer_UCS_CBR_2026,10.1007/978-981-96-1373-1_21,biopolymer_multi_additive,UCS,137.77,,,0.0,,,"Hoj Village, Papum Pare District, Arunachal Pradesh, India",,,,,22.8,,,2.69,14.52,1.64,,,0.0,,,,,,,,,1.5,,,,,,,,,,,,,,,,False,,,,,,,,0.0,,0.0
UCDV1_01381,Zenodo_19242690_Biopolymer_UCS_CBR_2026,10.1007/978-981-96-1373-1_21,biopolymer_multi_additive,UCS,167.55,,,3.0,,,"Hoj Village, Papum Pare District, Arunachal Pradesh, India",,,,,22.8,,,2.69,14.52,1.64,,,0.0,,,,,,,,,1.5,,,,,,,,,,,,,,,,False,,,,,,,,0.0,,1.3862943611198906
UCDV1_01382,Zenodo_19242690_Biopolymer_UCS_CBR_2026,10.1007/978-981-96-1373-1_21,biopolymer_multi_additive,UCS,226.04,,,7.0,,,"Hoj Village, Papum Pare District, Arunachal Pradesh, India",,,,,22.8,,,2.69,14.52,1.64,,,0.0,,,,,,,,,1.5,,,,,,,,,,,,,,,,False,,,,,,,,0.0,,2.0794415416798357
UCDV1_01383,Zenodo_19242690_Biopolymer_UCS_CBR_2026,10.1007/978-981-96-1373-1_21,biopolymer_multi_additive,UCS,311.1681,,,28.0,,,"Hoj Village, Papum Pare District, Arunachal Pradesh, India",,,,,22.8,,,2.69,14.52,1.64,,,0.0,,,,,,,,,1.5,,,,,,,,,,,,,,,,False,,,,,,,,0.0,,3.367295829986474
UCDV1_01384,Zenodo_19242690_Biopolymer_UCS_CBR_2026,10.1007/978-981-96-1373-1_21,biopolymer_multi_additive,UCS,161.7,,,0.0,,,"Hoj Village, Papum Pare District, Arunachal Pradesh, India",,,,,22.8,,,2.69,15.4,1.586,,,0.0,,,,,,,,,2.0,,,,,,,,,,,,,,,,False,,,,,,,,0.0,,0.0
UCDV1_01385,Zenodo_19242690_Biopolymer_UCS_CBR_2026,10.1007/978-981-96-1373-1_21,biopolymer_multi_additive,UCS,205.309,,,3.0,,,"Hoj Village, Papum Pare District, Arunachal Pradesh, India",,,,,22.8,,,2.69,15.4,1.586,,,0.0,,,,,,,,,2.0,,,,,,,,,,,,,,,,False,,,,,,,,0.0,,1.3862943611198906
UCDV1_01386,Zenodo_19242690_Biopolymer_UCS_CBR_2026,10.1007/978-981-96-1373-1_21,biopolymer_multi_additive,UCS,247.87,,,7.0,,,"Hoj Village, Papum Pare District, Arunachal Pradesh, India",,,,,22.8,,,2.69,15.4,1.586,,,0.0,,,,,,,,,2.0,,,,,,,,,,,,,,,,False,,,,,,,,0.0,,2.0794415416798357
UCDV1_01387,Zenodo_19242690_Biopolymer_UCS_CBR_2026,10.1007/978-981-96-1373-1_21,biopolymer_multi_additive,UCS,354.26,,,28.0,,,"Hoj Village, Papum Pare District, Arunachal Pradesh, India",,,,,22.8,,,2.69,15.4,1.586,,,0.0,,,,,,,,,2.0,,,,,,,,,,,,,,,,False,,,,,,,,0.0,,3.367295829986474
UCDV1_01388,Zenodo_19242690_Biopolymer_UCS_CBR_2026,10.1007/978-981-96-1373-1_21,biopolymer_multi_additive,UCS,150.52,,,0.0,,,"Hoj Village, Papum Pare District, Arunachal Pradesh, India",,,,,22.8,,,2.69,14.76,1.613,,,0.0,,,,,,,,,2.5,,,,,,,,,,,,,,,,False,,,,,,,,0.0,,0.0
UCDV1_01389,Zenodo_19242690_Biopolymer_UCS_CBR_2026,10.1007/978-981-96-1373-1_21,biopolymer_multi_additive,UCS,172.86,,,3.0,,,"Hoj Village, Papum Pare District, Arunachal Pradesh, India",,,,,22.8,,,2.69,14.76,1.613,,,0.0,,,,,,,,,2.5,,,,,,,,,,,,,,,,False,,,,,,,,0.0,,1.3862943611198906
UCDV1_01390,Zenodo_19242690_Biopolymer_UCS_CBR_2026,10.1007/978-981-96-1373-1_21,biopolymer_multi_additive,UCS,220.742,,,7.0,,,"Hoj Village, Papum Pare District, Arunachal Pradesh, India",,,,,22.8,,,2.69,14.76,1.613,,,0.0,,,,,,,,,2.5,,,,,,,,,,,,,,,,False,,,,,,,,0.0,,2.0794415416798357
UCDV1_01391,Zenodo_19242690_Biopolymer_UCS_CBR_2026,10.1007/978-981-96-1373-1_21,biopolymer_multi_additive,UCS,320.753,,,28.0,,,"Hoj Village, Papum Pare District, Arunachal Pradesh, India",,,,,22.8,,,2.69,14.76,1.613,,,0.0,,,,,,,,,2.5,,,,,,,,,,,,,,,,False,,,,,,,,0.0,,3.367295829986474
UCDV1_01392,Zenodo_19242690_Biopolymer_UCS_CBR_2026,10.1007/s40891-025-00640-z,biopolymer_multi_additive,UCS,302.3,,,28.0,,CH,Bentonite + Kaolin (B:K=25:75),1.0,46.0,53.0,,94.5,35.0,59.5,2.73,,1.57,,,0.0,,,,,,,,,0.0,,,,,,,,,,,,,,,,False,,,,,1.1226415094339623,,,0.0,0.0,3.367295829986474
UCDV1_01393,Zenodo_19242690_Biopolymer_UCS_CBR_2026,10.1007/s40891-025-00640-z,biopolymer_multi_additive,UCS,353.6,,,28.0,,CH,Bentonite + Kaolin (B:K=25:75),1.0,46.0,53.0,,94.5,35.0,59.5,2.73,,1.57,,,0.0,,,,,,,,,0.25,,,,,,,,,,,,,,,,False,,,,,1.1226415094339623,,,0.0,0.0,3.367295829986474
UCDV1_01394,Zenodo_19242690_Biopolymer_UCS_CBR_2026,10.1007/s40891-025-00640-z,biopolymer_multi_additive,UCS,395.2,,,28.0,,CH,Bentonite + Kaolin (B:K=25:75),1.0,46.0,53.0,,94.5,35.0,59.5,2.73,,1.57,,,0.0,,,,,,,,,0.5,,,,,,,,,,,,,,,,False,,,,,1.1226415094339623,,,0.0,0.0,3.367295829986474
UCDV1_01395,Zenodo_19242690_Biopolymer_UCS_CBR_2026,10.1007/s40891-025-00640-z,biopolymer_multi_additive,UCS,451.2,,,28.0,,CH,Bentonite + Kaolin (B:K=25:75),1.0,46.0,53.0,,94.5,35.0,59.5,2.73,,1.57,,,0.0,,,,,,,,,1.0,,,,,,,,,,,,,,,,False,,,,,1.1226415094339623,,,0.0,0.0,3.367295829986474
UCDV1_01396,Zenodo_19242690_Biopolymer_UCS_CBR_2026,10.1007/s40891-025-00640-z,biopolymer_multi_additive,UCS,534.307,,,28.0,,CH,Bentonite + Kaolin (B:K=25:75),1.0,46.0,53.0,,94.5,35.0,59.5,2.73,,1.57,,,0.0,,,,,,,,,1.5,,,,,,,,,,,,,,,,False,,,,,1.1226415094339623,,,0.0,0.0,3.367295829986474
UCDV1_01397,Zenodo_19242690_Biopolymer_UCS_CBR_2026,10.1007/s40891-025-00640-z,biopolymer_multi_additive,UCS,637.594,,,365.0,,CH,Bentonite + Kaolin (B:K=25:75),1.0,46.0,53.0,,94.5,35.0,59.5,2.73,,1.57,,,0.0,,,,,,,,,1.5,,,,,,,,,,,,,,,,False,,,,,1.1226415094339623,,,0.0,0.0,5.902633333401366
UCDV1_01398,Zenodo_19242690_Biopolymer_UCS_CBR_2026,10.1007/s40891-025-00640-z,biopolymer_multi_additive,UCS,378.4,,,28.0,,CH,Bentonite + Kaolin (B:K=25:75),1.0,46.0,53.0,,94.5,35.0,59.5,2.73,,1.57,,,0.0,,,,,,,,,2.0,,,,,,,,,,,,,,,,False,,,,,1.1226415094339623,,,0.0,0.0,3.367295829986474
UCDV1_01399,Zenodo_19242690_Biopolymer_UCS_CBR_2026,10.1007/s40891-025-00640-z,biopolymer_multi_additive,UCS,669.59,,,28.0,,CH,Bentonite + Kaolin (B:K=25:75),1.0,46.0,53.0,,94.5,35.0,59.5,2.73,,1.57,,,0.0,,,,,,,,,0.0,,,,,,,,,,,,,,,,False,,,,,1.1226415094339623,,,0.0,0.0,3.367295829986474
UCDV1_01400,Zenodo_19242690_Biopolymer_UCS_CBR_2026,10.1007/s40891-025-00640-z,biopolymer_multi_additive,UCS,479.336,,,28.0,,CH,Bentonite + Kaolin (B:K=25:75),1.0,46.0,53.0,,94.5,35.0,59.5,2.73,,1.57,,,0.0,,,,,,,,,0.25,,,,,,,,,,,,,,,,False,,,,,1.1226415094339623,,,0.0,0.0,3.367295829986474
UCDV1_01401,Zenodo_19242690_Biopolymer_UCS_CBR_2026,10.1007/s40891-025-00640-z,biopolymer_multi_additive,UCS,507.336,,,28.0,,CH,Bentonite + Kaolin (B:K=25:75),1.0,46.0,53.0,,94.5,35.0,59.5,2.73,,1.57,,,0.0,,,,,,,,,0.5,,,,,,,,,,,,,,,,False,,,,,1.1226415094339623,,,0.0,0.0,3.367295829986474
UCDV1_01402,Zenodo_19242690_Biopolymer_UCS_CBR_2026,10.1007/s40891-025-00640-z,biopolymer_multi_additive,UCS,582.676,,,28.0,,CH,Bentonite + Kaolin (B:K=25:75),1.0,46.0,53.0,,94.5,35.0,59.5,2.73,,1.57,,,0.0,,,,,,,,,1.0,,,,,,,,,,,,,,,,False,,,,,1.1226415094339623,,,0.0,0.0,3.367295829986474
UCDV1_01403,Zenodo_19242690_Biopolymer_UCS_CBR_2026,10.1007/s40891-025-00640-z,biopolymer_multi_additive,UCS,917.037,,,28.0,,CH,Bentonite + Kaolin (B:K=25:75),1.0,46.0,53.0,,94.5,35.0,59.5,2.73,,1.57,,,0.0,,,,,,,,,1.5,,,,,,,,,,,,,,,,False,,,,,1.1226415094339623,,,0.0,0.0,3.367295829986474
UCDV1_01404,Zenodo_19242690_Biopolymer_UCS_CBR_2026,10.1007/s40891-025-00640-z,biopolymer_multi_additive,UCS,1084.381,,,365.0,,CH,Bentonite + Kaolin (B:K=25:75),1.0,46.0,53.0,,94.5,35.0,59.5,2.73,,1.57,,,0.0,,,,,,,,,1.5,,,,,,,,,,,,,,,,False,,,,,1.1226415094339623,,,0.0,0.0,5.902633333401366
UCDV1_01405,Zenodo_19242690_Biopolymer_UCS_CBR_2026,10.1007/s40891-025-00640-z,biopolymer_multi_additive,UCS,474.476,,,28.0,,CH,Bentonite + Kaolin (B:K=25:75),1.0,46.0,53.0,,94.5,35.0,59.5,2.73,,1.57,,,0.0,,,,,,,,,2.0,,,,,,,,,,,,,,,,False,,,,,1.1226415094339623,,,0.0,0.0,3.367295829986474
UCDV1_01406,Zenodo_19242690_Biopolymer_UCS_CBR_2026,10.1007/s40891-025-00640-z,biopolymer_multi_additive,UCS,825.038,,,28.0,,CH,Bentonite + Kaolin (B:K=25:75),1.0,46.0,53.0,,94.5,35.0,59.5,2.73,,1.57,,,0.0,,,,,,,,,0.0,,,,,,,,,,,,,,,,False,,,,,1.1226415094339623,,,0.0,0.0,3.367295829986474
UCDV1_01407,Zenodo_19242690_Biopolymer_UCS_CBR_2026,10.1007/s40891-025-00640-z,biopolymer_multi_additive,UCS,737.867,,,28.0,,CH,Bentonite + Kaolin (B:K=25:75),1.0,46.0,53.0,,94.5,35.0,59.5,2.73,,1.57,,,0.0,,,,,,,,,0.25,,,,,,,,,,,,,,,,False,,,,,1.1226415094339623,,,0.0,0.0,3.367295829986474
UCDV1_01408,Zenodo_19242690_Biopolymer_UCS_CBR_2026,10.1007/s40891-025-00640-z,biopolymer_multi_additive,UCS,761.978,,,28.0,,CH,Bentonite + Kaolin (B:K=25:75),1.0,46.0,53.0,,94.5,35.0,59.5,2.73,,1.57,,,0.0,,,,,,,,,0.5,,,,,,,,,,,,,,,,False,,,,,1.1226415094339623,,,0.0,0.0,3.367295829986474
UCDV1_01409,Zenodo_19242690_Biopolymer_UCS_CBR_2026,10.1007/s40891-025-00640-z,biopolymer_multi_additive,UCS,884.389,,,28.0,,CH,Bentonite + Kaolin (B:K=25:75),1.0,46.0,53.0,,94.5,35.0,59.5,2.73,,1.57,,,0.0,,,,,,,,,1.0,,,,,,,,,,,,,,,,False,,,,,1.1226415094339623,,,0.0,0.0,3.367295829986474
UCDV1_01410,Zenodo_19242690_Biopolymer_UCS_CBR_2026,10.1007/s40891-025-00640-z,biopolymer_multi_additive,UCS,1192.272,,,28.0,,CH,Bentonite + Kaolin (B:K=25:75),1.0,46.0,53.0,,94.5,35.0,59.5,2.73,,1.57,,,0.0,,,,,,,,,1.5,,,,,,,,,,,,,,,,False,,,,,1.1226415094339623,,,0.0,0.0,3.367295829986474
UCDV1_01411,Zenodo_19242690_Biopolymer_UCS_CBR_2026,10.1007/s40891-025-00640-z,biopolymer_multi_additive,UCS,1458.409,,,365.0,,CH,Bentonite + Kaolin (B:K=25:75),1.0,46.0,53.0,,94.5,35.0,59.5,2.73,,1.57,,,0.0,,,,,,,,,1.5,,,,,,,,,,,,,,,,False,,,,,1.1226415094339623,,,0.0,0.0,5.902633333401366
UCDV1_01412,Zenodo_19242690_Biopolymer_UCS_CBR_2026,10.1007/s40891-025-00640-z,biopolymer_multi_additive,UCS,789.799,,,28.0,,CH,Bentonite + Kaolin (B:K=25:75),1.0,46.0,53.0,,94.5,35.0,59.5,2.73,,1.57,,,0.0,,,,,,,,,2.0,,,,,,,,,,,,,,,,False,,,,,1.1226415094339623,,,0.0,0.0,3.367295829986474
UCDV1_01413,Zenodo_19242690_Biopolymer_UCS_CBR_2026,10.1007/s40891-025-00640-z,biopolymer_multi_additive,UCS,1099.99,,,28.0,,CH,Bentonite + Kaolin (B:K=25:75),1.0,46.0,53.0,,94.5,35.0,59.5,2.73,,1.57,,,0.0,,,,,,,,,0.0,,,,,,,,,,,,,,,,False,,,,,1.1226415094339623,,,0.0,0.0,3.367295829986474
UCDV1_01414,Zenodo_19242690_Biopolymer_UCS_CBR_2026,10.1007/s40891-025-00640-z,biopolymer_multi_additive,UCS,888.905,,,28.0,,CH,Bentonite + Kaolin (B:K=25:75),1.0,46.0,53.0,,94.5,35.0,59.5,2.73,,1.57,,,0.0,,,,,,,,,0.25,,,,,,,,,,,,,,,,False,,,,,1.1226415094339623,,,0.0,0.0,3.367295829986474
UCDV1_01415,Zenodo_19242690_Biopolymer_UCS_CBR_2026,10.1007/s40891-025-00640-z,biopolymer_multi_additive,UCS,952.749,,,28.0,,CH,Bentonite + Kaolin (B:K=25:75),1.0,46.0,53.0,,94.5,35.0,59.5,2.73,,1.57,,,0.0,,,,,,,,,0.5,,,,,,,,,,,,,,,,False,,,,,1.1226415094339623,,,0.0,0.0,3.367295829986474
UCDV1_01416,Zenodo_19242690_Biopolymer_UCS_CBR_2026,10.1007/s40891-025-00640-z,biopolymer_multi_additive,UCS,1217.945,,,28.0,,CH,Bentonite + Kaolin (B:K=25:75),1.0,46.0,53.0,,94.5,35.0,59.5,2.73,,1.57,,,0.0,,,,,,,,,1.0,,,,,,,,,,,,,,,,False,,,,,1.1226415094339623,,,0.0,0.0,3.367295829986474
UCDV1_01417,Zenodo_19242690_Biopolymer_UCS_CBR_2026,10.1007/s40891-025-00640-z,biopolymer_multi_additive,UCS,1384.696,,,28.0,,CH,Bentonite + Kaolin (B:K=25:75),1.0,46.0,53.0,,94.5,35.0,59.5,2.73,,1.57,,,0.0,,,,,,,,,1.5,,,,,,,,,,,,,,,,False,,,,,1.1226415094339623,,,0.0,0.0,3.367295829986474
UCDV1_01418,Zenodo_19242690_Biopolymer_UCS_CBR_2026,10.1007/s40891-025-00640-z,biopolymer_multi_additive,UCS,1771.389,,,365.0,,CH,Bentonite + Kaolin (B:K=25:75),1.0,46.0,53.0,,94.5,35.0,59.5,2.73,,1.57,,,0.0,,,,,,,,,1.5,,,,,,,,,,,,,,,,False,,,,,1.1226415094339623,,,0.0,0.0,5.902633333401366
UCDV1_01419,Zenodo_19242690_Biopolymer_UCS_CBR_2026,10.1007/s40891-025-00640-z,biopolymer_multi_additive,UCS,1054.19,,,28.0,,CH,Bentonite + Kaolin (B:K=25:75),1.0,46.0,53.0,,94.5,35.0,59.5,2.73,,1.57,,,0.0,,,,,,,,,2.0,,,,,,,,,,,,,,,,False,,,,,1.1226415094339623,,,0.0,0.0,3.367295829986474
UCDV1_01420,Zenodo_19242690_Biopolymer_UCS_CBR_2026,10.1007/s12517-022-09552-y,biopolymer_multi_additive,UCS,76.0,,,0.0,,CL,"Hilltop area, Nsukka, Nigeria ",26.0,,,,36.5,10.7,25.8,2.65,,1.73,,,0.0,,,,,,,,,0.0,,,,,,,,,,,,,,,,False,,,,,,,,0.0,,0.0
UCDV1_01421,Zenodo_19242690_Biopolymer_UCS_CBR_2026,10.1007/s12517-022-09552-y,biopolymer_multi_additive,UCS,277.839,,,0.0,,CL,"Hilltop area, Nsukka, Nigeria ",26.0,,,,36.5,10.7,25.8,2.65,,1.73,,,0.0,,,,,,,,,0.0,,,,,,,,,,,,,,,,False,,,,,,,,0.0,,0.0
UCDV1_01422,Zenodo_19242690_Biopolymer_UCS_CBR_2026,10.1007/s12517-022-09552-y,biopolymer_multi_additive,UCS,318.293,,,7.0,,CL,"Hilltop area, Nsukka, Nigeria ",26.0,,,,36.5,10.7,25.8,2.65,,1.73,,,0.0,,,,,,,,,0.0,,,,,,,,,,,,,,,,False,,,,,,,,0.0,,2.0794415416798357
UCDV1_01423,Zenodo_19242690_Biopolymer_UCS_CBR_2026,10.1007/s12517-022-09552-y,biopolymer_multi_additive,UCS,453.181,,,14.0,,CL,"Hilltop area, Nsukka, Nigeria ",26.0,,,,36.5,10.7,25.8,2.65,,1.73,,,0.0,,,,,,,,,0.0,,,,,,,,,,,,,,,,False,,,,,,,,0.0,,2.70805020110221
UCDV1_01424,Zenodo_19242690_Biopolymer_UCS_CBR_2026,10.1007/s12517-022-09552-y,biopolymer_multi_additive,UCS,254.9,,,0.0,,CL,"Hilltop area, Nsukka, Nigeria ",26.0,,,,36.5,10.7,25.8,2.65,,1.73,,,0.0,,,,,,,,,0.1,,,,,,,,,,,,,,,,False,,,,,,,,0.0,,0.0
UCDV1_01425,Zenodo_19242690_Biopolymer_UCS_CBR_2026,10.1007/s12517-022-09552-y,biopolymer_multi_additive,UCS,337.183,,,7.0,,CL,"Hilltop area, Nsukka, Nigeria ",26.0,,,,36.5,10.7,25.8,2.65,,1.73,,,0.0,,,,,,,,,0.1,,,,,,,,,,,,,,,,False,,,,,,,,0.0,,2.0794415416798357
UCDV1_01426,Zenodo_19242690_Biopolymer_UCS_CBR_2026,10.1007/s12517-022-09552-y,biopolymer_multi_additive,UCS,446.42,,,14.0,,CL,"Hilltop area, Nsukka, Nigeria ",26.0,,,,36.5,10.7,25.8,2.65,,1.73,,,0.0,,,,,,,,,0.1,,,,,,,,,,,,,,,,False,,,,,,,,0.0,,2.70805020110221
UCDV1_01427,Zenodo_19242690_Biopolymer_UCS_CBR_2026,10.1007/s12517-022-09552-y,biopolymer_multi_additive,UCS,292.647,,,0.0,,CL,"Hilltop area, Nsukka, Nigeria ",26.0,,,,36.5,10.7,25.8,2.65,,1.73,,,0.0,,,,,,,,,0.2,,,,,,,,,,,,,,,,False,,,,,,,,0.0,,0.0
UCDV1_01428,Zenodo_19242690_Biopolymer_UCS_CBR_2026,10.1007/s12517-022-09552-y,biopolymer_multi_additive,UCS,373.577,,,7.0,,CL,"Hilltop area, Nsukka, Nigeria ",26.0,,,,36.5,10.7,25.8,2.65,,1.73,,,0.0,,,,,,,,,0.2,,,,,,,,,,,,,,,,False,,,,,,,,0.0,,2.0794415416798357
UCDV1_01429,Zenodo_19242690_Biopolymer_UCS_CBR_2026,10.1007/s12517-022-09552-y,biopolymer_multi_additive,UCS,513.856,,,14.0,,CL,"Hilltop area, Nsukka, Nigeria ",26.0,,,,36.5,10.7,25.8,2.65,,1.73,,,0.0,,,,,,,,,0.2,,,,,,,,,,,,,,,,False,,,,,,,,0.0,,2.70805020110221
UCDV1_01430,Zenodo_19242690_Biopolymer_UCS_CBR_2026,10.1007/s12517-022-09552-y,biopolymer_multi_additive,UCS,530.638,,,0.0,,CL,"Hilltop area, Nsukka, Nigeria ",26.0,,,,36.5,10.7,25.8,2.65,,1.73,,,0.0,,,,,,,,,0.3,,,,,,,,,,,,,,,,False,,,,,,,,0.0,,0.0
UCDV1_01431,Zenodo_19242690_Biopolymer_UCS_CBR_2026,10.1007/s12517-022-09552-y,biopolymer_multi_additive,UCS,401.891,,,7.0,,CL,"Hilltop area, Nsukka, Nigeria ",26.0,,,,36.5,10.7,25.8,2.65,,1.73,,,0.0,,,,,,,,,0.3,,,,,,,,,,,,,,,,False,,,,,,,,0.0,,2.0794415416798357
UCDV1_01432,Zenodo_19242690_Biopolymer_UCS_CBR_2026,10.1007/s12517-022-09552-y,biopolymer_multi_additive,UCS,617.684,,,14.0,,CL,"Hilltop area, Nsukka, Nigeria ",26.0,,,,36.5,10.7,25.8,2.65,,1.73,,,0.0,,,,,,,,,0.3,,,,,,,,,,,,,,,,False,,,,,,,,0.0,,2.70805020110221
UCDV1_01433,Zenodo_19242690_Biopolymer_UCS_CBR_2026,10.1061/(ASCE)MT.1943-5533.0002705,biopolymer_multi_additive,UCS,199.187,,,0.0,,,The Georgia kaolinite (KA) -USA,,,,,,,,2.6,,,,,0.0,,,,,,,,,0.0,,,,,,,,,,,,,,,,False,,,,,,,,0.0,,0.0
UCDV1_01434,Zenodo_19242690_Biopolymer_UCS_CBR_2026,10.1061/(ASCE)MT.1943-5533.0002705,biopolymer_multi_additive,UCS,218.734,,,0.0,,,The Georgia kaolinite (KA) -USA,,,,,,,,2.6,,,,,0.0,,,,,,,,,0.1,,,,,,,,,,,,,,,,False,,,,,,,,0.0,,0.0
UCDV1_01435,Zenodo_19242690_Biopolymer_UCS_CBR_2026,10.1061/(ASCE)MT.1943-5533.0002705,biopolymer_multi_additive,UCS,209.926,,,0.0,,,The Georgia kaolinite (KA) -USA,,,,,,,,2.6,,,,,0.0,,,,,,,,,0.5,,,,,,,,,,,,,,,,False,,,,,,,,0.0,,0.0
UCDV1_01436,Zenodo_19242690_Biopolymer_UCS_CBR_2026,10.1061/(ASCE)MT.1943-5533.0002705,biopolymer_multi_additive,UCS,180.826,,,0.0,,,The Georgia kaolinite (KA) -USA,,,,,,,,2.6,,,,,0.0,,,,,,,,,1.0,,,,,,,,,,,,,,,,False,,,,,,,,0.0,,0.0
UCDV1_01437,Zenodo_19242690_Biopolymer_UCS_CBR_2026,10.1061/(ASCE)MT.1943-5533.0002705,biopolymer_multi_additive,UCS,139.837,,,0.0,,,The Georgia kaolinite (KA) -USA,,,,,,,,2.6,,,,,0.0,,,,,,,,,0.0,,,,,,,,,,,,,,,,False,,,,,,,,0.0,,0.0
UCDV1_01438,Zenodo_19242690_Biopolymer_UCS_CBR_2026,10.1061/(ASCE)MT.1943-5533.0002705,biopolymer_multi_additive,UCS,169.546,,,0.0,,,The Georgia kaolinite (KA) -USA,,,,,,,,2.6,,,,,0.0,,,,,,,,,0.1,,,,,,,,,,,,,,,,False,,,,,,,,0.0,,0.0
UCDV1_01439,Zenodo_19242690_Biopolymer_UCS_CBR_2026,10.1061/(ASCE)MT.1943-5533.0002705,biopolymer_multi_additive,UCS,149.763,,,0.0,,,The Georgia kaolinite (KA) -USA,,,,,,,,2.6,,,,,0.0,,,,,,,,,0.5,,,,,,,,,,,,,,,,False,,,,,,,,0.0,,0.0
UCDV1_01440,Zenodo_19242690_Biopolymer_UCS_CBR_2026,10.1061/(ASCE)MT.1943-5533.0002705,biopolymer_multi_additive,UCS,119.851,,,0.0,,,The Georgia kaolinite (KA) -USA,,,,,,,,2.6,,,,,0.0,,,,,,,,,1.0,,,,,,,,,,,,,,,,False,,,,,,,,0.0,,0.0
UCDV1_01441,Zenodo_19242690_Biopolymer_UCS_CBR_2026,10.3390/app14177532,biopolymer_multi_additive,UCS,129.44778,,,7.0,,CL,"The center of Afyonkarahisar, Turkey",,,,,48.6,23.0,,2.62,24.1,1.47,,,0.0,,,,,,,,,0.0,,,,,,,,,,,,,,,,False,,,,,,,,0.0,,2.0794415416798357
UCDV1_01442,Zenodo_19242690_Biopolymer_UCS_CBR_2026,10.3390/app14177532,biopolymer_multi_additive,UCS,151.02241,,,28.0,,CL,"The center of Afyonkarahisar, Turkey",,,,,48.6,23.0,,2.62,24.1,1.47,,,0.0,,,,,,,,,0.0,,,,,,,,,,,,,,,,False,,,,,,,,0.0,,3.367295829986474
UCDV1_01443,Zenodo_19242690_Biopolymer_UCS_CBR_2026,10.3390/app14177532,biopolymer_multi_additive,UCS,339.31009,,,7.0,,CL,"The center of Afyonkarahisar, Turkey",,,,,48.6,23.0,,2.62,22.3,1.57,,,0.0,,,,,,,,,5.0,,,,,,,,,,,,,,,,False,,,,,,,,0.0,,2.0794415416798357
UCDV1_01444,Zenodo_19242690_Biopolymer_UCS_CBR_2026,10.3390/app14177532,biopolymer_multi_additive,UCS,377.556025,,,28.0,,CL,"The center of Afyonkarahisar, Turkey",,,,,48.6,23.0,,2.62,22.3,1.57,,,0.0,,,,,,,,,5.0,,,,,,,,,,,,,,,,False,,,,,,,,0.0,,3.367295829986474
UCDV1_01445,Zenodo_19242690_Biopolymer_UCS_CBR_2026,10.3390/app14177532,biopolymer_multi_additive,UCS,238.301595,,,7.0,,CL,"The center of Afyonkarahisar, Turkey",,,,,48.6,23.0,,2.62,19.6,1.59,,,0.0,,,,,,,,,10.0,,,,,,,,,,,,,,,,False,,,,,,,,0.0,,2.0794415416798357
UCDV1_01446,Zenodo_19242690_Biopolymer_UCS_CBR_2026,10.3390/app14177532,biopolymer_multi_additive,UCS,289.296175,,,28.0,,CL,"The center of Afyonkarahisar, Turkey",,,,,48.6,23.0,,2.62,19.6,1.59,,,0.0,,,,,,,,,10.0,,,,,,,,,,,,,,,,False,,,,,,,,0.0,,3.367295829986474
UCDV1_01447,Zenodo_19242690_Biopolymer_UCS_CBR_2026,10.3390/app14177532,biopolymer_multi_additive,UCS,193.191005,,,7.0,,CL,"The center of Afyonkarahisar, Turkey",,,,,48.6,23.0,,2.62,16.1,1.63,,,0.0,,,,,,,,,15.0,,,,,,,,,,,,,,,,False,,,,,,,,0.0,,2.0794415416798357
UCDV1_01448,Zenodo_19242690_Biopolymer_UCS_CBR_2026,10.3390/app14177532,biopolymer_multi_additive,UCS,208.881645,,,28.0,,CL,"The center of Afyonkarahisar, Turkey",,,,,48.6,23.0,,2.62,16.1,1.63,,,0.0,,,,,,,,,15.0,,,,,,,,,,,,,,,,False,,,,,,,,0.0,,3.367295829986474
UCDV1_01449,Zenodo_19242690_Biopolymer_UCS_CBR_2026,10.3390/buildings15010038,biopolymer_multi_additive,UCS,560.0,,,7.0,,Silty Clay," Lianyungang City, Jiangsu Province, China",,,,,41.18,19.86,21.32,2.7,20.63,1.59,,,0.0,,,,,,,,,0.0,,,,,,,,,,,,,,,,False,,,,,,,,0.0,,2.0794415416798357
UCDV1_01450,Zenodo_19242690_Biopolymer_UCS_CBR_2026,10.3390/buildings15010038,biopolymer_multi_additive,UCS,640.0,,,14.0,,Silty Clay," Lianyungang City, Jiangsu Province, China",,,,,41.18,19.86,21.32,2.7,20.63,1.59,,,0.0,,,,,,,,,0.0,,,,,,,,,,,,,,,,False,,,,,,,,0.0,,2.70805020110221
UCDV1_01451,Zenodo_19242690_Biopolymer_UCS_CBR_2026,10.3390/buildings15010038,biopolymer_multi_additive,UCS,700.0,,,28.0,,Silty Clay," Lianyungang City, Jiangsu Province, China",,,,,41.18,19.86,21.32,2.7,20.63,1.59,,,0.0,,,,,,,,,0.0,,,,,,,,,,,,,,,,False,,,,,,,,0.0,,3.367295829986474
UCDV1_01452,Zenodo_19242690_Biopolymer_UCS_CBR_2026,10.3390/buildings15010038,biopolymer_multi_additive,UCS,660.0,,,7.0,,Silty Clay," Lianyungang City, Jiangsu Province, China",,,,,41.18,19.86,21.32,2.7,21.98,1.65,,,0.0,,,,,,,,,12.0,,,,,,,,,,,,,,,,False,,,,,,,,0.0,,2.0794415416798357
UCDV1_01453,Zenodo_19242690_Biopolymer_UCS_CBR_2026,10.3390/buildings15010038,biopolymer_multi_additive,UCS,770.0,,,14.0,,Silty Clay," Lianyungang City, Jiangsu Province, China",,,,,41.18,19.86,21.32,2.7,21.98,1.65,,,0.0,,,,,,,,,12.0,,,,,,,,,,,,,,,,False,,,,,,,,0.0,,2.70805020110221
UCDV1_01454,Zenodo_19242690_Biopolymer_UCS_CBR_2026,10.3390/buildings15010038,biopolymer_multi_additive,UCS,1350.0,,,28.0,,Silty Clay," Lianyungang City, Jiangsu Province, China",,,,,41.18,19.86,21.32,2.7,21.98,1.65,,,0.0,,,,,,,,,12.0,,,,,,,,,,,,,,,,False,,,,,,,,0.0,,3.367295829986474
UCDV1_01455,Zenodo_19242690_Biopolymer_UCS_CBR_2026,10.3390/buildings15010038,biopolymer_multi_additive,UCS,720.0,,,7.0,,Silty Clay," Lianyungang City, Jiangsu Province, China",,,,,41.18,19.86,21.32,2.7,21.78,1.64,,,0.0,,,,,,,,,8.0,,,,,,,,,,,,,,,,False,,,,,,,,0.0,,2.0794415416798357
UCDV1_01456,Zenodo_19242690_Biopolymer_UCS_CBR_2026,10.3390/buildings15010038,biopolymer_multi_additive,UCS,880.0,,,14.0,,Silty Clay," Lianyungang City, Jiangsu Province, China",,,,,41.18,19.86,21.32,2.7,21.78,1.64,,,0.0,,,,,,,,,8.0,,,,,,,,,,,,,,,,False,,,,,,,,0.0,,2.70805020110221
UCDV1_01457,Zenodo_19242690_Biopolymer_UCS_CBR_2026,10.3390/buildings15010038,biopolymer_multi_additive,UCS,1590.0,,,28.0,,Silty Clay," Lianyungang City, Jiangsu Province, China",,,,,41.18,19.86,21.32,2.7,21.78,1.64,,,0.0,,,,,,,,,8.0,,,,,,,,,,,,,,,,False,,,,,,,,0.0,,3.367295829986474
UCDV1_01458,Zenodo_19242690_Biopolymer_UCS_CBR_2026,10.3390/buildings15010038,biopolymer_multi_additive,UCS,1041.0,,,7.0,,Silty Clay," Lianyungang City, Jiangsu Province, China",,,,,41.18,19.86,21.32,2.7,19.73,1.62,,,0.0,,,,,,,,,4.0,,,,,,,,,,,,,,,,False,,,,,,,,0.0,,2.0794415416798357
UCDV1_01459,Zenodo_19242690_Biopolymer_UCS_CBR_2026,10.3390/buildings15010038,biopolymer_multi_additive,UCS,1390.0,,,14.0,,Silty Clay," Lianyungang City, Jiangsu Province, China",,,,,41.18,19.86,21.32,2.7,19.73,1.62,,,0.0,,,,,,,,,4.0,,,,,,,,,,,,,,,,False,,,,,,,,0.0,,2.70805020110221
UCDV1_01460,Zenodo_19242690_Biopolymer_UCS_CBR_2026,10.3390/buildings15010038,biopolymer_multi_additive,UCS,2460.0,,,28.0,,Silty Clay," Lianyungang City, Jiangsu Province, China",,,,,41.18,19.86,21.32,2.7,19.73,1.62,,,0.0,,,,,,,,,4.0,,,,,,,,,,,,,,,,False,,,,,,,,0.0,,3.367295829986474
UCDV1_01461,Zenodo_19242690_Biopolymer_UCS_CBR_2026,10.3390/buildings15010038,biopolymer_multi_additive,UCS,1371.0,,,7.0,,Silty Clay," Lianyungang City, Jiangsu Province, China",,,,,41.18,19.86,21.32,2.7,19.1,1.61,,,0.0,,,,,,,,,0.0,,,,,,,,,,,,,,,,False,,,,,,,,0.0,,2.0794415416798357
UCDV1_01462,Zenodo_19242690_Biopolymer_UCS_CBR_2026,10.3390/buildings15010038,biopolymer_multi_additive,UCS,1760.0,,,14.0,,Silty Clay," Lianyungang City, Jiangsu Province, China",,,,,41.18,19.86,21.32,2.7,19.1,1.61,,,0.0,,,,,,,,,0.0,,,,,,,,,,,,,,,,False,,,,,,,,0.0,,2.70805020110221
UCDV1_01463,Zenodo_19242690_Biopolymer_UCS_CBR_2026,10.3390/buildings15010038,biopolymer_multi_additive,UCS,2490.0,,,28.0,,Silty Clay," Lianyungang City, Jiangsu Province, China",,,,,41.18,19.86,21.32,2.7,19.1,1.61,,,0.0,,,,,,,,,0.0,,,,,,,,,,,,,,,,False,,,,,,,,0.0,,3.367295829986474
UCDV1_01464,Zenodo_19242690_Biopolymer_UCS_CBR_2026,10.3390/fib13080104,biopolymer_multi_additive,UCS,376.0,,,14.0,,medium-expansive soil/ high liquid-limit clay,"(Yongwu Road-Jinlun Road) in Nanning, Guangxi",,,,,59.3,20.9,38.4,2.68,,1.78,,,0.0,,,,,,,,,0.0,,,,,0.0,,,,,,,,,,,False,,,,,,,,0.0,,2.70805020110221
UCDV1_01465,Zenodo_19242690_Biopolymer_UCS_CBR_2026,10.3390/fib13080104,biopolymer_multi_additive,UCS,1103.0,,,14.0,,medium-expansive soil/ high liquid-limit clay,"(Yongwu Road-Jinlun Road) in Nanning, Guangxi",,,,,59.3,20.9,38.4,2.68,,1.78,,,0.0,,,,,,,,,2.0,,,,,0.0,,,,,,,,,,,False,,,,,,,,0.0,,2.70805020110221
UCDV1_01466,Zenodo_19242690_Biopolymer_UCS_CBR_2026,10.3390/fib13080104,biopolymer_multi_additive,UCS,1130.0,,,14.0,,medium-expansive soil/ high liquid-limit clay,"(Yongwu Road-Jinlun Road) in Nanning, Guangxi",,,,,59.3,20.9,38.4,2.68,,1.78,,,0.0,,,,,,,,,2.0,,,,,0.2,,,,,,,,,,,False,,,,,,,,0.0,,2.70805020110221
UCDV1_01467,Zenodo_19242690_Biopolymer_UCS_CBR_2026,10.3390/fib13080104,biopolymer_multi_additive,UCS,1169.0,,,14.0,,medium-expansive soil/ high liquid-limit clay,"(Yongwu Road-Jinlun Road) in Nanning, Guangxi",,,,,59.3,20.9,38.4,2.68,,1.78,,,0.0,,,,,,,,,2.0,,,,,0.2,,,,,,,,,,,False,,,,,,,,0.0,,2.70805020110221
UCDV1_01468,Zenodo_19242690_Biopolymer_UCS_CBR_2026,10.3390/fib13080104,biopolymer_multi_additive,UCS,1118.0,,,14.0,,medium-expansive soil/ high liquid-limit clay,"(Yongwu Road-Jinlun Road) in Nanning, Guangxi",,,,,59.3,20.9,38.4,2.68,,1.78,,,0.0,,,,,,,,,2.0,,,,,0.2,,,,,,,,,,,False,,,,,,,,0.0,,2.70805020110221
UCDV1_01469,Zenodo_19242690_Biopolymer_UCS_CBR_2026,10.3390/fib13080104,biopolymer_multi_additive,UCS,1109.0,,,14.0,,medium-expansive soil/ high liquid-limit clay,"(Yongwu Road-Jinlun Road) in Nanning, Guangxi",,,,,59.3,20.9,38.4,2.68,,1.78,,,0.0,,,,,,,,,2.0,,,,,0.2,,,,,,,,,,,False,,,,,,,,0.0,,2.70805020110221
UCDV1_01470,Zenodo_19242690_Biopolymer_UCS_CBR_2026,10.3390/fib13080104,biopolymer_multi_additive,UCS,1160.0,,,14.0,,medium-expansive soil/ high liquid-limit clay,"(Yongwu Road-Jinlun Road) in Nanning, Guangxi",,,,,59.3,20.9,38.4,2.68,,1.78,,,0.0,,,,,,,,,2.0,,,,,0.4,,,,,,,,,,,False,,,,,,,,0.0,,2.70805020110221
UCDV1_01471,Zenodo_19242690_Biopolymer_UCS_CBR_2026,10.3390/fib13080104,biopolymer_multi_additive,UCS,1288.0,,,14.0,,medium-expansive soil/ high liquid-limit clay,"(Yongwu Road-Jinlun Road) in Nanning, Guangxi",,,,,59.3,20.9,38.4,2.68,,1.78,,,0.0,,,,,,,,,2.0,,,,,0.4,,,,,,,,,,,False,,,,,,,,0.0,,2.70805020110221
UCDV1_01472,Zenodo_19242690_Biopolymer_UCS_CBR_2026,10.3390/fib13080104,biopolymer_multi_additive,UCS,1286.0,,,14.0,,medium-expansive soil/ high liquid-limit clay,"(Yongwu Road-Jinlun Road) in Nanning, Guangxi",,,,,59.3,20.9,38.4,2.68,,1.78,,,0.0,,,,,,,,,2.0,,,,,0.4,,,,,,,,,,,False,,,,,,,,0.0,,2.70805020110221
UCDV1_01473,Zenodo_19242690_Biopolymer_UCS_CBR_2026,10.3390/fib13080104,biopolymer_multi_additive,UCS,1256.0,,,14.0,,medium-expansive soil/ high liquid-limit clay,"(Yongwu Road-Jinlun Road) in Nanning, Guangxi",,,,,59.3,20.9,38.4,2.68,,1.78,,,0.0,,,,,,,,,2.0,,,,,0.4,,,,,,,,,,,False,,,,,,,,0.0,,2.70805020110221
UCDV1_01474,Zenodo_19242690_Biopolymer_UCS_CBR_2026,10.3390/fib13080104,biopolymer_multi_additive,UCS,1299.0,,,14.0,,medium-expansive soil/ high liquid-limit clay,"(Yongwu Road-Jinlun Road) in Nanning, Guangxi",,,,,59.3,20.9,38.4,2.68,,1.78,,,0.0,,,,,,,,,2.0,,,,,0.6,,,,,,,,,,,False,,,,,,,,0.0,,2.70805020110221
UCDV1_01475,Zenodo_19242690_Biopolymer_UCS_CBR_2026,10.3390/fib13080104,biopolymer_multi_additive,UCS,1328.0,,,14.0,,medium-expansive soil/ high liquid-limit clay,"(Yongwu Road-Jinlun Road) in Nanning, Guangxi",,,,,59.3,20.9,38.4,2.68,,1.78,,,0.0,,,,,,,,,2.0,,,,,0.6,,,,,,,,,,,False,,,,,,,,0.0,,2.70805020110221
UCDV1_01476,Zenodo_19242690_Biopolymer_UCS_CBR_2026,10.3390/fib13080104,biopolymer_multi_additive,UCS,1297.0,,,14.0,,medium-expansive soil/ high liquid-limit clay,"(Yongwu Road-Jinlun Road) in Nanning, Guangxi",,,,,59.3,20.9,38.4,2.68,,1.78,,,0.0,,,,,,,,,2.0,,,,,0.6,,,,,,,,,,,False,,,,,,,,0.0,,2.70805020110221
UCDV1_01477,Zenodo_19242690_Biopolymer_UCS_CBR_2026,10.3390/fib13080104,biopolymer_multi_additive,UCS,1276.0,,,14.0,,medium-expansive soil/ high liquid-limit clay,"(Yongwu Road-Jinlun Road) in Nanning, Guangxi",,,,,59.3,20.9,38.4,2.68,,1.78,,,0.0,,,,,,,,,2.0,,,,,0.6,,,,,,,,,,,False,,,,,,,,0.0,,2.70805020110221
UCDV1_01478,Zenodo_19242690_Biopolymer_UCS_CBR_2026,10.1007/s10064-024-04064-3,biopolymer_multi_additive,UCS,86.0,,,14.0,,CL,Kaolinite soil,8.0,26.0,66.0,,38.3,19.0,19.2,2.68,24.9,1.58,,,0.0,,,,,,,,,0.0,,,,,0.0,,,,,,,,,,,False,,,,,0.2909090909090909,,,0.0,0.0,2.70805020110221
UCDV1_01479,Zenodo_19242690_Biopolymer_UCS_CBR_2026,10.1007/s10064-024-04064-3,biopolymer_multi_additive,UCS,213.17,,,14.0,,CL,Kaolinite soil,8.0,26.0,66.0,,38.3,19.0,19.2,2.68,27.5,1.492,,,0.0,,,,,,,,,1.5,,,,,0.0,,,,,,,,,,,False,,,,,0.2909090909090909,,,0.0,0.0,2.70805020110221
UCDV1_01480,Zenodo_19242690_Biopolymer_UCS_CBR_2026,10.1007/s10064-024-04064-3,biopolymer_multi_additive,UCS,223.0,,,14.0,,CL,Kaolinite soil,8.0,26.0,66.0,,38.3,19.0,19.2,2.68,29.1,1.41,,,0.0,,,,,,,,,1.5,,,,,5.0,,,,,,,,,,,False,,,,,0.2909090909090909,,,0.0,0.0,2.70805020110221
UCDV1_01481,Zenodo_19242690_Biopolymer_UCS_CBR_2026,10.1007/s10064-024-04064-3,biopolymer_multi_additive,UCS,230.0,,,14.0,,CL,Kaolinite soil,8.0,26.0,66.0,,38.3,19.0,19.2,2.68,29.1,1.41,,,0.0,,,,,,,,,1.5,,,,,10.0,,,,,,,,,,,False,,,,,0.2909090909090909,,,0.0,0.0,2.70805020110221
UCDV1_01482,Zenodo_19242690_Biopolymer_UCS_CBR_2026,10.1007/s10064-024-04064-3,biopolymer_multi_additive,UCS,236.0,,,14.0,,CL,Kaolinite soil,8.0,26.0,66.0,,38.3,19.0,19.2,2.68,29.1,1.41,,,0.0,,,,,,,,,1.5,,,,,15.0,,,,,,,,,,,False,,,,,0.2909090909090909,,,0.0,0.0,2.70805020110221
UCDV1_01483,Zenodo_19242690_Biopolymer_UCS_CBR_2026,10.1007/s10064-024-04064-3,biopolymer_multi_additive,UCS,227.0,,,14.0,,CL,Kaolinite soil,8.0,26.0,66.0,,38.3,19.0,19.2,2.68,29.8,1.39,,,0.0,,,,,,,,,1.5,,,,,5.0,,,,,,,,,,,False,,,,,0.2909090909090909,,,0.0,0.0,2.70805020110221
UCDV1_01484,Zenodo_19242690_Biopolymer_UCS_CBR_2026,10.1007/s10064-024-04064-3,biopolymer_multi_additive,UCS,233.0,,,14.0,,CL,Kaolinite soil,8.0,26.0,66.0,,38.3,19.0,19.2,2.68,29.8,1.39,,,0.0,,,,,,,,,1.5,,,,,10.0,,,,,,,,,,,False,,,,,0.2909090909090909,,,0.0,0.0,2.70805020110221
UCDV1_01485,Zenodo_19242690_Biopolymer_UCS_CBR_2026,10.1007/s10064-024-04064-3,biopolymer_multi_additive,UCS,244.0,,,14.0,,CL,Kaolinite soil,8.0,26.0,66.0,,38.3,19.0,19.2,2.68,29.8,1.39,,,0.0,,,,,,,,,1.5,,,,,15.0,,,,,,,,,,,False,,,,,0.2909090909090909,,,0.0,0.0,2.70805020110221
UCDV1_01486,Zenodo_19242690_Biopolymer_UCS_CBR_2026,10.1007/s10064-024-04064-3,biopolymer_multi_additive,UCS,235.0,,,14.0,,CL,Kaolinite soil,8.0,26.0,66.0,,38.3,19.0,19.2,2.68,31.2,1.34,,,0.0,,,,,,,,,1.5,,,,,5.0,,,,,,,,,,,False,,,,,0.2909090909090909,,,0.0,0.0,2.70805020110221
UCDV1_01487,Zenodo_19242690_Biopolymer_UCS_CBR_2026,10.1007/s10064-024-04064-3,biopolymer_multi_additive,UCS,258.0,,,14.0,,CL,Kaolinite soil,8.0,26.0,66.0,,38.3,19.0,19.2,2.68,31.2,1.34,,,0.0,,,,,,,,,1.5,,,,,10.0,,,,,,,,,,,False,,,,,0.2909090909090909,,,0.0,0.0,2.70805020110221
UCDV1_01488,Zenodo_19242690_Biopolymer_UCS_CBR_2026,10.1007/s10064-024-04064-3,biopolymer_multi_additive,UCS,249.0,,,14.0,,CL,Kaolinite soil,8.0,26.0,66.0,,38.3,19.0,19.2,2.68,31.2,1.34,,,0.0,,,,,,,,,1.5,,,,,15.0,,,,,,,,,,,False,,,,,0.2909090909090909,,,0.0,0.0,2.70805020110221
UCDV1_01489,Zenodo_19242690_Biopolymer_UCS_CBR_2026,10.3311/PPci.40107,biopolymer_multi_additive,UCS,258.73,,,7.0,,ML,Carbonaceous mudstone,,,,,34.1,26.7,7.4,2.66,,2.01,,,0.0,,,,,,,,,0.0,,,,,,,,,,,,,,,,False,,,,,,,,0.0,,2.0794415416798357
UCDV1_01490,Zenodo_19242690_Biopolymer_UCS_CBR_2026,10.3311/PPci.40107,biopolymer_multi_additive,UCS,377.077,,,7.0,,ML,Carbonaceous mudstone,,,,,34.1,26.7,7.4,2.66,,2.01,,,0.0,,,,,,,,,2.0,,,,,,,,,,,,,,,,False,,,,,,,,0.0,,2.0794415416798357
UCDV1_01491,Zenodo_19242690_Biopolymer_UCS_CBR_2026,10.3311/PPci.40107,biopolymer_multi_additive,UCS,522.492,,,7.0,,ML,Carbonaceous mudstone,,,,,34.1,26.7,7.4,2.66,,2.01,,,0.0,,,,,,,,,4.0,,,,,,,,,,,,,,,,False,,,,,,,,0.0,,2.0794415416798357
UCDV1_01492,Zenodo_19242690_Biopolymer_UCS_CBR_2026,10.3311/PPci.40107,biopolymer_multi_additive,UCS,614.756,,,7.0,,ML,Carbonaceous mudstone,,,,,34.1,26.7,7.4,2.66,,2.01,,,0.0,,,,,,,,,6.0,,,,,,,,,,,,,,,,False,,,,,,,,0.0,,2.0794415416798357
UCDV1_01493,Zenodo_19242690_Biopolymer_UCS_CBR_2026,10.3311/PPci.40107,biopolymer_multi_additive,UCS,374.068,,,7.0,,ML,Carbonaceous mudstone,,,,,34.1,26.7,7.4,2.66,,2.01,,,0.0,,,,,,,,,2.0,,,,,,,,,,,,,,,,False,,,,,,,,0.0,,2.0794415416798357
UCDV1_01494,Zenodo_19242690_Biopolymer_UCS_CBR_2026,10.3311/PPci.40107,biopolymer_multi_additive,UCS,533.524,,,7.0,,ML,Carbonaceous mudstone,,,,,34.1,26.7,7.4,2.66,,2.01,,,0.0,,,,,,,,,4.0,,,,,,,,,,,,,,,,False,,,,,,,,0.0,,2.0794415416798357
UCDV1_01495,Zenodo_19242690_Biopolymer_UCS_CBR_2026,10.3311/PPci.40107,biopolymer_multi_additive,UCS,622.779,,,7.0,,ML,Carbonaceous mudstone,,,,,34.1,26.7,7.4,2.66,,2.01,,,0.0,,,,,,,,,6.0,,,,,,,,,,,,,,,,False,,,,,,,,0.0,,2.0794415416798357
UCDV1_01496,Zenodo_19242690_Biopolymer_UCS_CBR_2026,10.2113/gseegeosci.23.1.1,biopolymer_multi_additive,UCS,500.0,,,14.0,,CL,"Çankırı,Turkey",,,10.0,,40.0,23.0,17.0,2.77,,1.83,,,0.0,,,,,,,,,0.0,,,,,,,,,,,,,,,,False,,,,,1.7,,,0.0,0.0,2.70805020110221
UCDV1_01497,Zenodo_19242690_Biopolymer_UCS_CBR_2026,10.2113/gseegeosci.23.1.1,biopolymer_multi_additive,UCS,500.0,,,28.0,,CL,"Çankırı,Turkey",,,10.0,,40.0,23.0,17.0,2.77,,1.83,,,0.0,,,,,,,,,0.0,,,,,,,,,,,,,,,,False,,,,,1.7,,,0.0,0.0,3.367295829986474
UCDV1_01498,Zenodo_19242690_Biopolymer_UCS_CBR_2026,10.2113/gseegeosci.23.1.1,biopolymer_multi_additive,UCS,500.0,,,150.0,,CL,"Çankırı,Turkey",,,10.0,,40.0,23.0,17.0,2.77,,1.83,,,0.0,,,,,,,,,0.0,,,,,,,,,,,,,,,,False,,,,,1.7,,,0.0,0.0,5.017279836814924
UCDV1_01499,Zenodo_19242690_Biopolymer_UCS_CBR_2026,10.2113/gseegeosci.23.1.1,biopolymer_multi_additive,UCS,425.4,,,14.0,,CL,"Çankırı,Turkey",,,10.0,,40.0,23.0,17.0,2.77,,1.83,,,0.0,,,,,,,,,0.02,,,,,,,,,,,,,,,,False,,,,,1.7,,,0.0,0.0,2.70805020110221
UCDV1_01500,Zenodo_19242690_Biopolymer_UCS_CBR_2026,10.2113/gseegeosci.23.1.1,biopolymer_multi_additive,UCS,418.0,,,28.0,,CL,"Çankırı,Turkey",,,10.0,,40.0,23.0,17.0,2.77,,1.83,,,0.0,,,,,,,,,0.02,,,,,,,,,,,,,,,,False,,,,,1.7,,,0.0,0.0,3.367295829986474
UCDV1_01501,Zenodo_19242690_Biopolymer_UCS_CBR_2026,10.2113/gseegeosci.23.1.1,biopolymer_multi_additive,UCS,500.0,,,150.0,,CL,"Çankırı,Turkey",,,10.0,,40.0,23.0,17.0,2.77,,1.83,,,0.0,,,,,,,,,0.02,,,,,,,,,,,,,,,,False,,,,,1.7,,,0.0,0.0,5.017279836814924
UCDV1_01502,Zenodo_19242690_Biopolymer_UCS_CBR_2026,10.2113/gseegeosci.23.1.1,biopolymer_multi_additive,UCS,409.4,,,14.0,,CL,"Çankırı,Turkey",,,10.0,,40.0,23.0,17.0,2.77,,1.83,,,0.0,,,,,,,,,0.25,,,,,,,,,,,,,,,,False,,,,,1.7,,,0.0,0.0,2.70805020110221
UCDV1_01503,Zenodo_19242690_Biopolymer_UCS_CBR_2026,10.2113/gseegeosci.23.1.1,biopolymer_multi_additive,UCS,413.0,,,28.0,,CL,"Çankırı,Turkey",,,10.0,,40.0,23.0,17.0,2.77,,1.83,,,0.0,,,,,,,,,0.25,,,,,,,,,,,,,,,,False,,,,,1.7,,,0.0,0.0,3.367295829986474
UCDV1_01504,Zenodo_19242690_Biopolymer_UCS_CBR_2026,10.2113/gseegeosci.23.1.1,biopolymer_multi_additive,UCS,500.0,,,150.0,,CL,"Çankırı,Turkey",,,10.0,,40.0,23.0,17.0,2.77,,1.83,,,0.0,,,,,,,,,0.25,,,,,,,,,,,,,,,,False,,,,,1.7,,,0.0,0.0,5.017279836814924
UCDV1_01505,Zenodo_19242690_Biopolymer_UCS_CBR_2026,10.1007/s40515-015-0020-0,biopolymer_multi_additive,UCS,98.0,,,1.0,,CH,"BC soil , North Karnataka, India",24.0,51.0,21.0,,64.0,31.0,33.0,2.5,,1.77,,,0.0,,,,,,,,,0.0,,,,,,,,,,,,,,,,False,,,,,1.5714285714285714,,,0.0,0.0,0.6931471805599453
UCDV1_01506,Zenodo_19242690_Biopolymer_UCS_CBR_2026,10.1007/s40515-015-0020-0,biopolymer_multi_additive,UCS,173.0,,,1.0,,CH,"BC soil , North Karnataka, India",24.0,51.0,21.0,,64.0,31.0,33.0,2.5,16.31,1.77,,,0.0,,,,,,,,,0.0,,,,,,,,,,,,,,,,False,,,,,1.5714285714285714,,,0.0,0.0,0.6931471805599453
UCDV1_01507,Zenodo_19242690_Biopolymer_UCS_CBR_2026,10.1007/s40515-015-0020-0,biopolymer_multi_additive,UCS,138.0,,,1.0,,CH,"BC soil , North Karnataka, India",24.0,51.0,21.0,,64.0,31.0,33.0,2.5,,1.77,,,0.0,,,,,,,,,0.0,,,,,,,,,,,,,,,,False,,,,,1.5714285714285714,,,0.0,0.0,0.6931471805599453
UCDV1_01508,Zenodo_19242690_Biopolymer_UCS_CBR_2026,10.1007/s40515-015-0020-0,biopolymer_multi_additive,UCS,122.0,,,7.0,,CH,"BC soil , North Karnataka, India",24.0,51.0,21.0,,64.0,31.0,33.0,2.5,,1.77,,,0.0,,,,,,,,,0.0,,,,,,,,,,,,,,,,False,,,,,1.5714285714285714,,,0.0,0.0,2.0794415416798357
UCDV1_01509,Zenodo_19242690_Biopolymer_UCS_CBR_2026,10.1007/s40515-015-0020-0,biopolymer_multi_additive,UCS,207.0,,,7.0,,CH,"BC soil , North Karnataka, India",24.0,51.0,21.0,,64.0,31.0,33.0,2.5,16.31,1.77,,,0.0,,,,,,,,,0.0,,,,,,,,,,,,,,,,False,,,,,1.5714285714285714,,,0.0,0.0,2.0794415416798357
UCDV1_01510,Zenodo_19242690_Biopolymer_UCS_CBR_2026,10.1007/s40515-015-0020-0,biopolymer_multi_additive,UCS,166.0,,,7.0,,CH,"BC soil , North Karnataka, India",24.0,51.0,21.0,,64.0,31.0,33.0,2.5,,1.77,,,0.0,,,,,,,,,0.0,,,,,,,,,,,,,,,,False,,,,,1.5714285714285714,,,0.0,0.0,2.0794415416798357
UCDV1_01511,Zenodo_19242690_Biopolymer_UCS_CBR_2026,10.1007/s40515-015-0020-0,biopolymer_multi_additive,UCS,173.0,,,28.0,,CH,"BC soil , North Karnataka, India",24.0,51.0,21.0,,64.0,31.0,33.0,2.5,,1.77,,,0.0,,,,,,,,,0.0,,,,,,,,,,,,,,,,False,,,,,1.5714285714285714,,,0.0,0.0,3.367295829986474
UCDV1_01512,Zenodo_19242690_Biopolymer_UCS_CBR_2026,10.1007/s40515-015-0020-0,biopolymer_multi_additive,UCS,231.0,,,28.0,,CH,"BC soil , North Karnataka, India",24.0,51.0,21.0,,64.0,31.0,33.0,2.5,16.31,1.77,,,0.0,,,,,,,,,0.0,,,,,,,,,,,,,,,,False,,,,,1.5714285714285714,,,0.0,0.0,3.367295829986474
UCDV1_01513,Zenodo_19242690_Biopolymer_UCS_CBR_2026,10.1007/s40515-015-0020-0,biopolymer_multi_additive,UCS,192.0,,,28.0,,CH,"BC soil , North Karnataka, India",24.0,51.0,21.0,,64.0,31.0,33.0,2.5,,1.77,,,0.0,,,,,,,,,0.0,,,,,,,,,,,,,,,,False,,,,,1.5714285714285714,,,0.0,0.0,3.367295829986474
UCDV1_01514,Zenodo_19242690_Biopolymer_UCS_CBR_2026,10.1007/s40515-015-0020-0,biopolymer_multi_additive,UCS,313.0,,,1.0,,CH,"BC soil , North Karnataka, India",24.0,51.0,21.0,,64.0,31.0,33.0,2.5,,1.77,,,,,,,,,,,,,,,,,,,,,,,,,,,,False,,,,,1.5714285714285714,,,0.0,0.0,0.6931471805599453
UCDV1_01515,Zenodo_19242690_Biopolymer_UCS_CBR_2026,10.1007/s40515-015-0020-0,biopolymer_multi_additive,UCS,415.0,,,1.0,,CH,"BC soil , North Karnataka, India",24.0,51.0,21.0,,64.0,31.0,33.0,2.5,16.31,1.77,,,,,,,,,,,,,,,,,,,,,,,,,,,,False,,,,,1.5714285714285714,,,0.0,0.0,0.6931471805599453
UCDV1_01516,Zenodo_19242690_Biopolymer_UCS_CBR_2026,10.1007/s40515-015-0020-0,biopolymer_multi_additive,UCS,289.0,,,1.0,,CH,"BC soil , North Karnataka, India",24.0,51.0,21.0,,64.0,31.0,33.0,2.5,,1.77,,,,,,,,,,,,,,,,,,,,,,,,,,,,False,,,,,1.5714285714285714,,,0.0,0.0,0.6931471805599453
UCDV1_01517,Zenodo_19242690_Biopolymer_UCS_CBR_2026,10.1007/s40515-015-0020-0,biopolymer_multi_additive,UCS,578.0,,,7.0,,CH,"BC soil , North Karnataka, India",24.0,51.0,21.0,,64.0,31.0,33.0,2.5,,1.79,,,,,,,,,,,,,,,,,,,,,,,,,,,,False,,,,,1.5714285714285714,,,0.0,0.0,2.0794415416798357
UCDV1_01518,Zenodo_19242690_Biopolymer_UCS_CBR_2026,10.1007/s40515-015-0020-0,biopolymer_multi_additive,UCS,792.0,,,7.0,,CH,"BC soil , North Karnataka, India",24.0,51.0,21.0,,64.0,31.0,33.0,2.5,16.29,1.79,,,,,,,,,,,,,,,,,,,,,,,,,,,,False,,,,,1.5714285714285714,,,0.0,0.0,2.0794415416798357
UCDV1_01519,Zenodo_19242690_Biopolymer_UCS_CBR_2026,10.1007/s40515-015-0020-0,biopolymer_multi_additive,UCS,634.0,,,7.0,,CH,"BC soil , North Karnataka, India",24.0,51.0,21.0,,64.0,31.0,33.0,2.5,,1.79,,,,,,,,,,,,,,,,,,,,,,,,,,,,False,,,,,1.5714285714285714,,,0.0,0.0,2.0794415416798357
UCDV1_01520,Zenodo_19242690_Biopolymer_UCS_CBR_2026,10.1007/s40515-015-0020-0,biopolymer_multi_additive,UCS,758.0,,,28.0,,CH,"BC soil , North Karnataka, India",24.0,51.0,21.0,,64.0,31.0,33.0,2.5,,1.85,,,,,,,,,,,,,,,,,,,,,,,,,,,,False,,,,,1.5714285714285714,,,0.0,0.0,3.367295829986474
UCDV1_01521,Zenodo_19242690_Biopolymer_UCS_CBR_2026,10.1007/s40515-015-0020-0,biopolymer_multi_additive,UCS,971.0,,,28.0,,CH,"BC soil , North Karnataka, India",24.0,51.0,21.0,,64.0,31.0,33.0,2.5,16.25,1.85,,,,,,,,,,,,,,,,,,,,,,,,,,,,False,,,,,1.5714285714285714,,,0.0,0.0,3.367295829986474
UCDV1_01522,Zenodo_19242690_Biopolymer_UCS_CBR_2026,10.1007/s40515-015-0020-0,biopolymer_multi_additive,UCS,838.0,,,28.0,,CH,"BC soil , North Karnataka, India",24.0,51.0,21.0,,64.0,31.0,33.0,2.5,,1.85,,,,,,,,,,,,,,,,,,,,,,,,,,,,False,,,,,1.5714285714285714,,,0.0,0.0,3.367295829986474
UCDV1_01523,Zenodo_19242690_Biopolymer_UCS_CBR_2026,10.1007/s40515-015-0020-0,biopolymer_multi_additive,UCS,291.0,,,1.0,,CH,"BC soil , North Karnataka, India",24.0,51.0,21.0,,64.0,31.0,33.0,2.5,,1.77,,,0.0,,,,,,,,,0.0,,,,,,,,,,,,,,,,False,,,,,1.5714285714285714,,,0.0,0.0,0.6931471805599453
UCDV1_01524,Zenodo_19242690_Biopolymer_UCS_CBR_2026,10.1007/s40515-015-0020-0,biopolymer_multi_additive,UCS,324.0,,,1.0,,CH,"BC soil , North Karnataka, India",24.0,51.0,21.0,,64.0,31.0,33.0,2.5,16.33,1.77,,,0.0,,,,,,,,,0.0,,,,,,,,,,,,,,,,False,,,,,1.5714285714285714,,,0.0,0.0,0.6931471805599453
UCDV1_01525,Zenodo_19242690_Biopolymer_UCS_CBR_2026,10.1007/s40515-015-0020-0,biopolymer_multi_additive,UCS,264.0,,,1.0,,CH,"BC soil , North Karnataka, India",24.0,51.0,21.0,,64.0,31.0,33.0,2.5,,1.77,,,0.0,,,,,,,,,0.0,,,,,,,,,,,,,,,,False,,,,,1.5714285714285714,,,0.0,0.0,0.6931471805599453
UCDV1_01526,Zenodo_19242690_Biopolymer_UCS_CBR_2026,10.1007/s40515-015-0020-0,biopolymer_multi_additive,UCS,473.0,,,7.0,,CH,"BC soil , North Karnataka, India",24.0,51.0,21.0,,64.0,31.0,33.0,2.5,,1.8,,,0.0,,,,,,,,,0.0,,,,,,,,,,,,,,,,False,,,,,1.5714285714285714,,,0.0,0.0,2.0794415416798357
UCDV1_01527,Zenodo_19242690_Biopolymer_UCS_CBR_2026,10.1007/s40515-015-0020-0,biopolymer_multi_additive,UCS,513.0,,,7.0,,CH,"BC soil , North Karnataka, India",24.0,51.0,21.0,,64.0,31.0,33.0,2.5,16.31,1.8,,,0.0,,,,,,,,,0.0,,,,,,,,,,,,,,,,False,,,,,1.5714285714285714,,,0.0,0.0,2.0794415416798357
UCDV1_01528,Zenodo_19242690_Biopolymer_UCS_CBR_2026,10.1007/s40515-015-0020-0,biopolymer_multi_additive,UCS,426.0,,,7.0,,CH,"BC soil , North Karnataka, India",24.0,51.0,21.0,,64.0,31.0,33.0,2.5,,1.8,,,0.0,,,,,,,,,0.0,,,,,,,,,,,,,,,,False,,,,,1.5714285714285714,,,0.0,0.0,2.0794415416798357
UCDV1_01529,Zenodo_19242690_Biopolymer_UCS_CBR_2026,10.1007/s40515-015-0020-0,biopolymer_multi_additive,UCS,615.0,,,28.0,,CH,"BC soil , North Karnataka, India",24.0,51.0,21.0,,64.0,31.0,33.0,2.5,,1.85,,,0.0,,,,,,,,,0.0,,,,,,,,,,,,,,,,False,,,,,1.5714285714285714,,,0.0,0.0,3.367295829986474
UCDV1_01530,Zenodo_19242690_Biopolymer_UCS_CBR_2026,10.1007/s40515-015-0020-0,biopolymer_multi_additive,UCS,684.0,,,28.0,,CH,"BC soil , North Karnataka, India",24.0,51.0,21.0,,64.0,31.0,33.0,2.5,16.26,1.85,,,0.0,,,,,,,,,0.0,,,,,,,,,,,,,,,,False,,,,,1.5714285714285714,,,0.0,0.0,3.367295829986474
UCDV1_01531,Zenodo_19242690_Biopolymer_UCS_CBR_2026,10.1007/s40515-015-0020-0,biopolymer_multi_additive,UCS,593.0,,,28.0,,CH,"BC soil , North Karnataka, India",24.0,51.0,21.0,,64.0,31.0,33.0,2.5,,1.85,,,0.0,,,,,,,,,0.0,,,,,,,,,,,,,,,,False,,,,,1.5714285714285714,,,0.0,0.0,3.367295829986474
UCDV1_01532,Zenodo_19242690_Biopolymer_UCS_CBR_2026,10.1007/s40515-015-0020-0,biopolymer_multi_additive,UCS,452.0,,,1.0,,CH,"BC soil , North Karnataka, India",24.0,51.0,21.0,,64.0,31.0,33.0,2.5,,1.77,,,,,,,,,,,,,,,,,,,,,,,,,,,,False,,,,,1.5714285714285714,,,0.0,0.0,0.6931471805599453
UCDV1_01533,Zenodo_19242690_Biopolymer_UCS_CBR_2026,10.1007/s40515-015-0020-0,biopolymer_multi_additive,UCS,544.0,,,1.0,,CH,"BC soil , North Karnataka, India",24.0,51.0,21.0,,64.0,31.0,33.0,2.5,16.31,1.77,,,,,,,,,,,,,,,,,,,,,,,,,,,,False,,,,,1.5714285714285714,,,0.0,0.0,0.6931471805599453
UCDV1_01534,Zenodo_19242690_Biopolymer_UCS_CBR_2026,10.1007/s40515-015-0020-0,biopolymer_multi_additive,UCS,410.0,,,1.0,,CH,"BC soil , North Karnataka, India",24.0,51.0,21.0,,64.0,31.0,33.0,2.5,,1.77,,,,,,,,,,,,,,,,,,,,,,,,,,,,False,,,,,1.5714285714285714,,,0.0,0.0,0.6931471805599453
UCDV1_01535,Zenodo_19242690_Biopolymer_UCS_CBR_2026,10.1007/s40515-015-0020-0,biopolymer_multi_additive,UCS,508.0,,,7.0,,CH,"BC soil , North Karnataka, India",24.0,51.0,21.0,,64.0,31.0,33.0,2.5,,1.8,,,,,,,,,,,,,,,,,,,,,,,,,,,,False,,,,,1.5714285714285714,,,0.0,0.0,2.0794415416798357
UCDV1_01536,Zenodo_19242690_Biopolymer_UCS_CBR_2026,10.1007/s40515-015-0020-0,biopolymer_multi_additive,UCS,890.0,,,7.0,,CH,"BC soil , North Karnataka, India",24.0,51.0,21.0,,64.0,31.0,33.0,2.5,16.21,1.8,,,,,,,,,,,,,,,,,,,,,,,,,,,,False,,,,,1.5714285714285714,,,0.0,0.0,2.0794415416798357
UCDV1_01537,Zenodo_19242690_Biopolymer_UCS_CBR_2026,10.1007/s40515-015-0020-0,biopolymer_multi_additive,UCS,746.0,,,7.0,,CH,"BC soil , North Karnataka, India",24.0,51.0,21.0,,64.0,31.0,33.0,2.5,,1.8,,,,,,,,,,,,,,,,,,,,,,,,,,,,False,,,,,1.5714285714285714,,,0.0,0.0,2.0794415416798357
UCDV1_01538,Zenodo_19242690_Biopolymer_UCS_CBR_2026,10.1007/s40515-015-0020-0,biopolymer_multi_additive,UCS,1063.0,,,28.0,,CH,"BC soil , North Karnataka, India",24.0,51.0,21.0,,64.0,31.0,33.0,2.5,,1.88,,,,,,,,,,,,,,,,,,,,,,,,,,,,False,,,,,1.5714285714285714,,,0.0,0.0,3.367295829986474
UCDV1_01539,Zenodo_19242690_Biopolymer_UCS_CBR_2026,10.1007/s40515-015-0020-0,biopolymer_multi_additive,UCS,1204.0,,,28.0,,CH,"BC soil , North Karnataka, India",24.0,51.0,21.0,,64.0,31.0,33.0,2.5,16.11,1.88,,,,,,,,,,,,,,,,,,,,,,,,,,,,False,,,,,1.5714285714285714,,,0.0,0.0,3.367295829986474
UCDV1_01540,Zenodo_19242690_Biopolymer_UCS_CBR_2026,10.1007/s40515-015-0020-0,biopolymer_multi_additive,UCS,946.0,,,28.0,,CH,"BC soil , North Karnataka, India",24.0,51.0,21.0,,64.0,31.0,33.0,2.5,,1.88,,,,,,,,,,,,,,,,,,,,,,,,,,,,False,,,,,1.5714285714285714,,,0.0,0.0,3.367295829986474
UCDV1_01541,Zenodo_19242690_Biopolymer_UCS_CBR_2026,10.1061/JMCEE7.MTENG-19201,biopolymer_multi_additive,UCS,120.0,,,1.0,,OH,Commercial clay,,,,,58.0,40.0,18.0,,,1.17267,,,0.0,,,,,,,,,0.5,,,,,,,,,,,,,,,,False,,,,,,,,0.0,,0.6931471805599453
UCDV1_01542,Zenodo_19242690_Biopolymer_UCS_CBR_2026,10.1061/JMCEE7.MTENG-19201,biopolymer_multi_additive,UCS,180.0,,,1.0,,OH,Commercial clay,,,,,58.0,40.0,18.0,,,1.17267,,,0.0,,,,,,,,,0.5,,,,,,,,,,,,,,,,False,,,,,,,,0.0,,0.6931471805599453
UCDV1_01543,Zenodo_19242690_Biopolymer_UCS_CBR_2026,10.1061/JMCEE7.MTENG-19201,biopolymer_multi_additive,UCS,250.0,,,1.0,,OH,Commercial clay,,,,,58.0,40.0,18.0,,,1.17267,,,0.0,,,,,,,,,0.5,,,,,,,,,,,,,,,,False,,,,,,,,0.0,,0.6931471805599453
UCDV1_01544,Zenodo_19242690_Biopolymer_UCS_CBR_2026,10.1061/JMCEE7.MTENG-19201,biopolymer_multi_additive,UCS,390.0,,,1.0,,OH,Commercial clay,,,,,58.0,40.0,18.0,,,1.17267,,,0.0,,,,,,,,,0.5,,,,,,,,,,,,,,,,False,,,,,,,,0.0,,0.6931471805599453
UCDV1_01545,Zenodo_19242690_Biopolymer_UCS_CBR_2026,10.1061/JMCEE7.MTENG-19201,biopolymer_multi_additive,UCS,500.0,,,1.0,,OH,Commercial clay,,,,,58.0,40.0,18.0,,,1.17267,,,0.0,,,,,,,,,0.5,,,,,,,,,,,,,,,,False,,,,,,,,0.0,,0.6931471805599453
UCDV1_01546,Zenodo_19242690_Biopolymer_UCS_CBR_2026,10.1061/JMCEE7.MTENG-19201,biopolymer_multi_additive,UCS,120.0,,,1.0,,OH,Commercial clay,,,,,58.0,40.0,18.0,,,1.17267,,,0.0,,,,,,,,,1.0,,,,,,,,,,,,,,,,False,,,,,,,,0.0,,0.6931471805599453
UCDV1_01547,Zenodo_19242690_Biopolymer_UCS_CBR_2026,10.1061/JMCEE7.MTENG-19201,biopolymer_multi_additive,UCS,190.0,,,1.0,,OH,Commercial clay,,,,,58.0,40.0,18.0,,,1.17267,,,0.0,,,,,,,,,1.0,,,,,,,,,,,,,,,,False,,,,,,,,0.0,,0.6931471805599453
UCDV1_01548,Zenodo_19242690_Biopolymer_UCS_CBR_2026,10.1061/JMCEE7.MTENG-19201,biopolymer_multi_additive,UCS,270.0,,,1.0,,OH,Commercial clay,,,,,58.0,40.0,18.0,,,1.17267,,,0.0,,,,,,,,,1.0,,,,,,,,,,,,,,,,False,,,,,,,,0.0,,0.6931471805599453
UCDV1_01549,Zenodo_19242690_Biopolymer_UCS_CBR_2026,10.1061/JMCEE7.MTENG-19201,biopolymer_multi_additive,UCS,400.0,,,1.0,,OH,Commercial clay,,,,,58.0,40.0,18.0,,,1.17267,,,0.0,,,,,,,,,1.0,,,,,,,,,,,,,,,,False,,,,,,,,0.0,,0.6931471805599453
UCDV1_01550,Zenodo_19242690_Biopolymer_UCS_CBR_2026,10.1061/JMCEE7.MTENG-19201,biopolymer_multi_additive,UCS,540.0,,,1.0,,OH,Commercial clay,,,,,58.0,40.0,18.0,,,1.17267,,,0.0,,,,,,,,,1.0,,,,,,,,,,,,,,,,False,,,,,,,,0.0,,0.6931471805599453
UCDV1_01551,Zenodo_19242690_Biopolymer_UCS_CBR_2026,10.1061/JMCEE7.MTENG-19201,biopolymer_multi_additive,UCS,120.0,,,7.0,,OH,Commercial clay,,,,,58.0,40.0,18.0,,,1.17267,,,0.0,,,,,,,,,0.5,,,,,,,,,,,,,,,,False,,,,,,,,0.0,,2.0794415416798357
UCDV1_01552,Zenodo_19242690_Biopolymer_UCS_CBR_2026,10.1061/JMCEE7.MTENG-19201,biopolymer_multi_additive,UCS,170.0,,,7.0,,OH,Commercial clay,,,,,58.0,40.0,18.0,,,1.17267,,,0.0,,,,,,,,,0.5,,,,,,,,,,,,,,,,False,,,,,,,,0.0,,2.0794415416798357
UCDV1_01553,Zenodo_19242690_Biopolymer_UCS_CBR_2026,10.1061/JMCEE7.MTENG-19201,biopolymer_multi_additive,UCS,300.0,,,7.0,,OH,Commercial clay,,,,,58.0,40.0,18.0,,,1.17267,,,0.0,,,,,,,,,0.5,,,,,,,,,,,,,,,,False,,,,,,,,0.0,,2.0794415416798357
UCDV1_01554,Zenodo_19242690_Biopolymer_UCS_CBR_2026,10.1061/JMCEE7.MTENG-19201,biopolymer_multi_additive,UCS,440.0,,,7.0,,OH,Commercial clay,,,,,58.0,40.0,18.0,,,1.17267,,,0.0,,,,,,,,,0.5,,,,,,,,,,,,,,,,False,,,,,,,,0.0,,2.0794415416798357
UCDV1_01555,Zenodo_19242690_Biopolymer_UCS_CBR_2026,10.1061/JMCEE7.MTENG-19201,biopolymer_multi_additive,UCS,530.0,,,7.0,,OH,Commercial clay,,,,,58.0,40.0,18.0,,,1.17267,,,0.0,,,,,,,,,0.5,,,,,,,,,,,,,,,,False,,,,,,,,0.0,,2.0794415416798357
UCDV1_01556,Zenodo_19242690_Biopolymer_UCS_CBR_2026,10.1061/JMCEE7.MTENG-19201,biopolymer_multi_additive,UCS,140.0,,,7.0,,OH,Commercial clay,,,,,58.0,40.0,18.0,,,1.17267,,,0.0,,,,,,,,,1.0,,,,,,,,,,,,,,,,False,,,,,,,,0.0,,2.0794415416798357
UCDV1_01557,Zenodo_19242690_Biopolymer_UCS_CBR_2026,10.1061/JMCEE7.MTENG-19201,biopolymer_multi_additive,UCS,185.0,,,7.0,,OH,Commercial clay,,,,,58.0,40.0,18.0,,,1.17267,,,0.0,,,,,,,,,1.0,,,,,,,,,,,,,,,,False,,,,,,,,0.0,,2.0794415416798357
UCDV1_01558,Zenodo_19242690_Biopolymer_UCS_CBR_2026,10.1061/JMCEE7.MTENG-19201,biopolymer_multi_additive,UCS,290.0,,,7.0,,OH,Commercial clay,,,,,58.0,40.0,18.0,,,1.17267,,,0.0,,,,,,,,,1.0,,,,,,,,,,,,,,,,False,,,,,,,,0.0,,2.0794415416798357
UCDV1_01559,Zenodo_19242690_Biopolymer_UCS_CBR_2026,10.1061/JMCEE7.MTENG-19201,biopolymer_multi_additive,UCS,450.0,,,7.0,,OH,Commercial clay,,,,,58.0,40.0,18.0,,,1.17267,,,0.0,,,,,,,,,1.0,,,,,,,,,,,,,,,,False,,,,,,,,0.0,,2.0794415416798357
UCDV1_01560,Zenodo_19242690_Biopolymer_UCS_CBR_2026,10.1061/JMCEE7.MTENG-19201,biopolymer_multi_additive,UCS,640.0,,,7.0,,OH,Commercial clay,,,,,58.0,40.0,18.0,,,1.17267,,,0.0,,,,,,,,,1.0,,,,,,,,,,,,,,,,False,,,,,,,,0.0,,2.0794415416798357
UCDV1_01561,Zenodo_19242690_Biopolymer_UCS_CBR_2026,10.1061/JMCEE7.MTENG-19201,biopolymer_multi_additive,UCS,135.0,,,21.0,,OH,Commercial clay,,,,,58.0,40.0,18.0,,,1.17267,,,0.0,,,,,,,,,0.5,,,,,,,,,,,,,,,,False,,,,,,,,0.0,,3.091042453358316
UCDV1_01562,Zenodo_19242690_Biopolymer_UCS_CBR_2026,10.1061/JMCEE7.MTENG-19201,biopolymer_multi_additive,UCS,200.0,,,21.0,,OH,Commercial clay,,,,,58.0,40.0,18.0,,,1.17267,,,0.0,,,,,,,,,0.5,,,,,,,,,,,,,,,,False,,,,,,,,0.0,,3.091042453358316
UCDV1_01563,Zenodo_19242690_Biopolymer_UCS_CBR_2026,10.1061/JMCEE7.MTENG-19201,biopolymer_multi_additive,UCS,355.0,,,21.0,,OH,Commercial clay,,,,,58.0,40.0,18.0,,,1.17267,,,0.0,,,,,,,,,0.5,,,,,,,,,,,,,,,,False,,,,,,,,0.0,,3.091042453358316
UCDV1_01564,Zenodo_19242690_Biopolymer_UCS_CBR_2026,10.1061/JMCEE7.MTENG-19201,biopolymer_multi_additive,UCS,460.0,,,21.0,,OH,Commercial clay,,,,,58.0,40.0,18.0,,,1.17267,,,0.0,,,,,,,,,0.5,,,,,,,,,,,,,,,,False,,,,,,,,0.0,,3.091042453358316
UCDV1_01565,Zenodo_19242690_Biopolymer_UCS_CBR_2026,10.1061/JMCEE7.MTENG-19201,biopolymer_multi_additive,UCS,555.0,,,21.0,,OH,Commercial clay,,,,,58.0,40.0,18.0,,,1.17267,,,0.0,,,,,,,,,0.5,,,,,,,,,,,,,,,,False,,,,,,,,0.0,,3.091042453358316
UCDV1_01566,Zenodo_19242690_Biopolymer_UCS_CBR_2026,10.1061/JMCEE7.MTENG-19201,biopolymer_multi_additive,UCS,145.0,,,21.0,,OH,Commercial clay,,,,,58.0,40.0,18.0,,,1.17267,,,0.0,,,,,,,,,1.0,,,,,,,,,,,,,,,,False,,,,,,,,0.0,,3.091042453358316
UCDV1_01567,Zenodo_19242690_Biopolymer_UCS_CBR_2026,10.1061/JMCEE7.MTENG-19201,biopolymer_multi_additive,UCS,210.0,,,21.0,,OH,Commercial clay,,,,,58.0,40.0,18.0,,,1.17267,,,0.0,,,,,,,,,1.0,,,,,,,,,,,,,,,,False,,,,,,,,0.0,,3.091042453358316
UCDV1_01568,Zenodo_19242690_Biopolymer_UCS_CBR_2026,10.1061/JMCEE7.MTENG-19201,biopolymer_multi_additive,UCS,360.0,,,21.0,,OH,Commercial clay,,,,,58.0,40.0,18.0,,,1.17267,,,0.0,,,,,,,,,1.0,,,,,,,,,,,,,,,,False,,,,,,,,0.0,,3.091042453358316
UCDV1_01569,Zenodo_19242690_Biopolymer_UCS_CBR_2026,10.1061/JMCEE7.MTENG-19201,biopolymer_multi_additive,UCS,470.0,,,21.0,,OH,Commercial clay,,,,,58.0,40.0,18.0,,,1.17267,,,0.0,,,,,,,,,1.0,,,,,,,,,,,,,,,,False,,,,,,,,0.0,,3.091042453358316
UCDV1_01570,Zenodo_19242690_Biopolymer_UCS_CBR_2026,10.1061/JMCEE7.MTENG-19201,biopolymer_multi_additive,UCS,635.0,,,21.0,,OH,Commercial clay,,,,,58.0,40.0,18.0,,,1.17267,,,0.0,,,,,,,,,1.0,,,,,,,,,,,,,,,,False,,,,,,,,0.0,,3.091042453358316
UCDV1_01571,Zenodo_19242690_Biopolymer_UCS_CBR_2026,10.1061/JMCEE7.MTENG-19201,biopolymer_multi_additive,UCS,120.0,,,1.0,,OH,Commercial clay,,,,,58.0,40.0,18.0,,,1.17267,,,0.0,,,,,,,,,0.5,,,,,,,,,,,,,,,,False,,,,,,,,0.0,,0.6931471805599453
UCDV1_01572,Zenodo_19242690_Biopolymer_UCS_CBR_2026,10.1061/JMCEE7.MTENG-19201,biopolymer_multi_additive,UCS,170.0,,,1.0,,OH,Commercial clay,,,,,58.0,40.0,18.0,,,1.17267,,,0.0,,,,,,,,,0.5,,,,,,,,,,,,,,,,False,,,,,,,,0.0,,0.6931471805599453
UCDV1_01573,Zenodo_19242690_Biopolymer_UCS_CBR_2026,10.1061/JMCEE7.MTENG-19201,biopolymer_multi_additive,UCS,280.0,,,1.0,,OH,Commercial clay,,,,,58.0,40.0,18.0,,,1.17267,,,0.0,,,,,,,,,0.5,,,,,,,,,,,,,,,,False,,,,,,,,0.0,,0.6931471805599453
UCDV1_01574,Zenodo_19242690_Biopolymer_UCS_CBR_2026,10.1061/JMCEE7.MTENG-19201,biopolymer_multi_additive,UCS,340.0,,,1.0,,OH,Commercial clay,,,,,58.0,40.0,18.0,,,1.17267,,,0.0,,,,,,,,,0.5,,,,,,,,,,,,,,,,False,,,,,,,,0.0,,0.6931471805599453
UCDV1_01575,Zenodo_19242690_Biopolymer_UCS_CBR_2026,10.1061/JMCEE7.MTENG-19201,biopolymer_multi_additive,UCS,480.0,,,1.0,,OH,Commercial clay,,,,,58.0,40.0,18.0,,,1.17267,,,0.0,,,,,,,,,0.5,,,,,,,,,,,,,,,,False,,,,,,,,0.0,,0.6931471805599453
UCDV1_01576,Zenodo_19242690_Biopolymer_UCS_CBR_2026,10.1061/JMCEE7.MTENG-19201,biopolymer_multi_additive,UCS,140.0,,,1.0,,OH,Commercial clay,,,,,58.0,40.0,18.0,,,1.17267,,,0.0,,,,,,,,,1.0,,,,,,,,,,,,,,,,False,,,,,,,,0.0,,0.6931471805599453
UCDV1_01577,Zenodo_19242690_Biopolymer_UCS_CBR_2026,10.1061/JMCEE7.MTENG-19201,biopolymer_multi_additive,UCS,180.0,,,1.0,,OH,Commercial clay,,,,,58.0,40.0,18.0,,,1.17267,,,0.0,,,,,,,,,1.0,,,,,,,,,,,,,,,,False,,,,,,,,0.0,,0.6931471805599453
UCDV1_01578,Zenodo_19242690_Biopolymer_UCS_CBR_2026,10.1061/JMCEE7.MTENG-19201,biopolymer_multi_additive,UCS,300.0,,,1.0,,OH,Commercial clay,,,,,58.0,40.0,18.0,,,1.17267,,,0.0,,,,,,,,,1.0,,,,,,,,,,,,,,,,False,,,,,,,,0.0,,0.6931471805599453
UCDV1_01579,Zenodo_19242690_Biopolymer_UCS_CBR_2026,10.1061/JMCEE7.MTENG-19201,biopolymer_multi_additive,UCS,350.0,,,1.0,,OH,Commercial clay,,,,,58.0,40.0,18.0,,,1.17267,,,0.0,,,,,,,,,1.0,,,,,,,,,,,,,,,,False,,,,,,,,0.0,,0.6931471805599453
UCDV1_01580,Zenodo_19242690_Biopolymer_UCS_CBR_2026,10.1061/JMCEE7.MTENG-19201,biopolymer_multi_additive,UCS,410.0,,,1.0,,OH,Commercial clay,,,,,58.0,40.0,18.0,,,1.17267,,,0.0,,,,,,,,,1.0,,,,,,,,,,,,,,,,False,,,,,,,,0.0,,0.6931471805599453
UCDV1_01581,Zenodo_19242690_Biopolymer_UCS_CBR_2026,10.1061/JMCEE7.MTENG-19201,biopolymer_multi_additive,UCS,130.0,,,7.0,,OH,Commercial clay,,,,,58.0,40.0,18.0,,,1.17267,,,0.0,,,,,,,,,0.5,,,,,,,,,,,,,,,,False,,,,,,,,0.0,,2.0794415416798357
UCDV1_01582,Zenodo_19242690_Biopolymer_UCS_CBR_2026,10.1061/JMCEE7.MTENG-19201,biopolymer_multi_additive,UCS,200.0,,,7.0,,OH,Commercial clay,,,,,58.0,40.0,18.0,,,1.17267,,,0.0,,,,,,,,,0.5,,,,,,,,,,,,,,,,False,,,,,,,,0.0,,2.0794415416798357
UCDV1_01583,Zenodo_19242690_Biopolymer_UCS_CBR_2026,10.1061/JMCEE7.MTENG-19201,biopolymer_multi_additive,UCS,360.0,,,7.0,,OH,Commercial clay,,,,,58.0,40.0,18.0,,,1.17267,,,0.0,,,,,,,,,0.5,,,,,,,,,,,,,,,,False,,,,,,,,0.0,,2.0794415416798357
UCDV1_01584,Zenodo_19242690_Biopolymer_UCS_CBR_2026,10.1061/JMCEE7.MTENG-19201,biopolymer_multi_additive,UCS,360.0,,,7.0,,OH,Commercial clay,,,,,58.0,40.0,18.0,,,1.17267,,,0.0,,,,,,,,,0.5,,,,,,,,,,,,,,,,False,,,,,,,,0.0,,2.0794415416798357
UCDV1_01585,Zenodo_19242690_Biopolymer_UCS_CBR_2026,10.1061/JMCEE7.MTENG-19201,biopolymer_multi_additive,UCS,500.0,,,7.0,,OH,Commercial clay,,,,,58.0,40.0,18.0,,,1.17267,,,0.0,,,,,,,,,0.5,,,,,,,,,,,,,,,,False,,,,,,,,0.0,,2.0794415416798357
UCDV1_01586,Zenodo_19242690_Biopolymer_UCS_CBR_2026,10.1061/JMCEE7.MTENG-19201,biopolymer_multi_additive,UCS,150.0,,,7.0,,OH,Commercial clay,,,,,58.0,40.0,18.0,,,1.17267,,,0.0,,,,,,,,,1.0,,,,,,,,,,,,,,,,False,,,,,,,,0.0,,2.0794415416798357
UCDV1_01587,Zenodo_19242690_Biopolymer_UCS_CBR_2026,10.1061/JMCEE7.MTENG-19201,biopolymer_multi_additive,UCS,180.0,,,7.0,,OH,Commercial clay,,,,,58.0,40.0,18.0,,,1.17267,,,0.0,,,,,,,,,1.0,,,,,,,,,,,,,,,,False,,,,,,,,0.0,,2.0794415416798357
UCDV1_01588,Zenodo_19242690_Biopolymer_UCS_CBR_2026,10.1061/JMCEE7.MTENG-19201,biopolymer_multi_additive,UCS,330.0,,,7.0,,OH,Commercial clay,,,,,58.0,40.0,18.0,,,1.17267,,,0.0,,,,,,,,,1.0,,,,,,,,,,,,,,,,False,,,,,,,,0.0,,2.0794415416798357
UCDV1_01589,Zenodo_19242690_Biopolymer_UCS_CBR_2026,10.1061/JMCEE7.MTENG-19201,biopolymer_multi_additive,UCS,390.0,,,7.0,,OH,Commercial clay,,,,,58.0,40.0,18.0,,,1.17267,,,0.0,,,,,,,,,1.0,,,,,,,,,,,,,,,,False,,,,,,,,0.0,,2.0794415416798357
UCDV1_01590,Zenodo_19242690_Biopolymer_UCS_CBR_2026,10.1061/JMCEE7.MTENG-19201,biopolymer_multi_additive,UCS,420.0,,,7.0,,OH,Commercial clay,,,,,58.0,40.0,18.0,,,1.17267,,,0.0,,,,,,,,,1.0,,,,,,,,,,,,,,,,False,,,,,,,,0.0,,2.0794415416798357
UCDV1_01591,Zenodo_19242690_Biopolymer_UCS_CBR_2026,10.1061/JMCEE7.MTENG-19201,biopolymer_multi_additive,UCS,140.0,,,21.0,,OH,Commercial clay,,,,,58.0,40.0,18.0,,,1.17267,,,0.0,,,,,,,,,0.5,,,,,,,,,,,,,,,,False,,,,,,,,0.0,,3.091042453358316
UCDV1_01592,Zenodo_19242690_Biopolymer_UCS_CBR_2026,10.1061/JMCEE7.MTENG-19201,biopolymer_multi_additive,UCS,220.0,,,21.0,,OH,Commercial clay,,,,,58.0,40.0,18.0,,,1.17267,,,0.0,,,,,,,,,0.5,,,,,,,,,,,,,,,,False,,,,,,,,0.0,,3.091042453358316
UCDV1_01593,Zenodo_19242690_Biopolymer_UCS_CBR_2026,10.1061/JMCEE7.MTENG-19201,biopolymer_multi_additive,UCS,420.0,,,21.0,,OH,Commercial clay,,,,,58.0,40.0,18.0,,,1.17267,,,0.0,,,,,,,,,0.5,,,,,,,,,,,,,,,,False,,,,,,,,0.0,,3.091042453358316
UCDV1_01594,Zenodo_19242690_Biopolymer_UCS_CBR_2026,10.1061/JMCEE7.MTENG-19201,biopolymer_multi_additive,UCS,470.0,,,21.0,,OH,Commercial clay,,,,,58.0,40.0,18.0,,,1.17267,,,0.0,,,,,,,,,0.5,,,,,,,,,,,,,,,,False,,,,,,,,0.0,,3.091042453358316
UCDV1_01595,Zenodo_19242690_Biopolymer_UCS_CBR_2026,10.1061/JMCEE7.MTENG-19201,biopolymer_multi_additive,UCS,520.0,,,21.0,,OH,Commercial clay,,,,,58.0,40.0,18.0,,,1.17267,,,0.0,,,,,,,,,0.5,,,,,,,,,,,,,,,,False,,,,,,,,0.0,,3.091042453358316
UCDV1_01596,Zenodo_19242690_Biopolymer_UCS_CBR_2026,10.1061/JMCEE7.MTENG-19201,biopolymer_multi_additive,UCS,160.0,,,21.0,,OH,Commercial clay,,,,,58.0,40.0,18.0,,,1.17267,,,0.0,,,,,,,,,1.0,,,,,,,,,,,,,,,,False,,,,,,,,0.0,,3.091042453358316
UCDV1_01597,Zenodo_19242690_Biopolymer_UCS_CBR_2026,10.1061/JMCEE7.MTENG-19201,biopolymer_multi_additive,UCS,240.0,,,21.0,,OH,Commercial clay,,,,,58.0,40.0,18.0,,,1.17267,,,0.0,,,,,,,,,1.0,,,,,,,,,,,,,,,,False,,,,,,,,0.0,,3.091042453358316
UCDV1_01598,Zenodo_19242690_Biopolymer_UCS_CBR_2026,10.1061/JMCEE7.MTENG-19201,biopolymer_multi_additive,UCS,380.0,,,21.0,,OH,Commercial clay,,,,,58.0,40.0,18.0,,,1.17267,,,0.0,,,,,,,,,1.0,,,,,,,,,,,,,,,,False,,,,,,,,0.0,,3.091042453358316
UCDV1_01599,Zenodo_19242690_Biopolymer_UCS_CBR_2026,10.1061/JMCEE7.MTENG-19201,biopolymer_multi_additive,UCS,430.0,,,21.0,,OH,Commercial clay,,,,,58.0,40.0,18.0,,,1.17267,,,0.0,,,,,,,,,1.0,,,,,,,,,,,,,,,,False,,,,,,,,0.0,,3.091042453358316
UCDV1_01600,Zenodo_19242690_Biopolymer_UCS_CBR_2026,10.1061/JMCEE7.MTENG-19201,biopolymer_multi_additive,UCS,470.0,,,21.0,,OH,Commercial clay,,,,,58.0,40.0,18.0,,,1.17267,,,0.0,,,,,,,,,1.0,,,,,,,,,,,,,,,,False,,,,,,,,0.0,,3.091042453358316
UCDV1_01601,Zenodo_19242690_Biopolymer_UCS_CBR_2026,10.1051/e3sconf/202339101004,biopolymer_multi_additive,UCS,200.0,,,7.0,,CH,"Undavalli in Guntur District, Andhra Pradesh ",5.0,49.0,46.0,,72.0,27.0,45.0,2.68,25.0,1.51,,,0.0,,,,,,,,,0.0,,,,,,,,,,,,,,,,False,,,,,0.9782608695652174,,,0.0,0.0,2.0794415416798357
UCDV1_01602,Zenodo_19242690_Biopolymer_UCS_CBR_2026,10.1051/e3sconf/202339101004,biopolymer_multi_additive,UCS,210.0,,,14.0,,CH,"Undavalli in Guntur District, Andhra Pradesh ",5.0,49.0,46.0,,72.0,27.0,45.0,2.68,25.0,1.51,,,0.0,,,,,,,,,0.0,,,,,,,,,,,,,,,,False,,,,,0.9782608695652174,,,0.0,0.0,2.70805020110221
UCDV1_01603,Zenodo_19242690_Biopolymer_UCS_CBR_2026,10.1051/e3sconf/202339101004,biopolymer_multi_additive,UCS,230.0,,,28.0,,CH,"Undavalli in Guntur District, Andhra Pradesh ",5.0,49.0,46.0,,72.0,27.0,45.0,2.68,25.0,1.51,,,0.0,,,,,,,,,0.0,,,,,,,,,,,,,,,,False,,,,,0.9782608695652174,,,0.0,0.0,3.367295829986474
UCDV1_01604,Zenodo_19242690_Biopolymer_UCS_CBR_2026,10.1051/e3sconf/202339101004,biopolymer_multi_additive,UCS,370.0,,,56.0,,CH,"Undavalli in Guntur District, Andhra Pradesh ",5.0,49.0,46.0,,72.0,27.0,45.0,2.68,25.0,1.51,,,0.0,,,,,,,,,0.0,,,,,,,,,,,,,,,,False,,,,,0.9782608695652174,,,0.0,0.0,4.04305126783455
UCDV1_01605,Zenodo_19242690_Biopolymer_UCS_CBR_2026,10.1051/e3sconf/202339101004,biopolymer_multi_additive,UCS,230.0,,,7.0,,CH,"Undavalli in Guntur District, Andhra Pradesh ",5.0,49.0,46.0,,72.0,27.0,45.0,2.68,27.0,1.5,,,0.0,,,,,,,,,0.6,,,,,,,,,,,,,,,,False,,,,,0.9782608695652174,,,0.0,0.0,2.0794415416798357
UCDV1_01606,Zenodo_19242690_Biopolymer_UCS_CBR_2026,10.1051/e3sconf/202339101004,biopolymer_multi_additive,UCS,240.0,,,14.0,,CH,"Undavalli in Guntur District, Andhra Pradesh ",5.0,49.0,46.0,,72.0,27.0,45.0,2.68,27.0,1.5,,,0.0,,,,,,,,,0.6,,,,,,,,,,,,,,,,False,,,,,0.9782608695652174,,,0.0,0.0,2.70805020110221
UCDV1_01607,Zenodo_19242690_Biopolymer_UCS_CBR_2026,10.1051/e3sconf/202339101004,biopolymer_multi_additive,UCS,300.0,,,28.0,,CH,"Undavalli in Guntur District, Andhra Pradesh ",5.0,49.0,46.0,,72.0,27.0,45.0,2.68,27.0,1.5,,,0.0,,,,,,,,,0.6,,,,,,,,,,,,,,,,False,,,,,0.9782608695652174,,,0.0,0.0,3.367295829986474
UCDV1_01608,Zenodo_19242690_Biopolymer_UCS_CBR_2026,10.1051/e3sconf/202339101004,biopolymer_multi_additive,UCS,450.0,,,56.0,,CH,"Undavalli in Guntur District, Andhra Pradesh ",5.0,49.0,46.0,,72.0,27.0,45.0,2.68,27.0,1.5,,,0.0,,,,,,,,,0.6,,,,,,,,,,,,,,,,False,,,,,0.9782608695652174,,,0.0,0.0,4.04305126783455
UCDV1_01609,Zenodo_19242690_Biopolymer_UCS_CBR_2026,10.1051/e3sconf/202339101004,biopolymer_multi_additive,UCS,240.0,,,7.0,,CH,"Undavalli in Guntur District, Andhra Pradesh ",5.0,49.0,46.0,,72.0,27.0,45.0,2.68,28.3,1.48,,,0.0,,,,,,,,,0.6,,,,,,,,,,,,,,,,False,,,,,0.9782608695652174,,,0.0,0.0,2.0794415416798357
UCDV1_01610,Zenodo_19242690_Biopolymer_UCS_CBR_2026,10.1051/e3sconf/202339101004,biopolymer_multi_additive,UCS,260.0,,,14.0,,CH,"Undavalli in Guntur District, Andhra Pradesh ",5.0,49.0,46.0,,72.0,27.0,45.0,2.68,28.3,1.48,,,0.0,,,,,,,,,0.6,,,,,,,,,,,,,,,,False,,,,,0.9782608695652174,,,0.0,0.0,2.70805020110221
UCDV1_01611,Zenodo_19242690_Biopolymer_UCS_CBR_2026,10.1051/e3sconf/202339101004,biopolymer_multi_additive,UCS,350.0,,,28.0,,CH,"Undavalli in Guntur District, Andhra Pradesh ",5.0,49.0,46.0,,72.0,27.0,45.0,2.68,28.3,1.48,,,0.0,,,,,,,,,0.6,,,,,,,,,,,,,,,,False,,,,,0.9782608695652174,,,0.0,0.0,3.367295829986474
UCDV1_01612,Zenodo_19242690_Biopolymer_UCS_CBR_2026,10.1051/e3sconf/202339101004,biopolymer_multi_additive,UCS,500.0,,,56.0,,CH,"Undavalli in Guntur District, Andhra Pradesh ",5.0,49.0,46.0,,72.0,27.0,45.0,2.68,28.3,1.48,,,0.0,,,,,,,,,0.6,,,,,,,,,,,,,,,,False,,,,,0.9782608695652174,,,0.0,0.0,4.04305126783455
UCDV1_01613,Zenodo_19242690_Biopolymer_UCS_CBR_2026,10.1051/e3sconf/202339101004,biopolymer_multi_additive,UCS,290.0,,,7.0,,CH,"Undavalli in Guntur District, Andhra Pradesh ",5.0,49.0,46.0,,72.0,27.0,45.0,2.68,29.5,1.45,,,0.0,,,,,,,,,0.6,,,,,,,,,,,,,,,,False,,,,,0.9782608695652174,,,0.0,0.0,2.0794415416798357
UCDV1_01614,Zenodo_19242690_Biopolymer_UCS_CBR_2026,10.1051/e3sconf/202339101004,biopolymer_multi_additive,UCS,340.0,,,14.0,,CH,"Undavalli in Guntur District, Andhra Pradesh ",5.0,49.0,46.0,,72.0,27.0,45.0,2.68,29.5,1.45,,,0.0,,,,,,,,,0.6,,,,,,,,,,,,,,,,False,,,,,0.9782608695652174,,,0.0,0.0,2.70805020110221
UCDV1_01615,Zenodo_19242690_Biopolymer_UCS_CBR_2026,10.1051/e3sconf/202339101004,biopolymer_multi_additive,UCS,380.0,,,28.0,,CH,"Undavalli in Guntur District, Andhra Pradesh ",5.0,49.0,46.0,,72.0,27.0,45.0,2.68,29.5,1.45,,,0.0,,,,,,,,,0.6,,,,,,,,,,,,,,,,False,,,,,0.9782608695652174,,,0.0,0.0,3.367295829986474
UCDV1_01616,Zenodo_19242690_Biopolymer_UCS_CBR_2026,10.1051/e3sconf/202339101004,biopolymer_multi_additive,UCS,550.0,,,56.0,,CH,"Undavalli in Guntur District, Andhra Pradesh ",5.0,49.0,46.0,,72.0,27.0,45.0,2.68,29.5,1.45,,,0.0,,,,,,,,,0.6,,,,,,,,,,,,,,,,False,,,,,0.9782608695652174,,,0.0,0.0,4.04305126783455
UCDV1_01617,Zenodo_19242690_Biopolymer_UCS_CBR_2026,10.1051/e3sconf/202339101004,biopolymer_multi_additive,UCS,330.0,,,7.0,,CH,"Undavalli in Guntur District, Andhra Pradesh ",5.0,49.0,46.0,,72.0,27.0,45.0,2.68,30.5,1.43,,,0.0,,,,,,,,,0.6,,,,,,,,,,,,,,,,False,,,,,0.9782608695652174,,,0.0,0.0,2.0794415416798357
UCDV1_01618,Zenodo_19242690_Biopolymer_UCS_CBR_2026,10.1051/e3sconf/202339101004,biopolymer_multi_additive,UCS,360.0,,,14.0,,CH,"Undavalli in Guntur District, Andhra Pradesh ",5.0,49.0,46.0,,72.0,27.0,45.0,2.68,30.5,1.43,,,0.0,,,,,,,,,0.6,,,,,,,,,,,,,,,,False,,,,,0.9782608695652174,,,0.0,0.0,2.70805020110221
UCDV1_01619,Zenodo_19242690_Biopolymer_UCS_CBR_2026,10.1051/e3sconf/202339101004,biopolymer_multi_additive,UCS,400.0,,,28.0,,CH,"Undavalli in Guntur District, Andhra Pradesh ",5.0,49.0,46.0,,72.0,27.0,45.0,2.68,30.5,1.43,,,0.0,,,,,,,,,0.6,,,,,,,,,,,,,,,,False,,,,,0.9782608695652174,,,0.0,0.0,3.367295829986474
UCDV1_01620,Zenodo_19242690_Biopolymer_UCS_CBR_2026,10.1051/e3sconf/202339101004,biopolymer_multi_additive,UCS,560.0,,,56.0,,CH,"Undavalli in Guntur District, Andhra Pradesh ",5.0,49.0,46.0,,72.0,27.0,45.0,2.68,30.5,1.43,,,0.0,,,,,,,,,0.6,,,,,,,,,,,,,,,,False,,,,,0.9782608695652174,,,0.0,0.0,4.04305126783455
UCDV1_01621,Zenodo_19242690_Biopolymer_UCS_CBR_2026,10.1007/s40098-025-01375-4,biopolymer_multi_additive,UCS,751.1894,,,0.0,,OH,"Kuttanad region , Alappuzha, Kerala",6.5,11.5,82.0,,51.0,33.0,18.0,2.3,32.0,1.38,,,0.0,,,,,,,,,2.5,,,,,,,,,,,,,,,,False,,,,,0.21951219512195122,,,0.0,0.0,0.0
UCDV1_01622,Zenodo_19242690_Biopolymer_UCS_CBR_2026,10.1007/s40098-025-01375-4,biopolymer_multi_additive,UCS,1971.137,,,7.0,,OH,"Kuttanad region , Alappuzha, Kerala",6.5,11.5,82.0,,51.0,33.0,18.0,2.3,32.0,1.38,,,0.0,,,,,,,,,2.5,,,,,,,,,,,,,,,,False,,,,,0.21951219512195122,,,0.0,0.0,2.0794415416798357
UCDV1_01623,Zenodo_19242690_Biopolymer_UCS_CBR_2026,10.1007/s40098-025-01375-4,biopolymer_multi_additive,UCS,3183.2386,,,14.0,,OH,"Kuttanad region , Alappuzha, Kerala",6.5,11.5,82.0,,51.0,33.0,18.0,2.3,32.0,1.38,,,0.0,,,,,,,,,2.5,,,,,,,,,,,,,,,,False,,,,,0.21951219512195122,,,0.0,0.0,2.70805020110221
UCDV1_01624,Zenodo_19242690_Biopolymer_UCS_CBR_2026,10.1007/s40098-025-01375-4,biopolymer_multi_additive,UCS,3726.53,,,28.0,,OH,"Kuttanad region , Alappuzha, Kerala",6.5,11.5,82.0,,51.0,33.0,18.0,2.3,32.0,1.38,,,0.0,,,,,,,,,2.5,,,,,,,,,,,,,,,,False,,,,,0.21951219512195122,,,0.0,0.0,3.367295829986474
UCDV1_01625,Zenodo_19242690_Biopolymer_UCS_CBR_2026,10.1080/1064119X.2025.2518484,biopolymer_multi_additive,UCS,105.0,,,3.0,,CL,"Nanjing, Jiangsu Province, China",22.1,71.3,6.6,,33.4,23.3,10.1,2.7,,,,,0.0,,,,,,,,,0.0,,,,,,,,,,,,,,,,False,,,,,1.5303030303030303,,,0.0,0.0,1.3862943611198906
UCDV1_01626,Zenodo_19242690_Biopolymer_UCS_CBR_2026,10.1080/1064119X.2025.2518484,biopolymer_multi_additive,UCS,220.0,,,3.0,,CL,"Nanjing, Jiangsu Province, China",22.1,71.3,6.6,,33.4,23.3,10.1,2.7,,,,,0.01,,,,,,,,,0.01,,,,,,,,,,,,,,,,False,,,,,1.5303030303030303,,,0.01,0.0015151515151515154,1.3862943611198906
UCDV1_01627,Zenodo_19242690_Biopolymer_UCS_CBR_2026,10.1080/1064119X.2025.2518484,biopolymer_multi_additive,UCS,290.0,,,3.0,,CL,"Nanjing, Jiangsu Province, China",22.1,71.3,6.6,,33.4,23.3,10.1,2.7,,,,,0.02,,,,,,,,,0.02,,,,,,,,,,,,,,,,False,,,,,1.5303030303030303,,,0.02,0.0030303030303030307,1.3862943611198906
UCDV1_01628,Zenodo_19242690_Biopolymer_UCS_CBR_2026,10.1080/1064119X.2025.2518484,biopolymer_multi_additive,UCS,250.0,,,3.0,,CL,"Nanjing, Jiangsu Province, China",22.1,71.3,6.6,,33.4,23.3,10.1,2.7,,,,,0.03,,,,,,,,,0.03,,,,,,,,,,,,,,,,False,,,,,1.5303030303030303,,,0.03,0.004545454545454545,1.3862943611198906
UCDV1_01629,Zenodo_19242690_Biopolymer_UCS_CBR_2026,10.1080/1064119X.2025.2518484,biopolymer_multi_additive,UCS,200.0,,,3.0,,CL,"Nanjing, Jiangsu Province, China",22.1,71.3,6.6,,33.4,23.3,10.1,2.7,,,,,0.04,,,,,,,,,0.04,,,,,,,,,,,,,,,,False,,,,,1.5303030303030303,,,0.04,0.0060606060606060615,1.3862943611198906
UCDV1_01630,Zenodo_19242690_Biopolymer_UCS_CBR_2026,10.1080/1064119X.2025.2518484,biopolymer_multi_additive,UCS,155.0,,,7.0,,CL,"Nanjing, Jiangsu Province, China",22.1,71.3,6.6,,33.4,23.3,10.1,2.7,,,,,0.0,,,,,,,,,0.0,,,,,,,,,,,,,,,,False,,,,,1.5303030303030303,,,0.0,0.0,2.0794415416798357
UCDV1_01631,Zenodo_19242690_Biopolymer_UCS_CBR_2026,10.1080/1064119X.2025.2518484,biopolymer_multi_additive,UCS,260.0,,,7.0,,CL,"Nanjing, Jiangsu Province, China",22.1,71.3,6.6,,33.4,23.3,10.1,2.7,,,,,0.01,,,,,,,,,0.01,,,,,,,,,,,,,,,,False,,,,,1.5303030303030303,,,0.01,0.0015151515151515154,2.0794415416798357
UCDV1_01632,Zenodo_19242690_Biopolymer_UCS_CBR_2026,10.1080/1064119X.2025.2518484,biopolymer_multi_additive,UCS,410.0,,,7.0,,CL,"Nanjing, Jiangsu Province, China",22.1,71.3,6.6,,33.4,23.3,10.1,2.7,,,,,0.02,,,,,,,,,0.02,,,,,,,,,,,,,,,,False,,,,,1.5303030303030303,,,0.02,0.0030303030303030307,2.0794415416798357
UCDV1_01633,Zenodo_19242690_Biopolymer_UCS_CBR_2026,10.1080/1064119X.2025.2518484,biopolymer_multi_additive,UCS,290.0,,,7.0,,CL,"Nanjing, Jiangsu Province, China",22.1,71.3,6.6,,33.4,23.3,10.1,2.7,,,,,0.03,,,,,,,,,0.03,,,,,,,,,,,,,,,,False,,,,,1.5303030303030303,,,0.03,0.004545454545454545,2.0794415416798357
UCDV1_01634,Zenodo_19242690_Biopolymer_UCS_CBR_2026,10.1080/1064119X.2025.2518484,biopolymer_multi_additive,UCS,245.0,,,7.0,,CL,"Nanjing, Jiangsu Province, China",22.1,71.3,6.6,,33.4,23.3,10.1,2.7,,,,,0.04,,,,,,,,,0.04,,,,,,,,,,,,,,,,False,,,,,1.5303030303030303,,,0.04,0.0060606060606060615,2.0794415416798357
UCDV1_01635,Zenodo_19242690_Biopolymer_UCS_CBR_2026,10.1080/1064119X.2025.2518484,biopolymer_multi_additive,UCS,185.0,,,14.0,,CL,"Nanjing, Jiangsu Province, China",22.1,71.3,6.6,,33.4,23.3,10.1,2.7,,,,,0.0,,,,,,,,,0.0,,,,,,,,,,,,,,,,False,,,,,1.5303030303030303,,,0.0,0.0,2.70805020110221
UCDV1_01636,Zenodo_19242690_Biopolymer_UCS_CBR_2026,10.1080/1064119X.2025.2518484,biopolymer_multi_additive,UCS,345.0,,,14.0,,CL,"Nanjing, Jiangsu Province, China",22.1,71.3,6.6,,33.4,23.3,10.1,2.7,,,,,0.01,,,,,,,,,0.01,,,,,,,,,,,,,,,,False,,,,,1.5303030303030303,,,0.01,0.0015151515151515154,2.70805020110221
UCDV1_01637,Zenodo_19242690_Biopolymer_UCS_CBR_2026,10.1080/1064119X.2025.2518484,biopolymer_multi_additive,UCS,450.0,,,14.0,,CL,"Nanjing, Jiangsu Province, China",22.1,71.3,6.6,,33.4,23.3,10.1,2.7,,,,,0.02,,,,,,,,,0.02,,,,,,,,,,,,,,,,False,,,,,1.5303030303030303,,,0.02,0.0030303030303030307,2.70805020110221
UCDV1_01638,Zenodo_19242690_Biopolymer_UCS_CBR_2026,10.1080/1064119X.2025.2518484,biopolymer_multi_additive,UCS,350.0,,,14.0,,CL,"Nanjing, Jiangsu Province, China",22.1,71.3,6.6,,33.4,23.3,10.1,2.7,,,,,0.03,,,,,,,,,0.03,,,,,,,,,,,,,,,,False,,,,,1.5303030303030303,,,0.03,0.004545454545454545,2.70805020110221
UCDV1_01639,Zenodo_19242690_Biopolymer_UCS_CBR_2026,10.1080/1064119X.2025.2518484,biopolymer_multi_additive,UCS,290.0,,,14.0,,CL,"Nanjing, Jiangsu Province, China",22.1,71.3,6.6,,33.4,23.3,10.1,2.7,,,,,0.04,,,,,,,,,0.04,,,,,,,,,,,,,,,,False,,,,,1.5303030303030303,,,0.04,0.0060606060606060615,2.70805020110221
UCDV1_01640,Zenodo_19242690_Biopolymer_UCS_CBR_2026,10.1080/1064119X.2025.2518484,biopolymer_multi_additive,UCS,235.0,,,28.0,,CL,"Nanjing, Jiangsu Province, China",22.1,71.3,6.6,,33.4,23.3,10.1,2.7,,,,,0.0,,,,,,,,,0.0,,,,,,,,,,,,,,,,False,,,,,1.5303030303030303,,,0.0,0.0,3.367295829986474
UCDV1_01641,Zenodo_19242690_Biopolymer_UCS_CBR_2026,10.1080/1064119X.2025.2518484,biopolymer_multi_additive,UCS,365.0,,,28.0,,CL,"Nanjing, Jiangsu Province, China",22.1,71.3,6.6,,33.4,23.3,10.1,2.7,,,,,0.01,,,,,,,,,0.01,,,,,,,,,,,,,,,,False,,,,,1.5303030303030303,,,0.01,0.0015151515151515154,3.367295829986474
UCDV1_01642,Zenodo_19242690_Biopolymer_UCS_CBR_2026,10.1080/1064119X.2025.2518484,biopolymer_multi_additive,UCS,510.0,,,28.0,,CL,"Nanjing, Jiangsu Province, China",22.1,71.3,6.6,,33.4,23.3,10.1,2.7,,,,,0.02,,,,,,,,,0.02,,,,,,,,,,,,,,,,False,,,,,1.5303030303030303,,,0.02,0.0030303030303030307,3.367295829986474
UCDV1_01643,Zenodo_19242690_Biopolymer_UCS_CBR_2026,10.1080/1064119X.2025.2518484,biopolymer_multi_additive,UCS,380.0,,,28.0,,CL,"Nanjing, Jiangsu Province, China",22.1,71.3,6.6,,33.4,23.3,10.1,2.7,,,,,0.03,,,,,,,,,0.03,,,,,,,,,,,,,,,,False,,,,,1.5303030303030303,,,0.03,0.004545454545454545,3.367295829986474
UCDV1_01644,Zenodo_19242690_Biopolymer_UCS_CBR_2026,10.1080/1064119X.2025.2518484,biopolymer_multi_additive,UCS,395.0,,,28.0,,CL,"Nanjing, Jiangsu Province, China",22.1,71.3,6.6,,33.4,23.3,10.1,2.7,,,,,0.04,,,,,,,,,0.04,,,,,,,,,,,,,,,,False,,,,,1.5303030303030303,,,0.04,0.0060606060606060615,3.367295829986474
UCDV1_01645,Zenodo_19242690_Biopolymer_UCS_CBR_2026,10.1080/1064119X.2025.2518484,biopolymer_multi_additive,UCS,250.0,,,3.0,,CL,"Nanjing, Jiangsu Province, China",22.1,71.3,6.6,,33.4,23.3,10.1,2.7,,,,,0.01,,,,,,,,,0.01,,,,,,,,,,,,,,,,False,,,,,1.5303030303030303,,,0.01,0.0015151515151515154,1.3862943611198906
UCDV1_01646,Zenodo_19242690_Biopolymer_UCS_CBR_2026,10.1080/1064119X.2025.2518484,biopolymer_multi_additive,UCS,340.0,,,3.0,,CL,"Nanjing, Jiangsu Province, China",22.1,71.3,6.6,,33.4,23.3,10.1,2.7,,,,,0.02,,,,,,,,,0.02,,,,,,,,,,,,,,,,False,,,,,1.5303030303030303,,,0.02,0.0030303030303030307,1.3862943611198906
UCDV1_01647,Zenodo_19242690_Biopolymer_UCS_CBR_2026,10.1080/1064119X.2025.2518484,biopolymer_multi_additive,UCS,260.0,,,3.0,,CL,"Nanjing, Jiangsu Province, China",22.1,71.3,6.6,,33.4,23.3,10.1,2.7,,,,,0.03,,,,,,,,,0.03,,,,,,,,,,,,,,,,False,,,,,1.5303030303030303,,,0.03,0.004545454545454545,1.3862943611198906
UCDV1_01648,Zenodo_19242690_Biopolymer_UCS_CBR_2026,10.1080/1064119X.2025.2518484,biopolymer_multi_additive,UCS,180.0,,,3.0,,CL,"Nanjing, Jiangsu Province, China",22.1,71.3,6.6,,33.4,23.3,10.1,2.7,,,,,0.04,,,,,,,,,0.04,,,,,,,,,,,,,,,,False,,,,,1.5303030303030303,,,0.04,0.0060606060606060615,1.3862943611198906
UCDV1_01649,Zenodo_19242690_Biopolymer_UCS_CBR_2026,10.1080/1064119X.2025.2518484,biopolymer_multi_additive,UCS,340.0,,,7.0,,CL,"Nanjing, Jiangsu Province, China",22.1,71.3,6.6,,33.4,23.3,10.1,2.7,,,,,0.01,,,,,,,,,0.01,,,,,,,,,,,,,,,,False,,,,,1.5303030303030303,,,0.01,0.0015151515151515154,2.0794415416798357
UCDV1_01650,Zenodo_19242690_Biopolymer_UCS_CBR_2026,10.1080/1064119X.2025.2518484,biopolymer_multi_additive,UCS,425.0,,,7.0,,CL,"Nanjing, Jiangsu Province, China",22.1,71.3,6.6,,33.4,23.3,10.1,2.7,,,,,0.02,,,,,,,,,0.02,,,,,,,,,,,,,,,,False,,,,,1.5303030303030303,,,0.02,0.0030303030303030307,2.0794415416798357
UCDV1_01651,Zenodo_19242690_Biopolymer_UCS_CBR_2026,10.1080/1064119X.2025.2518484,biopolymer_multi_additive,UCS,355.0,,,7.0,,CL,"Nanjing, Jiangsu Province, China",22.1,71.3,6.6,,33.4,23.3,10.1,2.7,,,,,0.03,,,,,,,,,0.03,,,,,,,,,,,,,,,,False,,,,,1.5303030303030303,,,0.03,0.004545454545454545,2.0794415416798357
UCDV1_01652,Zenodo_19242690_Biopolymer_UCS_CBR_2026,10.1080/1064119X.2025.2518484,biopolymer_multi_additive,UCS,240.0,,,7.0,,CL,"Nanjing, Jiangsu Province, China",22.1,71.3,6.6,,33.4,23.3,10.1,2.7,,,,,0.04,,,,,,,,,0.04,,,,,,,,,,,,,,,,False,,,,,1.5303030303030303,,,0.04,0.0060606060606060615,2.0794415416798357
UCDV1_01653,Zenodo_19242690_Biopolymer_UCS_CBR_2026,10.1080/1064119X.2025.2518484,biopolymer_multi_additive,UCS,420.0,,,14.0,,CL,"Nanjing, Jiangsu Province, China",22.1,71.3,6.6,,33.4,23.3,10.1,2.7,,,,,0.01,,,,,,,,,0.01,,,,,,,,,,,,,,,,False,,,,,1.5303030303030303,,,0.01,0.0015151515151515154,2.70805020110221
UCDV1_01654,Zenodo_19242690_Biopolymer_UCS_CBR_2026,10.1080/1064119X.2025.2518484,biopolymer_multi_additive,UCS,515.0,,,14.0,,CL,"Nanjing, Jiangsu Province, China",22.1,71.3,6.6,,33.4,23.3,10.1,2.7,,,,,0.02,,,,,,,,,0.02,,,,,,,,,,,,,,,,False,,,,,1.5303030303030303,,,0.02,0.0030303030303030307,2.70805020110221
UCDV1_01655,Zenodo_19242690_Biopolymer_UCS_CBR_2026,10.1080/1064119X.2025.2518484,biopolymer_multi_additive,UCS,440.0,,,14.0,,CL,"Nanjing, Jiangsu Province, China",22.1,71.3,6.6,,33.4,23.3,10.1,2.7,,,,,0.03,,,,,,,,,0.03,,,,,,,,,,,,,,,,False,,,,,1.5303030303030303,,,0.03,0.004545454545454545,2.70805020110221
UCDV1_01656,Zenodo_19242690_Biopolymer_UCS_CBR_2026,10.1080/1064119X.2025.2518484,biopolymer_multi_additive,UCS,335.0,,,14.0,,CL,"Nanjing, Jiangsu Province, China",22.1,71.3,6.6,,33.4,23.3,10.1,2.7,,,,,0.04,,,,,,,,,0.04,,,,,,,,,,,,,,,,False,,,,,1.5303030303030303,,,0.04,0.0060606060606060615,2.70805020110221
UCDV1_01657,Zenodo_19242690_Biopolymer_UCS_CBR_2026,10.1080/1064119X.2025.2518484,biopolymer_multi_additive,UCS,440.0,,,28.0,,CL,"Nanjing, Jiangsu Province, China",22.1,71.3,6.6,,33.4,23.3,10.1,2.7,,,,,0.01,,,,,,,,,0.01,,,,,,,,,,,,,,,,False,,,,,1.5303030303030303,,,0.01,0.0015151515151515154,3.367295829986474
UCDV1_01658,Zenodo_19242690_Biopolymer_UCS_CBR_2026,10.1080/1064119X.2025.2518484,biopolymer_multi_additive,UCS,550.0,,,28.0,,CL,"Nanjing, Jiangsu Province, China",22.1,71.3,6.6,,33.4,23.3,10.1,2.7,,,,,0.02,,,,,,,,,0.02,,,,,,,,,,,,,,,,False,,,,,1.5303030303030303,,,0.02,0.0030303030303030307,3.367295829986474
UCDV1_01659,Zenodo_19242690_Biopolymer_UCS_CBR_2026,10.1080/1064119X.2025.2518484,biopolymer_multi_additive,UCS,450.0,,,28.0,,CL,"Nanjing, Jiangsu Province, China",22.1,71.3,6.6,,33.4,23.3,10.1,2.7,,,,,0.03,,,,,,,,,0.03,,,,,,,,,,,,,,,,False,,,,,1.5303030303030303,,,0.03,0.004545454545454545,3.367295829986474
UCDV1_01660,Zenodo_19242690_Biopolymer_UCS_CBR_2026,10.1080/1064119X.2025.2518484,biopolymer_multi_additive,UCS,360.0,,,28.0,,CL,"Nanjing, Jiangsu Province, China",22.1,71.3,6.6,,33.4,23.3,10.1,2.7,,,,,0.04,,,,,,,,,0.04,,,,,,,,,,,,,,,,False,,,,,1.5303030303030303,,,0.04,0.0060606060606060615,3.367295829986474
UCDV1_01661,Zenodo_19242690_Biopolymer_UCS_CBR_2026,10.1080/1064119X.2025.2518484,biopolymer_multi_additive,UCS,100.0,,,3.0,,CL,"Nanjing, Jiangsu Province, China",22.1,71.3,6.6,,33.4,23.3,10.1,2.7,,,,,0.0,,,,,,,,,0.0,,,,,,,,,,,,,,,,False,,,,,1.5303030303030303,,,0.0,0.0,1.3862943611198906
UCDV1_01662,Zenodo_19242690_Biopolymer_UCS_CBR_2026,10.1080/1064119X.2025.2518484,biopolymer_multi_additive,UCS,350.0,,,3.0,,CL,"Nanjing, Jiangsu Province, China",22.1,71.3,6.6,,33.4,23.3,10.1,2.7,,,,,0.01,,,,,,,,,0.01,,,,,,,,,,,,,,,,False,,,,,1.5303030303030303,,,0.01,0.0015151515151515154,1.3862943611198906
UCDV1_01663,Zenodo_19242690_Biopolymer_UCS_CBR_2026,10.1080/1064119X.2025.2518484,biopolymer_multi_additive,UCS,430.0,,,3.0,,CL,"Nanjing, Jiangsu Province, China",22.1,71.3,6.6,,33.4,23.3,10.1,2.7,,,,,0.02,,,,,,,,,0.02,,,,,,,,,,,,,,,,False,,,,,1.5303030303030303,,,0.02,0.0030303030303030307,1.3862943611198906
UCDV1_01664,Zenodo_19242690_Biopolymer_UCS_CBR_2026,10.1080/1064119X.2025.2518484,biopolymer_multi_additive,UCS,410.0,,,3.0,,CL,"Nanjing, Jiangsu Province, China",22.1,71.3,6.6,,33.4,23.3,10.1,2.7,,,,,0.03,,,,,,,,,0.03,,,,,,,,,,,,,,,,False,,,,,1.5303030303030303,,,0.03,0.004545454545454545,1.3862943611198906
UCDV1_01665,Zenodo_19242690_Biopolymer_UCS_CBR_2026,10.1080/1064119X.2025.2518484,biopolymer_multi_additive,UCS,280.0,,,3.0,,CL,"Nanjing, Jiangsu Province, China",22.1,71.3,6.6,,33.4,23.3,10.1,2.7,,,,,0.04,,,,,,,,,0.04,,,,,,,,,,,,,,,,False,,,,,1.5303030303030303,,,0.04,0.0060606060606060615,1.3862943611198906
UCDV1_01666,Zenodo_19242690_Biopolymer_UCS_CBR_2026,10.1080/1064119X.2025.2518484,biopolymer_multi_additive,UCS,140.0,,,7.0,,CL,"Nanjing, Jiangsu Province, China",22.1,71.3,6.6,,33.4,23.3,10.1,2.7,,,,,0.0,,,,,,,,,0.0,,,,,,,,,,,,,,,,False,,,,,1.5303030303030303,,,0.0,0.0,2.0794415416798357
UCDV1_01667,Zenodo_19242690_Biopolymer_UCS_CBR_2026,10.1080/1064119X.2025.2518484,biopolymer_multi_additive,UCS,500.0,,,7.0,,CL,"Nanjing, Jiangsu Province, China",22.1,71.3,6.6,,33.4,23.3,10.1,2.7,,,,,0.01,,,,,,,,,0.01,,,,,,,,,,,,,,,,False,,,,,1.5303030303030303,,,0.01,0.0015151515151515154,2.0794415416798357
UCDV1_01668,Zenodo_19242690_Biopolymer_UCS_CBR_2026,10.1080/1064119X.2025.2518484,biopolymer_multi_additive,UCS,550.0,,,7.0,,CL,"Nanjing, Jiangsu Province, China",22.1,71.3,6.6,,33.4,23.3,10.1,2.7,,,,,0.02,,,,,,,,,0.02,,,,,,,,,,,,,,,,False,,,,,1.5303030303030303,,,0.02,0.0030303030303030307,2.0794415416798357
UCDV1_01669,Zenodo_19242690_Biopolymer_UCS_CBR_2026,10.1080/1064119X.2025.2518484,biopolymer_multi_additive,UCS,520.0,,,7.0,,CL,"Nanjing, Jiangsu Province, China",22.1,71.3,6.6,,33.4,23.3,10.1,2.7,,,,,0.03,,,,,,,,,0.03,,,,,,,,,,,,,,,,False,,,,,1.5303030303030303,,,0.03,0.004545454545454545,2.0794415416798357
UCDV1_01670,Zenodo_19242690_Biopolymer_UCS_CBR_2026,10.1080/1064119X.2025.2518484,biopolymer_multi_additive,UCS,330.0,,,7.0,,CL,"Nanjing, Jiangsu Province, China",22.1,71.3,6.6,,33.4,23.3,10.1,2.7,,,,,0.04,,,,,,,,,0.04,,,,,,,,,,,,,,,,False,,,,,1.5303030303030303,,,0.04,0.0060606060606060615,2.0794415416798357
UCDV1_01671,Zenodo_19242690_Biopolymer_UCS_CBR_2026,10.1080/1064119X.2025.2518484,biopolymer_multi_additive,UCS,180.0,,,14.0,,CL,"Nanjing, Jiangsu Province, China",22.1,71.3,6.6,,33.4,23.3,10.1,2.7,,,,,0.0,,,,,,,,,0.0,,,,,,,,,,,,,,,,False,,,,,1.5303030303030303,,,0.0,0.0,2.70805020110221
UCDV1_01672,Zenodo_19242690_Biopolymer_UCS_CBR_2026,10.1080/1064119X.2025.2518484,biopolymer_multi_additive,UCS,610.0,,,14.0,,CL,"Nanjing, Jiangsu Province, China",22.1,71.3,6.6,,33.4,23.3,10.1,2.7,,,,,0.01,,,,,,,,,0.01,,,,,,,,,,,,,,,,False,,,,,1.5303030303030303,,,0.01,0.0015151515151515154,2.70805020110221
UCDV1_01673,Zenodo_19242690_Biopolymer_UCS_CBR_2026,10.1080/1064119X.2025.2518484,biopolymer_multi_additive,UCS,670.0,,,14.0,,CL,"Nanjing, Jiangsu Province, China",22.1,71.3,6.6,,33.4,23.3,10.1,2.7,,,,,0.02,,,,,,,,,0.02,,,,,,,,,,,,,,,,False,,,,,1.5303030303030303,,,0.02,0.0030303030303030307,2.70805020110221
UCDV1_01674,Zenodo_19242690_Biopolymer_UCS_CBR_2026,10.1080/1064119X.2025.2518484,biopolymer_multi_additive,UCS,690.0,,,14.0,,CL,"Nanjing, Jiangsu Province, China",22.1,71.3,6.6,,33.4,23.3,10.1,2.7,,,,,0.03,,,,,,,,,0.03,,,,,,,,,,,,,,,,False,,,,,1.5303030303030303,,,0.03,0.004545454545454545,2.70805020110221
UCDV1_01675,Zenodo_19242690_Biopolymer_UCS_CBR_2026,10.1080/1064119X.2025.2518484,biopolymer_multi_additive,UCS,450.0,,,14.0,,CL,"Nanjing, Jiangsu Province, China",22.1,71.3,6.6,,33.4,23.3,10.1,2.7,,,,,0.04,,,,,,,,,0.04,,,,,,,,,,,,,,,,False,,,,,1.5303030303030303,,,0.04,0.0060606060606060615,2.70805020110221
UCDV1_01676,Zenodo_19242690_Biopolymer_UCS_CBR_2026,10.1080/1064119X.2025.2518484,biopolymer_multi_additive,UCS,230.0,,,28.0,,CL,"Nanjing, Jiangsu Province, China",22.1,71.3,6.6,,33.4,23.3,10.1,2.7,,,,,0.0,,,,,,,,,0.0,,,,,,,,,,,,,,,,False,,,,,1.5303030303030303,,,0.0,0.0,3.367295829986474
UCDV1_01677,Zenodo_19242690_Biopolymer_UCS_CBR_2026,10.1080/1064119X.2025.2518484,biopolymer_multi_additive,UCS,750.0,,,28.0,,CL,"Nanjing, Jiangsu Province, China",22.1,71.3,6.6,,33.4,23.3,10.1,2.7,,,,,0.01,,,,,,,,,0.01,,,,,,,,,,,,,,,,False,,,,,1.5303030303030303,,,0.01,0.0015151515151515154,3.367295829986474
UCDV1_01678,Zenodo_19242690_Biopolymer_UCS_CBR_2026,10.1080/1064119X.2025.2518484,biopolymer_multi_additive,UCS,920.0,,,28.0,,CL,"Nanjing, Jiangsu Province, China",22.1,71.3,6.6,,33.4,23.3,10.1,2.7,,,,,0.02,,,,,,,,,0.02,,,,,,,,,,,,,,,,False,,,,,1.5303030303030303,,,0.02,0.0030303030303030307,3.367295829986474
UCDV1_01679,Zenodo_19242690_Biopolymer_UCS_CBR_2026,10.1080/1064119X.2025.2518484,biopolymer_multi_additive,UCS,830.0,,,28.0,,CL,"Nanjing, Jiangsu Province, China",22.1,71.3,6.6,,33.4,23.3,10.1,2.7,,,,,0.03,,,,,,,,,0.03,,,,,,,,,,,,,,,,False,,,,,1.5303030303030303,,,0.03,0.004545454545454545,3.367295829986474
UCDV1_01680,Zenodo_19242690_Biopolymer_UCS_CBR_2026,10.1080/1064119X.2025.2518484,biopolymer_multi_additive,UCS,680.0,,,28.0,,CL,"Nanjing, Jiangsu Province, China",22.1,71.3,6.6,,33.4,23.3,10.1,2.7,,,,,0.04,,,,,,,,,0.04,,,,,,,,,,,,,,,,False,,,,,1.5303030303030303,,,0.04,0.0060606060606060615,3.367295829986474
UCDV1_01681,Zenodo_19242690_Biopolymer_UCS_CBR_2026,10.1080/1064119X.2025.2518484,biopolymer_multi_additive,UCS,400.0,,,3.0,,CL,"Nanjing, Jiangsu Province, China",22.1,71.3,6.6,,33.4,23.3,10.1,2.7,,,,,0.01,,,,,,,,,0.01,,,,,,,,,,,,,,,,False,,,,,1.5303030303030303,,,0.01,0.0015151515151515154,1.3862943611198906
UCDV1_01682,Zenodo_19242690_Biopolymer_UCS_CBR_2026,10.1080/1064119X.2025.2518484,biopolymer_multi_additive,UCS,480.0,,,3.0,,CL,"Nanjing, Jiangsu Province, China",22.1,71.3,6.6,,33.4,23.3,10.1,2.7,,,,,0.02,,,,,,,,,0.02,,,,,,,,,,,,,,,,False,,,,,1.5303030303030303,,,0.02,0.0030303030303030307,1.3862943611198906
UCDV1_01683,Zenodo_19242690_Biopolymer_UCS_CBR_2026,10.1080/1064119X.2025.2518484,biopolymer_multi_additive,UCS,430.0,,,3.0,,CL,"Nanjing, Jiangsu Province, China",22.1,71.3,6.6,,33.4,23.3,10.1,2.7,,,,,0.03,,,,,,,,,0.03,,,,,,,,,,,,,,,,False,,,,,1.5303030303030303,,,0.03,0.004545454545454545,1.3862943611198906
UCDV1_01684,Zenodo_19242690_Biopolymer_UCS_CBR_2026,10.1080/1064119X.2025.2518484,biopolymer_multi_additive,UCS,270.0,,,3.0,,CL,"Nanjing, Jiangsu Province, China",22.1,71.3,6.6,,33.4,23.3,10.1,2.7,,,,,0.04,,,,,,,,,0.04,,,,,,,,,,,,,,,,False,,,,,1.5303030303030303,,,0.04,0.0060606060606060615,1.3862943611198906
UCDV1_01685,Zenodo_19242690_Biopolymer_UCS_CBR_2026,10.1080/1064119X.2025.2518484,biopolymer_multi_additive,UCS,550.0,,,7.0,,CL,"Nanjing, Jiangsu Province, China",22.1,71.3,6.6,,33.4,23.3,10.1,2.7,,,,,0.01,,,,,,,,,0.01,,,,,,,,,,,,,,,,False,,,,,1.5303030303030303,,,0.01,0.0015151515151515154,2.0794415416798357
UCDV1_01686,Zenodo_19242690_Biopolymer_UCS_CBR_2026,10.1080/1064119X.2025.2518484,biopolymer_multi_additive,UCS,750.0,,,7.0,,CL,"Nanjing, Jiangsu Province, China",22.1,71.3,6.6,,33.4,23.3,10.1,2.7,,,,,0.02,,,,,,,,,0.02,,,,,,,,,,,,,,,,False,,,,,1.5303030303030303,,,0.02,0.0030303030303030307,2.0794415416798357
UCDV1_01687,Zenodo_19242690_Biopolymer_UCS_CBR_2026,10.1080/1064119X.2025.2518484,biopolymer_multi_additive,UCS,630.0,,,7.0,,CL,"Nanjing, Jiangsu Province, China",22.1,71.3,6.6,,33.4,23.3,10.1,2.7,,,,,0.03,,,,,,,,,0.03,,,,,,,,,,,,,,,,False,,,,,1.5303030303030303,,,0.03,0.004545454545454545,2.0794415416798357
UCDV1_01688,Zenodo_19242690_Biopolymer_UCS_CBR_2026,10.1080/1064119X.2025.2518484,biopolymer_multi_additive,UCS,420.0,,,7.0,,CL,"Nanjing, Jiangsu Province, China",22.1,71.3,6.6,,33.4,23.3,10.1,2.7,,,,,0.04,,,,,,,,,0.04,,,,,,,,,,,,,,,,False,,,,,1.5303030303030303,,,0.04,0.0060606060606060615,2.0794415416798357
UCDV1_01689,Zenodo_19242690_Biopolymer_UCS_CBR_2026,10.1080/1064119X.2025.2518484,biopolymer_multi_additive,UCS,610.0,,,14.0,,CL,"Nanjing, Jiangsu Province, China",22.1,71.3,6.6,,33.4,23.3,10.1,2.7,,,,,0.01,,,,,,,,,0.01,,,,,,,,,,,,,,,,False,,,,,1.5303030303030303,,,0.01,0.0015151515151515154,2.70805020110221
UCDV1_01690,Zenodo_19242690_Biopolymer_UCS_CBR_2026,10.1080/1064119X.2025.2518484,biopolymer_multi_additive,UCS,890.0,,,14.0,,CL,"Nanjing, Jiangsu Province, China",22.1,71.3,6.6,,33.4,23.3,10.1,2.7,,,,,0.02,,,,,,,,,0.02,,,,,,,,,,,,,,,,False,,,,,1.5303030303030303,,,0.02,0.0030303030303030307,2.70805020110221
UCDV1_01691,Zenodo_19242690_Biopolymer_UCS_CBR_2026,10.1080/1064119X.2025.2518484,biopolymer_multi_additive,UCS,710.0,,,14.0,,CL,"Nanjing, Jiangsu Province, China",22.1,71.3,6.6,,33.4,23.3,10.1,2.7,,,,,0.03,,,,,,,,,0.03,,,,,,,,,,,,,,,,False,,,,,1.5303030303030303,,,0.03,0.004545454545454545,2.70805020110221
UCDV1_01692,Zenodo_19242690_Biopolymer_UCS_CBR_2026,10.1080/1064119X.2025.2518484,biopolymer_multi_additive,UCS,510.0,,,14.0,,CL,"Nanjing, Jiangsu Province, China",22.1,71.3,6.6,,33.4,23.3,10.1,2.7,,,,,0.04,,,,,,,,,0.04,,,,,,,,,,,,,,,,False,,,,,1.5303030303030303,,,0.04,0.0060606060606060615,2.70805020110221
UCDV1_01693,Zenodo_19242690_Biopolymer_UCS_CBR_2026,10.1080/1064119X.2025.2518484,biopolymer_multi_additive,UCS,750.0,,,28.0,,CL,"Nanjing, Jiangsu Province, China",22.1,71.3,6.6,,33.4,23.3,10.1,2.7,,,,,0.01,,,,,,,,,0.01,,,,,,,,,,,,,,,,False,,,,,1.5303030303030303,,,0.01,0.0015151515151515154,3.367295829986474
UCDV1_01694,Zenodo_19242690_Biopolymer_UCS_CBR_2026,10.1080/1064119X.2025.2518484,biopolymer_multi_additive,UCS,1010.0,,,28.0,,CL,"Nanjing, Jiangsu Province, China",22.1,71.3,6.6,,33.4,23.3,10.1,2.7,,,,,0.02,,,,,,,,,0.02,,,,,,,,,,,,,,,,False,,,,,1.5303030303030303,,,0.02,0.0030303030303030307,3.367295829986474
UCDV1_01695,Zenodo_19242690_Biopolymer_UCS_CBR_2026,10.1080/1064119X.2025.2518484,biopolymer_multi_additive,UCS,820.0,,,28.0,,CL,"Nanjing, Jiangsu Province, China",22.1,71.3,6.6,,33.4,23.3,10.1,2.7,,,,,0.03,,,,,,,,,0.03,,,,,,,,,,,,,,,,False,,,,,1.5303030303030303,,,0.03,0.004545454545454545,3.367295829986474
UCDV1_01696,Zenodo_19242690_Biopolymer_UCS_CBR_2026,10.1080/1064119X.2025.2518484,biopolymer_multi_additive,UCS,610.0,,,28.0,,CL,"Nanjing, Jiangsu Province, China",22.1,71.3,6.6,,33.4,23.3,10.1,2.7,,,,,0.04,,,,,,,,,0.04,,,,,,,,,,,,,,,,False,,,,,1.5303030303030303,,,0.04,0.0060606060606060615,3.367295829986474
UCDV1_01697,Zenodo_19242690_Biopolymer_UCS_CBR_2026,10.1016/j.carpta.2025.100975,biopolymer_multi_additive,UCS,183.0,,,28.0,,CL,A factory in Iran,0.0,33.0,67.0,,37.8,19.1,18.7,2.63,23.29,1.59,,,0.0,,,,,,,,,0.0,,,,,,,,,,,,,,,,False,,,,,0.2791044776119403,,,0.0,0.0,3.367295829986474
UCDV1_01698,Zenodo_19242690_Biopolymer_UCS_CBR_2026,10.1016/j.carpta.2025.100975,biopolymer_multi_additive,UCS,400.0,,,28.0,,CL,A factory in Iran,0.0,33.0,67.0,,37.8,19.1,18.7,2.63,23.43,1.582,,,0.0,,,,,,,,,0.0,,,,,,,,,,,,,,,,False,,,,,0.2791044776119403,,,0.0,0.0,3.367295829986474
UCDV1_01699,Zenodo_19242690_Biopolymer_UCS_CBR_2026,10.1016/j.carpta.2025.100975,biopolymer_multi_additive,UCS,480.0,,,28.0,,CL,A factory in Iran,0.0,33.0,67.0,,37.8,19.1,18.7,2.63,23.58,1.576,,,0.0,,,,,,,,,0.0,,,,,,,,,,,,,,,,False,,,,,0.2791044776119403,,,0.0,0.0,3.367295829986474
UCDV1_01700,Zenodo_19242690_Biopolymer_UCS_CBR_2026,10.1016/j.carpta.2025.100975,biopolymer_multi_additive,UCS,440.0,,,28.0,,CL,A factory in Iran,0.0,33.0,67.0,,37.8,19.1,18.7,2.63,23.66,1.571,,,0.0,,,,,,,,,0.0,,,,,,,,,,,,,,,,False,,,,,0.2791044776119403,,,0.0,0.0,3.367295829986474
UCDV1_01701,Zenodo_19242690_Biopolymer_UCS_CBR_2026,10.1016/j.carpta.2025.100975,biopolymer_multi_additive,UCS,770.0,,,28.0,,CL,A factory in Iran,0.0,33.0,67.0,,37.8,19.1,18.7,2.63,26.0,1.579,,,0.0,,,,,,,,,0.5,,,,,,,,,,,,,,,,False,,,,,0.2791044776119403,,,0.0,0.0,3.367295829986474
UCDV1_01702,Zenodo_19242690_Biopolymer_UCS_CBR_2026,10.1016/j.carpta.2025.100975,biopolymer_multi_additive,UCS,675.0,,,28.0,,CL,A factory in Iran,0.0,33.0,67.0,,37.8,19.1,18.7,2.63,24.08,1.52,,,0.0,,,,,,,,,1.0,,,,,,,,,,,,,,,,False,,,,,0.2791044776119403,,,0.0,0.0,3.367295829986474
UCDV1_01703,Zenodo_19242690_Biopolymer_UCS_CBR_2026,10.1016/j.carpta.2025.100975,biopolymer_multi_additive,UCS,890.0,,,28.0,,CL,A factory in Iran,0.0,33.0,67.0,,37.8,19.1,18.7,2.63,24.53,1.5,,,0.0,,,,,,,,,1.0,,,,,,,,,,,,,,,,False,,,,,0.2791044776119403,,,0.0,0.0,3.367295829986474
UCDV1_01704,Zenodo_19242690_Biopolymer_UCS_CBR_2026,10.1016/j.carpta.2025.100975,biopolymer_multi_additive,UCS,1262.0,,,28.0,,CL,A factory in Iran,0.0,33.0,67.0,,37.8,19.1,18.7,2.63,25.48,1.477,,,0.0,,,,,,,,,1.0,,,,,,,,,,,,,,,,False,,,,,0.2791044776119403,,,0.0,0.0,3.367295829986474
UCDV1_01705,Zenodo_19242690_Biopolymer_UCS_CBR_2026,10.1016/j.carpta.2025.100975,biopolymer_multi_additive,UCS,1113.0,,,28.0,,CL,A factory in Iran,0.0,33.0,67.0,,37.8,19.1,18.7,2.63,26.28,1.467,,,0.0,,,,,,,,,1.0,,,,,,,,,,,,,,,,False,,,,,0.2791044776119403,,,0.0,0.0,3.367295829986474
UCDV1_01706,Zenodo_19242690_Biopolymer_UCS_CBR_2026,10.1016/j.carpta.2025.100975,biopolymer_multi_additive,UCS,870.0,,,28.0,,CL,A factory in Iran,0.0,33.0,67.0,,37.8,19.1,18.7,2.63,24.97,1.48,,,0.0,,,,,,,,,2.0,,,,,,,,,,,,,,,,False,,,,,0.2791044776119403,,,0.0,0.0,3.367295829986474
UCDV1_01707,Zenodo_19242690_Biopolymer_UCS_CBR_2026,10.1051/e3sconf/202123602010,biopolymer_multi_additive,UCS,1154.0,,,1.0,,expansive soil,"Shigang Town, Neixiang County, Nanyang City, Henan Province, China",,,,,,,,,,,,,0.0,,,,,,,,,0.0,,,,,,,,,,,,,,,,False,,,,,,,,0.0,,0.6931471805599453
UCDV1_01708,Zenodo_19242690_Biopolymer_UCS_CBR_2026,10.1051/e3sconf/202123602010,biopolymer_multi_additive,UCS,1300.0,,,1.0,,expansive soil,"Shigang Town, Neixiang County, Nanyang City, Henan Province, China",,,,,,,,,,,,,0.5,,,,,,,,,0.5,,,,,,,,,,,,,,,,False,,,,,,,,0.5,,0.6931471805599453
UCDV1_01709,Zenodo_19242690_Biopolymer_UCS_CBR_2026,10.1051/e3sconf/202123602010,biopolymer_multi_additive,UCS,1394.0,,,1.0,,expansive soil,"Shigang Town, Neixiang County, Nanyang City, Henan Province, China",,,,,,,,,,,,,1.0,,,,,,,,,1.0,,,,,,,,,,,,,,,,False,,,,,,,,1.0,,0.6931471805599453
UCDV1_01710,Zenodo_19242690_Biopolymer_UCS_CBR_2026,10.1051/e3sconf/202123602010,biopolymer_multi_additive,UCS,1303.0,,,1.0,,expansive soil,"Shigang Town, Neixiang County, Nanyang City, Henan Province, China",,,,,,,,,,,,,1.5,,,,,,,,,1.5,,,,,,,,,,,,,,,,False,,,,,,,,1.5,,0.6931471805599453
UCDV1_01711,Zenodo_19242690_Biopolymer_UCS_CBR_2026,10.1051/e3sconf/202123602010,biopolymer_multi_additive,UCS,1154.0,,,1.0,,expansive soil,"Shigang Town, Neixiang County, Nanyang City, Henan Province, China",,,,,,,,,,,,,2.0,,,,,,,,,2.0,,,,,,,,,,,,,,,,False,,,,,,,,2.0,,0.6931471805599453
UCDV1_01712,Zenodo_19242690_Biopolymer_UCS_CBR_2026,10.1051/e3sconf/202123602010,biopolymer_multi_additive,UCS,1080.0,,,1.0,,expansive soil,"Shigang Town, Neixiang County, Nanyang City, Henan Province, China",,,,,,,,,,,,,2.5,,,,,,,,,2.5,,,,,,,,,,,,,,,,False,,,,,,,,2.5,,0.6931471805599453
UCDV1_01713,Zenodo_19242690_Biopolymer_UCS_CBR_2026,10.1051/e3sconf/202123602010,biopolymer_multi_additive,UCS,1684.0,,,7.0,,expansive soil,"Shigang Town, Neixiang County, Nanyang City, Henan Province, China",,,,,,,,,,,,,0.0,,,,,,,,,0.0,,,,,,,,,,,,,,,,False,,,,,,,,0.0,,2.0794415416798357
UCDV1_01714,Zenodo_19242690_Biopolymer_UCS_CBR_2026,10.1051/e3sconf/202123602010,biopolymer_multi_additive,UCS,1788.0,,,7.0,,expansive soil,"Shigang Town, Neixiang County, Nanyang City, Henan Province, China",,,,,,,,,,,,,0.5,,,,,,,,,0.5,,,,,,,,,,,,,,,,False,,,,,,,,0.5,,2.0794415416798357
UCDV1_01715,Zenodo_19242690_Biopolymer_UCS_CBR_2026,10.1051/e3sconf/202123602010,biopolymer_multi_additive,UCS,1962.0,,,7.0,,expansive soil,"Shigang Town, Neixiang County, Nanyang City, Henan Province, China",,,,,,,,,,,,,1.0,,,,,,,,,1.0,,,,,,,,,,,,,,,,False,,,,,,,,1.0,,2.0794415416798357
UCDV1_01716,Zenodo_19242690_Biopolymer_UCS_CBR_2026,10.1051/e3sconf/202123602010,biopolymer_multi_additive,UCS,1715.0,,,7.0,,expansive soil,"Shigang Town, Neixiang County, Nanyang City, Henan Province, China",,,,,,,,,,,,,1.5,,,,,,,,,1.5,,,,,,,,,,,,,,,,False,,,,,,,,1.5,,2.0794415416798357
UCDV1_01717,Zenodo_19242690_Biopolymer_UCS_CBR_2026,10.1051/e3sconf/202123602010,biopolymer_multi_additive,UCS,1628.0,,,7.0,,expansive soil,"Shigang Town, Neixiang County, Nanyang City, Henan Province, China",,,,,,,,,,,,,2.0,,,,,,,,,2.0,,,,,,,,,,,,,,,,False,,,,,,,,2.0,,2.0794415416798357
UCDV1_01718,Zenodo_19242690_Biopolymer_UCS_CBR_2026,10.1051/e3sconf/202123602010,biopolymer_multi_additive,UCS,1479.0,,,7.0,,expansive soil,"Shigang Town, Neixiang County, Nanyang City, Henan Province, China",,,,,,,,,,,,,2.5,,,,,,,,,2.5,,,,,,,,,,,,,,,,False,,,,,,,,2.5,,2.0794415416798357
UCDV1_01719,Zenodo_19242690_Biopolymer_UCS_CBR_2026,10.1051/e3sconf/202123602010,biopolymer_multi_additive,UCS,1843.0,,,14.0,,expansive soil,"Shigang Town, Neixiang County, Nanyang City, Henan Province, China",,,,,,,,,,,,,0.0,,,,,,,,,0.0,,,,,,,,,,,,,,,,False,,,,,,,,0.0,,2.70805020110221
UCDV1_01720,Zenodo_19242690_Biopolymer_UCS_CBR_2026,10.1051/e3sconf/202123602010,biopolymer_multi_additive,UCS,1900.0,,,14.0,,expansive soil,"Shigang Town, Neixiang County, Nanyang City, Henan Province, China",,,,,,,,,,,,,0.5,,,,,,,,,0.5,,,,,,,,,,,,,,,,False,,,,,,,,0.5,,2.70805020110221
UCDV1_01721,Zenodo_19242690_Biopolymer_UCS_CBR_2026,10.1051/e3sconf/202123602010,biopolymer_multi_additive,UCS,2159.0,,,14.0,,expansive soil,"Shigang Town, Neixiang County, Nanyang City, Henan Province, China",,,,,,,,,,,,,1.0,,,,,,,,,1.0,,,,,,,,,,,,,,,,False,,,,,,,,1.0,,2.70805020110221
UCDV1_01722,Zenodo_19242690_Biopolymer_UCS_CBR_2026,10.1051/e3sconf/202123602010,biopolymer_multi_additive,UCS,1799.0,,,14.0,,expansive soil,"Shigang Town, Neixiang County, Nanyang City, Henan Province, China",,,,,,,,,,,,,1.5,,,,,,,,,1.5,,,,,,,,,,,,,,,,False,,,,,,,,1.5,,2.70805020110221
UCDV1_01723,Zenodo_19242690_Biopolymer_UCS_CBR_2026,10.1051/e3sconf/202123602010,biopolymer_multi_additive,UCS,1807.0,,,14.0,,expansive soil,"Shigang Town, Neixiang County, Nanyang City, Henan Province, China",,,,,,,,,,,,,2.0,,,,,,,,,2.0,,,,,,,,,,,,,,,,False,,,,,,,,2.0,,2.70805020110221
UCDV1_01724,Zenodo_19242690_Biopolymer_UCS_CBR_2026,10.1051/e3sconf/202123602010,biopolymer_multi_additive,UCS,1647.0,,,14.0,,expansive soil,"Shigang Town, Neixiang County, Nanyang City, Henan Province, China",,,,,,,,,,,,,2.5,,,,,,,,,2.5,,,,,,,,,,,,,,,,False,,,,,,,,2.5,,2.70805020110221
UCDV1_01725,Zenodo_19242690_Biopolymer_UCS_CBR_2026,"Zaid, Waleed. (2024). Improving the Geotechnical Properties of a Soil Using Xanthan Gum and Concrete Waste",biopolymer_multi_additive,UCS,112.6,,,0.0,,,"Gaziantep University campus, Turkey",0.0,0.0,100.0,,35.16,28.31,6.85,,,1.80796,,,0.0,,,,,,,,,0.0,,,,,,,,,,,,,,,,False,,,,,0.06849999999999999,,,0.0,0.0,0.0
UCDV1_01726,Zenodo_19242690_Biopolymer_UCS_CBR_2026,"Zaid, Waleed. (2024). Improving the Geotechnical Properties of a Soil Using Xanthan Gum and Concrete Waste",biopolymer_multi_additive,UCS,92.25,,,0.0,,,"Gaziantep University campus, Turkey",0.0,0.0,100.0,,35.16,28.31,6.85,,,1.80796,,,0.0,,,,,,,,,0.0,,,,,,,,,,,,,,,,False,,,,,0.06849999999999999,,,0.0,0.0,0.0
UCDV1_01727,Zenodo_19242690_Biopolymer_UCS_CBR_2026,"Zaid, Waleed. (2024). Improving the Geotechnical Properties of a Soil Using Xanthan Gum and Concrete Waste",biopolymer_multi_additive,UCS,267.68,,,0.0,,,"Gaziantep University campus, Turkey",0.0,0.0,100.0,,35.16,28.31,6.85,,,1.80796,,,0.0,,,,,,,,,1.0,,,,,,,,,,,,,,,,False,,,,,0.06849999999999999,,,0.0,0.0,0.0
UCDV1_01728,Zenodo_19242690_Biopolymer_UCS_CBR_2026,"Zaid, Waleed. (2024). Improving the Geotechnical Properties of a Soil Using Xanthan Gum and Concrete Waste",biopolymer_multi_additive,UCS,157.8,,,0.0,,,"Gaziantep University campus, Turkey",0.0,0.0,100.0,,35.16,28.31,6.85,,,1.80796,,,0.0,,,,,,,,,2.5,,,,,,,,,,,,,,,,False,,,,,0.06849999999999999,,,0.0,0.0,0.0
UCDV1_01729,Zenodo_19242690_Biopolymer_UCS_CBR_2026,"Zaid, Waleed. (2024). Improving the Geotechnical Properties of a Soil Using Xanthan Gum and Concrete Waste",biopolymer_multi_additive,UCS,204.28,,,0.0,,,"Gaziantep University campus, Turkey",0.0,0.0,100.0,,35.16,28.31,6.85,,,1.80796,,,0.0,,,,,,,,,4.0,,,,,,,,,,,,,,,,False,,,,,0.06849999999999999,,,0.0,0.0,0.0
UCDV1_01730,Zenodo_19242690_Biopolymer_UCS_CBR_2026,"Zaid, Waleed. (2024). Improving the Geotechnical Properties of a Soil Using Xanthan Gum and Concrete Waste",biopolymer_multi_additive,UCS,5787.68,,,7.0,,,"Gaziantep University campus, Turkey",0.0,0.0,100.0,,35.16,28.31,6.85,,,1.80796,,,0.0,,,,,,,,,0.0,,,,,,,,,,,,,,,,False,,,,,0.06849999999999999,,,0.0,0.0,2.0794415416798357
UCDV1_01731,Zenodo_19242690_Biopolymer_UCS_CBR_2026,"Zaid, Waleed. (2024). Improving the Geotechnical Properties of a Soil Using Xanthan Gum and Concrete Waste",biopolymer_multi_additive,UCS,3881.22,,,7.0,,,"Gaziantep University campus, Turkey",0.0,0.0,100.0,,35.16,28.31,6.85,,,1.80796,,,0.0,,,,,,,,,0.0,,,,,,,,,,,,,,,,False,,,,,0.06849999999999999,,,0.0,0.0,2.0794415416798357
UCDV1_01732,Zenodo_19242690_Biopolymer_UCS_CBR_2026,"Zaid, Waleed. (2024). Improving the Geotechnical Properties of a Soil Using Xanthan Gum and Concrete Waste",biopolymer_multi_additive,UCS,7118.49,,,7.0,,,"Gaziantep University campus, Turkey",0.0,0.0,100.0,,35.16,28.31,6.85,,,1.80796,,,0.0,,,,,,,,,1.0,,,,,,,,,,,,,,,,False,,,,,0.06849999999999999,,,0.0,0.0,2.0794415416798357
UCDV1_01733,Zenodo_19242690_Biopolymer_UCS_CBR_2026,"Zaid, Waleed. (2024). Improving the Geotechnical Properties of a Soil Using Xanthan Gum and Concrete Waste",biopolymer_multi_additive,UCS,9912.57,,,7.0,,,"Gaziantep University campus, Turkey",0.0,0.0,100.0,,35.16,28.31,6.85,,,1.80796,,,0.0,,,,,,,,,2.5,,,,,,,,,,,,,,,,False,,,,,0.06849999999999999,,,0.0,0.0,2.0794415416798357
UCDV1_01734,Zenodo_19242690_Biopolymer_UCS_CBR_2026,"Zaid, Waleed. (2024). Improving the Geotechnical Properties of a Soil Using Xanthan Gum and Concrete Waste",biopolymer_multi_additive,UCS,10937.95,,,7.0,,,"Gaziantep University campus, Turkey",0.0,0.0,100.0,,35.16,28.31,6.85,,,1.80796,,,0.0,,,,,,,,,4.0,,,,,,,,,,,,,,,,False,,,,,0.06849999999999999,,,0.0,0.0,2.0794415416798357
UCDV1_01735,Zenodo_19242690_Biopolymer_UCS_CBR_2026,"Zaid, Waleed. (2024). Improving the Geotechnical Properties of a Soil Using Xanthan Gum and Concrete Waste",biopolymer_multi_additive,UCS,4376.22,,,14.0,,,"Gaziantep University campus, Turkey",0.0,0.0,100.0,,35.16,28.31,6.85,,,1.80796,,,0.0,,,,,,,,,0.0,,,,,,,,,,,,,,,,False,,,,,0.06849999999999999,,,0.0,0.0,2.70805020110221
UCDV1_01736,Zenodo_19242690_Biopolymer_UCS_CBR_2026,"Zaid, Waleed. (2024). Improving the Geotechnical Properties of a Soil Using Xanthan Gum and Concrete Waste",biopolymer_multi_additive,UCS,3594.95,,,14.0,,,"Gaziantep University campus, Turkey",0.0,0.0,100.0,,35.16,28.31,6.85,,,1.80796,,,0.0,,,,,,,,,0.0,,,,,,,,,,,,,,,,False,,,,,0.06849999999999999,,,0.0,0.0,2.70805020110221
UCDV1_01737,Zenodo_19242690_Biopolymer_UCS_CBR_2026,"Zaid, Waleed. (2024). Improving the Geotechnical Properties of a Soil Using Xanthan Gum and Concrete Waste",biopolymer_multi_additive,UCS,7787.21,,,14.0,,,"Gaziantep University campus, Turkey",0.0,0.0,100.0,,35.16,28.31,6.85,,,1.80796,,,0.0,,,,,,,,,1.0,,,,,,,,,,,,,,,,False,,,,,0.06849999999999999,,,0.0,0.0,2.70805020110221
UCDV1_01738,Zenodo_19242690_Biopolymer_UCS_CBR_2026,"Zaid, Waleed. (2024). Improving the Geotechnical Properties of a Soil Using Xanthan Gum and Concrete Waste",biopolymer_multi_additive,UCS,10389.03,,,14.0,,,"Gaziantep University campus, Turkey",0.0,0.0,100.0,,35.16,28.31,6.85,,,1.80796,,,0.0,,,,,,,,,2.5,,,,,,,,,,,,,,,,False,,,,,0.06849999999999999,,,0.0,0.0,2.70805020110221
UCDV1_01739,Zenodo_19242690_Biopolymer_UCS_CBR_2026,"Zaid, Waleed. (2024). Improving the Geotechnical Properties of a Soil Using Xanthan Gum and Concrete Waste",biopolymer_multi_additive,UCS,11953.66,,,14.0,,,"Gaziantep University campus, Turkey",0.0,0.0,100.0,,35.16,28.31,6.85,,,1.80796,,,0.0,,,,,,,,,4.0,,,,,,,,,,,,,,,,False,,,,,0.06849999999999999,,,0.0,0.0,2.70805020110221
UCDV1_01740,Zenodo_19242690_Biopolymer_UCS_CBR_2026,"Zaid, Waleed. (2024). Improving the Geotechnical Properties of a Soil Using Xanthan Gum and Concrete Waste",biopolymer_multi_additive,UCS,4416.64,,,28.0,,,"Gaziantep University campus, Turkey",0.0,0.0,100.0,,35.16,28.31,6.85,,,1.80796,,,0.0,,,,,,,,,0.0,,,,,,,,,,,,,,,,False,,,,,0.06849999999999999,,,0.0,0.0,3.367295829986474
UCDV1_01741,Zenodo_19242690_Biopolymer_UCS_CBR_2026,"Zaid, Waleed. (2024). Improving the Geotechnical Properties of a Soil Using Xanthan Gum and Concrete Waste",biopolymer_multi_additive,UCS,4101.42,,,28.0,,,"Gaziantep University campus, Turkey",0.0,0.0,100.0,,35.16,28.31,6.85,,,1.80796,,,0.0,,,,,,,,,0.0,,,,,,,,,,,,,,,,False,,,,,0.06849999999999999,,,0.0,0.0,3.367295829986474
UCDV1_01742,Zenodo_19242690_Biopolymer_UCS_CBR_2026,"Zaid, Waleed. (2024). Improving the Geotechnical Properties of a Soil Using Xanthan Gum and Concrete Waste",biopolymer_multi_additive,UCS,7930.47,,,28.0,,,"Gaziantep University campus, Turkey",0.0,0.0,100.0,,35.16,28.31,6.85,,,1.80796,,,0.0,,,,,,,,,1.0,,,,,,,,,,,,,,,,False,,,,,0.06849999999999999,,,0.0,0.0,3.367295829986474
UCDV1_01743,Zenodo_19242690_Biopolymer_UCS_CBR_2026,"Zaid, Waleed. (2024). Improving the Geotechnical Properties of a Soil Using Xanthan Gum and Concrete Waste",biopolymer_multi_additive,UCS,10744.47,,,28.0,,,"Gaziantep University campus, Turkey",0.0,0.0,100.0,,35.16,28.31,6.85,,,1.80796,,,0.0,,,,,,,,,2.5,,,,,,,,,,,,,,,,False,,,,,0.06849999999999999,,,0.0,0.0,3.367295829986474
UCDV1_01744,Zenodo_19242690_Biopolymer_UCS_CBR_2026,"Zaid, Waleed. (2024). Improving the Geotechnical Properties of a Soil Using Xanthan Gum and Concrete Waste",biopolymer_multi_additive,UCS,12303.28,,,28.0,,,"Gaziantep University campus, Turkey",0.0,0.0,100.0,,35.16,28.31,6.85,,,1.80796,,,0.0,,,,,,,,,4.0,,,,,,,,,,,,,,,,False,,,,,0.06849999999999999,,,0.0,0.0,3.367295829986474
UCDV1_01745,Zenodo_19242690_Biopolymer_UCS_CBR_2026,"Zaid, Waleed. (2024). Improving the Geotechnical Properties of a Soil Using Xanthan Gum and Concrete Waste",biopolymer_multi_additive,UCS,4860.19,,,56.0,,,"Gaziantep University campus, Turkey",0.0,0.0,100.0,,35.16,28.31,6.85,,,1.80796,,,0.0,,,,,,,,,0.0,,,,,,,,,,,,,,,,False,,,,,0.06849999999999999,,,0.0,0.0,4.04305126783455
UCDV1_01746,Zenodo_19242690_Biopolymer_UCS_CBR_2026,"Zaid, Waleed. (2024). Improving the Geotechnical Properties of a Soil Using Xanthan Gum and Concrete Waste",biopolymer_multi_additive,UCS,4282.92,,,56.0,,,"Gaziantep University campus, Turkey",0.0,0.0,100.0,,35.16,28.31,6.85,,,1.80796,,,0.0,,,,,,,,,0.0,,,,,,,,,,,,,,,,False,,,,,0.06849999999999999,,,0.0,0.0,4.04305126783455
UCDV1_01747,Zenodo_19242690_Biopolymer_UCS_CBR_2026,"Zaid, Waleed. (2024). Improving the Geotechnical Properties of a Soil Using Xanthan Gum and Concrete Waste",biopolymer_multi_additive,UCS,7999.42,,,56.0,,,"Gaziantep University campus, Turkey",0.0,0.0,100.0,,35.16,28.31,6.85,,,1.80796,,,0.0,,,,,,,,,1.0,,,,,,,,,,,,,,,,False,,,,,0.06849999999999999,,,0.0,0.0,4.04305126783455
UCDV1_01748,Zenodo_19242690_Biopolymer_UCS_CBR_2026,"Zaid, Waleed. (2024). Improving the Geotechnical Properties of a Soil Using Xanthan Gum and Concrete Waste",biopolymer_multi_additive,UCS,10816.93,,,56.0,,,"Gaziantep University campus, Turkey",0.0,0.0,100.0,,35.16,28.31,6.85,,,1.80796,,,0.0,,,,,,,,,2.5,,,,,,,,,,,,,,,,False,,,,,0.06849999999999999,,,0.0,0.0,4.04305126783455
UCDV1_01749,Zenodo_19242690_Biopolymer_UCS_CBR_2026,"Zaid, Waleed. (2024). Improving the Geotechnical Properties of a Soil Using Xanthan Gum and Concrete Waste",biopolymer_multi_additive,UCS,12699.69,,,56.0,,,"Gaziantep University campus, Turkey",0.0,0.0,100.0,,35.16,28.31,6.85,,,1.80796,,,0.0,,,,,,,,,4.0,,,,,,,,,,,,,,,,False,,,,,0.06849999999999999,,,0.0,0.0,4.04305126783455
UCDV1_01750,Zenodo_19242690_Biopolymer_UCS_CBR_2026,"Zaid, Waleed. (2024). Improving the Geotechnical Properties of a Soil Using Xanthan Gum and Concrete Waste",biopolymer_multi_additive,UCS,6834.02,,,96.0,,,"Gaziantep University campus, Turkey",0.0,0.0,100.0,,35.16,28.31,6.85,,,1.80796,,,0.0,,,,,,,,,0.0,,,,,,,,,,,,,,,,False,,,,,0.06849999999999999,,,0.0,0.0,4.574710978503383
UCDV1_01751,Zenodo_19242690_Biopolymer_UCS_CBR_2026,"Zaid, Waleed. (2024). Improving the Geotechnical Properties of a Soil Using Xanthan Gum and Concrete Waste",biopolymer_multi_additive,UCS,5884.29,,,96.0,,,"Gaziantep University campus, Turkey",0.0,0.0,100.0,,35.16,28.31,6.85,,,1.80796,,,0.0,,,,,,,,,0.0,,,,,,,,,,,,,,,,False,,,,,0.06849999999999999,,,0.0,0.0,4.574710978503383
UCDV1_01752,Zenodo_19242690_Biopolymer_UCS_CBR_2026,"Zaid, Waleed. (2024). Improving the Geotechnical Properties of a Soil Using Xanthan Gum and Concrete Waste",biopolymer_multi_additive,UCS,8395.09,,,96.0,,,"Gaziantep University campus, Turkey",0.0,0.0,100.0,,35.16,28.31,6.85,,,1.80796,,,0.0,,,,,,,,,1.0,,,,,,,,,,,,,,,,False,,,,,0.06849999999999999,,,0.0,0.0,4.574710978503383
UCDV1_01753,Zenodo_19242690_Biopolymer_UCS_CBR_2026,"Zaid, Waleed. (2024). Improving the Geotechnical Properties of a Soil Using Xanthan Gum and Concrete Waste",biopolymer_multi_additive,UCS,11009.5,,,96.0,,,"Gaziantep University campus, Turkey",0.0,0.0,100.0,,35.16,28.31,6.85,,,1.80796,,,0.0,,,,,,,,,2.5,,,,,,,,,,,,,,,,False,,,,,0.06849999999999999,,,0.0,0.0,4.574710978503383
UCDV1_01754,Zenodo_19242690_Biopolymer_UCS_CBR_2026,"Zaid, Waleed. (2024). Improving the Geotechnical Properties of a Soil Using Xanthan Gum and Concrete Waste",biopolymer_multi_additive,UCS,13302.4,,,96.0,,,"Gaziantep University campus, Turkey",0.0,0.0,100.0,,35.16,28.31,6.85,,,1.80796,,,0.0,,,,,,,,,4.0,,,,,,,,,,,,,,,,False,,,,,0.06849999999999999,,,0.0,0.0,4.574710978503383
