response,model,row_index,fold,measured,predicted,feature_set
UCS,HGB,0,1,47.7,2623.462865611309,base
UCS,HGB,1,1,95.0,2623.462865611309,base
UCS,HGB,2,1,87.0,2623.462865611309,base
UCS,HGB,3,1,127.0,2623.462865611309,base
UCS,HGB,4,1,173.0,2623.462865611309,base
UCS,HGB,5,1,102.0,2623.462865611309,base
UCS,HGB,6,1,142.0,2623.462865611309,base
UCS,HGB,7,1,173.0,2623.462865611309,base
UCS,HGB,8,1,186.0,2623.462865611309,base
UCS,HGB,9,1,164.0,2611.7858572575337,base
UCS,HGB,10,1,1193.0,2611.7858572575337,base
UCS,HGB,11,1,1247.0,2611.7858572575337,base
UCS,HGB,12,1,1503.0,2611.7858572575337,base
UCS,HGB,13,1,1913.0,2611.7858572575337,base
UCS,HGB,14,1,1239.0,2611.7858572575337,base
UCS,HGB,15,1,1661.0,2611.7858572575337,base
UCS,HGB,16,1,1926.0,2611.7858572575337,base
UCS,HGB,17,1,2063.0,2611.7858572575337,base
UCS,HGB,18,1,94.1,2703.5247311043154,base
UCS,HGB,19,1,101.0,2703.5247311043154,base
UCS,HGB,20,1,115.0,2703.5247311043154,base
UCS,HGB,21,1,113.0,2703.5247311043154,base
UCS,HGB,22,1,175.0,2703.5247311043154,base
UCS,HGB,23,1,102.0,2703.5247311043154,base
UCS,HGB,24,1,147.0,2703.5247311043154,base
UCS,HGB,25,1,174.0,2703.5247311043154,base
UCS,HGB,26,1,187.0,2703.5247311043154,base
UCS,HGB,27,1,214.0,2669.5304530946237,base
UCS,HGB,28,1,1270.0,2669.5304530946237,base
UCS,HGB,29,1,1229.0,2669.5304530946237,base
UCS,HGB,30,1,1970.0,2669.5304530946237,base
UCS,HGB,31,1,1805.0,2669.5304530946237,base
UCS,HGB,32,1,1372.0,2669.5304530946237,base
UCS,HGB,33,1,1696.0,2669.5304530946237,base
UCS,HGB,34,1,1853.0,2669.5304530946237,base
UCS,HGB,35,1,1996.0,2669.5304530946237,base
UCS,HGB,36,1,128.0,2886.3242141259557,base
UCS,HGB,37,1,105.0,2886.3242141259557,base
UCS,HGB,38,1,117.0,2886.3242141259557,base
UCS,HGB,39,1,176.0,2886.3242141259557,base
UCS,HGB,40,1,187.0,2886.3242141259557,base
UCS,HGB,41,1,134.0,2886.3242141259557,base
UCS,HGB,42,1,150.0,2886.3242141259557,base
UCS,HGB,43,1,175.0,2886.3242141259557,base
UCS,HGB,44,1,192.0,2886.3242141259557,base
UCS,HGB,45,1,196.0,2810.968886762063,base
UCS,HGB,46,1,1357.0,2810.968886762063,base
UCS,HGB,47,1,1366.0,2810.968886762063,base
UCS,HGB,48,1,1826.0,2810.968886762063,base
UCS,HGB,49,1,1961.0,2810.968886762063,base
UCS,HGB,50,1,1210.0,2810.968886762063,base
UCS,HGB,51,1,1796.0,2810.968886762063,base
UCS,HGB,52,1,2054.0,2810.968886762063,base
UCS,HGB,53,1,2081.0,2810.968886762063,base
UCS,HGB,54,1,120.0,3228.709919238791,base
UCS,HGB,55,1,145.0,3228.709919238791,base
UCS,HGB,56,1,146.0,3228.709919238791,base
UCS,HGB,57,1,184.0,3228.709919238791,base
UCS,HGB,58,1,187.0,3228.709919238791,base
UCS,HGB,59,1,105.0,3228.709919238791,base
UCS,HGB,60,1,166.0,3228.709919238791,base
UCS,HGB,61,1,190.0,3228.709919238791,base
UCS,HGB,62,1,194.0,3228.709919238791,base
UCS,HGB,63,1,221.0,3173.3745070579266,base
UCS,HGB,64,1,1525.0,3173.3745070579266,base
UCS,HGB,65,1,1480.0,3173.3745070579266,base
UCS,HGB,66,1,1934.0,3173.3745070579266,base
UCS,HGB,67,1,2054.0,3173.3745070579266,base
UCS,HGB,68,1,1394.0,3173.3745070579266,base
UCS,HGB,69,1,1830.0,3173.3745070579266,base
UCS,HGB,70,1,2083.0,3173.3745070579266,base
UCS,HGB,71,1,2163.0,3173.3745070579266,base
UCS,HGB,72,1,210.0,2994.0214944215777,base
UCS,HGB,73,1,150.0,2994.0214944215777,base
UCS,HGB,74,1,156.0,2994.0214944215777,base
UCS,HGB,75,1,182.0,2994.0214944215777,base
UCS,HGB,76,1,191.0,2994.0214944215777,base
UCS,HGB,77,1,112.0,2994.0214944215777,base
UCS,HGB,78,1,170.0,2994.0214944215777,base
UCS,HGB,79,1,205.0,2994.0214944215777,base
UCS,HGB,80,1,210.0,2994.0214944215777,base
UCS,HGB,81,1,188.0,2951.080941955568,base
UCS,HGB,82,1,1616.0,2951.080941955568,base
UCS,HGB,83,1,1535.0,2951.080941955568,base
UCS,HGB,84,1,2024.0,2951.080941955568,base
UCS,HGB,85,1,2091.0,2951.080941955568,base
UCS,HGB,86,1,1472.0,2951.080941955568,base
UCS,HGB,87,1,1837.0,2951.080941955568,base
UCS,HGB,88,1,2072.0,2951.080941955568,base
UCS,HGB,89,1,2195.0,2951.080941955568,base
UCS,HGB,90,1,137.123,2304.3324517369165,base
UCS,HGB,91,1,151.69070000000002,2356.727607709008,base
UCS,HGB,92,1,168.26773,2356.727607709008,base
UCS,HGB,93,1,156.71404,2356.727607709008,base
UCS,HGB,94,1,144.15568000000002,2356.727607709008,base
UCS,HGB,95,1,330.52171000000004,2670.731075364404,base
UCS,HGB,96,1,619.36395,3097.566259243069,base
UCS,HGB,97,1,787.14361,3097.566259243069,base
UCS,HGB,98,1,703.25378,3097.566259243069,base
UCS,HGB,99,1,678.6394,3097.566259243069,base
UCS,HGB,100,1,811.7579900000001,2902.2969576383894,base
UCS,HGB,101,1,922.77388,3101.3558626933295,base
UCS,HGB,102,1,1076.99051,3101.3558626933295,base
UCS,HGB,103,1,1027.25941,3101.3558626933295,base
UCS,HGB,104,1,1002.1427,3101.3558626933295,base
UCS,HGB,105,1,98.0,1978.2702779563951,base
UCS,HGB,106,1,117.0,1990.5853305289181,base
UCS,HGB,107,1,125.0,1990.5853305289181,base
UCS,HGB,108,1,147.0,1992.834698741794,base
UCS,HGB,109,1,138.0,1992.834698741794,base
UCS,HGB,110,1,132.0,1992.0927373277746,base
UCS,HGB,111,1,98.0,2531.8015993410904,base
UCS,HGB,112,1,150.0,2526.451073605409,base
UCS,HGB,113,1,167.0,2623.4239923517844,base
UCS,HGB,114,1,259.0,2615.4285985937263,base
UCS,HGB,115,1,197.0,2661.789391638311,base
UCS,HGB,116,1,140.0,2584.081910130082,base
UCS,HGB,117,1,98.0,2611.2213775548876,base
UCS,HGB,118,1,219.0,2913.888162390042,base
UCS,HGB,119,1,267.0,3056.4660457574846,base
UCS,HGB,120,1,335.0,3054.763034968223,base
UCS,HGB,121,1,377.0,3117.2198367692336,base
UCS,HGB,122,1,316.0,3039.512355261005,base
UCS,HGB,123,1,98.0,2722.071769103471,base
UCS,HGB,124,1,271.0,2786.9848036724497,base
UCS,HGB,125,1,422.0,2928.2748148280953,base
UCS,HGB,126,1,452.0,2926.5718040388338,base
UCS,HGB,127,1,529.0,3005.668836502073,base
UCS,HGB,128,1,502.0,2923.1169869037653,base
UCS,HGB,129,1,98.0,2824.588361797946,base
UCS,HGB,130,1,282.0,2824.760404563658,base
UCS,HGB,131,1,470.0,2959.491700722608,base
UCS,HGB,132,1,514.0,2965.5076793334933,base
UCS,HGB,133,1,585.0,3045.5088184703263,base
UCS,HGB,134,1,518.0,2947.6230563253994,base
UCS,HGB,135,1,320.0,1041.358868508359,base
UCS,HGB,136,1,247.27685,795.508976628407,base
UCS,HGB,137,1,293.85258,610.1680573495361,base
UCS,HGB,138,1,323.79412,610.1680573495361,base
UCS,HGB,139,1,353.73566,610.1680573495361,base
UCS,HGB,140,1,355.5839,610.1680573495361,base
UCS,HGB,141,1,356.69285,612.417425562412,base
UCS,HGB,142,1,280.0,2076.206690425009,base
UCS,HGB,143,1,610.0,610.1680573495361,base
UCS,HGB,144,1,630.0,610.1680573495361,base
UCS,HGB,145,1,670.0,610.1680573495361,base
UCS,HGB,146,1,710.0,610.1680573495361,base
UCS,HGB,147,1,320.0,1195.231017316042,base
UCS,HGB,148,1,409.5526,2957.2007528762892,base
UCS,HGB,149,1,537.82068,3111.133005267842,base
UCS,HGB,150,1,605.46638,3136.641319365358,base
UCS,HGB,151,1,847.58623,3390.449648772947,base
UCS,HGB,152,1,938.88945,3412.767425840865,base
UCS,HGB,153,1,887.13864,3416.5959706096796,base
UCS,HGB,154,1,280.0,2552.00082981833,base
UCS,HGB,155,1,1040.0,3150.7266304709165,base
UCS,HGB,156,1,1120.0,3110.599784856995,base
UCS,HGB,157,1,1340.0,3111.7385360798517,base
UCS,HGB,158,1,2230.0,3111.7385360798517,base
UCS,HGB,159,1,320.0,1585.264302922212,base
UCS,HGB,160,1,588.46254,2831.852567186366,base
UCS,HGB,161,1,686.04978,2989.8219644374008,base
UCS,HGB,162,1,766.63318,3014.8496295537166,base
UCS,HGB,163,1,997.66358,3280.5053135990242,base
UCS,HGB,164,1,1084.5310100000002,3250.6868553103563,base
UCS,HGB,165,1,1026.49617,3254.515400079171,base
UCS,HGB,166,1,280.0,2616.6000121789702,base
UCS,HGB,167,1,1090.0,3020.5410143695435,base
UCS,HGB,168,1,1370.0,2983.2296180295393,base
UCS,HGB,169,1,1720.0,2984.368369252396,base
UCS,HGB,170,1,2340.0,2984.368369252396,base
UCS,HGB,171,1,320.0,1579.069670434052,base
UCS,HGB,172,1,748.89005,2843.413021630411,base
UCS,HGB,173,1,777.7226400000001,2999.8003237740236,base
UCS,HGB,174,1,831.32169,3015.204422578266,base
UCS,HGB,175,1,1098.20801,3268.3822964232454,base
UCS,HGB,176,1,1198.01314,3244.209434673147,base
UCS,HGB,177,1,1147.0016300000002,3380.295868249621,base
UCS,HGB,178,1,280.0,2709.4603704764654,base
UCS,HGB,179,1,1260.0,3049.4417090889506,base
UCS,HGB,180,1,1550.0,3012.1303127489464,base
UCS,HGB,181,1,1870.0,3013.269063971803,base
UCS,HGB,182,1,2780.0,3013.269063971803,base
UCS,HGB,183,1,120.0,2892.347114864149,base
UCS,HGB,184,1,320.0,2892.347114864149,base
UCS,HGB,185,1,470.0,2892.347114864149,base
UCS,HGB,186,1,710.0,2892.347114864149,base
UCS,HGB,187,1,1080.0,2892.347114864149,base
UCS,HGB,188,1,250.0,2991.3277456578403,base
UCS,HGB,189,1,490.0,2991.3277456578403,base
UCS,HGB,190,1,630.0,2991.3277456578403,base
UCS,HGB,191,1,1070.0,2991.3277456578403,base
UCS,HGB,192,1,1460.0,2991.3277456578403,base
UCS,HGB,193,1,626.6239,2697.1153450110264,base
UCS,HGB,194,1,631.94235,2697.1153450110264,base
UCS,HGB,195,1,633.66782,2697.1153450110264,base
UCS,HGB,196,1,628.22879,2697.1153450110264,base
UCS,HGB,197,1,936.82048,2697.1153450110264,base
UCS,HGB,198,1,954.3751,2697.1153450110264,base
UCS,HGB,199,1,1104.05131,2697.1153450110264,base
UCS,HGB,200,1,1134.5409,2697.1153450110264,base
UCS,HGB,201,1,1178.88941,2697.1153450110264,base
UCS,HGB,202,1,945.00524,2782.4242271882704,base
UCS,HGB,203,1,934.21093,2782.4242271882704,base
UCS,HGB,204,1,930.48683,2782.4242271882704,base
UCS,HGB,205,1,934.0487,2782.4242271882704,base
UCS,HGB,206,1,1241.71646,2782.4242271882704,base
UCS,HGB,207,1,1292.53246,2782.4242271882704,base
UCS,HGB,208,1,1355.35951,2782.4242271882704,base
UCS,HGB,209,1,1442.20867,2782.4242271882704,base
UCS,HGB,210,1,1358.13129,2782.4242271882704,base
UCS,HGB,211,1,1714.56871,2871.389248662524,base
UCS,HGB,212,1,1717.68299,2871.389248662524,base
UCS,HGB,213,1,1716.50755,2871.389248662524,base
UCS,HGB,214,1,1717.53897,2871.389248662524,base
UCS,HGB,215,1,1831.18202,2871.389248662524,base
UCS,HGB,216,1,1738.7893,2871.389248662524,base
UCS,HGB,217,1,2166.5676,2871.389248662524,base
UCS,HGB,218,1,2232.16643,2871.389248662524,base
UCS,HGB,219,1,2064.93561,2871.389248662524,base
UCS,HGB,220,1,872.0,2591.249790068247,base
UCS,HGB,221,1,902.0,3046.3709504945527,base
UCS,HGB,222,1,923.0,3046.3709504945527,base
UCS,HGB,223,1,972.0,3046.3709504945527,base
UCS,HGB,224,1,840.0,3046.3709504945527,base
UCS,HGB,225,1,872.0,2591.249790068247,base
UCS,HGB,226,1,637.0,2591.249790068247,base
UCS,HGB,227,1,450.0,2591.249790068247,base
UCS,HGB,228,1,159.0,2591.249790068247,base
UCS,HGB,229,1,90.0,2591.249790068247,base
UCS,HGB,230,1,985.0,2687.977826265615,base
UCS,HGB,231,1,975.0,2954.2311348566177,base
UCS,HGB,232,1,998.0,2954.2311348566177,base
UCS,HGB,233,1,1025.0,2954.2311348566177,base
UCS,HGB,234,1,890.0,2954.2311348566177,base
UCS,HGB,235,1,985.0,2687.977826265615,base
UCS,HGB,236,1,859.0,2687.977826265615,base
UCS,HGB,237,1,535.0,2687.977826265615,base
UCS,HGB,238,1,205.0,2687.977826265615,base
UCS,HGB,239,1,120.0,2687.977826265615,base
UCS,HGB,240,1,1080.0,2815.1905004472596,base
UCS,HGB,241,1,1120.0,3015.3076765888154,base
UCS,HGB,242,1,1173.0,3015.3076765888154,base
UCS,HGB,243,1,1200.0,3015.3076765888154,base
UCS,HGB,244,1,1060.0,3015.3076765888154,base
UCS,HGB,245,1,1080.0,2815.1905004472596,base
UCS,HGB,246,1,1010.0,2815.1905004472596,base
UCS,HGB,247,1,678.0,2815.1905004472596,base
UCS,HGB,248,1,315.0,2815.1905004472596,base
UCS,HGB,249,1,150.0,2815.1905004472596,base
UCS,HGB,250,1,872.0,2591.249790068247,base
UCS,HGB,251,1,902.0,3046.3709504945527,base
UCS,HGB,252,1,923.0,3046.3709504945527,base
UCS,HGB,253,1,972.0,3046.3709504945527,base
UCS,HGB,254,1,840.0,3046.3709504945527,base
UCS,HGB,255,1,985.0,2687.977826265615,base
UCS,HGB,256,1,975.0,2954.2311348566177,base
UCS,HGB,257,1,998.0,2954.2311348566177,base
UCS,HGB,258,1,1025.0,2954.2311348566177,base
UCS,HGB,259,1,890.0,2954.2311348566177,base
UCS,HGB,260,1,1080.0,2815.1905004472596,base
UCS,HGB,261,1,1120.0,3015.3076765888154,base
UCS,HGB,262,1,1173.0,3015.3076765888154,base
UCS,HGB,263,1,1200.0,3015.3076765888154,base
UCS,HGB,264,1,1060.0,3015.3076765888154,base
UCS,HGB,265,1,370.0,2754.8594991952273,base
UCS,HGB,266,1,520.0,2754.8594991952273,base
UCS,HGB,267,1,1050.0,3205.0351102285845,base
UCS,HGB,268,1,1750.0,3100.2527979171236,base
UCS,HGB,269,1,510.0,3100.2527979171236,base
UCS,HGB,270,1,950.0,2811.6370029226746,base
UCS,HGB,271,1,1160.0,3100.2527979171236,base
UCS,HGB,272,1,2050.0,3163.7071822212647,base
UCS,HGB,273,1,1720.0,3163.7071822212647,base
UCS,HGB,274,1,1060.0,3163.7071822212647,base
UCS,HGB,275,1,1210.0,2913.067450800153,base
UCS,HGB,276,1,1640.0,3308.407662182976,base
UCS,HGB,277,1,1520.0,3308.407662182976,base
UCS,HGB,278,1,4020.0,3308.407662182976,base
UCS,HGB,279,1,2320.0,3308.407662182976,base
UCS,HGB,280,1,2410.0,3223.3683558098733,base
UCS,HGB,281,1,1220.0,3361.870972242864,base
UCS,HGB,282,1,2940.0,3361.870972242864,base
UCS,HGB,283,1,4140.0,3361.870972242864,base
UCS,HGB,284,1,2930.0,3361.870972242864,base
UCS,HGB,285,1,790.0,2628.7836137678864,base
UCS,HGB,286,1,930.0,2628.7836137678864,base
UCS,HGB,287,1,1190.0,2628.7836137678864,base
UCS,HGB,288,1,1290.0,2628.7836137678864,base
UCS,HGB,289,1,1560.0,2628.7836137678864,base
UCS,HGB,290,1,1460.0,2628.7836137678864,base
UCS,HGB,291,1,1280.0,2628.7836137678864,base
UCS,HGB,292,1,1520.0,2628.7836137678864,base
UCS,HGB,293,1,1550.0,2628.7836137678864,base
UCS,HGB,294,1,2030.0,2725.651913087876,base
UCS,HGB,295,1,2000.0,2725.651913087876,base
UCS,HGB,296,1,2350.0,2725.651913087876,base
UCS,HGB,297,1,2280.0,2725.651913087876,base
UCS,HGB,298,1,2430.0,2823.258392651027,base
UCS,HGB,299,1,2910.0,2823.258392651027,base
UCS,HGB,300,1,2900.0,2823.258392651027,base
UCS,HGB,301,1,2970.0,2823.258392651027,base
UCS,HGB,302,1,3390.0,3046.6501919313805,base
UCS,HGB,303,1,3440.0,3046.6501919313805,base
UCS,HGB,304,1,3700.0,3046.6501919313805,base
UCS,HGB,305,1,3730.0,3046.6501919313805,base
UCS,HGB,306,1,3440.0,3150.2049181410084,base
UCS,HGB,307,1,3640.0,3150.2049181410084,base
UCS,HGB,308,1,3810.0,3150.2049181410084,base
UCS,HGB,309,1,3960.0,3150.2049181410084,base
UCS,HGB,310,1,3420.0,2862.7902486129547,base
UCS,HGB,311,1,3580.0,2862.7902486129547,base
UCS,HGB,312,1,3690.0,2862.7902486129547,base
UCS,HGB,313,1,4050.0,2862.7902486129547,base
UCS,HGB,314,1,1700.0,2728.604968803632,base
UCS,HGB,315,1,3760.0,2728.604968803632,base
UCS,HGB,316,1,5110.0,2728.604968803632,base
UCS,HGB,317,1,3280.0,2728.604968803632,base
UCS,HGB,318,1,1750.0,2728.604968803632,base
UCS,HGB,319,1,1180.0,2728.604968803632,base
UCS,HGB,320,1,2380.0,2728.604968803632,base
UCS,HGB,321,1,1670.0,2728.604968803632,base
UCS,HGB,322,1,2160.0,2728.604968803632,base
UCS,HGB,323,1,2130.0,2871.4448714211685,base
UCS,HGB,324,1,4540.0,2871.4448714211685,base
UCS,HGB,325,1,6160.0,2871.4448714211685,base
UCS,HGB,326,1,4630.0,2871.4448714211685,base
UCS,HGB,327,1,2670.0,2871.4448714211685,base
UCS,HGB,328,1,2110.0,2871.4448714211685,base
UCS,HGB,329,1,3660.0,2871.4448714211685,base
UCS,HGB,330,1,1860.0,2871.4448714211685,base
UCS,HGB,331,1,2570.0,2871.4448714211685,base
UCS,HGB,332,1,2780.0,3016.3808935491343,base
UCS,HGB,333,1,5780.0,3016.3808935491343,base
UCS,HGB,334,1,10710.0,3016.3808935491343,base
UCS,HGB,335,1,7550.0,3016.3808935491343,base
UCS,HGB,336,1,2880.0,3016.3808935491343,base
UCS,HGB,337,1,2370.0,3016.3808935491343,base
UCS,HGB,338,1,6120.0,3016.3808935491343,base
UCS,HGB,339,1,2250.0,3016.3808935491343,base
UCS,HGB,340,1,3790.0,3016.3808935491343,base
UCS,HGB,341,1,55.31,2927.927443559086,base
UCS,HGB,342,1,1803.44,2942.769864504045,base
UCS,HGB,343,1,2284.95,2875.8795760986604,base
UCS,HGB,344,1,3297.0,3173.2018243703237,base
UCS,HGB,345,1,69.43,2801.2774461057124,base
UCS,HGB,346,1,609.97,2747.172770075622,base
UCS,HGB,347,1,2545.81,2798.8479717076616,base
UCS,HGB,348,1,3936.39,3323.763692783996,base
UCS,HGB,349,1,87.08,2698.055601844226,base
UCS,HGB,350,1,2076.9500000000003,2768.422217118874,base
UCS,HGB,351,1,360.0,2804.1713838040755,base
UCS,HGB,352,1,520.0,2842.4309443334996,base
UCS,HGB,353,1,85.0,2709.950889756474,base
UCS,HGB,354,1,55.6,2656.0605242013457,base
UCS,HGB,355,1,222.5,2855.822528491144,base
UCS,HGB,356,1,149.0,2698.055601844226,base
UCS,HGB,357,1,190.0,2751.096438623189,base
UCS,HGB,358,1,663.0,2863.227855280769,base
UCS,HGB,359,1,4400.0,3498.37256670049,base
UCS,HGB,360,1,4400.0,3498.37256670049,base
UCS,HGB,361,1,2540.0,3299.7356626516735,base
UCS,HGB,362,1,3200.0,3441.9673597979913,base
UCS,HGB,363,1,1900.0,3121.3691876541657,base
UCS,HGB,364,1,1900.0,3121.3691876541657,base
UCS,HGB,365,1,4700.0,3501.0289338580556,base
UCS,HGB,366,1,4700.0,3501.0289338580556,base
UCS,HGB,367,1,3900.0,3609.051404348762,base
UCS,HGB,368,1,4200.0,3619.2723210337263,base
UCS,HGB,369,1,4200.0,3619.2723210337263,base
UCS,HGB,370,1,2950.0,3317.817976444605,base
UCS,HGB,371,1,2950.0,3317.817976444605,base
UCS,HGB,372,1,2700.0,3348.147877544199,base
UCS,HGB,373,1,3100.0,3447.606132401649,base
UCS,HGB,374,1,2900.0,3308.31398257089,base
UCS,HGB,375,1,2900.0,3308.31398257089,base
UCS,HGB,376,1,1100.0,2449.617324642845,base
UCS,HGB,377,1,4100.0,3652.3622716532923,base
UCS,HGB,378,1,4100.0,3652.3622716532923,base
UCS,HGB,379,1,2300.0,2890.795828244945,base
UCS,HGB,380,1,2700.0,2939.728003099959,base
UCS,HGB,381,1,4100.0,3731.5816751796706,base
UCS,HGB,382,1,4100.0,3731.5816751796706,base
UCS,HGB,383,1,2300.0,3185.2756236064915,base
UCS,HGB,384,1,2000.0,2837.636830781496,base
UCS,HGB,385,1,2050.0,2837.636830781496,base
UCS,HGB,386,1,2960.0,3340.3913177034024,base
UCS,HGB,387,1,3250.0,3322.4291580723607,base
UCS,HGB,388,1,3250.0,3322.4291580723607,base
UCS,HGB,389,1,2200.0,2959.217316153243,base
UCS,HGB,390,1,1820.0,2878.5079407607436,base
UCS,HGB,391,1,2200.0,2990.8316776443194,base
UCS,HGB,392,1,3800.0,3529.263636279184,base
UCS,HGB,393,1,3800.0,3529.263636279184,base
UCS,HGB,394,1,3900.0,3577.534693944311,base
UCS,HGB,395,1,2950.0,3116.3895346682884,base
UCS,HGB,396,1,1930.0,3358.4251875856244,base
UCS,HGB,397,1,2150.0,3324.16538281565,base
UCS,HGB,398,1,2010.0,2906.3782717596223,base
UCS,HGB,399,1,4200.0,3631.397333642686,base
UCS,HGB,400,1,2300.0,2869.1282626699935,base
UCS,HGB,401,1,2270.0,2929.8022370356257,base
UCS,HGB,402,1,3210.0,3231.1349939293873,base
UCS,HGB,403,1,2870.0,3544.051053102254,base
UCS,HGB,404,1,2800.0,3896.584012565924,base
UCS,HGB,405,1,2900.0,3652.2032823261666,base
UCS,HGB,406,1,2020.0,3575.582968270549,base
UCS,HGB,407,1,2000.0,3532.3615502643675,base
UCS,HGB,408,1,1880.0,3114.489947870548,base
UCS,HGB,409,1,3000.0,3486.212921368995,base
UCS,HGB,410,1,1610.0,3326.4950533956735,base
UCS,HGB,411,1,3980.0,3610.2881357927827,base
UCS,HGB,412,1,1690.0,2845.249616027181,base
UCS,HGB,413,1,2300.0,2962.5849692228185,base
UCS,HGB,414,1,2790.0,3485.5723782941436,base
UCS,HGB,415,1,1820.0,2939.920509009419,base
UCS,HGB,416,1,3200.0,3212.3206964418755,base
UCS,HGB,417,1,1980.0,2877.768129006247,base
UCS,HGB,418,1,1800.0,2805.751888562406,base
UCS,HGB,419,1,4020.0,3854.6604998773073,base
UCS,HGB,420,1,5400.0,3663.5272092995374,base
UCS,HGB,421,1,1200.0,2685.7276289095694,base
UCS,HGB,422,1,1570.0,2787.43121168584,base
UCS,HGB,423,1,3300.0,3591.856640416934,base
UCS,HGB,424,1,3400.0,3209.8016278302407,base
UCS,HGB,425,1,1900.0,2883.0985155268722,base
UCS,HGB,426,1,1025.0,3015.683748791873,base
UCS,HGB,427,1,193.05,3006.848152087266,base
UCS,HGB,428,1,59.5,2943.305700490644,base
UCS,HGB,429,1,61.6,2943.305700490644,base
UCS,HGB,430,1,55.1,2943.305700490644,base
UCS,HGB,431,1,49.4,2943.305700490644,base
UCS,HGB,432,1,48.4,2943.305700490644,base
UCS,HGB,433,1,178.4,2943.305700490644,base
UCS,HGB,434,1,104.4,2943.305700490644,base
UCS,HGB,435,1,54.2,2943.305700490644,base
UCS,HGB,436,1,63.8,2943.305700490644,base
UCS,HGB,437,1,55.3,2943.305700490644,base
UCS,HGB,438,1,1836.0,2943.305700490644,base
UCS,HGB,439,1,1519.8,2943.305700490644,base
UCS,HGB,440,1,442.0,2943.305700490644,base
UCS,HGB,441,1,73.80000000000001,2943.305700490644,base
UCS,HGB,442,1,55.7,2943.305700490644,base
UCS,HGB,443,1,3833.5,2943.305700490644,base
UCS,HGB,444,1,2529.3,2943.305700490644,base
UCS,HGB,445,1,1513.8,2943.305700490644,base
UCS,HGB,446,1,484.1,2943.305700490644,base
UCS,HGB,447,1,4093.2,2943.305700490644,base
UCS,HGB,448,1,3004.7000000000003,2943.305700490644,base
UCS,HGB,449,1,1270.1,2943.305700490644,base
UCS,HGB,450,1,549.5,2943.305700490644,base
UCS,HGB,451,1,363.3,2943.305700490644,base
UCS,HGB,452,1,3782.9,2943.305700490644,base
UCS,HGB,453,1,2402.4,2943.305700490644,base
UCS,HGB,454,1,1239.6,2943.305700490644,base
UCS,HGB,455,1,201.7,2943.305700490644,base
UCS,HGB,456,1,64.0,2943.305700490644,base
UCS,HGB,457,1,4747.8,2943.305700490644,base
UCS,HGB,458,1,3146.7000000000003,2943.305700490644,base
UCS,HGB,459,1,1660.6,2943.305700490644,base
UCS,HGB,460,1,545.2,2943.305700490644,base
UCS,HGB,461,1,51.3,3003.0522248117727,base
UCS,HGB,462,1,3137.6,3003.0522248117727,base
UCS,HGB,463,1,2613.1000000000004,3003.0522248117727,base
UCS,HGB,464,1,1425.9,3003.0522248117727,base
UCS,HGB,465,1,635.0,3003.0522248117727,base
UCS,HGB,466,1,65.60000000000001,3003.0522248117727,base
UCS,HGB,467,1,57.5,2884.5069288847867,base
UCS,HGB,468,1,56.8,2884.5069288847867,base
UCS,HGB,469,1,61.7,2884.5069288847867,base
UCS,HGB,470,1,72.4,2884.5069288847867,base
UCS,HGB,471,1,76.1,2884.5069288847867,base
UCS,HGB,472,1,2615.3,2884.5069288847867,base
UCS,HGB,473,1,722.8,2884.5069288847867,base
UCS,HGB,474,1,81.0,2884.5069288847867,base
UCS,HGB,475,1,81.5,2884.5069288847867,base
UCS,HGB,476,1,61.1,2884.5069288847867,base
UCS,HGB,477,1,4715.7,2884.5069288847867,base
UCS,HGB,478,1,983.8,2884.5069288847867,base
UCS,HGB,479,1,169.9,2884.5069288847867,base
UCS,HGB,480,1,92.0,2884.5069288847867,base
UCS,HGB,481,1,113.8,2884.5069288847867,base
UCS,HGB,482,1,6333.9,2884.5069288847867,base
UCS,HGB,483,1,5499.0,2884.5069288847867,base
UCS,HGB,484,1,2905.5,2884.5069288847867,base
UCS,HGB,485,1,320.79999999999995,2884.5069288847867,base
UCS,HGB,486,1,108.3,2884.5069288847867,base
UCS,HGB,487,1,6549.2,2884.5069288847867,base
UCS,HGB,488,1,5612.0,2884.5069288847867,base
UCS,HGB,489,1,4519.599999999999,2884.5069288847867,base
UCS,HGB,490,1,1048.8,2884.5069288847867,base
UCS,HGB,491,1,82.60000000000001,2884.5069288847867,base
UCS,HGB,492,1,6962.4,2884.5069288847867,base
UCS,HGB,493,1,4417.099999999999,2884.5069288847867,base
UCS,HGB,494,1,1049.7,2884.5069288847867,base
UCS,HGB,495,1,108.1,2884.5069288847867,base
UCS,HGB,496,1,96.9,2884.5069288847867,base
UCS,HGB,497,1,7857.3,2884.5069288847867,base
UCS,HGB,498,1,6059.3,2884.5069288847867,base
UCS,HGB,499,1,3516.2,2884.5069288847867,base
UCS,HGB,500,1,379.9,2884.5069288847867,base
UCS,HGB,501,1,119.4,2884.5069288847867,base
UCS,HGB,502,1,6912.7,2884.5069288847867,base
UCS,HGB,503,1,5779.099999999999,2884.5069288847867,base
UCS,HGB,504,1,4361.1,2884.5069288847867,base
UCS,HGB,505,1,1989.1,2884.5069288847867,base
UCS,HGB,506,1,78.60000000000001,2884.5069288847867,base
UCS,HGB,507,1,72.4,3134.1727488643887,base
UCS,HGB,508,1,77.8,3134.1727488643887,base
UCS,HGB,509,1,71.3,3134.1727488643887,base
UCS,HGB,510,1,44.5,3134.1727488643887,base
UCS,HGB,511,1,30.1,3134.1727488643887,base
UCS,HGB,512,1,201.7,3134.1727488643887,base
UCS,HGB,513,1,168.7,3134.1727488643887,base
UCS,HGB,514,1,108.9,3134.1727488643887,base
UCS,HGB,515,1,86.9,3134.1727488643887,base
UCS,HGB,516,1,98.5,3134.1727488643887,base
UCS,HGB,517,1,10089.0,3134.1727488643887,base
UCS,HGB,518,1,5803.7,3134.1727488643887,base
UCS,HGB,519,1,117.3,3134.1727488643887,base
UCS,HGB,520,1,67.6,3134.1727488643887,base
UCS,HGB,521,1,107.1,3134.1727488643887,base
UCS,HGB,522,1,10786.0,3134.1727488643887,base
UCS,HGB,523,1,9583.3,3134.1727488643887,base
UCS,HGB,524,1,2567.3,3134.1727488643887,base
UCS,HGB,525,1,69.3,3134.1727488643887,base
UCS,HGB,526,1,25.7,3134.1727488643887,base
UCS,HGB,527,1,10042.0,3134.1727488643887,base
UCS,HGB,528,1,9647.6,3134.1727488643887,base
UCS,HGB,529,1,8262.1,3134.1727488643887,base
UCS,HGB,530,1,148.60000000000002,3134.1727488643887,base
UCS,HGB,531,1,33.7,3134.1727488643887,base
UCS,HGB,532,1,10809.0,3134.1727488643887,base
UCS,HGB,533,1,9878.1,3134.1727488643887,base
UCS,HGB,534,1,269.2,3134.1727488643887,base
UCS,HGB,535,1,178.79999999999998,3134.1727488643887,base
UCS,HGB,536,1,56.7,3134.1727488643887,base
UCS,HGB,537,1,11033.0,3134.1727488643887,base
UCS,HGB,538,1,8186.999999999999,3134.1727488643887,base
UCS,HGB,539,1,3534.2,3134.1727488643887,base
UCS,HGB,540,1,99.0,3134.1727488643887,base
UCS,HGB,541,1,38.2,3134.1727488643887,base
UCS,HGB,542,1,8661.099999999999,3134.1727488643887,base
UCS,HGB,543,1,7999.2,3134.1727488643887,base
UCS,HGB,544,1,7754.0,3134.1727488643887,base
UCS,HGB,545,1,1216.6999999999998,3134.1727488643887,base
UCS,HGB,546,1,70.8,3134.1727488643887,base
UCS,HGB,547,1,117.4,2919.801593593863,base
UCS,HGB,548,1,109.9,2919.801593593863,base
UCS,HGB,549,1,84.9,2919.801593593863,base
UCS,HGB,550,1,16.9,2919.801593593863,base
UCS,HGB,551,1,210.7,2919.801593593863,base
UCS,HGB,552,1,197.0,2919.801593593863,base
UCS,HGB,553,1,168.9,2919.801593593863,base
UCS,HGB,554,1,110.3,2919.801593593863,base
UCS,HGB,555,1,229.3,2919.801593593863,base
UCS,HGB,556,1,224.1,2919.801593593863,base
UCS,HGB,557,1,186.8,2919.801593593863,base
UCS,HGB,558,1,155.5,2919.801593593863,base
UCS,HGB,559,1,195.4,2919.801593593863,base
UCS,HGB,560,1,123.2,2919.801593593863,base
UCS,HGB,561,1,80.0,2919.801593593863,base
UCS,HGB,562,1,39.0,2919.801593593863,base
UCS,HGB,563,1,185.2,2919.801593593863,base
UCS,HGB,564,1,181.9,2919.801593593863,base
UCS,HGB,565,1,180.0,2919.801593593863,base
UCS,HGB,566,1,127.0,2919.801593593863,base
UCS,HGB,567,1,189.0,2919.801593593863,base
UCS,HGB,568,1,170.0,2919.801593593863,base
UCS,HGB,569,1,163.0,2919.801593593863,base
UCS,HGB,570,1,120.0,2919.801593593863,base
UCS,HGB,571,1,5855.0,3134.1727488643887,base
UCS,HGB,572,1,2597.0,3134.1727488643887,base
UCS,HGB,573,1,120.0,3134.1727488643887,base
UCS,HGB,574,1,97.0,3134.1727488643887,base
UCS,HGB,575,1,53.0,3134.1727488643887,base
UCS,HGB,576,1,4899.0,3134.1727488643887,base
UCS,HGB,577,1,3410.0,3134.1727488643887,base
UCS,HGB,578,1,604.0,3134.1727488643887,base
UCS,HGB,579,1,96.0,3134.1727488643887,base
UCS,HGB,580,1,74.0,3134.1727488643887,base
UCS,HGB,581,1,7346.0,3134.1727488643887,base
UCS,HGB,582,1,6191.0,3134.1727488643887,base
UCS,HGB,583,1,348.0,3134.1727488643887,base
UCS,HGB,584,1,144.0,3134.1727488643887,base
UCS,HGB,585,1,45.0,3134.1727488643887,base
UCS,HGB,586,1,9562.0,3134.1727488643887,base
UCS,HGB,587,1,8595.0,3134.1727488643887,base
UCS,HGB,588,1,971.0,3134.1727488643887,base
UCS,HGB,589,1,140.0,3134.1727488643887,base
UCS,HGB,590,1,54.0,3134.1727488643887,base
UCS,HGB,591,1,2687.0,3134.1727488643887,base
UCS,HGB,592,1,650.0,3134.1727488643887,base
UCS,HGB,593,1,199.0,3134.1727488643887,base
UCS,HGB,594,1,109.0,3134.1727488643887,base
UCS,HGB,595,1,37.0,3134.1727488643887,base
UCS,HGB,596,1,3127.0,3134.1727488643887,base
UCS,HGB,597,1,615.0,3134.1727488643887,base
UCS,HGB,598,1,134.0,3134.1727488643887,base
UCS,HGB,599,1,142.0,3134.1727488643887,base
UCS,HGB,600,1,10530.0,3134.1727488643887,base
UCS,HGB,601,1,7492.0,3134.1727488643887,base
UCS,HGB,602,1,656.0,3134.1727488643887,base
UCS,HGB,603,1,240.0,3134.1727488643887,base
UCS,HGB,604,1,10560.0,3134.1727488643887,base
UCS,HGB,605,1,9610.0,3134.1727488643887,base
UCS,HGB,606,1,1323.0,3134.1727488643887,base
UCS,HGB,607,1,176.0,3134.1727488643887,base
UCS,HGB,608,1,40.0,3134.1727488643887,base
UCS,HGB,609,1,5012.0,2943.305700490644,base
UCS,HGB,610,1,6644.0,2943.305700490644,base
UCS,HGB,611,1,7278.0,2943.305700490644,base
UCS,HGB,612,1,8696.0,2943.305700490644,base
UCS,HGB,613,1,10350.0,2943.305700490644,base
UCS,HGB,614,1,5423.0,2943.305700490644,base
UCS,HGB,615,1,6251.0,2943.305700490644,base
UCS,HGB,616,1,8130.000000000001,2943.305700490644,base
UCS,HGB,617,1,9384.0,2943.305700490644,base
UCS,HGB,618,1,11180.0,2943.305700490644,base
UCS,HGB,619,1,3484.0,2943.305700490644,base
UCS,HGB,620,1,4605.0,2943.305700490644,base
UCS,HGB,621,1,6519.0,2943.305700490644,base
UCS,HGB,622,1,8700.0,2943.305700490644,base
UCS,HGB,623,1,10350.0,2943.305700490644,base
UCS,HGB,624,1,4951.0,2943.305700490644,base
UCS,HGB,625,1,5471.0,2943.305700490644,base
UCS,HGB,626,1,6285.0,2943.305700490644,base
UCS,HGB,627,1,7956.0,2943.305700490644,base
UCS,HGB,628,1,10920.0,2943.305700490644,base
UCS,HGB,629,1,6304.0,2884.5069288847867,base
UCS,HGB,630,1,11620.0,2884.5069288847867,base
UCS,HGB,631,1,13870.0,2884.5069288847867,base
UCS,HGB,632,1,15550.0,2884.5069288847867,base
UCS,HGB,633,1,18530.0,2884.5069288847867,base
UCS,HGB,634,1,10690.0,2884.5069288847867,base
UCS,HGB,635,1,12350.0,2884.5069288847867,base
UCS,HGB,636,1,13260.0,2884.5069288847867,base
UCS,HGB,637,1,13660.0,2884.5069288847867,base
UCS,HGB,638,1,15690.0,2884.5069288847867,base
UCS,HGB,639,1,10080.0,2884.5069288847867,base
UCS,HGB,640,1,12590.0,2884.5069288847867,base
UCS,HGB,641,1,13450.0,2884.5069288847867,base
UCS,HGB,642,1,15120.0,2884.5069288847867,base
UCS,HGB,643,1,15360.0,2884.5069288847867,base
UCS,HGB,644,1,8791.0,2884.5069288847867,base
UCS,HGB,645,1,10950.0,2884.5069288847867,base
UCS,HGB,646,1,12020.0,2884.5069288847867,base
UCS,HGB,647,1,14260.0,2884.5069288847867,base
UCS,HGB,648,1,17040.0,2884.5069288847867,base
UCS,HGB,649,1,15860.0,3134.1727488643887,base
UCS,HGB,650,1,18920.0,3134.1727488643887,base
UCS,HGB,651,1,19460.0,3134.1727488643887,base
UCS,HGB,652,1,22030.0,3134.1727488643887,base
UCS,HGB,653,1,23480.0,3134.1727488643887,base
UCS,HGB,654,1,17250.0,3134.1727488643887,base
UCS,HGB,655,1,18980.0,3134.1727488643887,base
UCS,HGB,656,1,20720.0,3134.1727488643887,base
UCS,HGB,657,1,22380.0,3134.1727488643887,base
UCS,HGB,658,1,24260.0,3134.1727488643887,base
UCS,HGB,659,1,14000.0,3134.1727488643887,base
UCS,HGB,660,1,17140.0,3134.1727488643887,base
UCS,HGB,661,1,20410.0,3134.1727488643887,base
UCS,HGB,662,1,21890.0,3134.1727488643887,base
UCS,HGB,663,1,22710.0,3134.1727488643887,base
UCS,HGB,664,1,11460.0,3134.1727488643887,base
UCS,HGB,665,1,14330.0,3134.1727488643887,base
UCS,HGB,666,1,16580.0,3134.1727488643887,base
UCS,HGB,667,1,18080.0,3134.1727488643887,base
UCS,HGB,668,1,18640.0,3134.1727488643887,base
UCS,HGB,669,1,11580.0,3134.1727488643887,base
UCS,HGB,670,1,11610.0,3134.1727488643887,base
UCS,HGB,671,1,12160.0,3134.1727488643887,base
UCS,HGB,672,1,12000.0,3134.1727488643887,base
UCS,HGB,673,1,12470.0,3134.1727488643887,base
UCS,HGB,674,1,12620.0,3134.1727488643887,base
UCS,HGB,675,1,13050.0,3134.1727488643887,base
UCS,HGB,676,1,13370.0,3134.1727488643887,base
UCS,HGB,677,1,14320.0,3134.1727488643887,base
UCS,HGB,678,1,15570.0,3134.1727488643887,base
UCS,HGB,679,1,17550.0,3134.1727488643887,base
UCS,HGB,680,1,18330.0,3134.1727488643887,base
UCS,HGB,681,1,18310.0,3134.1727488643887,base
UCS,HGB,682,1,12350.0,3134.1727488643887,base
UCS,HGB,683,1,13030.0,3134.1727488643887,base
UCS,HGB,684,1,13600.0,3134.1727488643887,base
UCS,HGB,685,1,14240.0,3134.1727488643887,base
UCS,HGB,686,1,14700.0,3134.1727488643887,base
UCS,HGB,687,1,15010.0,3134.1727488643887,base
UCS,HGB,688,1,14930.0,3134.1727488643887,base
UCS,HGB,689,1,15270.0,3134.1727488643887,base
UCS,HGB,690,1,14720.0,3134.1727488643887,base
UCS,HGB,691,1,13380.0,3134.1727488643887,base
UCS,HGB,692,1,12570.0,3134.1727488643887,base
UCS,HGB,693,1,13540.0,3134.1727488643887,base
UCS,HGB,694,1,13380.0,3134.1727488643887,base
UCS,HGB,695,1,13730.0,3134.1727488643887,base
UCS,HGB,696,1,13700.0,3134.1727488643887,base
UCS,HGB,697,1,14010.0,3134.1727488643887,base
UCS,HGB,698,1,14060.0,3134.1727488643887,base
UCS,HGB,699,1,14030.0,3134.1727488643887,base
UCS,HGB,700,1,14650.0,3134.1727488643887,base
UCS,HGB,701,1,14820.0,3134.1727488643887,base
UCS,HGB,1331,2,1820.0,977.3643066337435,base
UCS,HGB,1332,2,2520.0,1859.3103735133823,base
UCS,HGB,1333,2,2060.0,1524.9328121770088,base
UCS,HGB,1334,2,2630.0,2446.323148877037,base
UCS,HGB,1335,2,2120.0,1102.6781103890319,base
UCS,HGB,1336,2,3080.0,1982.6322782900866,base
UCS,HGB,1337,2,2290.0,1102.6781103890319,base
UCS,HGB,1338,2,2940.0,1982.6322782900866,base
UCS,HGB,1339,2,2690.0,977.3643066337435,base
UCS,HGB,1340,2,3350.0,1859.3103735133823,base
UCS,HGB,1341,2,83.15,524.6075224707323,base
UCS,HGB,1342,2,103.18,579.5337804931447,base
UCS,HGB,1343,2,118.083,906.8674132404502,base
UCS,HGB,1344,2,158.517,1867.6594892700364,base
UCS,HGB,1345,2,95.2,268.06845442549235,base
UCS,HGB,1346,2,142.012,325.65111827497157,base
UCS,HGB,1347,2,195.2,681.9511840196375,base
UCS,HGB,1348,2,246.279,1336.8321819683242,base
UCS,HGB,1349,2,130.84,266.8958890232663,base
UCS,HGB,1350,2,161.68,324.4785528727455,base
UCS,HGB,1351,2,222.34,680.7786186174116,base
UCS,HGB,1352,2,264.898,1335.6596165660983,base
UCS,HGB,1353,2,137.77,356.60696937072163,base
UCS,HGB,1354,2,167.55,402.15023229862,base
UCS,HGB,1355,2,226.04,763.334214541977,base
UCS,HGB,1356,2,311.1681,1294.2016431965726,base
UCS,HGB,1357,2,161.7,262.7167173611832,base
UCS,HGB,1358,2,205.309,305.2266806418137,base
UCS,HGB,1359,2,247.87,666.4106628851703,base
UCS,HGB,1360,2,354.26,1169.2733437217948,base
UCS,HGB,1361,2,150.52,353.1768682930845,base
UCS,HGB,1362,2,172.86,398.72013122098286,base
UCS,HGB,1363,2,220.742,759.9041134643396,base
UCS,HGB,1364,2,320.753,1273.9368732964233,base
UCS,HGB,1365,2,302.3,272.6310751799323,base
UCS,HGB,1366,2,353.6,1210.3191397438154,base
UCS,HGB,1367,2,395.2,515.1955356052448,base
UCS,HGB,1368,2,451.2,515.1955356052448,base
UCS,HGB,1369,2,534.307,515.1955356052448,base
UCS,HGB,1370,2,637.594,878.8101876213292,base
UCS,HGB,1371,2,378.4,515.1955356052448,base
UCS,HGB,1372,2,669.59,272.6310751799323,base
UCS,HGB,1373,2,479.336,1210.3191397438154,base
UCS,HGB,1374,2,507.336,515.1955356052448,base
UCS,HGB,1375,2,582.676,515.1955356052448,base
UCS,HGB,1376,2,917.037,515.1955356052448,base
UCS,HGB,1377,2,1084.381,878.8101876213292,base
UCS,HGB,1378,2,474.476,515.1955356052448,base
UCS,HGB,1379,2,825.038,272.6310751799323,base
UCS,HGB,1380,2,737.867,1210.3191397438154,base
UCS,HGB,1381,2,761.978,515.1955356052448,base
UCS,HGB,1382,2,884.389,515.1955356052448,base
UCS,HGB,1383,2,1192.272,515.1955356052448,base
UCS,HGB,1384,2,1458.409,878.8101876213292,base
UCS,HGB,1385,2,789.799,515.1955356052448,base
UCS,HGB,1386,2,1099.99,272.6310751799323,base
UCS,HGB,1387,2,888.905,1210.3191397438154,base
UCS,HGB,1388,2,952.749,515.1955356052448,base
UCS,HGB,1389,2,1217.945,515.1955356052448,base
UCS,HGB,1390,2,1384.696,515.1955356052448,base
UCS,HGB,1391,2,1771.389,878.8101876213292,base
UCS,HGB,1392,2,1054.19,515.1955356052448,base
UCS,HGB,1393,2,76.0,247.89954792255045,base
UCS,HGB,1394,2,277.839,247.89954792255045,base
UCS,HGB,1395,2,318.293,774.4684948823045,base
UCS,HGB,1396,2,453.181,749.0887042154419,base
UCS,HGB,1397,2,254.9,244.21108591479006,base
UCS,HGB,1398,2,337.183,792.2174684502955,base
UCS,HGB,1399,2,446.42,813.9075886359997,base
UCS,HGB,1400,2,292.647,584.8052612315375,base
UCS,HGB,1401,2,373.577,1753.650458168388,base
UCS,HGB,1402,2,513.856,1787.4366397788535,base
UCS,HGB,1403,2,530.638,433.78817042115475,base
UCS,HGB,1404,2,401.891,973.4864604403456,base
UCS,HGB,1405,2,617.684,948.9415505820941,base
UCS,HGB,1406,2,199.187,182.98020320767145,base
UCS,HGB,1407,2,218.734,179.2917411999109,base
UCS,HGB,1408,2,209.926,358.0004330338904,base
UCS,HGB,1409,2,180.826,358.0004330338904,base
UCS,HGB,1410,2,139.837,182.98020320767145,base
UCS,HGB,1411,2,169.546,179.2917411999109,base
UCS,HGB,1412,2,149.763,358.0004330338904,base
UCS,HGB,1413,2,119.851,358.0004330338904,base
UCS,HGB,1414,2,129.44778,251.61567199287487,base
UCS,HGB,1415,2,151.02241,119.61819266070825,base
UCS,HGB,1416,2,339.31009,707.1415179568651,base
UCS,HGB,1417,2,377.556025,619.4323794946671,base
UCS,HGB,1418,2,238.301595,834.7927593649839,base
UCS,HGB,1419,2,289.296175,713.9540403406852,base
UCS,HGB,1420,2,193.191005,1006.1947403663332,base
UCS,HGB,1421,2,208.881645,1406.4238711535022,base
UCS,HGB,1422,2,560.0,285.28938203723817,base
UCS,HGB,1423,2,640.0,127.79897365862388,base
UCS,HGB,1424,2,700.0,55.88863023925625,base
UCS,HGB,1425,2,660.0,1077.4454512361624,base
UCS,HGB,1426,2,770.0,1014.7807652915025,base
UCS,HGB,1427,2,1350.0,1077.2106503516961,base
UCS,HGB,1428,2,720.0,1052.9110830213745,base
UCS,HGB,1429,2,880.0,996.837173638207,base
UCS,HGB,1430,2,1590.0,1055.9184137840305,base
UCS,HGB,1431,2,1041.0,1059.7748985873286,base
UCS,HGB,1432,2,1390.0,988.0317302186606,base
UCS,HGB,1433,2,2460.0,1032.6571414677805,base
UCS,HGB,1434,2,1371.0,303.502686440269,base
UCS,HGB,1435,2,1760.0,146.01227806165463,base
UCS,HGB,1436,2,2490.0,74.10193464228695,base
UCS,HGB,1437,2,376.0,1330.0350851080486,base
UCS,HGB,1438,2,1103.0,1401.9633793636115,base
UCS,HGB,1439,2,1130.0,1401.9633793636115,base
UCS,HGB,1440,2,1169.0,1401.9633793636115,base
UCS,HGB,1441,2,1118.0,1401.9633793636115,base
UCS,HGB,1442,2,1109.0,1401.9633793636115,base
UCS,HGB,1443,2,1160.0,1489.4857104679663,base
UCS,HGB,1444,2,1288.0,1489.4857104679663,base
UCS,HGB,1445,2,1286.0,1489.4857104679663,base
UCS,HGB,1446,2,1256.0,1489.4857104679663,base
UCS,HGB,1447,2,1299.0,1496.7288513818598,base
UCS,HGB,1448,2,1328.0,1496.7288513818598,base
UCS,HGB,1449,2,1297.0,1496.7288513818598,base
UCS,HGB,1450,2,1276.0,1496.7288513818598,base
UCS,HGB,1451,2,86.0,94.6870865686676,base
UCS,HGB,1452,2,213.17,643.6823524376794,base
UCS,HGB,1453,2,223.0,1314.3223263528837,base
UCS,HGB,1454,2,230.0,1432.946914832649,base
UCS,HGB,1455,2,236.0,1871.6815087768387,base
UCS,HGB,1456,2,227.0,1249.1229134258938,base
UCS,HGB,1457,2,233.0,1367.5018523776446,base
UCS,HGB,1458,2,244.0,1806.2364463218341,base
UCS,HGB,1459,2,235.0,1280.0311176620423,base
UCS,HGB,1460,2,258.0,1398.4100566137931,base
UCS,HGB,1461,2,249.0,1837.1446505579827,base
UCS,HGB,1462,2,258.73,1047.3590828195436,base
UCS,HGB,1463,2,377.077,1151.5834513145292,base
UCS,HGB,1464,2,522.492,1425.281337506597,base
UCS,HGB,1465,2,614.756,1372.835302978207,base
UCS,HGB,1466,2,374.068,1151.5834513145292,base
UCS,HGB,1467,2,533.524,1425.281337506597,base
UCS,HGB,1468,2,622.779,1372.835302978207,base
UCS,HGB,1469,2,500.0,1233.2495885968992,base
UCS,HGB,1470,2,500.0,1621.5123156123996,base
UCS,HGB,1471,2,500.0,1741.1332052635657,base
UCS,HGB,1472,2,425.4,1233.2495885968992,base
UCS,HGB,1473,2,418.0,1612.0747536468634,base
UCS,HGB,1474,2,500.0,1731.6956432980296,base
UCS,HGB,1475,2,409.4,1805.2830544150067,base
UCS,HGB,1476,2,413.0,2259.8180252624247,base
UCS,HGB,1477,2,500.0,2383.9588837953397,base
UCS,HGB,1478,2,98.0,652.9839454872549,base
UCS,HGB,1479,2,173.0,613.2820467248997,base
UCS,HGB,1480,2,138.0,652.9839454872549,base
UCS,HGB,1481,2,122.0,1047.009581806446,base
UCS,HGB,1482,2,207.0,985.5830728936752,base
UCS,HGB,1483,2,166.0,1047.009581806446,base
UCS,HGB,1484,2,173.0,1142.805614742226,base
UCS,HGB,1485,2,231.0,782.9589489480392,base
UCS,HGB,1486,2,192.0,1142.805614742226,base
UCS,HGB,1487,2,313.0,774.786584147687,base
UCS,HGB,1488,2,415.0,698.8124084756405,base
UCS,HGB,1489,2,289.0,774.786584147687,base
UCS,HGB,1490,2,578.0,2112.460241393005,base
UCS,HGB,1491,2,792.0,1991.3486965931015,base
UCS,HGB,1492,2,634.0,2112.460241393005,base
UCS,HGB,1493,2,758.0,3209.687244693837,base
UCS,HGB,1494,2,971.0,2686.620373857571,base
UCS,HGB,1495,2,838.0,3209.687244693837,base
UCS,HGB,1496,2,291.0,652.9839454872549,base
UCS,HGB,1497,2,324.0,613.2820467248997,base
UCS,HGB,1498,2,264.0,652.9839454872549,base
UCS,HGB,1499,2,473.0,1047.009581806446,base
UCS,HGB,1500,2,513.0,985.5830728936752,base
UCS,HGB,1501,2,426.0,1047.009581806446,base
UCS,HGB,1502,2,615.0,1894.2545675074412,base
UCS,HGB,1503,2,684.0,1528.301120170807,base
UCS,HGB,1504,2,593.0,1894.2545675074412,base
UCS,HGB,1505,2,452.0,774.786584147687,base
UCS,HGB,1506,2,544.0,698.8124084756405,base
UCS,HGB,1507,2,410.0,774.786584147687,base
UCS,HGB,1508,2,508.0,2112.460241393005,base
UCS,HGB,1509,2,890.0,1991.3486965931015,base
UCS,HGB,1510,2,746.0,2112.460241393005,base
UCS,HGB,1511,2,1063.0,3528.1018885852845,base
UCS,HGB,1512,2,1204.0,3377.345771472212,base
UCS,HGB,1513,2,946.0,3528.1018885852845,base
UCS,HGB,1514,2,120.0,432.1536547116175,base
UCS,HGB,1515,2,180.0,432.1536547116175,base
UCS,HGB,1516,2,250.0,432.1536547116175,base
UCS,HGB,1517,2,390.0,432.1536547116175,base
UCS,HGB,1518,2,500.0,432.1536547116175,base
UCS,HGB,1519,2,120.0,432.1536547116175,base
UCS,HGB,1520,2,190.0,432.1536547116175,base
UCS,HGB,1521,2,270.0,432.1536547116175,base
UCS,HGB,1522,2,400.0,432.1536547116175,base
UCS,HGB,1523,2,540.0,432.1536547116175,base
UCS,HGB,1524,2,120.0,771.3233526981596,base
UCS,HGB,1525,2,170.0,771.3233526981596,base
UCS,HGB,1526,2,300.0,771.3233526981596,base
UCS,HGB,1527,2,440.0,771.3233526981596,base
UCS,HGB,1528,2,530.0,771.3233526981596,base
UCS,HGB,1529,2,140.0,771.3233526981596,base
UCS,HGB,1530,2,185.0,771.3233526981596,base
UCS,HGB,1531,2,290.0,771.3233526981596,base
UCS,HGB,1532,2,450.0,771.3233526981596,base
UCS,HGB,1533,2,640.0,771.3233526981596,base
UCS,HGB,1534,2,135.0,871.1897614382386,base
UCS,HGB,1535,2,200.0,871.1897614382386,base
UCS,HGB,1536,2,355.0,871.1897614382386,base
UCS,HGB,1537,2,460.0,871.1897614382386,base
UCS,HGB,1538,2,555.0,871.1897614382386,base
UCS,HGB,1539,2,145.0,871.1897614382386,base
UCS,HGB,1540,2,210.0,871.1897614382386,base
UCS,HGB,1541,2,360.0,871.1897614382386,base
UCS,HGB,1542,2,470.0,871.1897614382386,base
UCS,HGB,1543,2,635.0,871.1897614382386,base
UCS,HGB,1544,2,120.0,432.1536547116175,base
UCS,HGB,1545,2,170.0,432.1536547116175,base
UCS,HGB,1546,2,280.0,432.1536547116175,base
UCS,HGB,1547,2,340.0,432.1536547116175,base
UCS,HGB,1548,2,480.0,432.1536547116175,base
UCS,HGB,1549,2,140.0,432.1536547116175,base
UCS,HGB,1550,2,180.0,432.1536547116175,base
UCS,HGB,1551,2,300.0,432.1536547116175,base
UCS,HGB,1552,2,350.0,432.1536547116175,base
UCS,HGB,1553,2,410.0,432.1536547116175,base
UCS,HGB,1554,2,130.0,771.3233526981596,base
UCS,HGB,1555,2,200.0,771.3233526981596,base
UCS,HGB,1556,2,360.0,771.3233526981596,base
UCS,HGB,1557,2,360.0,771.3233526981596,base
UCS,HGB,1558,2,500.0,771.3233526981596,base
UCS,HGB,1559,2,150.0,771.3233526981596,base
UCS,HGB,1560,2,180.0,771.3233526981596,base
UCS,HGB,1561,2,330.0,771.3233526981596,base
UCS,HGB,1562,2,390.0,771.3233526981596,base
UCS,HGB,1563,2,420.0,771.3233526981596,base
UCS,HGB,1564,2,140.0,871.1897614382386,base
UCS,HGB,1565,2,220.0,871.1897614382386,base
UCS,HGB,1566,2,420.0,871.1897614382386,base
UCS,HGB,1567,2,470.0,871.1897614382386,base
UCS,HGB,1568,2,520.0,871.1897614382386,base
UCS,HGB,1569,2,160.0,871.1897614382386,base
UCS,HGB,1570,2,240.0,871.1897614382386,base
UCS,HGB,1571,2,380.0,871.1897614382386,base
UCS,HGB,1572,2,430.0,871.1897614382386,base
UCS,HGB,1573,2,470.0,871.1897614382386,base
UCS,HGB,1574,2,200.0,465.23331711322606,base
UCS,HGB,1575,2,210.0,334.09313078400345,base
UCS,HGB,1576,2,230.0,280.2138358443689,base
UCS,HGB,1577,2,370.0,417.98481138014336,base
UCS,HGB,1578,2,230.0,807.7670660247453,base
UCS,HGB,1579,2,240.0,714.8056053798705,base
UCS,HGB,1580,2,300.0,756.2867722098721,base
UCS,HGB,1581,2,450.0,867.7221014384497,base
UCS,HGB,1582,2,240.0,826.2026982198677,base
UCS,HGB,1583,2,260.0,716.3931461728364,base
UCS,HGB,1584,2,350.0,768.3634728797075,base
UCS,HGB,1585,2,500.0,879.7988021082849,base
UCS,HGB,1586,2,290.0,913.6133743208857,base
UCS,HGB,1587,2,340.0,821.0739422324284,base
UCS,HGB,1588,2,380.0,873.0442689392995,base
UCS,HGB,1589,2,550.0,984.4795981678769,base
UCS,HGB,1590,2,330.0,878.1792879013137,base
UCS,HGB,1591,2,360.0,787.2581571895254,base
UCS,HGB,1592,2,400.0,921.904098609227,base
UCS,HGB,1593,2,560.0,1033.339427837804,base
UCS,HGB,1594,2,751.1894,181.8085749856425,base
UCS,HGB,1595,2,1971.137,555.7033164117631,base
UCS,HGB,1596,2,3183.2386,486.92480531755814,base
UCS,HGB,1597,2,3726.53,562.0513925830649,base
UCS,HGB,1598,2,105.0,303.20236501408255,base
UCS,HGB,1599,2,220.0,368.0212494346403,base
UCS,HGB,1600,2,290.0,368.0212494346403,base
UCS,HGB,1601,2,250.0,368.0212494346403,base
UCS,HGB,1602,2,200.0,309.2158894256213,base
UCS,HGB,1603,2,155.0,612.4117308553713,base
UCS,HGB,1604,2,260.0,677.2306152759292,base
UCS,HGB,1605,2,410.0,677.2306152759292,base
UCS,HGB,1606,2,290.0,677.2306152759292,base
UCS,HGB,1607,2,245.0,630.1607044233623,base
UCS,HGB,1608,2,185.0,677.6507759562481,base
UCS,HGB,1609,2,345.0,742.4696603768062,base
UCS,HGB,1610,2,450.0,742.4696603768062,base
UCS,HGB,1611,2,350.0,742.4696603768062,base
UCS,HGB,1612,2,290.0,742.4696603768062,base
UCS,HGB,1613,2,235.0,1087.6677941597072,base
UCS,HGB,1614,2,365.0,1143.049116614729,base
UCS,HGB,1615,2,510.0,1143.049116614729,base
UCS,HGB,1616,2,380.0,1143.049116614729,base
UCS,HGB,1617,2,395.0,1143.049116614729,base
UCS,HGB,1618,2,250.0,368.0212494346403,base
UCS,HGB,1619,2,340.0,368.0212494346403,base
UCS,HGB,1620,2,260.0,368.0212494346403,base
UCS,HGB,1621,2,180.0,309.2158894256213,base
UCS,HGB,1622,2,340.0,677.2306152759292,base
UCS,HGB,1623,2,425.0,677.2306152759292,base
UCS,HGB,1624,2,355.0,677.2306152759292,base
UCS,HGB,1625,2,240.0,630.1607044233623,base
UCS,HGB,1626,2,420.0,742.4696603768062,base
UCS,HGB,1627,2,515.0,742.4696603768062,base
UCS,HGB,1628,2,440.0,742.4696603768062,base
UCS,HGB,1629,2,335.0,742.4696603768062,base
UCS,HGB,1630,2,440.0,1143.049116614729,base
UCS,HGB,1631,2,550.0,1143.049116614729,base
UCS,HGB,1632,2,450.0,1143.049116614729,base
UCS,HGB,1633,2,360.0,1143.049116614729,base
UCS,HGB,1634,2,100.0,303.20236501408255,base
UCS,HGB,1635,2,350.0,368.0212494346403,base
UCS,HGB,1636,2,430.0,368.0212494346403,base
UCS,HGB,1637,2,410.0,368.0212494346403,base
UCS,HGB,1638,2,280.0,309.2158894256213,base
UCS,HGB,1639,2,140.0,612.4117308553713,base
UCS,HGB,1640,2,500.0,677.2306152759292,base
UCS,HGB,1641,2,550.0,677.2306152759292,base
UCS,HGB,1642,2,520.0,677.2306152759292,base
UCS,HGB,1643,2,330.0,630.1607044233623,base
UCS,HGB,1644,2,180.0,677.6507759562481,base
UCS,HGB,1645,2,610.0,742.4696603768062,base
UCS,HGB,1646,2,670.0,742.4696603768062,base
UCS,HGB,1647,2,690.0,742.4696603768062,base
UCS,HGB,1648,2,450.0,742.4696603768062,base
UCS,HGB,1649,2,230.0,1087.6677941597072,base
UCS,HGB,1650,2,750.0,1143.049116614729,base
UCS,HGB,1651,2,920.0,1143.049116614729,base
UCS,HGB,1652,2,830.0,1143.049116614729,base
UCS,HGB,1653,2,680.0,1143.049116614729,base
UCS,HGB,1654,2,400.0,368.0212494346403,base
UCS,HGB,1655,2,480.0,368.0212494346403,base
UCS,HGB,1656,2,430.0,368.0212494346403,base
UCS,HGB,1657,2,270.0,309.2158894256213,base
UCS,HGB,1658,2,550.0,677.2306152759292,base
UCS,HGB,1659,2,750.0,677.2306152759292,base
UCS,HGB,1660,2,630.0,677.2306152759292,base
UCS,HGB,1661,2,420.0,630.1607044233623,base
UCS,HGB,1662,2,610.0,742.4696603768062,base
UCS,HGB,1663,2,890.0,742.4696603768062,base
UCS,HGB,1664,2,710.0,742.4696603768062,base
UCS,HGB,1665,2,510.0,742.4696603768062,base
UCS,HGB,1666,2,750.0,1143.049116614729,base
UCS,HGB,1667,2,1010.0,1143.049116614729,base
UCS,HGB,1668,2,820.0,1143.049116614729,base
UCS,HGB,1669,2,610.0,1143.049116614729,base
UCS,HGB,1670,2,183.0,-32.64120499305296,base
UCS,HGB,1671,2,400.0,88.22047863655742,base
UCS,HGB,1672,2,480.0,88.22047863655742,base
UCS,HGB,1673,2,440.0,88.22047863655742,base
UCS,HGB,1674,2,770.0,394.31648247729214,base
UCS,HGB,1675,2,675.0,403.601133225104,base
UCS,HGB,1676,2,890.0,675.1102906240499,base
UCS,HGB,1677,2,1262.0,675.1102906240499,base
UCS,HGB,1678,2,1113.0,643.9529956768238,base
UCS,HGB,1679,2,870.0,675.1102906240499,base
UCS,HGB,1680,2,1154.0,260.1635753892901,base
UCS,HGB,1681,2,1300.0,428.9518623126362,base
UCS,HGB,1682,2,1394.0,428.9518623126362,base
UCS,HGB,1683,2,1303.0,732.7015292749129,base
UCS,HGB,1684,2,1154.0,748.2269736476387,base
UCS,HGB,1685,2,1080.0,729.0722728663918,base
UCS,HGB,1686,2,1684.0,686.5216035028903,base
UCS,HGB,1687,2,1788.0,889.0038496820611,base
UCS,HGB,1688,2,1962.0,889.0038496820611,base
UCS,HGB,1689,2,1715.0,1260.4651204754828,base
UCS,HGB,1690,2,1628.0,1275.9905648482086,base
UCS,HGB,1691,2,1479.0,1256.8358640669612,base
UCS,HGB,1692,2,1843.0,666.3936553823917,base
UCS,HGB,1693,2,1900.0,874.6973535279043,base
UCS,HGB,1694,2,2159.0,874.6973535279043,base
UCS,HGB,1695,2,1799.0,1294.8369630922875,base
UCS,HGB,1696,2,1807.0,1333.9715404751005,base
UCS,HGB,1697,2,1647.0,1314.8168396938531,base
UCS,HGB,1698,2,112.6,856.9812348892059,base
UCS,HGB,1699,2,92.25,856.9812348892059,base
UCS,HGB,1700,2,267.68,922.6508289917049,base
UCS,HGB,1701,2,157.8,922.6508289917049,base
UCS,HGB,1702,2,204.28,1159.5069722213293,base
UCS,HGB,1703,2,5787.68,1225.5340207669726,base
UCS,HGB,1704,2,3881.22,1225.5340207669726,base
UCS,HGB,1705,2,7118.49,1282.3449821315469,base
UCS,HGB,1706,2,9912.57,1282.3449821315469,base
UCS,HGB,1707,2,10937.95,1569.77015624562,base
UCS,HGB,1708,2,4376.22,1638.5808358089107,base
UCS,HGB,1709,2,3594.95,1638.5808358089107,base
UCS,HGB,1710,2,7787.21,1709.8261636267373,base
UCS,HGB,1711,2,10389.03,1709.8261636267373,base
UCS,HGB,1712,2,11953.66,1984.3688491680248,base
UCS,HGB,1713,2,4416.64,2076.5046689613064,base
UCS,HGB,1714,2,4101.42,2076.5046689613064,base
UCS,HGB,1715,2,7930.47,2124.9163679408107,base
UCS,HGB,1716,2,10744.47,2118.9474289460377,base
UCS,HGB,1717,2,12303.28,2408.9959371962295,base
UCS,HGB,1718,2,4860.19,2268.3981683251222,base
UCS,HGB,1719,2,4282.92,2268.3981683251222,base
UCS,HGB,1720,2,7999.42,2339.9695727603494,base
UCS,HGB,1721,2,10816.93,2334.0006337655764,base
UCS,HGB,1722,2,12699.69,2620.0144880924145,base
UCS,HGB,1723,2,6834.02,2240.5053588528103,base
UCS,HGB,1724,2,5884.29,2240.5053588528103,base
UCS,HGB,1725,2,8395.09,2312.0767632880375,base
UCS,HGB,1726,2,11009.5,2306.1078242932645,base
UCS,HGB,1727,2,13302.4,2592.1216786201026,base
UCS,HGB,702,3,2240.0,902.951365037781,base
UCS,HGB,703,3,1069.0,902.951365037781,base
UCS,HGB,704,3,629.0,902.951365037781,base
UCS,HGB,705,3,3110.0,1109.6439922306715,base
UCS,HGB,706,3,2421.0,1109.6439922306715,base
UCS,HGB,707,3,1981.0,1109.6439922306715,base
UCS,HGB,708,3,3860.0,1191.2695219018108,base
UCS,HGB,709,3,3707.0,1191.2695219018108,base
UCS,HGB,710,3,3269.0,1191.2695219018108,base
UCS,HGB,711,3,4362.0,1101.8819717234715,base
UCS,HGB,712,3,4280.0,1101.8819717234715,base
UCS,HGB,713,3,3680.0,1101.8819717234715,base
UCS,HGB,714,3,2151.0,902.951365037781,base
UCS,HGB,715,3,1473.0,902.951365037781,base
UCS,HGB,716,3,469.0,902.951365037781,base
UCS,HGB,717,3,3017.0,1109.6439922306715,base
UCS,HGB,718,3,2507.0,1109.6439922306715,base
UCS,HGB,719,3,1744.0,1109.6439922306715,base
UCS,HGB,720,3,3843.0,1191.2695219018108,base
UCS,HGB,721,3,3739.0,1191.2695219018108,base
UCS,HGB,722,3,3233.0,1191.2695219018108,base
UCS,HGB,723,3,4475.0,1101.8819717234715,base
UCS,HGB,724,3,4374.0,1101.8819717234715,base
UCS,HGB,725,3,3699.0,1101.8819717234715,base
UCS,HGB,726,3,453.0,902.951365037781,base
UCS,HGB,727,3,239.0,902.951365037781,base
UCS,HGB,728,3,91.0,902.951365037781,base
UCS,HGB,729,3,1859.0,1109.6439922306715,base
UCS,HGB,730,3,1438.0,1109.6439922306715,base
UCS,HGB,731,3,796.0,1109.6439922306715,base
UCS,HGB,732,3,2835.0,1191.2695219018108,base
UCS,HGB,733,3,2650.0,1191.2695219018108,base
UCS,HGB,734,3,1935.0,1191.2695219018108,base
UCS,HGB,735,3,3551.0,1101.8819717234715,base
UCS,HGB,736,3,3289.0,1101.8819717234715,base
UCS,HGB,737,3,3037.0,1101.8819717234715,base
UCS,HGB,738,3,283.0,902.951365037781,base
UCS,HGB,739,3,158.0,902.951365037781,base
UCS,HGB,740,3,73.0,902.951365037781,base
UCS,HGB,741,3,1697.0,1109.6439922306715,base
UCS,HGB,742,3,1344.0,1109.6439922306715,base
UCS,HGB,743,3,231.4,1109.6439922306715,base
UCS,HGB,744,3,2393.0,1191.2695219018108,base
UCS,HGB,745,3,2110.0,1191.2695219018108,base
UCS,HGB,746,3,1616.0,1191.2695219018108,base
UCS,HGB,747,3,2927.0,1101.8819717234715,base
UCS,HGB,748,3,2789.0,1101.8819717234715,base
UCS,HGB,749,3,2659.0,1101.8819717234715,base
UCS,HGB,750,3,178.0,902.951365037781,base
UCS,HGB,751,3,342.0,1109.6439922306715,base
UCS,HGB,752,3,501.0,1191.2695219018108,base
UCS,HGB,753,3,1208.0,1101.8819717234715,base
UCS,HGB,754,3,1242.0,902.951365037781,base
UCS,HGB,755,3,132.0,902.951365037781,base
UCS,HGB,756,3,36.0,902.951365037781,base
UCS,HGB,757,3,2310.0,1109.6439922306715,base
UCS,HGB,758,3,1866.0,1109.6439922306715,base
UCS,HGB,759,3,286.0,1109.6439922306715,base
UCS,HGB,760,3,3533.0,1191.2695219018108,base
UCS,HGB,761,3,3397.0,1191.2695219018108,base
UCS,HGB,762,3,901.0,1191.2695219018108,base
UCS,HGB,763,3,4256.0,1101.8819717234715,base
UCS,HGB,764,3,4108.0,1101.8819717234715,base
UCS,HGB,765,3,1510.0,1101.8819717234715,base
UCS,HGB,766,3,351.0,902.951365037781,base
UCS,HGB,767,3,59.0,902.951365037781,base
UCS,HGB,768,3,41.0,902.951365037781,base
UCS,HGB,769,3,2121.0,1109.6439922306715,base
UCS,HGB,770,3,2019.0,1109.6439922306715,base
UCS,HGB,771,3,493.0,1109.6439922306715,base
UCS,HGB,772,3,3671.0,1191.2695219018108,base
UCS,HGB,773,3,2013.0,1191.2695219018108,base
UCS,HGB,774,3,1290.0,1191.2695219018108,base
UCS,HGB,775,3,4453.0,1101.8819717234715,base
UCS,HGB,776,3,4081.000000000001,1101.8819717234715,base
UCS,HGB,777,3,1840.0,1101.8819717234715,base
UCS,HGB,778,3,182.0,902.951365037781,base
UCS,HGB,779,3,71.0,902.951365037781,base
UCS,HGB,780,3,1523.0,1109.6439922306715,base
UCS,HGB,781,3,1105.0,1109.6439922306715,base
UCS,HGB,782,3,98.0,1109.6439922306715,base
UCS,HGB,783,3,2442.0,1191.2695219018108,base
UCS,HGB,784,3,2121.0,1191.2695219018108,base
UCS,HGB,785,3,387.0,1191.2695219018108,base
UCS,HGB,786,3,3120.0,1101.8819717234715,base
UCS,HGB,787,3,2920.0,1101.8819717234715,base
UCS,HGB,788,3,728.0,1101.8819717234715,base
UCS,HGB,789,3,134.0,902.951365037781,base
UCS,HGB,790,3,27.0,902.951365037781,base
UCS,HGB,791,3,1221.0,1109.6439922306715,base
UCS,HGB,792,3,1082.0,1109.6439922306715,base
UCS,HGB,793,3,2003.0,1191.2695219018108,base
UCS,HGB,794,3,1565.0,1191.2695219018108,base
UCS,HGB,795,3,2706.0,1101.8819717234715,base
UCS,HGB,796,3,2379.0,1101.8819717234715,base
UCS,HGB,797,3,162.0,784.5045299170514,base
UCS,HGB,798,3,92.0,784.5045299170514,base
UCS,HGB,799,3,59.0,784.5045299170514,base
UCS,HGB,800,3,52.0,784.5045299170514,base
UCS,HGB,801,3,46.0,784.5045299170514,base
UCS,HGB,802,3,9.0,784.5045299170514,base
UCS,HGB,803,3,5.0,791.5509454924438,base
UCS,HGB,804,3,903.0,876.5818902995447,base
UCS,HGB,805,3,550.0,876.5818902995447,base
UCS,HGB,806,3,402.0,876.5818902995447,base
UCS,HGB,807,3,194.0,876.5818902995447,base
UCS,HGB,808,3,201.0,876.5818902995447,base
UCS,HGB,809,3,20.0,876.5818902995447,base
UCS,HGB,810,3,15.0,883.6283058749372,base
UCS,HGB,811,3,2320.0,876.5818902995447,base
UCS,HGB,812,3,1652.0,876.5818902995447,base
UCS,HGB,813,3,997.0,876.5818902995447,base
UCS,HGB,814,3,559.0,876.5818902995447,base
UCS,HGB,815,3,536.0,876.5818902995447,base
UCS,HGB,816,3,134.0,876.5818902995447,base
UCS,HGB,817,3,33.0,883.6283058749372,base
UCS,HGB,818,3,3922.0,1090.3209330678278,base
UCS,HGB,819,3,3011.0,1090.3209330678278,base
UCS,HGB,820,3,2261.0,1090.3209330678278,base
UCS,HGB,821,3,1684.0,1090.3209330678278,base
UCS,HGB,822,3,1307.0,1090.3209330678278,base
UCS,HGB,823,3,245.0,1090.3209330678278,base
UCS,HGB,824,3,52.0,1090.3209330678278,base
UCS,HGB,825,3,4674.0,1128.5957461105297,base
UCS,HGB,826,3,4320.0,1128.5957461105297,base
UCS,HGB,827,3,3560.0,1128.5957461105297,base
UCS,HGB,828,3,2723.0,1128.5957461105297,base
UCS,HGB,829,3,1740.0,1128.5957461105297,base
UCS,HGB,830,3,328.0,1128.5957461105297,base
UCS,HGB,831,3,96.0,1128.5957461105297,base
UCS,HGB,832,3,5240.0,1171.9579553005847,base
UCS,HGB,833,3,4899.0,1171.9579553005847,base
UCS,HGB,834,3,4213.0,1171.9579553005847,base
UCS,HGB,835,3,3297.0,1171.9579553005847,base
UCS,HGB,836,3,1864.0,1171.9579553005847,base
UCS,HGB,837,3,342.0,1171.9579553005847,base
UCS,HGB,838,3,104.0,1171.9579553005847,base
UCS,HGB,839,3,5604.0,1130.3137213071932,base
UCS,HGB,840,3,5315.0,1130.3137213071932,base
UCS,HGB,841,3,4667.0,1130.3137213071932,base
UCS,HGB,842,3,3741.0,1130.3137213071932,base
UCS,HGB,843,3,1937.0,1130.3137213071932,base
UCS,HGB,844,3,376.0,1130.3137213071932,base
UCS,HGB,845,3,113.0,1130.3137213071932,base
UCS,HGB,846,3,5768.0,1085.458566864454,base
UCS,HGB,847,3,5410.0,1085.458566864454,base
UCS,HGB,848,3,4876.0,1085.458566864454,base
UCS,HGB,849,3,3985.0,1085.458566864454,base
UCS,HGB,850,3,1980.0,1085.458566864454,base
UCS,HGB,851,3,397.0,1085.458566864454,base
UCS,HGB,852,3,117.0,1085.458566864454,base
UCS,HGB,853,3,519.0,820.7128338006357,base
UCS,HGB,854,3,60.0,820.7128338006357,base
UCS,HGB,855,3,1720.0,902.951365037781,base
UCS,HGB,856,3,194.0,902.951365037781,base
UCS,HGB,857,3,15.0,902.951365037781,base
UCS,HGB,858,3,3626.0,902.951365037781,base
UCS,HGB,859,3,559.0,902.951365037781,base
UCS,HGB,860,3,29.0,902.951365037781,base
UCS,HGB,861,3,4624.0,1109.6439922306715,base
UCS,HGB,862,3,1684.0,1109.6439922306715,base
UCS,HGB,863,3,61.0,1109.6439922306715,base
UCS,HGB,864,3,5195.0,1147.918805273373,base
UCS,HGB,865,3,2723.0,1147.918805273373,base
UCS,HGB,866,3,102.0,1147.918805273373,base
UCS,HGB,867,3,5498.0,1191.2695219018108,base
UCS,HGB,868,3,3297.0,1191.2695219018108,base
UCS,HGB,869,3,179.0,1191.2695219018108,base
UCS,HGB,870,3,5615.0,1149.6252879084193,base
UCS,HGB,871,3,3741.0,1149.6252879084193,base
UCS,HGB,872,3,233.0,1149.6252879084193,base
UCS,HGB,873,3,5687.0,1101.8819717234715,base
UCS,HGB,874,3,3985.0,1101.8819717234715,base
UCS,HGB,875,3,276.0,1101.8819717234715,base
UCS,HGB,876,3,225.0,410.61353038759677,base
UCS,HGB,877,3,17.0,410.61353038759677,base
UCS,HGB,878,3,857.0,820.7128338006357,base
UCS,HGB,879,3,28.0,820.7128338006357,base
UCS,HGB,880,3,1239.0,820.7128338006357,base
UCS,HGB,881,3,51.0,820.7128338006357,base
UCS,HGB,882,3,1509.0,902.951365037781,base
UCS,HGB,883,3,194.0,902.951365037781,base
UCS,HGB,884,3,1890.0,902.951365037781,base
UCS,HGB,885,3,268.0,902.951365037781,base
UCS,HGB,886,3,2053.0,902.951365037781,base
UCS,HGB,887,3,560.0,902.951365037781,base
UCS,HGB,888,3,2250.0,1109.6439922306715,base
UCS,HGB,889,3,877.0,1109.6439922306715,base
UCS,HGB,890,3,2522.0,1109.6439922306715,base
UCS,HGB,891,3,1684.0,1109.6439922306715,base
UCS,HGB,892,3,2828.0,1109.6439922306715,base
UCS,HGB,893,3,2087.0,1109.6439922306715,base
UCS,HGB,894,3,3233.0,1147.918805273373,base
UCS,HGB,895,3,2723.0,1147.918805273373,base
UCS,HGB,896,3,3707.0,1191.2695219018108,base
UCS,HGB,897,3,3297.0,1191.2695219018108,base
UCS,HGB,898,3,4274.0,1149.6252879084193,base
UCS,HGB,899,3,3741.0,1149.6252879084193,base
UCS,HGB,900,3,4440.0,1101.8819717234715,base
UCS,HGB,901,3,3985.0,1101.8819717234715,base
UCS,HGB,902,3,746.0,902.951365037781,base
UCS,HGB,903,3,1319.0,902.951365037781,base
UCS,HGB,904,3,975.0,1109.6439922306715,base
UCS,HGB,905,3,2160.0,1109.6439922306715,base
UCS,HGB,906,3,1267.0,1191.2695219018108,base
UCS,HGB,907,3,2853.0,1191.2695219018108,base
UCS,HGB,908,3,1345.0,1101.8819717234715,base
UCS,HGB,909,3,3274.0,1101.8819717234715,base
UCS,HGB,910,4,55.31,899.3890726609931,base
UCS,HGB,911,4,351.67,1088.2930255193974,base
UCS,HGB,912,4,369.42,1709.7217469824009,base
UCS,HGB,913,4,461.89,941.4980476179119,base
UCS,HGB,914,4,1803.44,3486.1372373635054,base
UCS,HGB,915,4,2284.95,3763.9249898096064,base
UCS,HGB,916,4,3297.0,3736.253349092763,base
UCS,HGB,917,4,69.43,829.0408078560691,base
UCS,HGB,918,4,1305.27,1758.0813555310729,base
UCS,HGB,919,4,1147.38,794.5016600692979,base
UCS,HGB,920,4,1090.5,860.0940077907389,base
UCS,HGB,921,4,609.97,2953.242533778098,base
UCS,HGB,922,4,2545.81,3250.0524197072937,base
UCS,HGB,923,4,3936.39,4117.025417189372,base
UCS,HGB,924,4,87.08,405.829030848667,base
UCS,HGB,925,4,2076.95,3339.0704180447087,base
UCS,HGB,926,4,360.0,377.4331062787385,base
UCS,HGB,927,4,1180.0,523.6643084205515,base
UCS,HGB,928,4,520.0,427.2951641961177,base
UCS,HGB,929,4,3400.0,519.3575347528958,base
UCS,HGB,930,4,85.0,392.4584613583697,base
UCS,HGB,931,4,180.0,671.3195371214472,base
UCS,HGB,932,4,55.6,336.0702008915851,base
UCS,HGB,933,4,1032.2,658.3881204626703,base
UCS,HGB,934,4,1050.7,483.8840130326647,base
UCS,HGB,935,4,222.5,911.6644634885644,base
UCS,HGB,936,4,692.2,1331.18632892212,base
UCS,HGB,937,4,716.9,905.9534789556067,base
UCS,HGB,938,4,149.0,405.829030848667,base
UCS,HGB,939,4,190.0,362.1259634013583,base
UCS,HGB,940,4,663.0,488.88587137575786,base
UCS,HGB,941,4,1100.0,714.8876589270914,base
UCS,HGB,942,4,1820.0,566.7035274862347,base
UCS,HGB,943,4,1930.0,515.5327713785379,base
UCS,HGB,944,4,2300.0,358.0084293774416,base
UCS,HGB,945,4,2650.0,401.77117299205196,base
UCS,HGB,946,4,4400.0,3068.8428189308906,base
UCS,HGB,947,4,4400.0,3511.9215946307377,base
UCS,HGB,948,4,2540.0,3265.9584650231395,base
UCS,HGB,949,4,2540.0,3210.471832677015,base
UCS,HGB,950,4,3200.0,2888.54984055424,base
UCS,HGB,951,4,3200.0,2833.063208208115,base
UCS,HGB,952,4,1900.0,2977.752289169555,base
UCS,HGB,953,4,1900.0,2941.6449995968105,base
UCS,HGB,954,4,4700.0,3384.31320826944,base
UCS,HGB,955,4,4700.0,3511.9215946307377,base
UCS,HGB,956,4,3900.0,2949.868065072466,base
UCS,HGB,957,4,4200.0,3413.68654037768,base
UCS,HGB,958,4,4200.0,3505.280462296549,base
UCS,HGB,959,4,2950.0,3193.8223752454496,base
UCS,HGB,960,4,2950.0,3151.8982709888814,base
UCS,HGB,961,4,2700.0,2983.633190906869,base
UCS,HGB,962,4,2700.0,2947.5259013341247,base
UCS,HGB,963,4,3100.0,3326.3108960876502,base
UCS,HGB,964,4,3100.0,3233.388734068504,base
UCS,HGB,965,4,1800.0,2795.320361410401,base
UCS,HGB,966,4,1800.0,2497.2929143861325,base
UCS,HGB,967,4,2900.0,3278.100920341377,base
UCS,HGB,968,4,2900.0,3204.558101095611,base
UCS,HGB,969,4,2900.0,3240.6653906683555,base
UCS,HGB,970,4,2900.0,3240.6653906683555,base
UCS,HGB,971,4,1100.0,940.9115796409268,base
UCS,HGB,972,4,1100.0,2653.9424492131134,base
UCS,HGB,973,4,4100.0,3447.4963122707754,base
UCS,HGB,974,4,4100.0,3575.104698632073,base
UCS,HGB,975,4,2300.0,3011.9130262393246,base
UCS,HGB,976,4,2300.0,2975.8057366665803,base
UCS,HGB,977,4,1860.0,389.99992741357653,base
UCS,HGB,978,4,1860.0,389.99992741357653,base
UCS,HGB,979,4,2700.0,3138.4291553273747,base
UCS,HGB,980,4,4100.0,3608.3934792108407,base
UCS,HGB,981,4,4100.0,3699.9874011297097,base
UCS,HGB,982,4,2300.0,2778.728966353975,base
UCS,HGB,983,4,2300.0,3030.9379964607074,base
UCS,HGB,984,4,2050.0,2803.815418108876,base
UCS,HGB,985,4,2050.0,1588.1347334861355,base
UCS,HGB,986,4,1200.0,1566.0606750972,base
UCS,HGB,987,4,1200.0,3334.393176039053,base
UCS,HGB,988,4,3300.0,1246.3503115744072,base
UCS,HGB,989,4,3300.0,2932.5481595775013,base
UCS,HGB,990,4,2930.0,3083.668286051685,base
UCS,HGB,991,4,2930.0,3084.996526151962,base
UCS,HGB,992,4,2000.0,2961.2152886731487,base
UCS,HGB,993,4,2000.0,944.2514398265217,base
UCS,HGB,994,4,2000.0,2996.2352118465083,base
UCS,HGB,995,4,2000.0,3032.3425014192526,base
UCS,HGB,996,4,2050.0,3032.3425014192526,base
UCS,HGB,997,4,2960.0,1062.981406131116,base
UCS,HGB,998,4,2960.0,3022.8969812926707,base
UCS,HGB,999,4,4600.0,1090.2370147593965,base
UCS,HGB,1000,4,4600.0,3165.115264263601,base
UCS,HGB,1001,4,3250.0,3086.3034904259885,base
UCS,HGB,1002,4,3250.0,3177.8974123448575,base
UCS,HGB,1003,4,2200.0,3650.8074464838355,base
UCS,HGB,1004,4,1820.0,1158.4543274877306,base
UCS,HGB,1005,4,1820.0,2767.531169388087,base
UCS,HGB,1006,4,2620.0,656.429696714897,base
UCS,HGB,1007,4,2200.0,3560.132843857045,base
UCS,HGB,1008,4,2200.0,3468.538921938176,base
UCS,HGB,1009,4,3000.0,3219.293905964342,base
UCS,HGB,1010,4,3000.0,1238.4874183756338,base
UCS,HGB,1011,4,3000.0,1365.9733056041553,base
UCS,HGB,1012,4,3000.0,3063.619741220587,base
UCS,HGB,1013,4,3800.0,3163.3548460370857,base
UCS,HGB,1014,4,3800.0,3254.9487679559547,base
UCS,HGB,1015,4,3900.0,918.5717040359194,base
UCS,HGB,1016,4,3900.0,2962.203636646269,base
UCS,HGB,1017,4,2950.0,1645.6965285923097,base
UCS,HGB,1018,4,2950.0,3725.8379761138513,base
UCS,HGB,1019,4,1930.0,1165.7602123098861,base
UCS,HGB,1020,4,1930.0,3023.710931219488,base
UCS,HGB,1021,4,2150.0,2715.950178180996,base
UCS,HGB,1022,4,2150.0,2963.0000567715197,base
UCS,HGB,1023,4,3100.0,1579.9337240064308,base
UCS,HGB,1024,4,3100.0,3876.881499439527,base
UCS,HGB,1025,4,1980.0,411.86324309404176,base
UCS,HGB,1026,4,1980.0,3089.318038854431,base
UCS,HGB,1027,4,2450.0,738.19463833008,base
UCS,HGB,1028,4,2450.0,3393.83035375205,base
UCS,HGB,1029,4,2010.0,507.88094318225836,base
UCS,HGB,1030,4,2010.0,3238.6158463506817,base
UCS,HGB,1031,4,4200.0,2750.808988565121,base
UCS,HGB,1032,4,4200.0,2984.0343815679303,base
UCS,HGB,1033,4,1600.0,2920.2215054909993,base
UCS,HGB,1034,4,2300.0,448.67455031305144,base
UCS,HGB,1035,4,2300.0,2943.9405262305486,base
UCS,HGB,1036,4,2270.0,2998.7493203384456,base
UCS,HGB,1037,4,2270.0,940.9445725940124,base
UCS,HGB,1038,4,3210.0,3013.7859303288647,base
UCS,HGB,1039,4,3210.0,2958.29929798274,base
UCS,HGB,1040,4,2870.0,3061.635806761029,base
UCS,HGB,1041,4,2800.0,1145.299101601635,base
UCS,HGB,1042,4,2800.0,2173.1904517328694,base
UCS,HGB,1043,4,2900.0,1946.5556187189131,base
UCS,HGB,1044,4,2020.0,1181.6123039127938,base
UCS,HGB,1045,4,2020.0,2068.8270300455706,base
UCS,HGB,1046,4,4900.0,1191.6506182947412,base
UCS,HGB,1047,4,4900.0,1954.6213548279773,base
UCS,HGB,1048,4,1500.0,2669.954440336049,base
UCS,HGB,1049,4,2000.0,1880.2319163844058,base
UCS,HGB,1050,4,2000.0,2653.2689630415825,base
UCS,HGB,1051,4,1880.0,646.3761473721045,base
UCS,HGB,1052,4,1880.0,1929.428953615974,base
UCS,HGB,1053,4,2300.0,1936.7442427131161,base
UCS,HGB,1054,4,3000.0,2379.7174096824992,base
UCS,HGB,1055,4,1610.0,1377.7389556067808,base
UCS,HGB,1056,4,1610.0,1875.011593442306,base
UCS,HGB,1057,4,3980.0,2438.455034749741,base
UCS,HGB,1058,4,2990.0,2248.4483290651365,base
UCS,HGB,1059,4,2300.0,2327.8260980415107,base
UCS,HGB,1060,4,1690.0,1232.6054044066902,base
UCS,HGB,1061,4,1690.0,2550.145527442503,base
UCS,HGB,1062,4,2300.0,1079.2177831290273,base
UCS,HGB,1063,4,2300.0,3067.203360281951,base
UCS,HGB,1064,4,2790.0,2602.873487580864,base
UCS,HGB,1065,4,2960.0,2556.0638768405393,base
UCS,HGB,1066,4,1820.0,2571.182612958437,base
UCS,HGB,1067,4,3200.0,2436.937753523848,base
UCS,HGB,1068,4,2250.0,2291.466244291926,base
UCS,HGB,1069,4,1980.0,2146.930790067562,base
UCS,HGB,1070,4,1750.0,2236.325834850837,base
UCS,HGB,1071,4,2450.0,1441.243686799687,base
UCS,HGB,1072,4,2450.0,1441.243686799687,base
UCS,HGB,1073,4,1900.0,2245.3818466312487,base
UCS,HGB,1074,4,4100.0,2281.489136203993,base
UCS,HGB,1075,4,4100.0,1450.2996985800983,base
UCS,HGB,1076,4,1800.0,2675.3730392454345,base
UCS,HGB,1077,4,1820.0,2649.679096562028,base
UCS,HGB,1078,4,3000.0,1832.4010680589818,base
UCS,HGB,1079,4,4020.0,2353.238819118093,base
UCS,HGB,1080,4,5400.0,2164.385652312053,base
UCS,HGB,1081,4,1200.0,2297.825806867607,base
UCS,HGB,1082,4,1570.0,2582.2071062592686,base
UCS,HGB,1083,4,3300.0,2672.314994718282,base
UCS,HGB,1084,4,3400.0,1712.695099947186,base
UCS,HGB,1085,4,1350.0,778.1668806301691,base
UCS,HGB,1086,4,1500.0,1490.286516116745,base
UCS,HGB,1087,4,1250.0,552.0876695294078,base
UCS,HGB,1088,4,1300.0,2136.8138977935573,base
UCS,HGB,1089,4,1500.0,2136.8138977935573,base
UCS,HGB,1090,4,1700.0,2437.623672405641,base
UCS,HGB,1091,4,1900.0,2463.3176150890476,base
UCS,HGB,1092,4,1400.0,717.6088617228771,base
UCS,HGB,1093,4,1025.0,1232.6904352767094,base
UCS,HGB,1094,4,1120.0,983.5844134764385,base
UCS,HGB,1095,4,1154.0,412.88776872903213,base
UCS,HGB,1096,4,193.05,863.9278176882974,base
UCS,HGB,1097,5,563.9453462,273.21588185043623,base
UCS,HGB,1098,5,567.6207363,273.21588185043623,base
UCS,HGB,1099,5,563.0710124,273.21588185043623,base
UCS,HGB,1100,5,642.4051846,273.21588185043623,base
UCS,HGB,1101,5,643.4453926,273.21588185043623,base
UCS,HGB,1102,5,599.0696803,273.21588185043623,base
UCS,HGB,1103,5,670.5908717,273.21588185043623,base
UCS,HGB,1104,5,582.3483776,273.21588185043623,base
UCS,HGB,1105,5,494.5436003,273.21588185043623,base
UCS,HGB,1106,5,764.4821038,1255.887598105099,base
UCS,HGB,1107,5,774.4835872,1255.887598105099,base
UCS,HGB,1108,5,772.5592082,1255.887598105099,base
UCS,HGB,1109,5,744.4610518,1255.887598105099,base
UCS,HGB,1110,5,792.44841,1255.887598105099,base
UCS,HGB,1111,5,793.6107586,1255.887598105099,base
UCS,HGB,1112,5,854.7376017,1255.887598105099,base
UCS,HGB,1113,5,809.3336182,1255.887598105099,base
UCS,HGB,1114,5,833.4702026,1255.887598105099,base
UCS,HGB,1115,5,947.553863,1619.8800360768776,base
UCS,HGB,1116,5,862.3263524,1619.8800360768776,base
UCS,HGB,1117,5,857.4156124,1619.8800360768776,base
UCS,HGB,1118,5,770.8698301,1619.8800360768776,base
UCS,HGB,1119,5,932.1083363,1619.8800360768776,base
UCS,HGB,1120,5,1082.454587,1619.8800360768776,base
UCS,HGB,1121,5,913.9914207,1619.8800360768776,base
UCS,HGB,1122,5,864.6703064,1619.8800360768776,base
UCS,HGB,1123,5,1049.322646,1619.8800360768776,base
UCS,HGB,1124,5,1123.468434,1811.8869469045217,base
UCS,HGB,1125,5,1392.578727,1811.8869469045217,base
UCS,HGB,1126,5,992.8297686,1811.8869469045217,base
UCS,HGB,1127,5,940.5185695,1811.8869469045217,base
UCS,HGB,1128,5,1180.476009,1811.8869469045217,base
UCS,HGB,1129,5,1014.240746,1811.8869469045217,base
UCS,HGB,1130,5,1061.53447,1811.8869469045217,base
UCS,HGB,1131,5,1167.22023,1811.8869469045217,base
UCS,HGB,1132,5,989.4392032,1811.8869469045217,base
UCS,HGB,1133,5,1105.576357,216.93199058892574,base
UCS,HGB,1134,5,1009.455998,216.93199058892574,base
UCS,HGB,1135,5,1081.192835,216.93199058892574,base
UCS,HGB,1136,5,1368.909615,216.93199058892574,base
UCS,HGB,1137,5,1484.237455,216.93199058892574,base
UCS,HGB,1138,5,1232.36913,216.93199058892574,base
UCS,HGB,1139,5,1271.32873,216.93199058892574,base
UCS,HGB,1140,5,1143.383655,216.93199058892574,base
UCS,HGB,1141,5,1230.817089,216.93199058892574,base
UCS,HGB,1142,5,1940.761482,1258.1433598536387,base
UCS,HGB,1143,5,2025.527217,1258.1433598536387,base
UCS,HGB,1144,5,1907.33105,1258.1433598536387,base
UCS,HGB,1145,5,1884.33909,1258.1433598536387,base
UCS,HGB,1146,5,1859.471621,1258.1433598536387,base
UCS,HGB,1147,5,1979.525419,1258.1433598536387,base
UCS,HGB,1148,5,1840.943877,1258.1433598536387,base
UCS,HGB,1149,5,1851.057235,1258.1433598536387,base
UCS,HGB,1150,5,1471.718035,1258.1433598536387,base
UCS,HGB,1151,5,2010.562657,1666.717107588329,base
UCS,HGB,1152,5,2361.519249,1666.717107588329,base
UCS,HGB,1153,5,2449.098293,1666.717107588329,base
UCS,HGB,1154,5,2126.641844,1666.717107588329,base
UCS,HGB,1155,5,2166.80315,1666.717107588329,base
UCS,HGB,1156,5,2704.439041,1666.717107588329,base
UCS,HGB,1157,5,2791.980992,1666.717107588329,base
UCS,HGB,1158,5,2267.702405,1666.717107588329,base
UCS,HGB,1159,5,1895.68344,1666.717107588329,base
UCS,HGB,1160,5,2716.405892,1988.6899926082604,base
UCS,HGB,1161,5,2690.8722,1988.6899926082604,base
UCS,HGB,1162,5,2729.968478,1988.6899926082604,base
UCS,HGB,1163,5,2674.308471,1988.6899926082604,base
UCS,HGB,1164,5,2912.764086,1988.6899926082604,base
UCS,HGB,1165,5,2847.741968,1988.6899926082604,base
UCS,HGB,1166,5,2148.138224,1988.6899926082604,base
UCS,HGB,1167,5,2399.8976,1988.6899926082604,base
UCS,HGB,1168,5,2265.127185,1988.6899926082604,base
UCS,HGB,1169,5,1344.46033,241.94852511035074,base
UCS,HGB,1170,5,1677.88151,241.94852511035074,base
UCS,HGB,1171,5,1614.380436,241.94852511035074,base
UCS,HGB,1172,5,1539.923617,241.94852511035074,base
UCS,HGB,1173,5,1699.200844,241.94852511035074,base
UCS,HGB,1174,5,1731.388965,241.94852511035074,base
UCS,HGB,1175,5,1687.798403,241.94852511035074,base
UCS,HGB,1176,5,1450.91978,241.94852511035074,base
UCS,HGB,1177,5,1644.836791,241.94852511035074,base
UCS,HGB,1178,5,2960.037586,1283.1598943750635,base
UCS,HGB,1179,5,2821.887459,1283.1598943750635,base
UCS,HGB,1180,5,2626.414584,1283.1598943750635,base
UCS,HGB,1181,5,2947.078754,1283.1598943750635,base
UCS,HGB,1182,5,2824.67257,1283.1598943750635,base
UCS,HGB,1183,5,2976.140189,1283.1598943750635,base
UCS,HGB,1184,5,2716.035321,1283.1598943750635,base
UCS,HGB,1185,5,2515.906526,1283.1598943750635,base
UCS,HGB,1186,5,2970.291916,1283.1598943750635,base
UCS,HGB,1187,5,2829.757141,1686.986285946637,base
UCS,HGB,1188,5,2672.074248,1686.986285946637,base
UCS,HGB,1189,5,3738.208024,1686.986285946637,base
UCS,HGB,1190,5,2738.006682,1686.986285946637,base
UCS,HGB,1191,5,3332.9899,1686.986285946637,base
UCS,HGB,1192,5,3525.037221,1686.986285946637,base
UCS,HGB,1193,5,3115.437181,1686.986285946637,base
UCS,HGB,1194,5,2373.475846,1686.986285946637,base
UCS,HGB,1195,5,3289.505367,1686.986285946637,base
UCS,HGB,1196,5,3936.85678,2113.9764022118825,base
UCS,HGB,1197,5,3857.525227,2113.9764022118825,base
UCS,HGB,1198,5,3941.527879,2113.9764022118825,base
UCS,HGB,1199,5,3829.042867,2113.9764022118825,base
UCS,HGB,1200,5,4097.811514,2113.9764022118825,base
UCS,HGB,1201,5,4401.716567,2113.9764022118825,base
UCS,HGB,1202,5,4071.439425,2113.9764022118825,base
UCS,HGB,1203,5,3313.19393,2113.9764022118825,base
UCS,HGB,1204,5,2500.050674,2113.9764022118825,base
UCS,HGB,1205,5,2843.719026,266.41987694884926,base
UCS,HGB,1206,5,2463.576227,266.41987694884926,base
UCS,HGB,1207,5,2355.405962,266.41987694884926,base
UCS,HGB,1208,5,2167.612978,266.41987694884926,base
UCS,HGB,1209,5,2059.801197,266.41987694884926,base
UCS,HGB,1210,5,2326.779638,266.41987694884926,base
UCS,HGB,1211,5,2474.302207,266.41987694884926,base
UCS,HGB,1212,5,2418.926583,266.41987694884926,base
UCS,HGB,1213,5,2175.818459,266.41987694884926,base
UCS,HGB,1214,5,3477.567677,1307.6312462135618,base
UCS,HGB,1215,5,3672.249668,1307.6312462135618,base
UCS,HGB,1216,5,3718.00842,1307.6312462135618,base
UCS,HGB,1217,5,3699.041298,1307.6312462135618,base
UCS,HGB,1218,5,3777.222995,1307.6312462135618,base
UCS,HGB,1219,5,3008.862534,1307.6312462135618,base
UCS,HGB,1220,5,3504.677879,1307.6312462135618,base
UCS,HGB,1221,5,3866.189754,1307.6312462135618,base
UCS,HGB,1222,5,3697.568297,1307.6312462135618,base
UCS,HGB,1223,5,3916.844803,1711.4576377851354,base
UCS,HGB,1224,5,3527.83995,1711.4576377851354,base
UCS,HGB,1225,5,3935.155979,1711.4576377851354,base
UCS,HGB,1226,5,3917.092675,1711.4576377851354,base
UCS,HGB,1227,5,4156.512013,1711.4576377851354,base
UCS,HGB,1228,5,3698.558578,1711.4576377851354,base
UCS,HGB,1229,5,5054.611964,1711.4576377851354,base
UCS,HGB,1230,5,3855.974785,1711.4576377851354,base
UCS,HGB,1231,5,3649.510748,1711.4576377851354,base
UCS,HGB,1232,5,4105.161762,2138.447754050381,base
UCS,HGB,1233,5,4876.055944,2138.447754050381,base
UCS,HGB,1234,5,4398.404385,2138.447754050381,base
UCS,HGB,1235,5,4371.308578,2138.447754050381,base
UCS,HGB,1236,5,4440.652261,2138.447754050381,base
UCS,HGB,1237,5,3563.252614,2138.447754050381,base
UCS,HGB,1238,5,4375.638612,2138.447754050381,base
UCS,HGB,1239,5,4159.927686,2138.447754050381,base
UCS,HGB,1240,5,4312.463399,2138.447754050381,base
UCS,HGB,1241,5,167.453375,181.79246146518582,base
UCS,HGB,1242,5,170.9692711,181.79246146518582,base
UCS,HGB,1243,5,168.3598768,181.79246146518582,base
UCS,HGB,1244,5,172.0655206,181.79246146518582,base
UCS,HGB,1245,5,177.8547823,181.79246146518582,base
UCS,HGB,1246,5,176.8614863,181.79246146518582,base
UCS,HGB,1247,5,157.4657076,181.79246146518582,base
UCS,HGB,1248,5,181.3545074,181.79246146518582,base
UCS,HGB,1249,5,188.0466283,181.79246146518582,base
UCS,HGB,1250,5,161.1591827,181.79246146518582,base
UCS,HGB,1251,5,181.8059487,181.79246146518582,base
UCS,HGB,1252,5,182.6800157,181.79246146518582,base
UCS,HGB,1253,5,176.2053676,181.79246146518582,base
UCS,HGB,1254,5,160.9692145,181.79246146518582,base
UCS,HGB,1255,5,844.9311906,1255.887598105099,base
UCS,HGB,1256,5,661.0392113,1255.887598105099,base
UCS,HGB,1257,5,706.482091,1255.887598105099,base
UCS,HGB,1258,5,816.157218,1619.8800360768776,base
UCS,HGB,1259,5,892.9609946,1811.8869469045217,base
UCS,HGB,1260,5,974.4334225,216.93199058892574,base
UCS,HGB,1261,5,1991.330417,1258.1433598536387,base
UCS,HGB,1262,5,1858.912992,1258.1433598536387,base
UCS,HGB,1263,5,1951.45189,1258.1433598536387,base
UCS,HGB,1264,5,2232.142468,1666.717107588329,base
UCS,HGB,1265,5,2258.72875,1666.717107588329,base
UCS,HGB,1266,5,1646.008741,241.94852511035074,base
UCS,HGB,1267,5,3061.832507,1283.1598943750635,base
UCS,HGB,1268,5,3060.411589,1283.1598943750635,base
UCS,HGB,1269,5,3138.210411,1283.1598943750635,base
UCS,HGB,1270,5,3132.987642,1686.986285946637,base
UCS,HGB,1271,5,3171.757965,1686.986285946637,base
UCS,HGB,1272,5,3741.993353,2113.9764022118825,base
UCS,HGB,1273,5,4094.294568,2113.9764022118825,base
UCS,HGB,1274,5,2135.618094,266.41987694884926,base
UCS,HGB,1275,5,2058.554651,266.41987694884926,base
UCS,HGB,1276,5,3358.517036,1307.6312462135618,base
UCS,HGB,1277,5,3064.688377,1307.6312462135618,base
UCS,HGB,1278,5,3519.471169,1307.6312462135618,base
UCS,HGB,1279,5,3963.481765,1711.4576377851354,base
UCS,HGB,1280,5,4184.241327,1711.4576377851354,base
UCS,HGB,1281,5,4700.649561,2138.447754050381,base
UCS,HGB,1282,5,1580.0,2729.131755827243,base
UCS,HGB,1283,5,1480.0,2729.131755827243,base
UCS,HGB,1284,5,1530.0,2729.131755827243,base
UCS,HGB,1285,5,1820.0,3537.255166600527,base
UCS,HGB,1286,5,1600.0,3537.255166600527,base
UCS,HGB,1287,5,1540.0,3537.255166600527,base
UCS,HGB,1288,5,2420.0,3669.293089537208,base
UCS,HGB,1289,5,2400.0,3726.4031131833467,base
UCS,HGB,1290,5,2420.0,3730.0882264929564,base
UCS,HGB,1291,5,1810.0,3672.630484151661,base
UCS,HGB,1292,5,1650.0,3672.630484151661,base
UCS,HGB,1293,5,1840.0,3672.630484151661,base
UCS,HGB,1294,5,2120.0,3692.3837516947333,base
UCS,HGB,1295,5,2100.0,3692.3837516947333,base
UCS,HGB,1296,5,940.0,2100.165406542804,base
UCS,HGB,1297,5,910.0,2100.165406542804,base
UCS,HGB,1298,5,880.0,2100.165406542804,base
UCS,HGB,1299,5,1220.0,3517.129344960222,base
UCS,HGB,1300,5,1170.0,3517.129344960222,base
UCS,HGB,1301,5,1200.0,3517.129344960222,base
UCS,HGB,1302,5,1620.0,3762.3600958194056,base
UCS,HGB,1303,5,1660.0,3767.8003676362373,base
UCS,HGB,1304,5,1330.0,3767.8003676362373,base
UCS,HGB,1305,5,1660.0,3708.58746678772,base
UCS,HGB,1306,5,1790.0,3708.58746678772,base
UCS,HGB,1307,5,1720.0,3714.027738604552,base
UCS,HGB,1308,5,1960.0,3714.027738604552,base
UCS,HGB,1309,5,1900.0,3709.9945885515276,base
UCS,HGB,1310,5,1880.0,3708.58746678772,base
UCS,HGB,1311,5,2050.0,3355.906793136898,base
UCS,HGB,1312,5,2230.0,3378.159384053483,base
UCS,HGB,1313,5,1620.0,3359.9294275648754,base
UCS,HGB,1314,5,1070.0,3332.297127686258,base
UCS,HGB,1315,5,1300.0,3380.143432960139,base
UCS,HGB,1316,5,2050.0,3286.5650745825683,base
UCS,HGB,1317,5,1900.0,3361.825534126987,base
UCS,HGB,1318,5,1000.0,3000.837461562648,base
UCS,HGB,1319,5,1000.0,2955.997248244985,base
UCS,HGB,1320,5,650.0,2663.5424069087194,base
UCS,HGB,1321,5,1630.0,3860.283559735748,base
UCS,HGB,1322,5,1900.0,3941.494718685356,base
UCS,HGB,1323,5,1590.0,3655.2314441988397,base
UCS,HGB,1324,5,1130.0,3196.0667758032005,base
UCS,HGB,1325,5,1540.0,3228.054793941005,base
UCS,HGB,1326,5,1490.0,3873.184851382976,base
UCS,HGB,1327,5,1360.0,3680.713407850349,base
UCS,HGB,1328,5,1030.0,3549.9203815594096,base
UCS,HGB,1329,5,890.0,3779.5689815906994,base
UCS,HGB,1330,5,630.0,2928.7467904175046,base
UCS,ExtraTrees,0,1,47.7,2041.2247748861823,base
UCS,ExtraTrees,1,1,95.0,2041.2247748861823,base
UCS,ExtraTrees,2,1,87.0,2041.2247748861823,base
UCS,ExtraTrees,3,1,127.0,2041.2247748861823,base
UCS,ExtraTrees,4,1,173.0,2041.2247748861823,base
UCS,ExtraTrees,5,1,102.0,2041.2247748861823,base
UCS,ExtraTrees,6,1,142.0,2041.2247748861823,base
UCS,ExtraTrees,7,1,173.0,2041.2247748861823,base
UCS,ExtraTrees,8,1,186.0,2041.2247748861823,base
UCS,ExtraTrees,9,1,164.0,2056.687390578348,base
UCS,ExtraTrees,10,1,1193.0,2056.687390578348,base
UCS,ExtraTrees,11,1,1247.0,2056.687390578348,base
UCS,ExtraTrees,12,1,1503.0,2056.687390578348,base
UCS,ExtraTrees,13,1,1913.0,2056.687390578348,base
UCS,ExtraTrees,14,1,1239.0,2056.687390578348,base
UCS,ExtraTrees,15,1,1661.0,2056.687390578348,base
UCS,ExtraTrees,16,1,1926.0,2056.687390578348,base
UCS,ExtraTrees,17,1,2063.0,2056.687390578348,base
UCS,ExtraTrees,18,1,94.1,2175.8867309073803,base
UCS,ExtraTrees,19,1,101.0,2175.8867309073803,base
UCS,ExtraTrees,20,1,115.0,2175.8867309073803,base
UCS,ExtraTrees,21,1,113.0,2175.8867309073803,base
UCS,ExtraTrees,22,1,175.0,2175.8867309073803,base
UCS,ExtraTrees,23,1,102.0,2175.8867309073803,base
UCS,ExtraTrees,24,1,147.0,2175.8867309073803,base
UCS,ExtraTrees,25,1,174.0,2175.8867309073803,base
UCS,ExtraTrees,26,1,187.0,2175.8867309073803,base
UCS,ExtraTrees,27,1,214.0,2171.647852999418,base
UCS,ExtraTrees,28,1,1270.0,2171.647852999418,base
UCS,ExtraTrees,29,1,1229.0,2171.647852999418,base
UCS,ExtraTrees,30,1,1970.0,2171.647852999418,base
UCS,ExtraTrees,31,1,1805.0,2171.647852999418,base
UCS,ExtraTrees,32,1,1372.0,2171.647852999418,base
UCS,ExtraTrees,33,1,1696.0,2171.647852999418,base
UCS,ExtraTrees,34,1,1853.0,2171.647852999418,base
UCS,ExtraTrees,35,1,1996.0,2171.647852999418,base
UCS,ExtraTrees,36,1,128.0,2320.3581481651086,base
UCS,ExtraTrees,37,1,105.0,2320.3581481651086,base
UCS,ExtraTrees,38,1,117.0,2320.3581481651086,base
UCS,ExtraTrees,39,1,176.0,2320.3581481651086,base
UCS,ExtraTrees,40,1,187.0,2320.3581481651086,base
UCS,ExtraTrees,41,1,134.0,2320.3581481651086,base
UCS,ExtraTrees,42,1,150.0,2320.3581481651086,base
UCS,ExtraTrees,43,1,175.0,2320.3581481651086,base
UCS,ExtraTrees,44,1,192.0,2320.3581481651086,base
UCS,ExtraTrees,45,1,196.0,2320.613409134061,base
UCS,ExtraTrees,46,1,1357.0,2320.613409134061,base
UCS,ExtraTrees,47,1,1366.0,2320.613409134061,base
UCS,ExtraTrees,48,1,1826.0,2320.613409134061,base
UCS,ExtraTrees,49,1,1961.0,2320.613409134061,base
UCS,ExtraTrees,50,1,1210.0,2320.613409134061,base
UCS,ExtraTrees,51,1,1796.0,2320.613409134061,base
UCS,ExtraTrees,52,1,2054.0,2320.613409134061,base
UCS,ExtraTrees,53,1,2081.0,2320.613409134061,base
UCS,ExtraTrees,54,1,120.0,2320.8169783642193,base
UCS,ExtraTrees,55,1,145.0,2320.8169783642193,base
UCS,ExtraTrees,56,1,146.0,2320.8169783642193,base
UCS,ExtraTrees,57,1,184.0,2320.8169783642193,base
UCS,ExtraTrees,58,1,187.0,2320.8169783642193,base
UCS,ExtraTrees,59,1,105.0,2320.8169783642193,base
UCS,ExtraTrees,60,1,166.0,2320.8169783642193,base
UCS,ExtraTrees,61,1,190.0,2320.8169783642193,base
UCS,ExtraTrees,62,1,194.0,2320.8169783642193,base
UCS,ExtraTrees,63,1,221.0,2322.091955999839,base
UCS,ExtraTrees,64,1,1525.0,2322.091955999839,base
UCS,ExtraTrees,65,1,1480.0,2322.091955999839,base
UCS,ExtraTrees,66,1,1934.0,2322.091955999839,base
UCS,ExtraTrees,67,1,2054.0,2322.091955999839,base
UCS,ExtraTrees,68,1,1394.0,2322.091955999839,base
UCS,ExtraTrees,69,1,1830.0,2322.091955999839,base
UCS,ExtraTrees,70,1,2083.0,2322.091955999839,base
UCS,ExtraTrees,71,1,2163.0,2322.091955999839,base
UCS,ExtraTrees,72,1,210.0,2320.0616950308863,base
UCS,ExtraTrees,73,1,150.0,2320.0616950308863,base
UCS,ExtraTrees,74,1,156.0,2320.0616950308863,base
UCS,ExtraTrees,75,1,182.0,2320.0616950308863,base
UCS,ExtraTrees,76,1,191.0,2320.0616950308863,base
UCS,ExtraTrees,77,1,112.0,2320.0616950308863,base
UCS,ExtraTrees,78,1,170.0,2320.0616950308863,base
UCS,ExtraTrees,79,1,205.0,2320.0616950308863,base
UCS,ExtraTrees,80,1,210.0,2320.0616950308863,base
UCS,ExtraTrees,81,1,188.0,2321.9433393331724,base
UCS,ExtraTrees,82,1,1616.0,2321.9433393331724,base
UCS,ExtraTrees,83,1,1535.0,2321.9433393331724,base
UCS,ExtraTrees,84,1,2024.0,2321.9433393331724,base
UCS,ExtraTrees,85,1,2091.0,2321.9433393331724,base
UCS,ExtraTrees,86,1,1472.0,2321.9433393331724,base
UCS,ExtraTrees,87,1,1837.0,2321.9433393331724,base
UCS,ExtraTrees,88,1,2072.0,2321.9433393331724,base
UCS,ExtraTrees,89,1,2195.0,2321.9433393331724,base
UCS,ExtraTrees,90,1,137.123,1678.1902833335819,base
UCS,ExtraTrees,91,1,151.69070000000002,1652.39232007196,base
UCS,ExtraTrees,92,1,168.26773,1653.0733750240267,base
UCS,ExtraTrees,93,1,156.71404,1655.9828475479935,base
UCS,ExtraTrees,94,1,144.15568000000002,1655.9828475479935,base
UCS,ExtraTrees,95,1,330.52171000000004,2058.957403096753,base
UCS,ExtraTrees,96,1,619.36395,2558.25634375947,base
UCS,ExtraTrees,97,1,787.14361,2555.5627744428034,base
UCS,ExtraTrees,98,1,703.25378,2557.5805387594705,base
UCS,ExtraTrees,99,1,678.6394,2557.5805387594705,base
UCS,ExtraTrees,100,1,811.7579900000001,2353.778583815988,base
UCS,ExtraTrees,101,1,922.77388,3368.3342464709312,base
UCS,ExtraTrees,102,1,1076.99051,3367.3957438209322,base
UCS,ExtraTrees,103,1,1027.25941,3367.891043137599,base
UCS,ExtraTrees,104,1,1002.1427,3367.799826470932,base
UCS,ExtraTrees,105,1,98.0,1599.9748435871397,base
UCS,ExtraTrees,106,1,117.0,1589.401972803851,base
UCS,ExtraTrees,107,1,125.0,1599.7984493678916,base
UCS,ExtraTrees,108,1,147.0,1600.6766364651917,base
UCS,ExtraTrees,109,1,138.0,1598.435558291552,base
UCS,ExtraTrees,110,1,132.0,1600.159292127605,base
UCS,ExtraTrees,111,1,98.0,1776.521496535914,base
UCS,ExtraTrees,112,1,150.0,1807.4807800243914,base
UCS,ExtraTrees,113,1,167.0,1819.2271684026136,base
UCS,ExtraTrees,114,1,259.0,1829.504293138447,base
UCS,ExtraTrees,115,1,197.0,1834.8291149836955,base
UCS,ExtraTrees,116,1,140.0,1836.5904933192805,base
UCS,ExtraTrees,117,1,98.0,1986.0951765990126,base
UCS,ExtraTrees,118,1,219.0,2394.320966481495,base
UCS,ExtraTrees,119,1,267.0,2420.7185234814947,base
UCS,ExtraTrees,120,1,335.0,2445.852354122162,base
UCS,ExtraTrees,121,1,377.0,2463.473828443444,base
UCS,ExtraTrees,122,1,316.0,2469.3343088713286,base
UCS,ExtraTrees,123,1,98.0,2125.6932083187544,base
UCS,ExtraTrees,124,1,271.0,2746.7485273758452,base
UCS,ExtraTrees,125,1,422.0,2803.417907042513,base
UCS,ExtraTrees,126,1,452.0,2888.2050028196045,base
UCS,ExtraTrees,127,1,529.0,2928.0294130315447,base
UCS,ExtraTrees,128,1,502.0,2924.2501448045605,base
UCS,ExtraTrees,129,1,98.0,2212.689844233892,base
UCS,ExtraTrees,130,1,282.0,2808.32285340056,base
UCS,ExtraTrees,131,1,470.0,2913.5905517338933,base
UCS,ExtraTrees,132,1,514.0,3047.480396412598,base
UCS,ExtraTrees,133,1,585.0,3082.2617597459316,base
UCS,ExtraTrees,134,1,518.0,3106.736273743266,base
UCS,ExtraTrees,135,1,320.0,769.0579813392823,base
UCS,ExtraTrees,136,1,247.27685,1635.7115882270377,base
UCS,ExtraTrees,137,1,293.85258,1636.9084798937045,base
UCS,ExtraTrees,138,1,323.79412,1640.4284624994648,base
UCS,ExtraTrees,139,1,353.73566,1660.0353396155128,base
UCS,ExtraTrees,140,1,355.5839,1705.3626209735646,base
UCS,ExtraTrees,141,1,356.69285,1682.352276846035,base
UCS,ExtraTrees,142,1,280.0,1638.7109005571942,base
UCS,ExtraTrees,143,1,610.0,1705.858774044555,base
UCS,ExtraTrees,144,1,630.0,1708.8791151575492,base
UCS,ExtraTrees,145,1,670.0,1721.0804609669158,base
UCS,ExtraTrees,146,1,710.0,1729.1537943002488,base
UCS,ExtraTrees,147,1,320.0,1863.0662608676612,base
UCS,ExtraTrees,148,1,409.5526,2436.92487959297,base
UCS,ExtraTrees,149,1,537.82068,2430.120066313803,base
UCS,ExtraTrees,150,1,605.46638,2428.545324701303,base
UCS,ExtraTrees,151,1,847.58623,2445.25643656397,base
UCS,ExtraTrees,152,1,938.88945,2516.8157720013032,base
UCS,ExtraTrees,153,1,887.13864,2566.457622762636,base
UCS,ExtraTrees,154,1,280.0,2036.7661793407517,base
UCS,ExtraTrees,155,1,1040.0,2450.8107931888026,base
UCS,ExtraTrees,156,1,1120.0,2438.3305861644435,base
UCS,ExtraTrees,157,1,1340.0,2443.36359444361,base
UCS,ExtraTrees,158,1,2230.0,2453.8435944436105,base
UCS,ExtraTrees,159,1,320.0,2551.3654027188563,base
UCS,ExtraTrees,160,1,588.46254,2798.8700812152006,base
UCS,ExtraTrees,161,1,686.04978,2796.3267575404734,base
UCS,ExtraTrees,162,1,766.63318,2800.6990538657465,base
UCS,ExtraTrees,163,1,997.66358,2860.3708138006505,base
UCS,ExtraTrees,164,1,1084.5310100000002,2987.5145526196243,base
UCS,ExtraTrees,165,1,1026.49617,3119.3751850223975,base
UCS,ExtraTrees,166,1,280.0,2210.427085442393,base
UCS,ExtraTrees,167,1,1090.0,2838.064615575017,base
UCS,ExtraTrees,168,1,1370.0,2829.7984889083505,base
UCS,ExtraTrees,169,1,1720.0,2838.5879989083505,base
UCS,ExtraTrees,170,1,2340.0,2857.0679989083505,base
UCS,ExtraTrees,171,1,320.0,2798.1760155951424,base
UCS,ExtraTrees,172,1,748.89005,2951.8220519972265,base
UCS,ExtraTrees,173,1,777.7226400000001,2960.272866997227,base
UCS,ExtraTrees,174,1,831.32169,2982.9814786638944,base
UCS,ExtraTrees,175,1,1098.20801,3081.4359065049207,base
UCS,ExtraTrees,176,1,1198.01314,3274.368342209262,base
UCS,ExtraTrees,177,1,1147.0016300000002,3440.7149422092634,base
UCS,ExtraTrees,178,1,280.0,2275.4683498214795,base
UCS,ExtraTrees,179,1,1260.0,3036.7766873305595,base
UCS,ExtraTrees,180,1,1550.0,3030.578667330559,base
UCS,ExtraTrees,181,1,1870.0,3069.2883386638923,base
UCS,ExtraTrees,182,1,2780.0,3097.226388663892,base
UCS,ExtraTrees,183,1,120.0,2212.867512692108,base
UCS,ExtraTrees,184,1,320.0,2212.867512692108,base
UCS,ExtraTrees,185,1,470.0,2212.867512692108,base
UCS,ExtraTrees,186,1,710.0,2212.867512692108,base
UCS,ExtraTrees,187,1,1080.0,2212.867512692108,base
UCS,ExtraTrees,188,1,250.0,2791.892304058231,base
UCS,ExtraTrees,189,1,490.0,2791.892304058231,base
UCS,ExtraTrees,190,1,630.0,2791.892304058231,base
UCS,ExtraTrees,191,1,1070.0,2791.892304058231,base
UCS,ExtraTrees,192,1,1460.0,2791.892304058231,base
UCS,ExtraTrees,193,1,626.6239,2091.628412162252,base
UCS,ExtraTrees,194,1,631.94235,2091.628412162252,base
UCS,ExtraTrees,195,1,633.66782,2091.628412162252,base
UCS,ExtraTrees,196,1,628.22879,2091.628412162252,base
UCS,ExtraTrees,197,1,936.82048,2091.628412162252,base
UCS,ExtraTrees,198,1,954.3751,2091.628412162252,base
UCS,ExtraTrees,199,1,1104.05131,2091.628412162252,base
UCS,ExtraTrees,200,1,1134.5409,2091.628412162252,base
UCS,ExtraTrees,201,1,1178.88941,2091.628412162252,base
UCS,ExtraTrees,202,1,945.00524,2295.8720467394846,base
UCS,ExtraTrees,203,1,934.21093,2295.8720467394846,base
UCS,ExtraTrees,204,1,930.48683,2295.8720467394846,base
UCS,ExtraTrees,205,1,934.0487,2295.8720467394846,base
UCS,ExtraTrees,206,1,1241.71646,2295.8720467394846,base
UCS,ExtraTrees,207,1,1292.53246,2295.8720467394846,base
UCS,ExtraTrees,208,1,1355.35951,2295.8720467394846,base
UCS,ExtraTrees,209,1,1442.20867,2295.8720467394846,base
UCS,ExtraTrees,210,1,1358.13129,2295.8720467394846,base
UCS,ExtraTrees,211,1,1714.56871,2406.7545497001856,base
UCS,ExtraTrees,212,1,1717.68299,2406.7545497001856,base
UCS,ExtraTrees,213,1,1716.50755,2406.7545497001856,base
UCS,ExtraTrees,214,1,1717.53897,2406.7545497001856,base
UCS,ExtraTrees,215,1,1831.18202,2406.7545497001856,base
UCS,ExtraTrees,216,1,1738.7893,2406.7545497001856,base
UCS,ExtraTrees,217,1,2166.5676,2406.7545497001856,base
UCS,ExtraTrees,218,1,2232.16643,2406.7545497001856,base
UCS,ExtraTrees,219,1,2064.93561,2406.7545497001856,base
UCS,ExtraTrees,220,1,872.0,1936.925697487513,base
UCS,ExtraTrees,221,1,902.0,2322.4879287382055,base
UCS,ExtraTrees,222,1,923.0,2322.4879287382055,base
UCS,ExtraTrees,223,1,972.0,2322.4879287382055,base
UCS,ExtraTrees,224,1,840.0,2322.4879287382055,base
UCS,ExtraTrees,225,1,872.0,1936.925697487513,base
UCS,ExtraTrees,226,1,637.0,1936.925697487513,base
UCS,ExtraTrees,227,1,450.0,1936.925697487513,base
UCS,ExtraTrees,228,1,159.0,1936.925697487513,base
UCS,ExtraTrees,229,1,90.0,1936.925697487513,base
UCS,ExtraTrees,230,1,985.0,2047.6111184515978,base
UCS,ExtraTrees,231,1,975.0,2771.0091115525943,base
UCS,ExtraTrees,232,1,998.0,2771.0091115525943,base
UCS,ExtraTrees,233,1,1025.0,2771.0091115525943,base
UCS,ExtraTrees,234,1,890.0,2771.0091115525943,base
UCS,ExtraTrees,235,1,985.0,2047.6111184515978,base
UCS,ExtraTrees,236,1,859.0,2047.6111184515978,base
UCS,ExtraTrees,237,1,535.0,2047.6111184515978,base
UCS,ExtraTrees,238,1,205.0,2047.6111184515978,base
UCS,ExtraTrees,239,1,120.0,2047.6111184515978,base
UCS,ExtraTrees,240,1,1080.0,2181.557520767717,base
UCS,ExtraTrees,241,1,1120.0,2852.9975955949158,base
UCS,ExtraTrees,242,1,1173.0,2852.9975955949158,base
UCS,ExtraTrees,243,1,1200.0,2852.9975955949158,base
UCS,ExtraTrees,244,1,1060.0,2852.9975955949158,base
UCS,ExtraTrees,245,1,1080.0,2181.557520767717,base
UCS,ExtraTrees,246,1,1010.0,2181.557520767717,base
UCS,ExtraTrees,247,1,678.0,2181.557520767717,base
UCS,ExtraTrees,248,1,315.0,2181.557520767717,base
UCS,ExtraTrees,249,1,150.0,2181.557520767717,base
UCS,ExtraTrees,250,1,872.0,1931.702930820846,base
UCS,ExtraTrees,251,1,902.0,2317.2651620715387,base
UCS,ExtraTrees,252,1,923.0,2317.2651620715387,base
UCS,ExtraTrees,253,1,972.0,2317.2651620715387,base
UCS,ExtraTrees,254,1,840.0,2317.2651620715387,base
UCS,ExtraTrees,255,1,985.0,2042.388351784931,base
UCS,ExtraTrees,256,1,975.0,2765.786344885928,base
UCS,ExtraTrees,257,1,998.0,2765.786344885928,base
UCS,ExtraTrees,258,1,1025.0,2765.786344885928,base
UCS,ExtraTrees,259,1,890.0,2765.786344885928,base
UCS,ExtraTrees,260,1,1080.0,2178.30970410105,base
UCS,ExtraTrees,261,1,1120.0,2849.7497789282493,base
UCS,ExtraTrees,262,1,1173.0,2849.7497789282493,base
UCS,ExtraTrees,263,1,1200.0,2849.7497789282493,base
UCS,ExtraTrees,264,1,1060.0,2849.7497789282493,base
UCS,ExtraTrees,265,1,370.0,1955.5366314509688,base
UCS,ExtraTrees,266,1,520.0,1955.5366314509688,base
UCS,ExtraTrees,267,1,1050.0,2452.2658129454735,base
UCS,ExtraTrees,268,1,1750.0,3010.350775710279,base
UCS,ExtraTrees,269,1,510.0,3010.350775710279,base
UCS,ExtraTrees,270,1,950.0,2072.882162886053,base
UCS,ExtraTrees,271,1,1160.0,3010.350775710279,base
UCS,ExtraTrees,272,1,2050.0,3203.5718867058663,base
UCS,ExtraTrees,273,1,1720.0,3203.5718867058663,base
UCS,ExtraTrees,274,1,1060.0,3203.5718867058663,base
UCS,ExtraTrees,275,1,1210.0,2189.7306665064934,base
UCS,ExtraTrees,276,1,1640.0,3188.8943142958656,base
UCS,ExtraTrees,277,1,1520.0,3188.8943142958656,base
UCS,ExtraTrees,278,1,4020.0,3188.8943142958656,base
UCS,ExtraTrees,279,1,2320.0,3188.8943142958656,base
UCS,ExtraTrees,280,1,2410.0,2192.8090940964935,base
UCS,ExtraTrees,281,1,1220.0,3188.8943142958656,base
UCS,ExtraTrees,282,1,2940.0,3188.8943142958656,base
UCS,ExtraTrees,283,1,4140.0,3188.8943142958656,base
UCS,ExtraTrees,284,1,2930.0,3188.8943142958656,base
UCS,ExtraTrees,285,1,790.0,2030.8458840156572,base
UCS,ExtraTrees,286,1,930.0,2030.8458840156572,base
UCS,ExtraTrees,287,1,1190.0,2030.8458840156572,base
UCS,ExtraTrees,288,1,1290.0,2030.8458840156572,base
UCS,ExtraTrees,289,1,1560.0,2030.8458840156572,base
UCS,ExtraTrees,290,1,1460.0,2030.8458840156572,base
UCS,ExtraTrees,291,1,1280.0,2030.8458840156572,base
UCS,ExtraTrees,292,1,1520.0,2030.8458840156572,base
UCS,ExtraTrees,293,1,1550.0,2030.8458840156572,base
UCS,ExtraTrees,294,1,2030.0,2188.3792841256222,base
UCS,ExtraTrees,295,1,2000.0,2188.3792841256222,base
UCS,ExtraTrees,296,1,2350.0,2188.3792841256222,base
UCS,ExtraTrees,297,1,2280.0,2188.3792841256222,base
UCS,ExtraTrees,298,1,2430.0,2248.7363969992434,base
UCS,ExtraTrees,299,1,2910.0,2248.7363969992434,base
UCS,ExtraTrees,300,1,2900.0,2248.7363969992434,base
UCS,ExtraTrees,301,1,2970.0,2248.7363969992434,base
UCS,ExtraTrees,302,1,3390.0,2249.1754846182916,base
UCS,ExtraTrees,303,1,3440.0,2249.1754846182916,base
UCS,ExtraTrees,304,1,3700.0,2249.1754846182916,base
UCS,ExtraTrees,305,1,3730.0,2249.1754846182916,base
UCS,ExtraTrees,306,1,3440.0,2249.1754846182916,base
UCS,ExtraTrees,307,1,3640.0,2249.1754846182916,base
UCS,ExtraTrees,308,1,3810.0,2249.1754846182916,base
UCS,ExtraTrees,309,1,3960.0,2249.1754846182916,base
UCS,ExtraTrees,310,1,3420.0,2247.1268679516247,base
UCS,ExtraTrees,311,1,3580.0,2247.1268679516247,base
UCS,ExtraTrees,312,1,3690.0,2247.1268679516247,base
UCS,ExtraTrees,313,1,4050.0,2247.1268679516247,base
UCS,ExtraTrees,314,1,1700.0,2095.339853214561,base
UCS,ExtraTrees,315,1,3760.0,2095.339853214561,base
UCS,ExtraTrees,316,1,5110.0,2095.339853214561,base
UCS,ExtraTrees,317,1,3280.0,2095.339853214561,base
UCS,ExtraTrees,318,1,1750.0,2095.339853214561,base
UCS,ExtraTrees,319,1,1180.0,2095.339853214561,base
UCS,ExtraTrees,320,1,2380.0,2095.339853214561,base
UCS,ExtraTrees,321,1,1670.0,2095.339853214561,base
UCS,ExtraTrees,322,1,2160.0,2095.339853214561,base
UCS,ExtraTrees,323,1,2130.0,2182.9893805967376,base
UCS,ExtraTrees,324,1,4540.0,2182.9893805967376,base
UCS,ExtraTrees,325,1,6160.0,2182.9893805967376,base
UCS,ExtraTrees,326,1,4630.0,2182.9893805967376,base
UCS,ExtraTrees,327,1,2670.0,2182.9893805967376,base
UCS,ExtraTrees,328,1,2110.0,2182.9893805967376,base
UCS,ExtraTrees,329,1,3660.0,2182.9893805967376,base
UCS,ExtraTrees,330,1,1860.0,2182.9893805967376,base
UCS,ExtraTrees,331,1,2570.0,2182.9893805967376,base
UCS,ExtraTrees,332,1,2780.0,2341.2617427144414,base
UCS,ExtraTrees,333,1,5780.0,2341.2617427144414,base
UCS,ExtraTrees,334,1,10710.0,2341.2617427144414,base
UCS,ExtraTrees,335,1,7550.0,2341.2617427144414,base
UCS,ExtraTrees,336,1,2880.0,2341.2617427144414,base
UCS,ExtraTrees,337,1,2370.0,2341.2617427144414,base
UCS,ExtraTrees,338,1,6120.0,2341.2617427144414,base
UCS,ExtraTrees,339,1,2250.0,2341.2617427144414,base
UCS,ExtraTrees,340,1,3790.0,2341.2617427144414,base
UCS,ExtraTrees,341,1,55.31,2366.202167609721,base
UCS,ExtraTrees,342,1,1803.44,2373.373741308671,base
UCS,ExtraTrees,343,1,2284.95,2403.4456046903415,base
UCS,ExtraTrees,344,1,3297.0,2454.193793074213,base
UCS,ExtraTrees,345,1,69.43,2393.2297216636525,base
UCS,ExtraTrees,346,1,609.97,2323.927249943374,base
UCS,ExtraTrees,347,1,2545.81,2395.1620842541333,base
UCS,ExtraTrees,348,1,3936.39,2524.784380728306,base
UCS,ExtraTrees,349,1,87.08,2105.4705919611624,base
UCS,ExtraTrees,350,1,2076.9500000000003,2365.35635679999,base
UCS,ExtraTrees,351,1,360.0,2314.0471356308985,base
UCS,ExtraTrees,352,1,520.0,2400.5114961339295,base
UCS,ExtraTrees,353,1,85.0,2100.3052079277445,base
UCS,ExtraTrees,354,1,55.6,2228.675100952195,base
UCS,ExtraTrees,355,1,222.5,2395.7937552013886,base
UCS,ExtraTrees,356,1,149.0,2098.361704461163,base
UCS,ExtraTrees,357,1,190.0,2193.502205294498,base
UCS,ExtraTrees,358,1,663.0,2266.667320952194,base
UCS,ExtraTrees,359,1,4400.0,2720.2862948756283,base
UCS,ExtraTrees,360,1,4400.0,2720.2862948756283,base
UCS,ExtraTrees,361,1,2540.0,2382.329703764515,base
UCS,ExtraTrees,362,1,3200.0,2400.3939394311824,base
UCS,ExtraTrees,363,1,1900.0,2251.1917307705776,base
UCS,ExtraTrees,364,1,1900.0,2251.1917307705776,base
UCS,ExtraTrees,365,1,4700.0,2734.152961542294,base
UCS,ExtraTrees,366,1,4700.0,2734.152961542294,base
UCS,ExtraTrees,367,1,3900.0,2712.3738482089616,base
UCS,ExtraTrees,368,1,4200.0,2680.9322382089617,base
UCS,ExtraTrees,369,1,4200.0,2680.9322382089617,base
UCS,ExtraTrees,370,1,2950.0,2349.880482239912,base
UCS,ExtraTrees,371,1,2950.0,2349.880482239912,base
UCS,ExtraTrees,372,1,2700.0,2545.1549787645154,base
UCS,ExtraTrees,373,1,3100.0,2582.1523680311825,base
UCS,ExtraTrees,374,1,2900.0,2569.27579969785,base
UCS,ExtraTrees,375,1,2900.0,2569.27579969785,base
UCS,ExtraTrees,376,1,1100.0,2245.7265005232425,base
UCS,ExtraTrees,377,1,4100.0,2463.728409697849,base
UCS,ExtraTrees,378,1,4100.0,2463.728409697849,base
UCS,ExtraTrees,379,1,2300.0,2328.421446475625,base
UCS,ExtraTrees,380,1,2700.0,2242.4023048956797,base
UCS,ExtraTrees,381,1,4100.0,2478.630477297849,base
UCS,ExtraTrees,382,1,4100.0,2478.630477297849,base
UCS,ExtraTrees,383,1,2300.0,2464.0213892582474,base
UCS,ExtraTrees,384,1,2000.0,2212.0153511834856,base
UCS,ExtraTrees,385,1,2050.0,2212.0153511834856,base
UCS,ExtraTrees,386,1,2960.0,2587.1791628314213,base
UCS,ExtraTrees,387,1,3250.0,2439.022748591581,base
UCS,ExtraTrees,388,1,3250.0,2439.022748591581,base
UCS,ExtraTrees,389,1,2200.0,2276.8918245433238,base
UCS,ExtraTrees,390,1,1820.0,2464.2163761647544,base
UCS,ExtraTrees,391,1,2200.0,2364.5305345915813,base
UCS,ExtraTrees,392,1,3800.0,2465.6161609159813,base
UCS,ExtraTrees,393,1,3800.0,2465.6161609159813,base
UCS,ExtraTrees,394,1,3900.0,2505.7576576699907,base
UCS,ExtraTrees,395,1,2950.0,2343.4234916699884,base
UCS,ExtraTrees,396,1,1930.0,2447.9893122059893,base
UCS,ExtraTrees,397,1,2150.0,2387.2112686971805,base
UCS,ExtraTrees,398,1,2010.0,2266.3202455292258,base
UCS,ExtraTrees,399,1,4200.0,2580.484770272293,base
UCS,ExtraTrees,400,1,2300.0,2312.2127161129497,base
UCS,ExtraTrees,401,1,2270.0,2312.5960729348767,base
UCS,ExtraTrees,402,1,3210.0,2451.546809157759,base
UCS,ExtraTrees,403,1,2870.0,2788.393191917111,base
UCS,ExtraTrees,404,1,2800.0,2597.781185804213,base
UCS,ExtraTrees,405,1,2900.0,2529.0918808042134,base
UCS,ExtraTrees,406,1,2020.0,2520.8202924708794,base
UCS,ExtraTrees,407,1,2000.0,2442.0382556740865,base
UCS,ExtraTrees,408,1,1880.0,2569.9440273464515,base
UCS,ExtraTrees,409,1,3000.0,2677.5212616077847,base
UCS,ExtraTrees,410,1,1610.0,2487.584191921531,base
UCS,ExtraTrees,411,1,3980.0,2597.234019326864,base
UCS,ExtraTrees,412,1,1690.0,2358.994401529755,base
UCS,ExtraTrees,413,1,2300.0,2437.4198732439963,base
UCS,ExtraTrees,414,1,2790.0,2643.0806462511064,base
UCS,ExtraTrees,415,1,1820.0,2392.181959900002,base
UCS,ExtraTrees,416,1,3200.0,2636.7934324303055,base
UCS,ExtraTrees,417,1,1980.0,2395.107045221299,base
UCS,ExtraTrees,418,1,1800.0,2437.1362464376057,base
UCS,ExtraTrees,419,1,4020.0,2830.310941045504,base
UCS,ExtraTrees,420,1,5400.0,2888.1869914578674,base
UCS,ExtraTrees,421,1,1200.0,2278.941901152196,base
UCS,ExtraTrees,422,1,1570.0,2273.3436200785177,base
UCS,ExtraTrees,423,1,3300.0,2968.6617735942323,base
UCS,ExtraTrees,424,1,3400.0,2810.3111197912,base
UCS,ExtraTrees,425,1,1900.0,2276.959639999814,base
UCS,ExtraTrees,426,1,1025.0,2390.272972751756,base
UCS,ExtraTrees,427,1,193.05,2448.8770293464518,base
UCS,ExtraTrees,428,1,59.5,2751.1609450672267,base
UCS,ExtraTrees,429,1,61.6,2751.1609450672267,base
UCS,ExtraTrees,430,1,55.1,2751.1609450672267,base
UCS,ExtraTrees,431,1,49.4,2751.1609450672267,base
UCS,ExtraTrees,432,1,48.4,2751.1609450672267,base
UCS,ExtraTrees,433,1,178.4,2751.1609450672267,base
UCS,ExtraTrees,434,1,104.4,2751.1609450672267,base
UCS,ExtraTrees,435,1,54.2,2751.1609450672267,base
UCS,ExtraTrees,436,1,63.8,2751.1609450672267,base
UCS,ExtraTrees,437,1,55.3,2751.1609450672267,base
UCS,ExtraTrees,438,1,1836.0,2751.1609450672267,base
UCS,ExtraTrees,439,1,1519.8,2751.1609450672267,base
UCS,ExtraTrees,440,1,442.0,2751.1609450672267,base
UCS,ExtraTrees,441,1,73.80000000000001,2751.1609450672267,base
UCS,ExtraTrees,442,1,55.7,2751.1609450672267,base
UCS,ExtraTrees,443,1,3833.5,2751.1609450672267,base
UCS,ExtraTrees,444,1,2529.3,2751.1609450672267,base
UCS,ExtraTrees,445,1,1513.8,2751.1609450672267,base
UCS,ExtraTrees,446,1,484.1,2751.1609450672267,base
UCS,ExtraTrees,447,1,4093.2,2751.1609450672267,base
UCS,ExtraTrees,448,1,3004.7000000000003,2751.1609450672267,base
UCS,ExtraTrees,449,1,1270.1,2751.1609450672267,base
UCS,ExtraTrees,450,1,549.5,2751.1609450672267,base
UCS,ExtraTrees,451,1,363.3,2751.1609450672267,base
UCS,ExtraTrees,452,1,3782.9,2751.1609450672267,base
UCS,ExtraTrees,453,1,2402.4,2751.1609450672267,base
UCS,ExtraTrees,454,1,1239.6,2751.1609450672267,base
UCS,ExtraTrees,455,1,201.7,2751.1609450672267,base
UCS,ExtraTrees,456,1,64.0,2751.1609450672267,base
UCS,ExtraTrees,457,1,4747.8,2751.1609450672267,base
UCS,ExtraTrees,458,1,3146.7000000000003,2751.1609450672267,base
UCS,ExtraTrees,459,1,1660.6,2751.1609450672267,base
UCS,ExtraTrees,460,1,545.2,2751.1609450672267,base
UCS,ExtraTrees,461,1,51.3,2897.4181044005604,base
UCS,ExtraTrees,462,1,3137.6,2897.4181044005604,base
UCS,ExtraTrees,463,1,2613.1000000000004,2897.4181044005604,base
UCS,ExtraTrees,464,1,1425.9,2897.4181044005604,base
UCS,ExtraTrees,465,1,635.0,2897.4181044005604,base
UCS,ExtraTrees,466,1,65.60000000000001,2897.4181044005604,base
UCS,ExtraTrees,467,1,57.5,2907.53512940056,base
UCS,ExtraTrees,468,1,56.8,2907.53512940056,base
UCS,ExtraTrees,469,1,61.7,2907.53512940056,base
UCS,ExtraTrees,470,1,72.4,2907.53512940056,base
UCS,ExtraTrees,471,1,76.1,2907.53512940056,base
UCS,ExtraTrees,472,1,2615.3,2907.53512940056,base
UCS,ExtraTrees,473,1,722.8,2907.53512940056,base
UCS,ExtraTrees,474,1,81.0,2907.53512940056,base
UCS,ExtraTrees,475,1,81.5,2907.53512940056,base
UCS,ExtraTrees,476,1,61.1,2907.53512940056,base
UCS,ExtraTrees,477,1,4715.7,2907.53512940056,base
UCS,ExtraTrees,478,1,983.8,2907.53512940056,base
UCS,ExtraTrees,479,1,169.9,2907.53512940056,base
UCS,ExtraTrees,480,1,92.0,2907.53512940056,base
UCS,ExtraTrees,481,1,113.8,2907.53512940056,base
UCS,ExtraTrees,482,1,6333.9,2907.53512940056,base
UCS,ExtraTrees,483,1,5499.0,2907.53512940056,base
UCS,ExtraTrees,484,1,2905.5,2907.53512940056,base
UCS,ExtraTrees,485,1,320.79999999999995,2907.53512940056,base
UCS,ExtraTrees,486,1,108.3,2907.53512940056,base
UCS,ExtraTrees,487,1,6549.2,2907.53512940056,base
UCS,ExtraTrees,488,1,5612.0,2907.53512940056,base
UCS,ExtraTrees,489,1,4519.599999999999,2907.53512940056,base
UCS,ExtraTrees,490,1,1048.8,2907.53512940056,base
UCS,ExtraTrees,491,1,82.60000000000001,2907.53512940056,base
UCS,ExtraTrees,492,1,6962.4,2907.53512940056,base
UCS,ExtraTrees,493,1,4417.099999999999,2907.53512940056,base
UCS,ExtraTrees,494,1,1049.7,2907.53512940056,base
UCS,ExtraTrees,495,1,108.1,2907.53512940056,base
UCS,ExtraTrees,496,1,96.9,2907.53512940056,base
UCS,ExtraTrees,497,1,7857.3,2907.53512940056,base
UCS,ExtraTrees,498,1,6059.3,2907.53512940056,base
UCS,ExtraTrees,499,1,3516.2,2907.53512940056,base
UCS,ExtraTrees,500,1,379.9,2907.53512940056,base
UCS,ExtraTrees,501,1,119.4,2907.53512940056,base
UCS,ExtraTrees,502,1,6912.7,2907.53512940056,base
UCS,ExtraTrees,503,1,5779.099999999999,2907.53512940056,base
UCS,ExtraTrees,504,1,4361.1,2907.53512940056,base
UCS,ExtraTrees,505,1,1989.1,2907.53512940056,base
UCS,ExtraTrees,506,1,78.60000000000001,2907.53512940056,base
UCS,ExtraTrees,507,1,72.4,3777.990912026859,base
UCS,ExtraTrees,508,1,77.8,3777.990912026859,base
UCS,ExtraTrees,509,1,71.3,3777.990912026859,base
UCS,ExtraTrees,510,1,44.5,3777.990912026859,base
UCS,ExtraTrees,511,1,30.1,3777.990912026859,base
UCS,ExtraTrees,512,1,201.7,3777.990912026859,base
UCS,ExtraTrees,513,1,168.7,3777.990912026859,base
UCS,ExtraTrees,514,1,108.9,3777.990912026859,base
UCS,ExtraTrees,515,1,86.9,3777.990912026859,base
UCS,ExtraTrees,516,1,98.5,3777.990912026859,base
UCS,ExtraTrees,517,1,10089.0,3777.990912026859,base
UCS,ExtraTrees,518,1,5803.7,3777.990912026859,base
UCS,ExtraTrees,519,1,117.3,3777.990912026859,base
UCS,ExtraTrees,520,1,67.6,3777.990912026859,base
UCS,ExtraTrees,521,1,107.1,3777.990912026859,base
UCS,ExtraTrees,522,1,10786.0,3777.990912026859,base
UCS,ExtraTrees,523,1,9583.3,3777.990912026859,base
UCS,ExtraTrees,524,1,2567.3,3777.990912026859,base
UCS,ExtraTrees,525,1,69.3,3777.990912026859,base
UCS,ExtraTrees,526,1,25.7,3777.990912026859,base
UCS,ExtraTrees,527,1,10042.0,3777.990912026859,base
UCS,ExtraTrees,528,1,9647.6,3777.990912026859,base
UCS,ExtraTrees,529,1,8262.1,3777.990912026859,base
UCS,ExtraTrees,530,1,148.60000000000002,3777.990912026859,base
UCS,ExtraTrees,531,1,33.7,3777.990912026859,base
UCS,ExtraTrees,532,1,10809.0,3777.990912026859,base
UCS,ExtraTrees,533,1,9878.1,3777.990912026859,base
UCS,ExtraTrees,534,1,269.2,3777.990912026859,base
UCS,ExtraTrees,535,1,178.79999999999998,3777.990912026859,base
UCS,ExtraTrees,536,1,56.7,3777.990912026859,base
UCS,ExtraTrees,537,1,11033.0,3777.990912026859,base
UCS,ExtraTrees,538,1,8186.999999999999,3777.990912026859,base
UCS,ExtraTrees,539,1,3534.2,3777.990912026859,base
UCS,ExtraTrees,540,1,99.0,3777.990912026859,base
UCS,ExtraTrees,541,1,38.2,3777.990912026859,base
UCS,ExtraTrees,542,1,8661.099999999999,3777.990912026859,base
UCS,ExtraTrees,543,1,7999.2,3777.990912026859,base
UCS,ExtraTrees,544,1,7754.0,3777.990912026859,base
UCS,ExtraTrees,545,1,1216.6999999999998,3777.990912026859,base
UCS,ExtraTrees,546,1,70.8,3777.990912026859,base
UCS,ExtraTrees,547,1,117.4,2303.820609519689,base
UCS,ExtraTrees,548,1,109.9,2303.820609519689,base
UCS,ExtraTrees,549,1,84.9,2303.820609519689,base
UCS,ExtraTrees,550,1,16.9,2303.820609519689,base
UCS,ExtraTrees,551,1,210.7,2303.820609519689,base
UCS,ExtraTrees,552,1,197.0,2303.820609519689,base
UCS,ExtraTrees,553,1,168.9,2303.820609519689,base
UCS,ExtraTrees,554,1,110.3,2303.820609519689,base
UCS,ExtraTrees,555,1,229.3,2303.820609519689,base
UCS,ExtraTrees,556,1,224.1,2303.820609519689,base
UCS,ExtraTrees,557,1,186.8,2303.820609519689,base
UCS,ExtraTrees,558,1,155.5,2303.820609519689,base
UCS,ExtraTrees,559,1,195.4,2303.820609519689,base
UCS,ExtraTrees,560,1,123.2,2303.820609519689,base
UCS,ExtraTrees,561,1,80.0,2303.820609519689,base
UCS,ExtraTrees,562,1,39.0,2303.820609519689,base
UCS,ExtraTrees,563,1,185.2,2303.820609519689,base
UCS,ExtraTrees,564,1,181.9,2303.820609519689,base
UCS,ExtraTrees,565,1,180.0,2291.9873678530216,base
UCS,ExtraTrees,566,1,127.0,2291.9873678530216,base
UCS,ExtraTrees,567,1,189.0,2291.9873678530216,base
UCS,ExtraTrees,568,1,170.0,2291.9873678530216,base
UCS,ExtraTrees,569,1,163.0,2291.9873678530216,base
UCS,ExtraTrees,570,1,120.0,2291.9873678530216,base
UCS,ExtraTrees,571,1,5855.0,3783.8606703601927,base
UCS,ExtraTrees,572,1,2597.0,3783.8606703601927,base
UCS,ExtraTrees,573,1,120.0,3783.8606703601927,base
UCS,ExtraTrees,574,1,97.0,3783.8606703601927,base
UCS,ExtraTrees,575,1,53.0,3783.8606703601927,base
UCS,ExtraTrees,576,1,4899.0,3783.8606703601927,base
UCS,ExtraTrees,577,1,3410.0,3783.8606703601927,base
UCS,ExtraTrees,578,1,604.0,3783.8606703601927,base
UCS,ExtraTrees,579,1,96.0,3783.8606703601927,base
UCS,ExtraTrees,580,1,74.0,3783.8606703601927,base
UCS,ExtraTrees,581,1,7346.0,3783.8606703601927,base
UCS,ExtraTrees,582,1,6191.0,3783.8606703601927,base
UCS,ExtraTrees,583,1,348.0,3783.8606703601927,base
UCS,ExtraTrees,584,1,144.0,3783.8606703601927,base
UCS,ExtraTrees,585,1,45.0,3783.8606703601927,base
UCS,ExtraTrees,586,1,9562.0,3783.8606703601927,base
UCS,ExtraTrees,587,1,8595.0,3783.8606703601927,base
UCS,ExtraTrees,588,1,971.0,3783.8606703601927,base
UCS,ExtraTrees,589,1,140.0,3783.8606703601927,base
UCS,ExtraTrees,590,1,54.0,3783.8606703601927,base
UCS,ExtraTrees,591,1,2687.0,3783.8606703601927,base
UCS,ExtraTrees,592,1,650.0,3783.8606703601927,base
UCS,ExtraTrees,593,1,199.0,3783.8606703601927,base
UCS,ExtraTrees,594,1,109.0,3783.8606703601927,base
UCS,ExtraTrees,595,1,37.0,3783.8606703601927,base
UCS,ExtraTrees,596,1,3127.0,3783.8606703601927,base
UCS,ExtraTrees,597,1,615.0,3783.8606703601927,base
UCS,ExtraTrees,598,1,134.0,3783.8606703601927,base
UCS,ExtraTrees,599,1,142.0,3783.8606703601927,base
UCS,ExtraTrees,600,1,10530.0,3783.8606703601927,base
UCS,ExtraTrees,601,1,7492.0,3783.8606703601927,base
UCS,ExtraTrees,602,1,656.0,3783.8606703601927,base
UCS,ExtraTrees,603,1,240.0,3783.8606703601927,base
UCS,ExtraTrees,604,1,10560.0,3783.8606703601927,base
UCS,ExtraTrees,605,1,9610.0,3783.8606703601927,base
UCS,ExtraTrees,606,1,1323.0,3783.8606703601927,base
UCS,ExtraTrees,607,1,176.0,3783.8606703601927,base
UCS,ExtraTrees,608,1,40.0,3783.8606703601927,base
UCS,ExtraTrees,609,1,5012.0,2751.1609450672267,base
UCS,ExtraTrees,610,1,6644.0,2751.1609450672267,base
UCS,ExtraTrees,611,1,7278.0,2751.1609450672267,base
UCS,ExtraTrees,612,1,8696.0,2751.1609450672267,base
UCS,ExtraTrees,613,1,10350.0,2751.1609450672267,base
UCS,ExtraTrees,614,1,5423.0,2751.1609450672267,base
UCS,ExtraTrees,615,1,6251.0,2751.1609450672267,base
UCS,ExtraTrees,616,1,8130.000000000001,2751.1609450672267,base
UCS,ExtraTrees,617,1,9384.0,2751.1609450672267,base
UCS,ExtraTrees,618,1,11180.0,2751.1609450672267,base
UCS,ExtraTrees,619,1,3484.0,2751.1609450672267,base
UCS,ExtraTrees,620,1,4605.0,2751.1609450672267,base
UCS,ExtraTrees,621,1,6519.0,2751.1609450672267,base
UCS,ExtraTrees,622,1,8700.0,2751.1609450672267,base
UCS,ExtraTrees,623,1,10350.0,2751.1609450672267,base
UCS,ExtraTrees,624,1,4951.0,2751.1609450672267,base
UCS,ExtraTrees,625,1,5471.0,2751.1609450672267,base
UCS,ExtraTrees,626,1,6285.0,2751.1609450672267,base
UCS,ExtraTrees,627,1,7956.0,2751.1609450672267,base
UCS,ExtraTrees,628,1,10920.0,2751.1609450672267,base
UCS,ExtraTrees,629,1,6304.0,2907.53512940056,base
UCS,ExtraTrees,630,1,11620.0,2907.53512940056,base
UCS,ExtraTrees,631,1,13870.0,2907.53512940056,base
UCS,ExtraTrees,632,1,15550.0,2907.53512940056,base
UCS,ExtraTrees,633,1,18530.0,2907.53512940056,base
UCS,ExtraTrees,634,1,10690.0,2907.53512940056,base
UCS,ExtraTrees,635,1,12350.0,2907.53512940056,base
UCS,ExtraTrees,636,1,13260.0,2907.53512940056,base
UCS,ExtraTrees,637,1,13660.0,2907.53512940056,base
UCS,ExtraTrees,638,1,15690.0,2907.53512940056,base
UCS,ExtraTrees,639,1,10080.0,2907.53512940056,base
UCS,ExtraTrees,640,1,12590.0,2907.53512940056,base
UCS,ExtraTrees,641,1,13450.0,2907.53512940056,base
UCS,ExtraTrees,642,1,15120.0,2907.53512940056,base
UCS,ExtraTrees,643,1,15360.0,2907.53512940056,base
UCS,ExtraTrees,644,1,8791.0,2907.53512940056,base
UCS,ExtraTrees,645,1,10950.0,2907.53512940056,base
UCS,ExtraTrees,646,1,12020.0,2907.53512940056,base
UCS,ExtraTrees,647,1,14260.0,2907.53512940056,base
UCS,ExtraTrees,648,1,17040.0,2907.53512940056,base
UCS,ExtraTrees,649,1,15860.0,3783.8606703601927,base
UCS,ExtraTrees,650,1,18920.0,3783.8606703601927,base
UCS,ExtraTrees,651,1,19460.0,3783.8606703601927,base
UCS,ExtraTrees,652,1,22030.0,3783.8606703601927,base
UCS,ExtraTrees,653,1,23480.0,3783.8606703601927,base
UCS,ExtraTrees,654,1,17250.0,3783.8606703601927,base
UCS,ExtraTrees,655,1,18980.0,3783.8606703601927,base
UCS,ExtraTrees,656,1,20720.0,3783.8606703601927,base
UCS,ExtraTrees,657,1,22380.0,3783.8606703601927,base
UCS,ExtraTrees,658,1,24260.0,3783.8606703601927,base
UCS,ExtraTrees,659,1,14000.0,3783.8606703601927,base
UCS,ExtraTrees,660,1,17140.0,3783.8606703601927,base
UCS,ExtraTrees,661,1,20410.0,3783.8606703601927,base
UCS,ExtraTrees,662,1,21890.0,3783.8606703601927,base
UCS,ExtraTrees,663,1,22710.0,3783.8606703601927,base
UCS,ExtraTrees,664,1,11460.0,3783.8606703601927,base
UCS,ExtraTrees,665,1,14330.0,3783.8606703601927,base
UCS,ExtraTrees,666,1,16580.0,3783.8606703601927,base
UCS,ExtraTrees,667,1,18080.0,3783.8606703601927,base
UCS,ExtraTrees,668,1,18640.0,3783.8606703601927,base
UCS,ExtraTrees,669,1,11580.0,3783.8606703601927,base
UCS,ExtraTrees,670,1,11610.0,3783.8606703601927,base
UCS,ExtraTrees,671,1,12160.0,3783.8606703601927,base
UCS,ExtraTrees,672,1,12000.0,3783.8606703601927,base
UCS,ExtraTrees,673,1,12470.0,3783.8606703601927,base
UCS,ExtraTrees,674,1,12620.0,3783.8606703601927,base
UCS,ExtraTrees,675,1,13050.0,3783.8606703601927,base
UCS,ExtraTrees,676,1,13370.0,3783.8606703601927,base
UCS,ExtraTrees,677,1,14320.0,3783.8606703601927,base
UCS,ExtraTrees,678,1,15570.0,3783.8606703601927,base
UCS,ExtraTrees,679,1,17550.0,3783.8606703601927,base
UCS,ExtraTrees,680,1,18330.0,3783.8606703601927,base
UCS,ExtraTrees,681,1,18310.0,3783.8606703601927,base
UCS,ExtraTrees,682,1,12350.0,3783.8606703601927,base
UCS,ExtraTrees,683,1,13030.0,3783.8606703601927,base
UCS,ExtraTrees,684,1,13600.0,3783.8606703601927,base
UCS,ExtraTrees,685,1,14240.0,3783.8606703601927,base
UCS,ExtraTrees,686,1,14700.0,3783.8606703601927,base
UCS,ExtraTrees,687,1,15010.0,3783.8606703601927,base
UCS,ExtraTrees,688,1,14930.0,3783.8606703601927,base
UCS,ExtraTrees,689,1,15270.0,3783.8606703601927,base
UCS,ExtraTrees,690,1,14720.0,3783.8606703601927,base
UCS,ExtraTrees,691,1,13380.0,3783.8606703601927,base
UCS,ExtraTrees,692,1,12570.0,3783.8606703601927,base
UCS,ExtraTrees,693,1,13540.0,3783.8606703601927,base
UCS,ExtraTrees,694,1,13380.0,3783.8606703601927,base
UCS,ExtraTrees,695,1,13730.0,3783.8606703601927,base
UCS,ExtraTrees,696,1,13700.0,3783.8606703601927,base
UCS,ExtraTrees,697,1,14010.0,3783.8606703601927,base
UCS,ExtraTrees,698,1,14060.0,3783.8606703601927,base
UCS,ExtraTrees,699,1,14030.0,3783.8606703601927,base
UCS,ExtraTrees,700,1,14650.0,3783.8606703601927,base
UCS,ExtraTrees,701,1,14820.0,3783.8606703601927,base
UCS,ExtraTrees,1331,2,1820.0,844.3425481333738,base
UCS,ExtraTrees,1332,2,2520.0,1236.6540647446698,base
UCS,ExtraTrees,1333,2,2060.0,2076.7980605136477,base
UCS,ExtraTrees,1334,2,2630.0,2314.901275692418,base
UCS,ExtraTrees,1335,2,2120.0,1328.9135688702731,base
UCS,ExtraTrees,1336,2,3080.0,1647.675216080983,base
UCS,ExtraTrees,1337,2,2290.0,948.2326746281173,base
UCS,ExtraTrees,1338,2,2940.0,1361.4965849051398,base
UCS,ExtraTrees,1339,2,2690.0,844.3425481333738,base
UCS,ExtraTrees,1340,2,3350.0,1236.6540647446698,base
UCS,ExtraTrees,1341,2,83.15,521.9181637136563,base
UCS,ExtraTrees,1342,2,103.18,827.531861996939,base
UCS,ExtraTrees,1343,2,118.083,1513.218391690416,base
UCS,ExtraTrees,1344,2,158.517,1573.4149436485736,base
UCS,ExtraTrees,1345,2,95.2,474.7262231632826,base
UCS,ExtraTrees,1346,2,142.012,825.8375865828439,base
UCS,ExtraTrees,1347,2,195.2,1932.8575980207688,base
UCS,ExtraTrees,1348,2,246.279,1465.4063379341053,base
UCS,ExtraTrees,1349,2,130.84,469.91003019514557,base
UCS,ExtraTrees,1350,2,161.68,806.6731963840436,base
UCS,ExtraTrees,1351,2,222.34,1944.5449079004977,base
UCS,ExtraTrees,1352,2,264.898,1507.9653584501523,base
UCS,ExtraTrees,1353,2,137.77,479.9362558223732,base
UCS,ExtraTrees,1354,2,167.55,794.4510557851894,base
UCS,ExtraTrees,1355,2,226.04,1914.0423318778319,base
UCS,ExtraTrees,1356,2,311.1681,1450.4244111895953,base
UCS,ExtraTrees,1357,2,161.7,526.7080614748506,base
UCS,ExtraTrees,1358,2,205.309,811.8140975232751,base
UCS,ExtraTrees,1359,2,247.87,1779.185008637248,base
UCS,ExtraTrees,1360,2,354.26,1453.8046444416616,base
UCS,ExtraTrees,1361,2,150.52,546.9030983852555,base
UCS,ExtraTrees,1362,2,172.86,812.7813061685355,base
UCS,ExtraTrees,1363,2,220.742,1884.3062401367843,base
UCS,ExtraTrees,1364,2,320.753,1612.2115630401188,base
UCS,ExtraTrees,1365,2,302.3,583.9100135460562,base
UCS,ExtraTrees,1366,2,353.6,616.9247855452969,base
UCS,ExtraTrees,1367,2,395.2,647.3042369503676,base
UCS,ExtraTrees,1368,2,451.2,698.4524143746182,base
UCS,ExtraTrees,1369,2,534.307,749.0042007656913,base
UCS,ExtraTrees,1370,2,637.594,792.5666264856109,base
UCS,ExtraTrees,1371,2,378.4,802.160624145257,base
UCS,ExtraTrees,1372,2,669.59,583.9100135460562,base
UCS,ExtraTrees,1373,2,479.336,616.9247855452969,base
UCS,ExtraTrees,1374,2,507.336,647.3042369503676,base
UCS,ExtraTrees,1375,2,582.676,698.4524143746182,base
UCS,ExtraTrees,1376,2,917.037,749.0042007656913,base
UCS,ExtraTrees,1377,2,1084.381,792.5666264856109,base
UCS,ExtraTrees,1378,2,474.476,802.160624145257,base
UCS,ExtraTrees,1379,2,825.038,583.9100135460562,base
UCS,ExtraTrees,1380,2,737.867,616.9247855452969,base
UCS,ExtraTrees,1381,2,761.978,647.3042369503676,base
UCS,ExtraTrees,1382,2,884.389,698.4524143746182,base
UCS,ExtraTrees,1383,2,1192.272,749.0042007656913,base
UCS,ExtraTrees,1384,2,1458.409,792.5666264856109,base
UCS,ExtraTrees,1385,2,789.799,802.160624145257,base
UCS,ExtraTrees,1386,2,1099.99,583.9100135460562,base
UCS,ExtraTrees,1387,2,888.905,616.9247855452969,base
UCS,ExtraTrees,1388,2,952.749,647.3042369503676,base
UCS,ExtraTrees,1389,2,1217.945,698.4524143746182,base
UCS,ExtraTrees,1390,2,1384.696,749.0042007656913,base
UCS,ExtraTrees,1391,2,1771.389,792.5666264856109,base
UCS,ExtraTrees,1392,2,1054.19,802.160624145257,base
UCS,ExtraTrees,1393,2,76.0,341.70834466558233,base
UCS,ExtraTrees,1394,2,277.839,341.70834466558233,base
UCS,ExtraTrees,1395,2,318.293,1338.2781006090297,base
UCS,ExtraTrees,1396,2,453.181,1064.3466995355357,base
UCS,ExtraTrees,1397,2,254.9,336.97261557696197,base
UCS,ExtraTrees,1398,2,337.183,1540.8347076536486,base
UCS,ExtraTrees,1399,2,446.42,1124.42564429744,base
UCS,ExtraTrees,1400,2,292.647,344.2105284617729,base
UCS,ExtraTrees,1401,2,373.577,1784.246121137093,base
UCS,ExtraTrees,1402,2,513.856,1252.2821165674868,base
UCS,ExtraTrees,1403,2,530.638,353.9716601820174,base
UCS,ExtraTrees,1404,2,401.891,1778.9783828752984,base
UCS,ExtraTrees,1405,2,617.684,1246.0316532341537,base
UCS,ExtraTrees,1406,2,199.187,266.2486009048194,base
UCS,ExtraTrees,1407,2,218.734,261.57710124293214,base
UCS,ExtraTrees,1408,2,209.926,291.0453987003496,base
UCS,ExtraTrees,1409,2,180.826,321.3860170119984,base
UCS,ExtraTrees,1410,2,139.837,266.2486009048194,base
UCS,ExtraTrees,1411,2,169.546,261.57710124293214,base
UCS,ExtraTrees,1412,2,149.763,291.0453987003496,base
UCS,ExtraTrees,1413,2,119.851,321.3860170119984,base
UCS,ExtraTrees,1414,2,129.44778,1164.5859223182038,base
UCS,ExtraTrees,1415,2,151.02241,517.3732102293486,base
UCS,ExtraTrees,1416,2,339.31009,1630.0450538282562,base
UCS,ExtraTrees,1417,2,377.556025,1144.5226892451096,base
UCS,ExtraTrees,1418,2,238.301595,1773.445628941511,base
UCS,ExtraTrees,1419,2,289.296175,1194.9019697057486,base
UCS,ExtraTrees,1420,2,193.191005,1828.7985318690107,base
UCS,ExtraTrees,1421,2,208.881645,1394.8138402576399,base
UCS,ExtraTrees,1422,2,560.0,1180.9082982107836,base
UCS,ExtraTrees,1423,2,640.0,862.4838203188133,base
UCS,ExtraTrees,1424,2,700.0,477.080177940579,base
UCS,ExtraTrees,1425,2,660.0,1791.1207741172698,base
UCS,ExtraTrees,1426,2,770.0,1489.599421091996,base
UCS,ExtraTrees,1427,2,1350.0,1262.6363820448098,base
UCS,ExtraTrees,1428,2,720.0,1743.9512466637402,base
UCS,ExtraTrees,1429,2,880.0,1437.8096009330263,base
UCS,ExtraTrees,1430,2,1590.0,1217.4187428631449,base
UCS,ExtraTrees,1431,2,1041.0,1667.4235169389335,base
UCS,ExtraTrees,1432,2,1390.0,1346.4153508078189,base
UCS,ExtraTrees,1433,2,2460.0,1165.8374373904353,base
UCS,ExtraTrees,1434,2,1371.0,1226.104985480599,base
UCS,ExtraTrees,1435,2,1760.0,905.9457470649694,base
UCS,ExtraTrees,1436,2,2490.0,518.1734832772901,base
UCS,ExtraTrees,1437,2,376.0,1123.5611034650387,base
UCS,ExtraTrees,1438,2,1103.0,1369.341242731047,base
UCS,ExtraTrees,1439,2,1130.0,1384.6906217229864,base
UCS,ExtraTrees,1440,2,1169.0,1384.6906217229864,base
UCS,ExtraTrees,1441,2,1118.0,1384.6906217229864,base
UCS,ExtraTrees,1442,2,1109.0,1384.6906217229864,base
UCS,ExtraTrees,1443,2,1160.0,1390.3415661171794,base
UCS,ExtraTrees,1444,2,1288.0,1390.3415661171794,base
UCS,ExtraTrees,1445,2,1286.0,1390.3415661171794,base
UCS,ExtraTrees,1446,2,1256.0,1390.3415661171794,base
UCS,ExtraTrees,1447,2,1299.0,1398.0707679930458,base
UCS,ExtraTrees,1448,2,1328.0,1398.0707679930458,base
UCS,ExtraTrees,1449,2,1297.0,1398.0707679930458,base
UCS,ExtraTrees,1450,2,1276.0,1398.0707679930458,base
UCS,ExtraTrees,1451,2,86.0,644.5636042014555,base
UCS,ExtraTrees,1452,2,213.17,779.6791526567179,base
UCS,ExtraTrees,1453,2,223.0,1016.598789368212,base
UCS,ExtraTrees,1454,2,230.0,1520.7115663003747,base
UCS,ExtraTrees,1455,2,236.0,2386.0502283301294,base
UCS,ExtraTrees,1456,2,227.0,1018.1970220004185,base
UCS,ExtraTrees,1457,2,233.0,1526.4647529670406,base
UCS,ExtraTrees,1458,2,244.0,2386.9074583301294,base
UCS,ExtraTrees,1459,2,235.0,1013.4612506751454,base
UCS,ExtraTrees,1460,2,258.0,1513.7037196417675,base
UCS,ExtraTrees,1461,2,249.0,2365.2742336715237,base
UCS,ExtraTrees,1462,2,258.73,1784.6151584904692,base
UCS,ExtraTrees,1463,2,377.077,2031.3771341597744,base
UCS,ExtraTrees,1464,2,522.492,2097.473669024198,base
UCS,ExtraTrees,1465,2,614.756,2137.0604340317686,base
UCS,ExtraTrees,1466,2,374.068,2031.3771341597744,base
UCS,ExtraTrees,1467,2,533.524,2097.473669024198,base
UCS,ExtraTrees,1468,2,622.779,2137.0604340317686,base
UCS,ExtraTrees,1469,2,500.0,895.4936541003033,base
UCS,ExtraTrees,1470,2,500.0,1003.5446487147652,base
UCS,ExtraTrees,1471,2,500.0,1010.8462787147648,base
UCS,ExtraTrees,1472,2,425.4,903.4750447736235,base
UCS,ExtraTrees,1473,2,418.0,1007.1543981799252,base
UCS,ExtraTrees,1474,2,500.0,1014.4560281799249,base
UCS,ExtraTrees,1475,2,409.4,975.9456160422385,base
UCS,ExtraTrees,1476,2,413.0,1040.5032462558313,base
UCS,ExtraTrees,1477,2,500.0,1051.1515429224978,base
UCS,ExtraTrees,1478,2,98.0,458.8597364871358,base
UCS,ExtraTrees,1479,2,173.0,458.8597364871358,base
UCS,ExtraTrees,1480,2,138.0,458.8597364871358,base
UCS,ExtraTrees,1481,2,122.0,775.8262911400625,base
UCS,ExtraTrees,1482,2,207.0,775.1822596544856,base
UCS,ExtraTrees,1483,2,166.0,775.8262911400625,base
UCS,ExtraTrees,1484,2,173.0,769.5646756502135,base
UCS,ExtraTrees,1485,2,231.0,710.8217041777531,base
UCS,ExtraTrees,1486,2,192.0,769.5646756502135,base
UCS,ExtraTrees,1487,2,313.0,496.58713940451014,base
UCS,ExtraTrees,1488,2,415.0,496.58713940451014,base
UCS,ExtraTrees,1489,2,289.0,496.58713940451014,base
UCS,ExtraTrees,1490,2,578.0,983.397242690803,base
UCS,ExtraTrees,1491,2,792.0,988.0454628516361,base
UCS,ExtraTrees,1492,2,634.0,983.397242690803,base
UCS,ExtraTrees,1493,2,758.0,1918.7466889942896,base
UCS,ExtraTrees,1494,2,971.0,1947.565550513013,base
UCS,ExtraTrees,1495,2,838.0,1918.7466889942896,base
UCS,ExtraTrees,1496,2,291.0,458.8597364871358,base
UCS,ExtraTrees,1497,2,324.0,458.8597364871358,base
UCS,ExtraTrees,1498,2,264.0,458.8597364871358,base
UCS,ExtraTrees,1499,2,473.0,809.1260517461291,base
UCS,ExtraTrees,1500,2,513.0,808.4820202605522,base
UCS,ExtraTrees,1501,2,426.0,809.1260517461291,base
UCS,ExtraTrees,1502,2,615.0,1103.5915049399737,base
UCS,ExtraTrees,1503,2,684.0,1060.0062364005603,base
UCS,ExtraTrees,1504,2,593.0,1103.5915049399737,base
UCS,ExtraTrees,1505,2,452.0,496.58713940451014,base
UCS,ExtraTrees,1506,2,544.0,496.58713940451014,base
UCS,ExtraTrees,1507,2,410.0,496.58713940451014,base
UCS,ExtraTrees,1508,2,508.0,996.1244764744856,base
UCS,ExtraTrees,1509,2,890.0,1000.7726966353189,base
UCS,ExtraTrees,1510,2,746.0,996.1244764744856,base
UCS,ExtraTrees,1511,2,1063.0,1989.112081281131,base
UCS,ExtraTrees,1512,2,1204.0,2026.4097778405571,base
UCS,ExtraTrees,1513,2,946.0,1989.112081281131,base
UCS,ExtraTrees,1514,2,120.0,519.6734474034597,base
UCS,ExtraTrees,1515,2,180.0,519.6734474034597,base
UCS,ExtraTrees,1516,2,250.0,519.6734474034597,base
UCS,ExtraTrees,1517,2,390.0,519.6734474034597,base
UCS,ExtraTrees,1518,2,500.0,519.6734474034597,base
UCS,ExtraTrees,1519,2,120.0,547.4811051443089,base
UCS,ExtraTrees,1520,2,190.0,547.4811051443089,base
UCS,ExtraTrees,1521,2,270.0,547.4811051443089,base
UCS,ExtraTrees,1522,2,400.0,547.4811051443089,base
UCS,ExtraTrees,1523,2,540.0,547.4811051443089,base
UCS,ExtraTrees,1524,2,120.0,1572.8751447382026,base
UCS,ExtraTrees,1525,2,170.0,1572.8751447382026,base
UCS,ExtraTrees,1526,2,300.0,1572.8751447382026,base
UCS,ExtraTrees,1527,2,440.0,1572.8751447382026,base
UCS,ExtraTrees,1528,2,530.0,1572.8751447382026,base
UCS,ExtraTrees,1529,2,140.0,1588.0514360948546,base
UCS,ExtraTrees,1530,2,185.0,1588.0514360948546,base
UCS,ExtraTrees,1531,2,290.0,1588.0514360948546,base
UCS,ExtraTrees,1532,2,450.0,1588.0514360948546,base
UCS,ExtraTrees,1533,2,640.0,1588.0514360948546,base
UCS,ExtraTrees,1534,2,135.0,997.6764129556664,base
UCS,ExtraTrees,1535,2,200.0,997.6764129556664,base
UCS,ExtraTrees,1536,2,355.0,997.6764129556664,base
UCS,ExtraTrees,1537,2,460.0,997.6764129556664,base
UCS,ExtraTrees,1538,2,555.0,997.6764129556664,base
UCS,ExtraTrees,1539,2,145.0,1079.299085710106,base
UCS,ExtraTrees,1540,2,210.0,1079.299085710106,base
UCS,ExtraTrees,1541,2,360.0,1079.299085710106,base
UCS,ExtraTrees,1542,2,470.0,1079.299085710106,base
UCS,ExtraTrees,1543,2,635.0,1079.299085710106,base
UCS,ExtraTrees,1544,2,120.0,519.6734474034597,base
UCS,ExtraTrees,1545,2,170.0,519.6734474034597,base
UCS,ExtraTrees,1546,2,280.0,519.6734474034597,base
UCS,ExtraTrees,1547,2,340.0,519.6734474034597,base
UCS,ExtraTrees,1548,2,480.0,519.6734474034597,base
UCS,ExtraTrees,1549,2,140.0,547.4811051443089,base
UCS,ExtraTrees,1550,2,180.0,547.4811051443089,base
UCS,ExtraTrees,1551,2,300.0,547.4811051443089,base
UCS,ExtraTrees,1552,2,350.0,547.4811051443089,base
UCS,ExtraTrees,1553,2,410.0,547.4811051443089,base
UCS,ExtraTrees,1554,2,130.0,1572.8751447382026,base
UCS,ExtraTrees,1555,2,200.0,1572.8751447382026,base
UCS,ExtraTrees,1556,2,360.0,1572.8751447382026,base
UCS,ExtraTrees,1557,2,360.0,1572.8751447382026,base
UCS,ExtraTrees,1558,2,500.0,1572.8751447382026,base
UCS,ExtraTrees,1559,2,150.0,1588.0514360948546,base
UCS,ExtraTrees,1560,2,180.0,1588.0514360948546,base
UCS,ExtraTrees,1561,2,330.0,1588.0514360948546,base
UCS,ExtraTrees,1562,2,390.0,1588.0514360948546,base
UCS,ExtraTrees,1563,2,420.0,1588.0514360948546,base
UCS,ExtraTrees,1564,2,140.0,997.6764129556664,base
UCS,ExtraTrees,1565,2,220.0,997.6764129556664,base
UCS,ExtraTrees,1566,2,420.0,997.6764129556664,base
UCS,ExtraTrees,1567,2,470.0,997.6764129556664,base
UCS,ExtraTrees,1568,2,520.0,997.6764129556664,base
UCS,ExtraTrees,1569,2,160.0,1079.299085710106,base
UCS,ExtraTrees,1570,2,240.0,1079.299085710106,base
UCS,ExtraTrees,1571,2,380.0,1079.299085710106,base
UCS,ExtraTrees,1572,2,430.0,1079.299085710106,base
UCS,ExtraTrees,1573,2,470.0,1079.299085710106,base
UCS,ExtraTrees,1574,2,200.0,664.4052115864176,base
UCS,ExtraTrees,1575,2,210.0,672.0717926159942,base
UCS,ExtraTrees,1576,2,230.0,585.0636311812879,base
UCS,ExtraTrees,1577,2,370.0,607.8441106227276,base
UCS,ExtraTrees,1578,2,230.0,722.0516588983521,base
UCS,ExtraTrees,1579,2,240.0,773.8507370127093,base
UCS,ExtraTrees,1580,2,300.0,661.2212903173489,base
UCS,ExtraTrees,1581,2,450.0,687.2815163284088,base
UCS,ExtraTrees,1582,2,240.0,719.8072882316854,base
UCS,ExtraTrees,1583,2,260.0,771.7279890182492,base
UCS,ExtraTrees,1584,2,350.0,662.5835526928755,base
UCS,ExtraTrees,1585,2,500.0,688.6437787039354,base
UCS,ExtraTrees,1586,2,290.0,719.9926150591854,base
UCS,ExtraTrees,1587,2,340.0,768.7599249837892,base
UCS,ExtraTrees,1588,2,380.0,663.0923341654487,base
UCS,ExtraTrees,1589,2,550.0,689.1525601765085,base
UCS,ExtraTrees,1590,2,330.0,725.994664694719,base
UCS,ExtraTrees,1591,2,360.0,784.1260622515293,base
UCS,ExtraTrees,1592,2,400.0,674.1080682520745,base
UCS,ExtraTrees,1593,2,560.0,698.972595929801,base
UCS,ExtraTrees,1594,2,751.1894,340.08563527919875,base
UCS,ExtraTrees,1595,2,1971.137,718.0111141874925,base
UCS,ExtraTrees,1596,2,3183.2386,807.7318985995046,base
UCS,ExtraTrees,1597,2,3726.53,905.3617080007751,base
UCS,ExtraTrees,1598,2,105.0,476.5663734415339,base
UCS,ExtraTrees,1599,2,220.0,475.9865218144161,base
UCS,ExtraTrees,1600,2,290.0,479.9617136307046,base
UCS,ExtraTrees,1601,2,250.0,481.1127172275153,base
UCS,ExtraTrees,1602,2,200.0,483.3304831568311,base
UCS,ExtraTrees,1603,2,155.0,715.5595757452456,base
UCS,ExtraTrees,1604,2,260.0,723.976345041895,base
UCS,ExtraTrees,1605,2,410.0,734.2139875515596,base
UCS,ExtraTrees,1606,2,290.0,736.3834345654759,base
UCS,ExtraTrees,1607,2,245.0,748.7484279649069,base
UCS,ExtraTrees,1608,2,185.0,805.7676798706,base
UCS,ExtraTrees,1609,2,345.0,818.2701371827802,base
UCS,ExtraTrees,1610,2,450.0,824.6703491583003,base
UCS,ExtraTrees,1611,2,350.0,830.2220731649538,base
UCS,ExtraTrees,1612,2,290.0,831.7522685016139,base
UCS,ExtraTrees,1613,2,235.0,842.5447893265949,base
UCS,ExtraTrees,1614,2,365.0,851.0072848265349,base
UCS,ExtraTrees,1615,2,510.0,858.0708555938949,base
UCS,ExtraTrees,1616,2,380.0,861.6806050590548,base
UCS,ExtraTrees,1617,2,395.0,863.4854797916347,base
UCS,ExtraTrees,1618,2,250.0,475.9865218144161,base
UCS,ExtraTrees,1619,2,340.0,479.9617136307046,base
UCS,ExtraTrees,1620,2,260.0,481.1127172275153,base
UCS,ExtraTrees,1621,2,180.0,483.3304831568311,base
UCS,ExtraTrees,1622,2,340.0,723.976345041895,base
UCS,ExtraTrees,1623,2,425.0,734.2139875515596,base
UCS,ExtraTrees,1624,2,355.0,736.3834345654759,base
UCS,ExtraTrees,1625,2,240.0,748.7484279649069,base
UCS,ExtraTrees,1626,2,420.0,818.2701371827802,base
UCS,ExtraTrees,1627,2,515.0,824.6703491583003,base
UCS,ExtraTrees,1628,2,440.0,830.2220731649538,base
UCS,ExtraTrees,1629,2,335.0,831.7522685016139,base
UCS,ExtraTrees,1630,2,440.0,851.0072848265349,base
UCS,ExtraTrees,1631,2,550.0,858.0708555938949,base
UCS,ExtraTrees,1632,2,450.0,861.6806050590548,base
UCS,ExtraTrees,1633,2,360.0,863.4854797916347,base
UCS,ExtraTrees,1634,2,100.0,476.5663734415339,base
UCS,ExtraTrees,1635,2,350.0,475.9865218144161,base
UCS,ExtraTrees,1636,2,430.0,479.9617136307046,base
UCS,ExtraTrees,1637,2,410.0,481.1127172275153,base
UCS,ExtraTrees,1638,2,280.0,483.3304831568311,base
UCS,ExtraTrees,1639,2,140.0,715.5595757452456,base
UCS,ExtraTrees,1640,2,500.0,723.976345041895,base
UCS,ExtraTrees,1641,2,550.0,734.2139875515596,base
UCS,ExtraTrees,1642,2,520.0,736.3834345654759,base
UCS,ExtraTrees,1643,2,330.0,748.7484279649069,base
UCS,ExtraTrees,1644,2,180.0,805.7676798706,base
UCS,ExtraTrees,1645,2,610.0,818.2701371827802,base
UCS,ExtraTrees,1646,2,670.0,824.6703491583003,base
UCS,ExtraTrees,1647,2,690.0,830.2220731649538,base
UCS,ExtraTrees,1648,2,450.0,831.7522685016139,base
UCS,ExtraTrees,1649,2,230.0,842.5447893265949,base
UCS,ExtraTrees,1650,2,750.0,851.0072848265349,base
UCS,ExtraTrees,1651,2,920.0,858.0708555938949,base
UCS,ExtraTrees,1652,2,830.0,861.6806050590548,base
UCS,ExtraTrees,1653,2,680.0,863.4854797916347,base
UCS,ExtraTrees,1654,2,400.0,475.9865218144161,base
UCS,ExtraTrees,1655,2,480.0,479.9617136307046,base
UCS,ExtraTrees,1656,2,430.0,481.1127172275153,base
UCS,ExtraTrees,1657,2,270.0,483.3304831568311,base
UCS,ExtraTrees,1658,2,550.0,723.976345041895,base
UCS,ExtraTrees,1659,2,750.0,734.2139875515596,base
UCS,ExtraTrees,1660,2,630.0,736.3834345654759,base
UCS,ExtraTrees,1661,2,420.0,748.7484279649069,base
UCS,ExtraTrees,1662,2,610.0,818.2701371827802,base
UCS,ExtraTrees,1663,2,890.0,824.6703491583003,base
UCS,ExtraTrees,1664,2,710.0,830.2220731649538,base
UCS,ExtraTrees,1665,2,510.0,831.7522685016139,base
UCS,ExtraTrees,1666,2,750.0,851.0072848265349,base
UCS,ExtraTrees,1667,2,1010.0,858.0708555938949,base
UCS,ExtraTrees,1668,2,820.0,861.6806050590548,base
UCS,ExtraTrees,1669,2,610.0,863.4854797916347,base
UCS,ExtraTrees,1670,2,183.0,608.4542428890926,base
UCS,ExtraTrees,1671,2,400.0,607.4469052113659,base
UCS,ExtraTrees,1672,2,480.0,606.1958740944367,base
UCS,ExtraTrees,1673,2,440.0,607.3642409551968,base
UCS,ExtraTrees,1674,2,770.0,682.4710972080012,base
UCS,ExtraTrees,1675,2,675.0,753.9574816520144,base
UCS,ExtraTrees,1676,2,890.0,756.0089518668206,base
UCS,ExtraTrees,1677,2,1262.0,758.844888242347,base
UCS,ExtraTrees,1678,2,1113.0,758.7287649090138,base
UCS,ExtraTrees,1679,2,870.0,875.8280692514496,base
UCS,ExtraTrees,1680,2,1154.0,554.4610237468918,base
UCS,ExtraTrees,1681,2,1300.0,465.19489986170316,base
UCS,ExtraTrees,1682,2,1394.0,538.7557893282797,base
UCS,ExtraTrees,1683,2,1303.0,655.4839708334032,base
UCS,ExtraTrees,1684,2,1154.0,777.7029340128794,base
UCS,ExtraTrees,1685,2,1080.0,899.8107697692556,base
UCS,ExtraTrees,1686,2,1684.0,1404.4142810505157,base
UCS,ExtraTrees,1687,2,1788.0,2071.760790492886,base
UCS,ExtraTrees,1688,2,1962.0,2020.1402897905734,base
UCS,ExtraTrees,1689,2,1715.0,2082.2216670522,base
UCS,ExtraTrees,1690,2,1628.0,2098.9898072543156,base
UCS,ExtraTrees,1691,2,1479.0,2117.0024277297184,base
UCS,ExtraTrees,1692,2,1843.0,1219.1636315484052,base
UCS,ExtraTrees,1693,2,1900.0,1594.2357089476322,base
UCS,ExtraTrees,1694,2,2159.0,1676.312486220794,base
UCS,ExtraTrees,1695,2,1799.0,1763.8216574171229,base
UCS,ExtraTrees,1696,2,1807.0,1897.0018167527855,base
UCS,ExtraTrees,1697,2,1647.0,1986.7462141544404,base
UCS,ExtraTrees,1698,2,112.6,357.52751475912186,base
UCS,ExtraTrees,1699,2,92.25,357.52751475912186,base
UCS,ExtraTrees,1700,2,267.68,416.7068712850077,base
UCS,ExtraTrees,1701,2,157.8,508.0145347118016,base
UCS,ExtraTrees,1702,2,204.28,674.2578916198255,base
UCS,ExtraTrees,1703,2,5787.68,831.6863153220569,base
UCS,ExtraTrees,1704,2,3881.22,831.6863153220569,base
UCS,ExtraTrees,1705,2,7118.49,909.5622419302888,base
UCS,ExtraTrees,1706,2,9912.57,908.852191508575,base
UCS,ExtraTrees,1707,2,10937.95,989.3015342902777,base
UCS,ExtraTrees,1708,2,4376.22,968.2106441027705,base
UCS,ExtraTrees,1709,2,3594.95,968.2106441027705,base
UCS,ExtraTrees,1710,2,7787.21,1079.4210681954771,base
UCS,ExtraTrees,1711,2,10389.03,1074.246685892271,base
UCS,ExtraTrees,1712,2,11953.66,1149.642739768787,base
UCS,ExtraTrees,1713,2,4416.64,1064.4233261499337,base
UCS,ExtraTrees,1714,2,4101.42,1064.4233261499337,base
UCS,ExtraTrees,1715,2,7930.47,1153.7571760533278,base
UCS,ExtraTrees,1716,2,10744.47,1262.2103075759856,base
UCS,ExtraTrees,1717,2,12303.28,1352.8138971110081,base
UCS,ExtraTrees,1718,2,4860.19,1076.8327128166009,base
UCS,ExtraTrees,1719,2,4282.92,1076.8327128166009,base
UCS,ExtraTrees,1720,2,7999.42,1177.6593939528286,base
UCS,ExtraTrees,1721,2,10816.93,1298.2964330163354,base
UCS,ExtraTrees,1722,2,12699.69,1373.545920643453,base
UCS,ExtraTrees,1723,2,6834.02,1092.3489961499345,base
UCS,ExtraTrees,1724,2,5884.29,1092.3489961499345,base
UCS,ExtraTrees,1725,2,8395.09,1194.569010619495,base
UCS,ExtraTrees,1726,2,11009.5,1318.4257663496692,base
UCS,ExtraTrees,1727,2,13302.4,1387.091920643453,base
UCS,ExtraTrees,702,3,2240.0,1012.4624772633936,base
UCS,ExtraTrees,703,3,1069.0,1012.4624772633936,base
UCS,ExtraTrees,704,3,629.0,1012.4624772633936,base
UCS,ExtraTrees,705,3,3110.0,1528.9804885982612,base
UCS,ExtraTrees,706,3,2421.0,1528.9804885982612,base
UCS,ExtraTrees,707,3,1981.0,1528.9804885982612,base
UCS,ExtraTrees,708,3,3860.0,1652.4205191062927,base
UCS,ExtraTrees,709,3,3707.0,1652.4205191062927,base
UCS,ExtraTrees,710,3,3269.0,1652.4205191062927,base
UCS,ExtraTrees,711,3,4362.0,1633.6780563528312,base
UCS,ExtraTrees,712,3,4280.0,1633.6780563528312,base
UCS,ExtraTrees,713,3,3680.0,1633.6780563528312,base
UCS,ExtraTrees,714,3,2151.0,1012.4624772633936,base
UCS,ExtraTrees,715,3,1473.0,1012.4624772633936,base
UCS,ExtraTrees,716,3,469.0,1012.4624772633936,base
UCS,ExtraTrees,717,3,3017.0,1528.9804885982612,base
UCS,ExtraTrees,718,3,2507.0,1528.9804885982612,base
UCS,ExtraTrees,719,3,1744.0,1528.9804885982612,base
UCS,ExtraTrees,720,3,3843.0,1652.4205191062927,base
UCS,ExtraTrees,721,3,3739.0,1652.4205191062927,base
UCS,ExtraTrees,722,3,3233.0,1652.4205191062927,base
UCS,ExtraTrees,723,3,4475.0,1633.6780563528312,base
UCS,ExtraTrees,724,3,4374.0,1633.6780563528312,base
UCS,ExtraTrees,725,3,3699.0,1633.6780563528312,base
UCS,ExtraTrees,726,3,453.0,1012.4624772633936,base
UCS,ExtraTrees,727,3,239.0,1012.4624772633936,base
UCS,ExtraTrees,728,3,91.0,1012.4624772633936,base
UCS,ExtraTrees,729,3,1859.0,1528.9804885982612,base
UCS,ExtraTrees,730,3,1438.0,1528.9804885982612,base
UCS,ExtraTrees,731,3,796.0,1528.9804885982612,base
UCS,ExtraTrees,732,3,2835.0,1652.4205191062927,base
UCS,ExtraTrees,733,3,2650.0,1652.4205191062927,base
UCS,ExtraTrees,734,3,1935.0,1652.4205191062927,base
UCS,ExtraTrees,735,3,3551.0,1633.6780563528312,base
UCS,ExtraTrees,736,3,3289.0,1633.6780563528312,base
UCS,ExtraTrees,737,3,3037.0,1633.6780563528312,base
UCS,ExtraTrees,738,3,283.0,1012.4624772633936,base
UCS,ExtraTrees,739,3,158.0,1012.4624772633936,base
UCS,ExtraTrees,740,3,73.0,1012.4624772633936,base
UCS,ExtraTrees,741,3,1697.0,1528.9804885982612,base
UCS,ExtraTrees,742,3,1344.0,1528.9804885982612,base
UCS,ExtraTrees,743,3,231.4,1528.9804885982612,base
UCS,ExtraTrees,744,3,2393.0,1652.4205191062927,base
UCS,ExtraTrees,745,3,2110.0,1652.4205191062927,base
UCS,ExtraTrees,746,3,1616.0,1652.4205191062927,base
UCS,ExtraTrees,747,3,2927.0,1633.6780563528312,base
UCS,ExtraTrees,748,3,2789.0,1633.6780563528312,base
UCS,ExtraTrees,749,3,2659.0,1633.6780563528312,base
UCS,ExtraTrees,750,3,178.0,1012.4624772633936,base
UCS,ExtraTrees,751,3,342.0,1528.9804885982612,base
UCS,ExtraTrees,752,3,501.0,1652.4205191062927,base
UCS,ExtraTrees,753,3,1208.0,1633.6780563528312,base
UCS,ExtraTrees,754,3,1242.0,1012.4624772633936,base
UCS,ExtraTrees,755,3,132.0,1012.4624772633936,base
UCS,ExtraTrees,756,3,36.0,1012.4624772633936,base
UCS,ExtraTrees,757,3,2310.0,1528.9804885982612,base
UCS,ExtraTrees,758,3,1866.0,1528.9804885982612,base
UCS,ExtraTrees,759,3,286.0,1528.9804885982612,base
UCS,ExtraTrees,760,3,3533.0,1652.4205191062927,base
UCS,ExtraTrees,761,3,3397.0,1652.4205191062927,base
UCS,ExtraTrees,762,3,901.0,1652.4205191062927,base
UCS,ExtraTrees,763,3,4256.0,1633.6780563528312,base
UCS,ExtraTrees,764,3,4108.0,1633.6780563528312,base
UCS,ExtraTrees,765,3,1510.0,1633.6780563528312,base
UCS,ExtraTrees,766,3,351.0,1012.4624772633936,base
UCS,ExtraTrees,767,3,59.0,1012.4624772633936,base
UCS,ExtraTrees,768,3,41.0,1012.4624772633936,base
UCS,ExtraTrees,769,3,2121.0,1528.9804885982612,base
UCS,ExtraTrees,770,3,2019.0,1528.9804885982612,base
UCS,ExtraTrees,771,3,493.0,1528.9804885982612,base
UCS,ExtraTrees,772,3,3671.0,1652.4205191062927,base
UCS,ExtraTrees,773,3,2013.0,1652.4205191062927,base
UCS,ExtraTrees,774,3,1290.0,1652.4205191062927,base
UCS,ExtraTrees,775,3,4453.0,1633.6780563528312,base
UCS,ExtraTrees,776,3,4081.000000000001,1633.6780563528312,base
UCS,ExtraTrees,777,3,1840.0,1633.6780563528312,base
UCS,ExtraTrees,778,3,182.0,1012.4624772633936,base
UCS,ExtraTrees,779,3,71.0,1012.4624772633936,base
UCS,ExtraTrees,780,3,1523.0,1528.9804885982612,base
UCS,ExtraTrees,781,3,1105.0,1528.9804885982612,base
UCS,ExtraTrees,782,3,98.0,1528.9804885982612,base
UCS,ExtraTrees,783,3,2442.0,1652.4205191062927,base
UCS,ExtraTrees,784,3,2121.0,1652.4205191062927,base
UCS,ExtraTrees,785,3,387.0,1652.4205191062927,base
UCS,ExtraTrees,786,3,3120.0,1633.6780563528312,base
UCS,ExtraTrees,787,3,2920.0,1633.6780563528312,base
UCS,ExtraTrees,788,3,728.0,1633.6780563528312,base
UCS,ExtraTrees,789,3,134.0,1012.4624772633936,base
UCS,ExtraTrees,790,3,27.0,1012.4624772633936,base
UCS,ExtraTrees,791,3,1221.0,1528.9804885982612,base
UCS,ExtraTrees,792,3,1082.0,1528.9804885982612,base
UCS,ExtraTrees,793,3,2003.0,1652.4205191062927,base
UCS,ExtraTrees,794,3,1565.0,1652.4205191062927,base
UCS,ExtraTrees,795,3,2706.0,1633.6780563528312,base
UCS,ExtraTrees,796,3,2379.0,1633.6780563528312,base
UCS,ExtraTrees,797,3,162.0,1067.8440734865114,base
UCS,ExtraTrees,798,3,92.0,1065.8938936031113,base
UCS,ExtraTrees,799,3,59.0,1065.8938936031113,base
UCS,ExtraTrees,800,3,52.0,1066.2303436031114,base
UCS,ExtraTrees,801,3,46.0,1066.2303436031114,base
UCS,ExtraTrees,802,3,9.0,1066.4403436031114,base
UCS,ExtraTrees,803,3,5.0,1065.2106387142226,base
UCS,ExtraTrees,804,3,903.0,1000.0731845294541,base
UCS,ExtraTrees,805,3,550.0,998.1230046460541,base
UCS,ExtraTrees,806,3,402.0,997.7163379793875,base
UCS,ExtraTrees,807,3,194.0,998.0527879793874,base
UCS,ExtraTrees,808,3,201.0,998.0527879793874,base
UCS,ExtraTrees,809,3,20.0,998.2627879793874,base
UCS,ExtraTrees,810,3,15.0,997.2430830904987,base
UCS,ExtraTrees,811,3,2320.0,1296.5926997445874,base
UCS,ExtraTrees,812,3,1652.0,1294.6425198611876,base
UCS,ExtraTrees,813,3,997.0,1294.2358531945208,base
UCS,ExtraTrees,814,3,559.0,1294.5723031945208,base
UCS,ExtraTrees,815,3,536.0,1294.5723031945208,base
UCS,ExtraTrees,816,3,134.0,1294.5723031945208,base
UCS,ExtraTrees,817,3,33.0,1292.876598305632,base
UCS,ExtraTrees,818,3,3922.0,1499.230396687642,base
UCS,ExtraTrees,819,3,3011.0,1496.2319140856423,base
UCS,ExtraTrees,820,3,2261.0,1495.8252474189756,base
UCS,ExtraTrees,821,3,1684.0,1496.1616974189753,base
UCS,ExtraTrees,822,3,1307.0,1496.1616974189753,base
UCS,ExtraTrees,823,3,245.0,1496.1616974189753,base
UCS,ExtraTrees,824,3,52.0,1493.0287907523086,base
UCS,ExtraTrees,825,3,4674.0,1546.2818729141077,base
UCS,ExtraTrees,826,3,4320.0,1546.039541214108,base
UCS,ExtraTrees,827,3,3560.0,1540.2212078807747,base
UCS,ExtraTrees,828,3,2723.0,1542.0512178807749,base
UCS,ExtraTrees,829,3,1740.0,1542.0512178807749,base
UCS,ExtraTrees,830,3,328.0,1542.0512178807749,base
UCS,ExtraTrees,831,3,96.0,1538.6992045474412,base
UCS,ExtraTrees,832,3,5240.0,1635.415695405166,base
UCS,ExtraTrees,833,3,4899.0,1636.2938874051658,base
UCS,ExtraTrees,834,3,4213.0,1630.8750750718325,base
UCS,ExtraTrees,835,3,3297.0,1632.7050850718324,base
UCS,ExtraTrees,836,3,1864.0,1632.7050850718324,base
UCS,ExtraTrees,837,3,342.0,1632.7050850718324,base
UCS,ExtraTrees,838,3,104.0,1631.0717384051657,base
UCS,ExtraTrees,839,3,5604.0,1594.5909545988054,base
UCS,ExtraTrees,840,3,5315.0,1595.6791465988051,base
UCS,ExtraTrees,841,3,4667.0,1589.8325737654718,base
UCS,ExtraTrees,842,3,3741.0,1591.6625837654717,base
UCS,ExtraTrees,843,3,1937.0,1591.6625837654717,base
UCS,ExtraTrees,844,3,376.0,1590.3600637654718,base
UCS,ExtraTrees,845,3,113.0,1589.047231098805,base
UCS,ExtraTrees,846,3,5768.0,1649.927352879498,base
UCS,ExtraTrees,847,3,5410.0,1648.9486862128313,base
UCS,ExtraTrees,848,3,4876.0,1643.1303528794979,base
UCS,ExtraTrees,849,3,3985.0,1644.960362879498,base
UCS,ExtraTrees,850,3,1980.0,1644.960362879498,base
UCS,ExtraTrees,851,3,397.0,1643.6578428794978,base
UCS,ExtraTrees,852,3,117.0,1642.9750102128312,base
UCS,ExtraTrees,853,3,519.0,1080.51348626534,base
UCS,ExtraTrees,854,3,60.0,1080.51348626534,base
UCS,ExtraTrees,855,3,1720.0,1012.4624772633936,base
UCS,ExtraTrees,856,3,194.0,1012.4624772633936,base
UCS,ExtraTrees,857,3,15.0,1012.4624772633936,base
UCS,ExtraTrees,858,3,3626.0,1320.157239008727,base
UCS,ExtraTrees,859,3,559.0,1320.157239008727,base
UCS,ExtraTrees,860,3,29.0,1320.157239008727,base
UCS,ExtraTrees,861,3,4624.0,1528.9804885982612,base
UCS,ExtraTrees,862,3,1684.0,1528.9804885982612,base
UCS,ExtraTrees,863,3,61.0,1528.9804885982612,base
UCS,ExtraTrees,864,3,5195.0,1569.6416364455918,base
UCS,ExtraTrees,865,3,2723.0,1569.6416364455918,base
UCS,ExtraTrees,866,3,102.0,1569.6416364455918,base
UCS,ExtraTrees,867,3,5498.0,1652.4205191062927,base
UCS,ExtraTrees,868,3,3297.0,1652.4205191062927,base
UCS,ExtraTrees,869,3,179.0,1652.4205191062927,base
UCS,ExtraTrees,870,3,5615.0,1605.0997932754717,base
UCS,ExtraTrees,871,3,3741.0,1605.0997932754717,base
UCS,ExtraTrees,872,3,233.0,1605.0997932754717,base
UCS,ExtraTrees,873,3,5687.0,1633.6780563528312,base
UCS,ExtraTrees,874,3,3985.0,1633.6780563528312,base
UCS,ExtraTrees,875,3,276.0,1633.6780563528312,base
UCS,ExtraTrees,876,3,225.0,938.2031074033733,base
UCS,ExtraTrees,877,3,17.0,938.2031074033733,base
UCS,ExtraTrees,878,3,857.0,1127.3127196744397,base
UCS,ExtraTrees,879,3,28.0,1127.3127196744397,base
UCS,ExtraTrees,880,3,1239.0,1080.51348626534,base
UCS,ExtraTrees,881,3,51.0,1080.51348626534,base
UCS,ExtraTrees,882,3,1509.0,1012.4624772633936,base
UCS,ExtraTrees,883,3,194.0,1012.4624772633936,base
UCS,ExtraTrees,884,3,1890.0,1180.515778839047,base
UCS,ExtraTrees,885,3,268.0,1180.515778839047,base
UCS,ExtraTrees,886,3,2053.0,1320.157239008727,base
UCS,ExtraTrees,887,3,560.0,1320.157239008727,base
UCS,ExtraTrees,888,3,2250.0,1450.5394362218606,base
UCS,ExtraTrees,889,3,877.0,1450.5394362218606,base
UCS,ExtraTrees,890,3,2522.0,1528.9804885982612,base
UCS,ExtraTrees,891,3,1684.0,1528.9804885982612,base
UCS,ExtraTrees,892,3,2828.0,1559.1064413410236,base
UCS,ExtraTrees,893,3,2087.0,1559.1064413410236,base
UCS,ExtraTrees,894,3,3233.0,1569.6416364455918,base
UCS,ExtraTrees,895,3,2723.0,1569.6416364455918,base
UCS,ExtraTrees,896,3,3707.0,1652.4205191062927,base
UCS,ExtraTrees,897,3,3297.0,1652.4205191062927,base
UCS,ExtraTrees,898,3,4274.0,1605.0997932754717,base
UCS,ExtraTrees,899,3,3741.0,1605.0997932754717,base
UCS,ExtraTrees,900,3,4440.0,1633.6780563528312,base
UCS,ExtraTrees,901,3,3985.0,1633.6780563528312,base
UCS,ExtraTrees,902,3,746.0,1012.4624772633936,base
UCS,ExtraTrees,903,3,1319.0,1012.4624772633936,base
UCS,ExtraTrees,904,3,975.0,1528.9804885982612,base
UCS,ExtraTrees,905,3,2160.0,1528.9804885982612,base
UCS,ExtraTrees,906,3,1267.0,1652.4205191062927,base
UCS,ExtraTrees,907,3,2853.0,1652.4205191062927,base
UCS,ExtraTrees,908,3,1345.0,1633.6780563528312,base
UCS,ExtraTrees,909,3,3274.0,1633.6780563528312,base
UCS,ExtraTrees,910,4,55.31,1201.9297429548044,base
UCS,ExtraTrees,911,4,351.67,1524.2365796128388,base
UCS,ExtraTrees,912,4,369.42,1514.7739060916517,base
UCS,ExtraTrees,913,4,461.89,1666.7045998957817,base
UCS,ExtraTrees,914,4,1803.44,2622.6809694253716,base
UCS,ExtraTrees,915,4,2284.95,2896.009265952428,base
UCS,ExtraTrees,916,4,3297.0,3362.8037635553433,base
UCS,ExtraTrees,917,4,69.43,658.0616813664091,base
UCS,ExtraTrees,918,4,1305.27,1148.2173221161763,base
UCS,ExtraTrees,919,4,1147.38,869.3141459978193,base
UCS,ExtraTrees,920,4,1090.5,1399.7985319658058,base
UCS,ExtraTrees,921,4,609.97,2290.751573584923,base
UCS,ExtraTrees,922,4,2545.81,2492.128794315079,base
UCS,ExtraTrees,923,4,3936.39,3259.152990092779,base
UCS,ExtraTrees,924,4,87.08,557.6444149512336,base
UCS,ExtraTrees,925,4,2076.95,2764.772581828618,base
UCS,ExtraTrees,926,4,360.0,522.9154560376405,base
UCS,ExtraTrees,927,4,1180.0,849.462731201158,base
UCS,ExtraTrees,928,4,520.0,556.0084774392964,base
UCS,ExtraTrees,929,4,3400.0,863.9240817956827,base
UCS,ExtraTrees,930,4,85.0,477.41846798545845,base
UCS,ExtraTrees,931,4,180.0,780.6287255711421,base
UCS,ExtraTrees,932,4,55.6,517.0515298196751,base
UCS,ExtraTrees,933,4,1032.2,810.996676503704,base
UCS,ExtraTrees,934,4,1050.7,684.847997822991,base
UCS,ExtraTrees,935,4,222.5,955.2201675260915,base
UCS,ExtraTrees,936,4,692.2,1297.845699892737,base
UCS,ExtraTrees,937,4,716.9,993.2455687013759,base
UCS,ExtraTrees,938,4,149.0,568.7724248804326,base
UCS,ExtraTrees,939,4,190.0,521.3193815267964,base
UCS,ExtraTrees,940,4,663.0,594.3823713512337,base
UCS,ExtraTrees,941,4,1100.0,1119.9084325980912,base
UCS,ExtraTrees,942,4,1820.0,872.031582984251,base
UCS,ExtraTrees,943,4,1930.0,848.1936539281262,base
UCS,ExtraTrees,944,4,2300.0,729.2870656236946,base
UCS,ExtraTrees,945,4,2650.0,659.185341861887,base
UCS,ExtraTrees,946,4,4400.0,1669.0160573935295,base
UCS,ExtraTrees,947,4,4400.0,2312.2089875586903,base
UCS,ExtraTrees,948,4,2540.0,1977.1764305716424,base
UCS,ExtraTrees,949,4,2540.0,2107.518769342391,base
UCS,ExtraTrees,950,4,3200.0,1983.399359345799,base
UCS,ExtraTrees,951,4,3200.0,2112.3317546861676,base
UCS,ExtraTrees,952,4,1900.0,2134.532824624887,base
UCS,ExtraTrees,953,4,1900.0,1901.8287047861686,base
UCS,ExtraTrees,954,4,4700.0,1961.8812744353265,base
UCS,ExtraTrees,955,4,4700.0,2324.20898755869,base
UCS,ExtraTrees,956,4,3900.0,1922.7162744353266,base
UCS,ExtraTrees,957,4,4200.0,2156.4409038748345,base
UCS,ExtraTrees,958,4,4200.0,2291.272291645294,base
UCS,ExtraTrees,959,4,2950.0,2302.688602381016,base
UCS,ExtraTrees,960,4,2950.0,2164.3201451356304,base
UCS,ExtraTrees,961,4,2700.0,2259.5753654289133,base
UCS,ExtraTrees,962,4,2700.0,2006.8163022210395,base
UCS,ExtraTrees,963,4,3100.0,2027.8237353492398,base
UCS,ExtraTrees,964,4,3100.0,2116.6549759864843,base
UCS,ExtraTrees,965,4,1800.0,1842.8497865472714,base
UCS,ExtraTrees,966,4,1800.0,1663.652120011876,base
UCS,ExtraTrees,967,4,2900.0,2388.895713831483,base
UCS,ExtraTrees,968,4,2900.0,1992.1135447204672,base
UCS,ExtraTrees,969,4,2900.0,2261.3902719283406,base
UCS,ExtraTrees,970,4,2900.0,2261.3902719283406,base
UCS,ExtraTrees,971,4,1100.0,1661.1864311886718,base
UCS,ExtraTrees,972,4,1100.0,2252.7164695947286,base
UCS,ExtraTrees,973,4,4100.0,1917.7798974990396,base
UCS,ExtraTrees,974,4,4100.0,2270.800264172404,base
UCS,ExtraTrees,975,4,2300.0,2314.2159067489993,base
UCS,ExtraTrees,976,4,2300.0,2028.98854607871,base
UCS,ExtraTrees,977,4,1860.0,613.8182868210909,base
UCS,ExtraTrees,978,4,1860.0,620.4462378860605,base
UCS,ExtraTrees,979,4,2700.0,2002.7289969399098,base
UCS,ExtraTrees,980,4,4100.0,2138.816287735278,base
UCS,ExtraTrees,981,4,4100.0,2273.753062505737,base
UCS,ExtraTrees,982,4,2300.0,1831.192343996338,base
UCS,ExtraTrees,983,4,2300.0,2115.308418991058,base
UCS,ExtraTrees,984,4,2050.0,1504.7102061177368,base
UCS,ExtraTrees,985,4,2050.0,1399.1657033048002,base
UCS,ExtraTrees,986,4,1200.0,1723.582313844663,base
UCS,ExtraTrees,987,4,1200.0,2102.803113839823,base
UCS,ExtraTrees,988,4,3300.0,1421.1166245037111,base
UCS,ExtraTrees,989,4,3300.0,1752.8838940449405,base
UCS,ExtraTrees,990,4,2930.0,2021.7525633698328,base
UCS,ExtraTrees,991,4,2930.0,1845.0914231249574,base
UCS,ExtraTrees,992,4,2000.0,1663.8391803093475,base
UCS,ExtraTrees,993,4,2000.0,1073.3719882037528,base
UCS,ExtraTrees,994,4,2000.0,1819.7979780043893,base
UCS,ExtraTrees,995,4,2000.0,2149.7871451416227,base
UCS,ExtraTrees,996,4,2050.0,2149.7871451416227,base
UCS,ExtraTrees,997,4,2960.0,1070.299693992891,base
UCS,ExtraTrees,998,4,2960.0,1947.0932236322474,base
UCS,ExtraTrees,999,4,4600.0,1001.1860297928655,base
UCS,ExtraTrees,1000,4,4600.0,1687.7222533245042,base
UCS,ExtraTrees,1001,4,3250.0,2069.02769686953,base
UCS,ExtraTrees,1002,4,3250.0,2204.641261113673,base
UCS,ExtraTrees,1003,4,2200.0,2033.918974784862,base
UCS,ExtraTrees,1004,4,1820.0,1378.2072567613989,base
UCS,ExtraTrees,1005,4,1820.0,1918.312528144781,base
UCS,ExtraTrees,1006,4,2620.0,693.7944611296423,base
UCS,ExtraTrees,1007,4,2200.0,2088.7886868505866,base
UCS,ExtraTrees,1008,4,2200.0,2008.4409626389186,base
UCS,ExtraTrees,1009,4,3000.0,1711.2339151839144,base
UCS,ExtraTrees,1010,4,3000.0,1151.1675781216884,base
UCS,ExtraTrees,1011,4,3000.0,1429.2113394537935,base
UCS,ExtraTrees,1012,4,3000.0,1695.053697252767,base
UCS,ExtraTrees,1013,4,3800.0,2144.599349852038,base
UCS,ExtraTrees,1014,4,3800.0,2279.2761246224973,base
UCS,ExtraTrees,1015,4,3900.0,1080.0722699909836,base
UCS,ExtraTrees,1016,4,3900.0,1917.3809480409382,base
UCS,ExtraTrees,1017,4,2950.0,1457.39590622613,base
UCS,ExtraTrees,1018,4,2950.0,2035.0922319597098,base
UCS,ExtraTrees,1019,4,1930.0,1269.7485073893122,base
UCS,ExtraTrees,1020,4,1930.0,1935.9752375229855,base
UCS,ExtraTrees,1021,4,2150.0,1632.4399595543146,base
UCS,ExtraTrees,1022,4,2150.0,1916.7519328532426,base
UCS,ExtraTrees,1023,4,3100.0,1246.0120450552868,base
UCS,ExtraTrees,1024,4,3100.0,1795.7656538608583,base
UCS,ExtraTrees,1025,4,1980.0,828.9172200846465,base
UCS,ExtraTrees,1026,4,1980.0,1665.7354501247737,base
UCS,ExtraTrees,1027,4,2450.0,1127.5675410137026,base
UCS,ExtraTrees,1028,4,2450.0,2112.3129745818874,base
UCS,ExtraTrees,1029,4,2010.0,833.1807543668854,base
UCS,ExtraTrees,1030,4,2010.0,2058.4354930571026,base
UCS,ExtraTrees,1031,4,4200.0,1625.6823790363678,base
UCS,ExtraTrees,1032,4,4200.0,1721.2429683761345,base
UCS,ExtraTrees,1033,4,1600.0,1731.8945824757882,base
UCS,ExtraTrees,1034,4,2300.0,1022.7921670747611,base
UCS,ExtraTrees,1035,4,2300.0,2043.138834590303,base
UCS,ExtraTrees,1036,4,2270.0,1987.2761346609623,base
UCS,ExtraTrees,1037,4,2270.0,1212.2918795341984,base
UCS,ExtraTrees,1038,4,3210.0,2008.376841207892,base
UCS,ExtraTrees,1039,4,3210.0,2165.1879267150375,base
UCS,ExtraTrees,1040,4,2870.0,1964.1414455129402,base
UCS,ExtraTrees,1041,4,2800.0,1133.044998055057,base
UCS,ExtraTrees,1042,4,2800.0,1898.5142265370794,base
UCS,ExtraTrees,1043,4,2900.0,1904.3781888704127,base
UCS,ExtraTrees,1044,4,2020.0,1156.7537697830405,base
UCS,ExtraTrees,1045,4,2020.0,1896.4975328542257,base
UCS,ExtraTrees,1046,4,4900.0,1492.2478064286859,base
UCS,ExtraTrees,1047,4,4900.0,1984.4997993391319,base
UCS,ExtraTrees,1048,4,1500.0,1693.27317726181,base
UCS,ExtraTrees,1049,4,2000.0,1403.2499258951675,base
UCS,ExtraTrees,1050,4,2000.0,1975.4269973680591,base
UCS,ExtraTrees,1051,4,1880.0,1156.6672091303906,base
UCS,ExtraTrees,1052,4,1880.0,1976.4029823116607,base
UCS,ExtraTrees,1053,4,2300.0,1702.1647500688816,base
UCS,ExtraTrees,1054,4,3000.0,2027.009868630813,base
UCS,ExtraTrees,1055,4,1610.0,1509.009921850103,base
UCS,ExtraTrees,1056,4,1610.0,1961.9446526087186,base
UCS,ExtraTrees,1057,4,3980.0,1967.8922731591163,base
UCS,ExtraTrees,1058,4,2990.0,1694.842214510982,base
UCS,ExtraTrees,1059,4,2300.0,1735.1363351397285,base
UCS,ExtraTrees,1060,4,1690.0,1569.5843770667402,base
UCS,ExtraTrees,1061,4,1690.0,2172.640373151131,base
UCS,ExtraTrees,1062,4,2300.0,984.0820178316794,base
UCS,ExtraTrees,1063,4,2300.0,1985.052312140721,base
UCS,ExtraTrees,1064,4,2790.0,1945.1340336671933,base
UCS,ExtraTrees,1065,4,2960.0,2050.6246100447647,base
UCS,ExtraTrees,1066,4,1820.0,2119.137305931927,base
UCS,ExtraTrees,1067,4,3200.0,1968.333610869116,base
UCS,ExtraTrees,1068,4,2250.0,1704.4675907232518,base
UCS,ExtraTrees,1069,4,1980.0,2073.950471156118,base
UCS,ExtraTrees,1070,4,1750.0,1622.0778109203504,base
UCS,ExtraTrees,1071,4,2450.0,1382.772952159583,base
UCS,ExtraTrees,1072,4,2450.0,1405.4400674815824,base
UCS,ExtraTrees,1073,4,1900.0,1659.3413966562339,base
UCS,ExtraTrees,1074,4,4100.0,1831.12323584517,base
UCS,ExtraTrees,1075,4,4100.0,1396.948216073213,base
UCS,ExtraTrees,1076,4,1800.0,2083.248655712953,base
UCS,ExtraTrees,1077,4,1820.0,1828.3656753197843,base
UCS,ExtraTrees,1078,4,3000.0,1525.012991384368,base
UCS,ExtraTrees,1079,4,4020.0,1955.4902558812882,base
UCS,ExtraTrees,1080,4,5400.0,1895.2260290244649,base
UCS,ExtraTrees,1081,4,1200.0,1919.643735003361,base
UCS,ExtraTrees,1082,4,1570.0,1966.722039233996,base
UCS,ExtraTrees,1083,4,3300.0,1953.574698159653,base
UCS,ExtraTrees,1084,4,3400.0,1890.7062065111322,base
UCS,ExtraTrees,1085,4,1350.0,1005.1604843482495,base
UCS,ExtraTrees,1086,4,1500.0,1408.4446382315627,base
UCS,ExtraTrees,1087,4,1250.0,799.8127069256244,base
UCS,ExtraTrees,1088,4,1300.0,1574.411372891725,base
UCS,ExtraTrees,1089,4,1500.0,1574.411372891725,base
UCS,ExtraTrees,1090,4,1700.0,1681.6311094748949,base
UCS,ExtraTrees,1091,4,1900.0,1908.2593606404705,base
UCS,ExtraTrees,1092,4,1400.0,1293.4372721742632,base
UCS,ExtraTrees,1093,4,1025.0,1154.6198724982444,base
UCS,ExtraTrees,1094,4,1120.0,909.5501902320782,base
UCS,ExtraTrees,1095,4,1154.0,841.3089636731029,base
UCS,ExtraTrees,1096,4,193.05,1042.001062581211,base
UCS,ExtraTrees,1097,5,563.9453462,1294.8724210877926,base
UCS,ExtraTrees,1098,5,567.6207363,1294.8724210877926,base
UCS,ExtraTrees,1099,5,563.0710124,1294.8724210877926,base
UCS,ExtraTrees,1100,5,642.4051846,1294.8724210877926,base
UCS,ExtraTrees,1101,5,643.4453926,1294.8724210877926,base
UCS,ExtraTrees,1102,5,599.0696803,1294.8724210877926,base
UCS,ExtraTrees,1103,5,670.5908717,1294.8724210877926,base
UCS,ExtraTrees,1104,5,582.3483776,1294.8724210877926,base
UCS,ExtraTrees,1105,5,494.5436003,1294.8724210877926,base
UCS,ExtraTrees,1106,5,764.4821038,2333.9884622342665,base
UCS,ExtraTrees,1107,5,774.4835872,2333.9884622342665,base
UCS,ExtraTrees,1108,5,772.5592082,2333.9884622342665,base
UCS,ExtraTrees,1109,5,744.4610518,2333.9884622342665,base
UCS,ExtraTrees,1110,5,792.44841,2333.9884622342665,base
UCS,ExtraTrees,1111,5,793.6107586,2333.9884622342665,base
UCS,ExtraTrees,1112,5,854.7376017,2333.9884622342665,base
UCS,ExtraTrees,1113,5,809.3336182,2333.9884622342665,base
UCS,ExtraTrees,1114,5,833.4702026,2333.9884622342665,base
UCS,ExtraTrees,1115,5,947.553863,2012.6057339224228,base
UCS,ExtraTrees,1116,5,862.3263524,2012.6057339224228,base
UCS,ExtraTrees,1117,5,857.4156124,2012.6057339224228,base
UCS,ExtraTrees,1118,5,770.8698301,2012.6057339224228,base
UCS,ExtraTrees,1119,5,932.1083363,2012.6057339224228,base
UCS,ExtraTrees,1120,5,1082.454587,2012.6057339224228,base
UCS,ExtraTrees,1121,5,913.9914207,2012.6057339224228,base
UCS,ExtraTrees,1122,5,864.6703064,2012.6057339224228,base
UCS,ExtraTrees,1123,5,1049.322646,2012.6057339224228,base
UCS,ExtraTrees,1124,5,1123.468434,2048.3769587828097,base
UCS,ExtraTrees,1125,5,1392.578727,2048.3769587828097,base
UCS,ExtraTrees,1126,5,992.8297686,2048.3769587828097,base
UCS,ExtraTrees,1127,5,940.5185695,2048.3769587828097,base
UCS,ExtraTrees,1128,5,1180.476009,2048.3769587828097,base
UCS,ExtraTrees,1129,5,1014.240746,2048.3769587828097,base
UCS,ExtraTrees,1130,5,1061.53447,2048.3769587828097,base
UCS,ExtraTrees,1131,5,1167.22023,2048.3769587828097,base
UCS,ExtraTrees,1132,5,989.4392032,2048.3769587828097,base
UCS,ExtraTrees,1133,5,1105.576357,1271.9997580573165,base
UCS,ExtraTrees,1134,5,1009.455998,1271.9997580573165,base
UCS,ExtraTrees,1135,5,1081.192835,1271.9997580573165,base
UCS,ExtraTrees,1136,5,1368.909615,1271.9997580573165,base
UCS,ExtraTrees,1137,5,1484.237455,1271.9997580573165,base
UCS,ExtraTrees,1138,5,1232.36913,1271.9997580573165,base
UCS,ExtraTrees,1139,5,1271.32873,1271.9997580573165,base
UCS,ExtraTrees,1140,5,1143.383655,1271.9997580573165,base
UCS,ExtraTrees,1141,5,1230.817089,1271.9997580573165,base
UCS,ExtraTrees,1142,5,1940.761482,2369.117507129192,base
UCS,ExtraTrees,1143,5,2025.527217,2369.117507129192,base
UCS,ExtraTrees,1144,5,1907.33105,2369.117507129192,base
UCS,ExtraTrees,1145,5,1884.33909,2369.117507129192,base
UCS,ExtraTrees,1146,5,1859.471621,2369.117507129192,base
UCS,ExtraTrees,1147,5,1979.525419,2369.117507129192,base
UCS,ExtraTrees,1148,5,1840.943877,2369.117507129192,base
UCS,ExtraTrees,1149,5,1851.057235,2369.117507129192,base
UCS,ExtraTrees,1150,5,1471.718035,2369.117507129192,base
UCS,ExtraTrees,1151,5,2010.562657,2080.3570934802806,base
UCS,ExtraTrees,1152,5,2361.519249,2080.3570934802806,base
UCS,ExtraTrees,1153,5,2449.098293,2080.3570934802806,base
UCS,ExtraTrees,1154,5,2126.641844,2080.3570934802806,base
UCS,ExtraTrees,1155,5,2166.80315,2080.3570934802806,base
UCS,ExtraTrees,1156,5,2704.439041,2080.3570934802806,base
UCS,ExtraTrees,1157,5,2791.980992,2080.3570934802806,base
UCS,ExtraTrees,1158,5,2267.702405,2080.3570934802806,base
UCS,ExtraTrees,1159,5,1895.68344,2080.3570934802806,base
UCS,ExtraTrees,1160,5,2716.405892,2180.790340980556,base
UCS,ExtraTrees,1161,5,2690.8722,2180.790340980556,base
UCS,ExtraTrees,1162,5,2729.968478,2180.790340980556,base
UCS,ExtraTrees,1163,5,2674.308471,2180.790340980556,base
UCS,ExtraTrees,1164,5,2912.764086,2180.790340980556,base
UCS,ExtraTrees,1165,5,2847.741968,2180.790340980556,base
UCS,ExtraTrees,1166,5,2148.138224,2180.790340980556,base
UCS,ExtraTrees,1167,5,2399.8976,2180.790340980556,base
UCS,ExtraTrees,1168,5,2265.127185,2180.790340980556,base
UCS,ExtraTrees,1169,5,1344.46033,1232.2508800006499,base
UCS,ExtraTrees,1170,5,1677.88151,1232.2508800006499,base
UCS,ExtraTrees,1171,5,1614.380436,1232.2508800006499,base
UCS,ExtraTrees,1172,5,1539.923617,1232.2508800006499,base
UCS,ExtraTrees,1173,5,1699.200844,1232.2508800006499,base
UCS,ExtraTrees,1174,5,1731.388965,1232.2508800006499,base
UCS,ExtraTrees,1175,5,1687.798403,1232.2508800006499,base
UCS,ExtraTrees,1176,5,1450.91978,1232.2508800006499,base
UCS,ExtraTrees,1177,5,1644.836791,1232.2508800006499,base
UCS,ExtraTrees,1178,5,2960.037586,2370.969299563051,base
UCS,ExtraTrees,1179,5,2821.887459,2370.969299563051,base
UCS,ExtraTrees,1180,5,2626.414584,2370.969299563051,base
UCS,ExtraTrees,1181,5,2947.078754,2370.969299563051,base
UCS,ExtraTrees,1182,5,2824.67257,2370.969299563051,base
UCS,ExtraTrees,1183,5,2976.140189,2370.969299563051,base
UCS,ExtraTrees,1184,5,2716.035321,2370.969299563051,base
UCS,ExtraTrees,1185,5,2515.906526,2370.969299563051,base
UCS,ExtraTrees,1186,5,2970.291916,2370.969299563051,base
UCS,ExtraTrees,1187,5,2829.757141,2087.704100119403,base
UCS,ExtraTrees,1188,5,2672.074248,2087.704100119403,base
UCS,ExtraTrees,1189,5,3738.208024,2087.704100119403,base
UCS,ExtraTrees,1190,5,2738.006682,2087.704100119403,base
UCS,ExtraTrees,1191,5,3332.9899,2087.704100119403,base
UCS,ExtraTrees,1192,5,3525.037221,2087.704100119403,base
UCS,ExtraTrees,1193,5,3115.437181,2087.704100119403,base
UCS,ExtraTrees,1194,5,2373.475846,2087.704100119403,base
UCS,ExtraTrees,1195,5,3289.505367,2087.704100119403,base
UCS,ExtraTrees,1196,5,3936.85678,2195.808017028333,base
UCS,ExtraTrees,1197,5,3857.525227,2195.808017028333,base
UCS,ExtraTrees,1198,5,3941.527879,2195.808017028333,base
UCS,ExtraTrees,1199,5,3829.042867,2195.808017028333,base
UCS,ExtraTrees,1200,5,4097.811514,2195.808017028333,base
UCS,ExtraTrees,1201,5,4401.716567,2195.808017028333,base
UCS,ExtraTrees,1202,5,4071.439425,2195.808017028333,base
UCS,ExtraTrees,1203,5,3313.19393,2195.808017028333,base
UCS,ExtraTrees,1204,5,2500.050674,2195.808017028333,base
UCS,ExtraTrees,1205,5,2843.719026,1227.9900101373169,base
UCS,ExtraTrees,1206,5,2463.576227,1227.9900101373169,base
UCS,ExtraTrees,1207,5,2355.405962,1227.9900101373169,base
UCS,ExtraTrees,1208,5,2167.612978,1227.9900101373169,base
UCS,ExtraTrees,1209,5,2059.801197,1227.9900101373169,base
UCS,ExtraTrees,1210,5,2326.779638,1227.9900101373169,base
UCS,ExtraTrees,1211,5,2474.302207,1227.9900101373169,base
UCS,ExtraTrees,1212,5,2418.926583,1227.9900101373169,base
UCS,ExtraTrees,1213,5,2175.818459,1227.9900101373169,base
UCS,ExtraTrees,1214,5,3477.567677,2401.923708749718,base
UCS,ExtraTrees,1215,5,3672.249668,2401.923708749718,base
UCS,ExtraTrees,1216,5,3718.00842,2401.923708749718,base
UCS,ExtraTrees,1217,5,3699.041298,2401.923708749718,base
UCS,ExtraTrees,1218,5,3777.222995,2401.923708749718,base
UCS,ExtraTrees,1219,5,3008.862534,2401.923708749718,base
UCS,ExtraTrees,1220,5,3504.677879,2401.923708749718,base
UCS,ExtraTrees,1221,5,3866.189754,2401.923708749718,base
UCS,ExtraTrees,1222,5,3697.568297,2401.923708749718,base
UCS,ExtraTrees,1223,5,3916.844803,2191.3640282310703,base
UCS,ExtraTrees,1224,5,3527.83995,2191.3640282310703,base
UCS,ExtraTrees,1225,5,3935.155979,2191.3640282310703,base
UCS,ExtraTrees,1226,5,3917.092675,2191.3640282310703,base
UCS,ExtraTrees,1227,5,4156.512013,2191.3640282310703,base
UCS,ExtraTrees,1228,5,3698.558578,2191.3640282310703,base
UCS,ExtraTrees,1229,5,5054.611964,2191.3640282310703,base
UCS,ExtraTrees,1230,5,3855.974785,2191.3640282310703,base
UCS,ExtraTrees,1231,5,3649.510748,2191.3640282310703,base
UCS,ExtraTrees,1232,5,4105.161762,2302.5196552626758,base
UCS,ExtraTrees,1233,5,4876.055944,2302.5196552626758,base
UCS,ExtraTrees,1234,5,4398.404385,2302.5196552626758,base
UCS,ExtraTrees,1235,5,4371.308578,2302.5196552626758,base
UCS,ExtraTrees,1236,5,4440.652261,2302.5196552626758,base
UCS,ExtraTrees,1237,5,3563.252614,2302.5196552626758,base
UCS,ExtraTrees,1238,5,4375.638612,2302.5196552626758,base
UCS,ExtraTrees,1239,5,4159.927686,2302.5196552626758,base
UCS,ExtraTrees,1240,5,4312.463399,2302.5196552626758,base
UCS,ExtraTrees,1241,5,167.453375,468.49586988761934,base
UCS,ExtraTrees,1242,5,170.9692711,468.49586988761934,base
UCS,ExtraTrees,1243,5,168.3598768,468.49586988761934,base
UCS,ExtraTrees,1244,5,172.0655206,468.49586988761934,base
UCS,ExtraTrees,1245,5,177.8547823,468.49586988761934,base
UCS,ExtraTrees,1246,5,176.8614863,468.49586988761934,base
UCS,ExtraTrees,1247,5,157.4657076,468.49586988761934,base
UCS,ExtraTrees,1248,5,181.3545074,468.49586988761934,base
UCS,ExtraTrees,1249,5,188.0466283,468.49586988761934,base
UCS,ExtraTrees,1250,5,161.1591827,468.49586988761934,base
UCS,ExtraTrees,1251,5,181.8059487,468.49586988761934,base
UCS,ExtraTrees,1252,5,182.6800157,468.49586988761934,base
UCS,ExtraTrees,1253,5,176.2053676,468.49586988761934,base
UCS,ExtraTrees,1254,5,160.9692145,468.49586988761934,base
UCS,ExtraTrees,1255,5,844.9311906,2333.9884622342665,base
UCS,ExtraTrees,1256,5,661.0392113,2333.9884622342665,base
UCS,ExtraTrees,1257,5,706.482091,2333.9884622342665,base
UCS,ExtraTrees,1258,5,816.157218,2012.6057339224228,base
UCS,ExtraTrees,1259,5,892.9609946,2048.3769587828097,base
UCS,ExtraTrees,1260,5,974.4334225,1271.9997580573165,base
UCS,ExtraTrees,1261,5,1991.330417,2369.117507129192,base
UCS,ExtraTrees,1262,5,1858.912992,2369.117507129192,base
UCS,ExtraTrees,1263,5,1951.45189,2369.117507129192,base
UCS,ExtraTrees,1264,5,2232.142468,2080.3570934802806,base
UCS,ExtraTrees,1265,5,2258.72875,2080.3570934802806,base
UCS,ExtraTrees,1266,5,1646.008741,1232.2508800006499,base
UCS,ExtraTrees,1267,5,3061.832507,2370.969299563051,base
UCS,ExtraTrees,1268,5,3060.411589,2370.969299563051,base
UCS,ExtraTrees,1269,5,3138.210411,2370.969299563051,base
UCS,ExtraTrees,1270,5,3132.987642,2087.704100119403,base
UCS,ExtraTrees,1271,5,3171.757965,2087.704100119403,base
UCS,ExtraTrees,1272,5,3741.993353,2195.808017028333,base
UCS,ExtraTrees,1273,5,4094.294568,2195.808017028333,base
UCS,ExtraTrees,1274,5,2135.618094,1227.9900101373169,base
UCS,ExtraTrees,1275,5,2058.554651,1227.9900101373169,base
UCS,ExtraTrees,1276,5,3358.517036,2401.923708749718,base
UCS,ExtraTrees,1277,5,3064.688377,2401.923708749718,base
UCS,ExtraTrees,1278,5,3519.471169,2401.923708749718,base
UCS,ExtraTrees,1279,5,3963.481765,2191.3640282310703,base
UCS,ExtraTrees,1280,5,4184.241327,2191.3640282310703,base
UCS,ExtraTrees,1281,5,4700.649561,2302.5196552626758,base
UCS,ExtraTrees,1282,5,1580.0,1756.6463845744781,base
UCS,ExtraTrees,1283,5,1480.0,1756.6463845744781,base
UCS,ExtraTrees,1284,5,1530.0,1756.6463845744781,base
UCS,ExtraTrees,1285,5,1820.0,2068.118603294671,base
UCS,ExtraTrees,1286,5,1600.0,2068.118603294671,base
UCS,ExtraTrees,1287,5,1540.0,2080.7174866280043,base
UCS,ExtraTrees,1288,5,2420.0,2072.7275869613377,base
UCS,ExtraTrees,1289,5,2400.0,2108.3630960046703,base
UCS,ExtraTrees,1290,5,2420.0,2100.966046338004,base
UCS,ExtraTrees,1291,5,1810.0,2100.966046338004,base
UCS,ExtraTrees,1292,5,1650.0,2108.3630960046703,base
UCS,ExtraTrees,1293,5,1840.0,2108.3630960046703,base
UCS,ExtraTrees,1294,5,2120.0,2074.047569794671,base
UCS,ExtraTrees,1295,5,2100.0,2102.374362504671,base
UCS,ExtraTrees,1296,5,940.0,1824.4224658041371,base
UCS,ExtraTrees,1297,5,910.0,1824.4224658041371,base
UCS,ExtraTrees,1298,5,880.0,1824.4224658041371,base
UCS,ExtraTrees,1299,5,1220.0,2696.4853337142863,base
UCS,ExtraTrees,1300,5,1170.0,2708.0798437142867,base
UCS,ExtraTrees,1301,5,1200.0,2708.0798437142867,base
UCS,ExtraTrees,1302,5,1620.0,2701.309132380954,base
UCS,ExtraTrees,1303,5,1660.0,2680.200375714287,base
UCS,ExtraTrees,1304,5,1330.0,2678.520375714287,base
UCS,ExtraTrees,1305,5,1660.0,2701.929132380954,base
UCS,ExtraTrees,1306,5,1790.0,2701.929132380954,base
UCS,ExtraTrees,1307,5,1720.0,2678.3970423809537,base
UCS,ExtraTrees,1308,5,1960.0,2679.8489288809537,base
UCS,ExtraTrees,1309,5,1900.0,2679.8489288809537,base
UCS,ExtraTrees,1310,5,1880.0,2703.381018880954,base
UCS,ExtraTrees,1311,5,2050.0,1977.6804711426976,base
UCS,ExtraTrees,1312,5,2230.0,2001.0882102081728,base
UCS,ExtraTrees,1313,5,1620.0,1868.5350200459525,base
UCS,ExtraTrees,1314,5,1070.0,1817.7970336854758,base
UCS,ExtraTrees,1315,5,1300.0,1868.3096252759508,base
UCS,ExtraTrees,1316,5,2050.0,1954.3630547760301,base
UCS,ExtraTrees,1317,5,1900.0,1908.2187636386443,base
UCS,ExtraTrees,1318,5,1000.0,1898.7876786350716,base
UCS,ExtraTrees,1319,5,1000.0,1970.5219888613715,base
UCS,ExtraTrees,1320,5,650.0,1792.9004109942575,base
UCS,ExtraTrees,1321,5,1630.0,2604.5486200219757,base
UCS,ExtraTrees,1322,5,1900.0,2797.721518714285,base
UCS,ExtraTrees,1323,5,1590.0,2618.45380704762,base
UCS,ExtraTrees,1324,5,1130.0,2449.9156638571435,base
UCS,ExtraTrees,1325,5,1540.0,2513.615186380953,base
UCS,ExtraTrees,1326,5,1490.0,2688.002846047617,base
UCS,ExtraTrees,1327,5,1360.0,2576.808839180952,base
UCS,ExtraTrees,1328,5,1030.0,2376.7474050527467,base
UCS,ExtraTrees,1329,5,890.0,2184.6887015690636,base
UCS,ExtraTrees,1330,5,630.0,1783.6188584607187,base
CBR,HGB,1891,1,8.0,7.0165781085777885,base
CBR,HGB,1892,1,8.0,7.0165781085777885,base
CBR,HGB,1893,1,8.1,7.0165781085777885,base
CBR,HGB,1894,1,8.1,7.0165781085777885,base
CBR,HGB,1895,1,8.2,7.0165781085777885,base
CBR,HGB,1896,1,8.2,7.0165781085777885,base
CBR,HGB,1897,1,8.2,4.607817576349718,base
CBR,HGB,1898,1,8.2,4.607817576349718,base
CBR,HGB,1899,1,8.3,4.607817576349718,base
CBR,HGB,1900,1,8.3,4.607817576349718,base
CBR,HGB,1901,1,8.5,4.4125305492454965,base
CBR,HGB,1902,1,8.5,4.4125305492454965,base
CBR,HGB,1903,1,8.55,7.481217811578479,base
CBR,HGB,1904,1,8.55,7.481217811578479,base
CBR,HGB,1905,1,8.6,7.481217811578479,base
CBR,HGB,1906,1,8.6,7.481217811578479,base
CBR,HGB,1907,1,8.6,6.875369109407249,base
CBR,HGB,1908,1,8.6,6.875369109407249,base
CBR,HGB,1909,1,8.85,6.875369109407249,base
CBR,HGB,1910,1,8.85,6.875369109407249,base
CBR,HGB,1911,1,9.2,6.875369109407249,base
CBR,HGB,1912,1,9.2,6.875369109407249,base
CBR,HGB,1913,1,9.25,7.035509591358824,base
CBR,HGB,1914,1,9.25,7.035509591358824,base
CBR,HGB,1915,1,9.4,7.035509591358824,base
CBR,HGB,1916,1,9.4,7.035509591358824,base
CBR,HGB,1917,1,9.5,7.035509591358824,base
CBR,HGB,1918,1,9.5,7.035509591358824,base
CBR,HGB,1919,1,9.7,7.035509591358824,base
CBR,HGB,1920,1,9.7,7.035509591358824,base
CBR,HGB,1921,1,9.8,7.035509591358824,base
CBR,HGB,1922,1,9.8,7.035509591358824,base
CBR,HGB,1923,1,9.8,7.035509591358824,base
CBR,HGB,1924,1,9.8,7.035509591358824,base
CBR,HGB,1925,1,9.85,7.035509591358824,base
CBR,HGB,1926,1,9.85,7.035509591358824,base
CBR,HGB,1927,1,9.92,7.035509591358824,base
CBR,HGB,1928,1,9.92,7.035509591358824,base
CBR,HGB,1929,1,9.96,4.794597725681923,base
CBR,HGB,1930,1,9.96,4.794597725681923,base
CBR,HGB,1931,1,10.4,4.794597725681923,base
CBR,HGB,1932,1,10.4,4.794597725681923,base
CBR,HGB,1933,1,10.4,5.151646851861266,base
CBR,HGB,1934,1,10.4,5.151646851861266,base
CBR,HGB,1935,1,10.7,5.151646851861266,base
CBR,HGB,1936,1,10.7,5.151646851861266,base
CBR,HGB,1937,1,11.0,4.011807352027687,base
CBR,HGB,1938,1,11.0,4.011807352027687,base
CBR,HGB,1939,1,11.6,4.011807352027687,base
CBR,HGB,1940,1,11.6,4.011807352027687,base
CBR,HGB,1941,1,12.0,4.159809479719315,base
CBR,HGB,1942,1,12.0,4.159809479719315,base
CBR,HGB,1943,1,12.1,4.159809479719315,base
CBR,HGB,1944,1,12.1,4.159809479719315,base
CBR,HGB,1945,1,12.4,3.9757072061999303,base
CBR,HGB,1946,1,12.4,3.9757072061999303,base
CBR,HGB,1947,1,12.9,3.9757072061999303,base
CBR,HGB,1948,1,12.9,3.9757072061999303,base
CBR,HGB,1949,1,13.3,3.9757072061999303,base
CBR,HGB,1950,1,13.3,3.9757072061999303,base
CBR,HGB,1951,1,13.8,3.9757072061999303,base
CBR,HGB,1952,1,13.8,3.9757072061999303,base
CBR,HGB,1953,1,13.9,5.44742342138552,base
CBR,HGB,1954,1,13.9,5.44742342138552,base
CBR,HGB,1955,1,14.2,5.681726040823963,base
CBR,HGB,1956,1,14.2,5.681726040823963,base
CBR,HGB,1957,1,14.5,5.681726040823963,base
CBR,HGB,1958,1,14.5,5.681726040823963,base
CBR,HGB,1959,1,14.7,5.681726040823963,base
CBR,HGB,1960,1,14.7,5.681726040823963,base
CBR,HGB,1961,1,14.8,5.061311687475726,base
CBR,HGB,1962,1,14.8,5.061311687475726,base
CBR,HGB,1963,1,15.0,4.515506308381302,base
CBR,HGB,1964,1,15.0,4.515506308381302,base
CBR,HGB,1965,1,15.3,4.490213402663215,base
CBR,HGB,1966,1,15.3,4.490213402663215,base
CBR,HGB,1967,1,15.7,4.490213402663215,base
CBR,HGB,1968,1,15.7,4.490213402663215,base
CBR,HGB,1969,1,15.9,4.381631498436892,base
CBR,HGB,1970,1,15.9,4.381631498436892,base
CBR,HGB,1971,1,16.0,4.381631498436892,base
CBR,HGB,1972,1,16.0,4.381631498436892,base
CBR,HGB,1973,1,16.3,4.381631498436892,base
CBR,HGB,1974,1,16.3,4.381631498436892,base
CBR,HGB,1975,1,16.8,4.381631498436892,base
CBR,HGB,1976,1,16.8,4.381631498436892,base
CBR,HGB,1977,1,17.5,4.381631498436892,base
CBR,HGB,1978,1,17.5,4.381631498436892,base
CBR,HGB,1979,1,17.8,4.381631498436892,base
CBR,HGB,1980,1,17.8,4.381631498436892,base
CBR,HGB,1981,1,18.0,4.48873320938346,base
CBR,HGB,1982,1,18.0,4.48873320938346,base
CBR,HGB,1983,1,18.1,4.2868636212658275,base
CBR,HGB,1984,1,18.1,4.2868636212658275,base
CBR,HGB,1985,1,18.3,4.400393310583796,base
CBR,HGB,1986,1,18.3,4.400393310583796,base
CBR,HGB,1987,1,18.8,4.400393310583796,base
CBR,HGB,1988,1,18.8,4.400393310583796,base
CBR,HGB,1989,1,19.5,12.776634509186593,base
CBR,HGB,1990,1,19.5,12.776634509186593,base
CBR,HGB,1991,1,19.8,12.776634509186593,base
CBR,HGB,1992,1,19.8,12.776634509186593,base
CBR,HGB,1993,1,19.9,8.309680696980102,base
CBR,HGB,1994,1,19.9,8.309680696980102,base
CBR,HGB,1995,1,20.0,8.103867410385373,base
CBR,HGB,1996,1,20.0,8.103867410385373,base
CBR,HGB,1997,1,20.3,8.157261453085905,base
CBR,HGB,1998,1,20.3,8.157261453085905,base
CBR,HGB,1999,1,20.9,8.494982279511255,base
CBR,HGB,2000,1,20.9,8.494982279511255,base
CBR,HGB,2001,1,21.7,8.494982279511255,base
CBR,HGB,2002,1,21.7,8.494982279511255,base
CBR,HGB,2003,1,21.9,8.501585133522834,base
CBR,HGB,2004,1,21.9,8.501585133522834,base
CBR,HGB,2005,1,22.1,12.84010849328173,base
CBR,HGB,2006,1,22.1,12.84010849328173,base
CBR,HGB,2007,1,22.3,12.84010849328173,base
CBR,HGB,2008,1,22.3,12.84010849328173,base
CBR,HGB,2009,1,22.5,9.635567218491826,base
CBR,HGB,2010,1,22.5,9.635567218491826,base
CBR,HGB,2011,1,22.8,5.547296123502467,base
CBR,HGB,2012,1,22.8,5.547296123502467,base
CBR,HGB,2013,1,23.1,5.547296123502467,base
CBR,HGB,2014,1,23.1,5.547296123502467,base
CBR,HGB,2015,1,23.3,5.474303935639872,base
CBR,HGB,2016,1,23.3,5.474303935639872,base
CBR,HGB,2017,1,23.7,5.474303935639872,base
CBR,HGB,2018,1,23.7,5.474303935639872,base
CBR,HGB,2019,1,23.8,10.148315590387071,base
CBR,HGB,2020,1,23.8,10.148315590387071,base
CBR,HGB,2021,1,24.0,10.495565514174807,base
CBR,HGB,2022,1,24.0,10.495565514174807,base
CBR,HGB,2023,1,24.3,10.495565514174807,base
CBR,HGB,2024,1,24.3,10.495565514174807,base
CBR,HGB,2025,1,24.9,11.174167196970348,base
CBR,HGB,2026,1,24.9,11.174167196970348,base
CBR,HGB,2027,1,25.2,11.174167196970348,base
CBR,HGB,2028,1,25.2,11.174167196970348,base
CBR,HGB,2029,1,25.5,28.845432696601595,base
CBR,HGB,2030,1,25.5,28.845432696601595,base
CBR,HGB,2031,1,25.9,28.845432696601595,base
CBR,HGB,2032,1,25.9,28.845432696601595,base
CBR,HGB,2033,1,26.2,30.735175571978406,base
CBR,HGB,2034,1,26.2,30.735175571978406,base
CBR,HGB,2035,1,26.6,31.24842054826644,base
CBR,HGB,2036,1,26.6,31.24842054826644,base
CBR,HGB,2037,1,27.0,31.082629117727524,base
CBR,HGB,2038,1,27.0,31.082629117727524,base
CBR,HGB,2039,1,27.3,30.550525316255406,base
CBR,HGB,2040,1,27.3,30.550525316255406,base
CBR,HGB,2041,1,27.6,30.550525316255406,base
CBR,HGB,2042,1,27.6,30.550525316255406,base
CBR,HGB,2043,1,27.7,30.336208944507966,base
CBR,HGB,2044,1,27.7,30.336208944507966,base
CBR,HGB,2045,1,28.3,30.336208944507966,base
CBR,HGB,2046,1,28.3,30.336208944507966,base
CBR,HGB,2047,1,28.5,30.336208944507966,base
CBR,HGB,2048,1,28.5,30.336208944507966,base
CBR,HGB,2049,1,28.7,30.386350121737788,base
CBR,HGB,2050,1,28.7,30.386350121737788,base
CBR,HGB,2051,1,29.0,30.386350121737788,base
CBR,HGB,2052,1,29.0,30.386350121737788,base
CBR,HGB,2053,1,29.3,30.386350121737788,base
CBR,HGB,2054,1,29.3,30.386350121737788,base
CBR,HGB,2055,1,29.9,30.386350121737788,base
CBR,HGB,2056,1,29.9,30.386350121737788,base
CBR,HGB,2057,1,30.4,30.386350121737788,base
CBR,HGB,2058,1,30.4,30.386350121737788,base
CBR,HGB,2059,1,30.7,30.386350121737788,base
CBR,HGB,2060,1,30.7,30.386350121737788,base
CBR,HGB,2061,1,31.2,30.386350121737788,base
CBR,HGB,2062,1,31.2,30.386350121737788,base
CBR,HGB,2063,1,31.5,30.386350121737788,base
CBR,HGB,2064,1,31.5,30.386350121737788,base
CBR,HGB,2065,1,32.1,26.57027583608483,base
CBR,HGB,2066,1,32.1,26.57027583608483,base
CBR,HGB,2067,1,32.4,29.9643445543811,base
CBR,HGB,2068,1,32.4,29.9643445543811,base
CBR,HGB,2069,1,33.5,29.9643445543811,base
CBR,HGB,2070,1,33.5,29.9643445543811,base
CBR,HGB,2071,1,34.0,27.025619264941348,base
CBR,HGB,2072,1,34.0,27.025619264941348,base
CBR,HGB,2073,1,34.5,27.025619264941348,base
CBR,HGB,2074,1,34.5,27.025619264941348,base
CBR,HGB,2075,1,34.8,27.025619264941348,base
CBR,HGB,2076,1,34.8,27.025619264941348,base
CBR,HGB,2077,1,35.2,27.025619264941348,base
CBR,HGB,2078,1,35.2,27.025619264941348,base
CBR,HGB,2079,1,35.8,27.025619264941348,base
CBR,HGB,2080,1,35.8,27.025619264941348,base
CBR,HGB,2081,1,36.0,27.025619264941348,base
CBR,HGB,2082,1,36.0,27.025619264941348,base
CBR,HGB,2083,1,36.5,27.025619264941348,base
CBR,HGB,2084,1,36.5,27.025619264941348,base
CBR,HGB,2085,1,36.9,27.025619264941348,base
CBR,HGB,2086,1,36.9,27.025619264941348,base
CBR,HGB,2087,1,37.6,27.025619264941348,base
CBR,HGB,2088,1,37.6,27.025619264941348,base
CBR,HGB,2089,1,37.8,27.025619264941348,base
CBR,HGB,2090,1,37.8,27.025619264941348,base
CBR,HGB,2091,1,38.0,27.025619264941348,base
CBR,HGB,2092,1,38.0,27.025619264941348,base
CBR,HGB,2093,1,38.3,22.82950291190167,base
CBR,HGB,2094,1,38.3,22.82950291190167,base
CBR,HGB,2095,1,38.5,22.640402794001876,base
CBR,HGB,2096,1,38.5,22.640402794001876,base
CBR,HGB,2097,1,38.9,22.876279838732593,base
CBR,HGB,2098,1,38.9,22.876279838732593,base
CBR,HGB,2099,1,39.6,22.876279838732593,base
CBR,HGB,2100,1,39.6,22.876279838732593,base
CBR,HGB,2101,1,40.0,22.876279838732593,base
CBR,HGB,2102,1,40.0,22.876279838732593,base
CBR,HGB,2103,1,41.1,22.876279838732593,base
CBR,HGB,2104,1,41.1,22.876279838732593,base
CBR,HGB,2105,1,42.4,22.876279838732593,base
CBR,HGB,2106,1,42.4,22.876279838732593,base
CBR,HGB,2107,1,43.2,22.876279838732593,base
CBR,HGB,2108,1,43.2,22.876279838732593,base
CBR,HGB,2109,1,43.5,22.876279838732593,base
CBR,HGB,2110,1,43.5,22.876279838732593,base
CBR,HGB,2111,1,44.0,22.876279838732593,base
CBR,HGB,2112,1,44.0,22.876279838732593,base
CBR,HGB,2113,1,44.0,22.876279838732593,base
CBR,HGB,2114,1,44.0,22.876279838732593,base
CBR,HGB,2115,1,44.5,22.876279838732593,base
CBR,HGB,2116,1,44.5,22.876279838732593,base
CBR,HGB,2117,1,44.6,22.876279838732593,base
CBR,HGB,2118,1,44.6,22.876279838732593,base
CBR,HGB,2119,1,44.6,22.876279838732593,base
CBR,HGB,2120,1,44.6,22.876279838732593,base
CBR,HGB,2121,1,43.8,22.876279838732593,base
CBR,HGB,2122,1,43.8,22.876279838732593,base
CBR,HGB,2123,1,43.8,22.876279838732593,base
CBR,HGB,2124,1,43.8,22.876279838732593,base
CBR,HGB,2125,1,43.7,22.876279838732593,base
CBR,HGB,2126,1,43.7,22.876279838732593,base
CBR,HGB,2127,1,43.6,23.498083936284633,base
CBR,HGB,2128,1,43.6,23.498083936284633,base
CBR,HGB,2129,1,43.5,23.498083936284633,base
CBR,HGB,2130,1,43.5,23.498083936284633,base
CBR,HGB,2131,1,43.4,23.498083936284633,base
CBR,HGB,2132,1,43.4,23.498083936284633,base
CBR,HGB,1728,2,4.72,22.982649336594765,base
CBR,HGB,1729,2,6.34,22.982649336594765,base
CBR,HGB,1730,2,5.03,18.744963976606133,base
CBR,HGB,1731,2,7.78,18.744963976606133,base
CBR,HGB,1732,2,5.56,21.852902014490528,base
CBR,HGB,1733,2,8.42,21.852902014490528,base
CBR,HGB,1734,2,6.34,21.493236425420925,base
CBR,HGB,1735,2,1.022,21.493236425420925,base
CBR,HGB,1736,2,7.69,19.065610547070843,base
CBR,HGB,1737,2,12.31,19.065610547070843,base
CBR,HGB,1738,2,5.21,21.4598573060313,base
CBR,HGB,1739,2,9.71,21.4598573060313,base
CBR,HGB,1740,2,10.5,27.552616868418138,base
CBR,HGB,1741,2,10.5,27.552616868418138,base
CBR,HGB,1742,2,11.9,27.552616868418138,base
CBR,HGB,1743,2,11.9,27.552616868418138,base
CBR,HGB,1744,2,25.477,27.552616868418138,base
CBR,HGB,1745,2,27.794,27.552616868418138,base
CBR,HGB,1746,2,28.364,27.552616868418138,base
CBR,HGB,1747,2,33.828,27.552616868418138,base
CBR,HGB,1748,2,32.922,27.552616868418138,base
CBR,HGB,1749,2,43.11,27.552616868418138,base
CBR,HGB,1750,2,46.84,27.552616868418138,base
CBR,HGB,1751,2,55.947,27.552616868418138,base
CBR,HGB,1752,2,30.11,27.552616868418138,base
CBR,HGB,1753,2,50.955,27.552616868418138,base
CBR,HGB,1754,2,50.483,27.552616868418138,base
CBR,HGB,1755,2,59.07,27.552616868418138,base
CBR,HGB,1756,2,20.514,27.552616868418138,base
CBR,HGB,1757,2,78.587,27.552616868418138,base
CBR,HGB,1758,2,91.338,27.552616868418138,base
CBR,HGB,1759,2,122.304,27.552616868418138,base
CBR,HGB,1760,2,4.5,5.2142617331313055,base
CBR,HGB,1761,2,4.3,5.2142617331313055,base
CBR,HGB,1762,2,2.4,33.592120373211415,base
CBR,HGB,1763,2,4.1,33.592120373211415,base
CBR,HGB,1764,2,2.55,39.63214083495832,base
CBR,HGB,1765,2,4.6,39.63214083495832,base
CBR,HGB,1766,2,3.4,39.20436839868712,base
CBR,HGB,1767,2,6.3,39.20436839868712,base
CBR,HGB,1768,2,5.2,32.761854845903976,base
CBR,HGB,1769,2,6.16,32.761854845903976,base
CBR,HGB,1770,2,7.313,32.761854845903976,base
CBR,HGB,1771,2,12.465,36.28574807168036,base
CBR,HGB,1772,2,14.756,36.28574807168036,base
CBR,HGB,1773,2,17.164,36.28574807168036,base
CBR,HGB,1774,2,20.958,36.09073595260796,base
CBR,HGB,1775,2,26.074,36.09073595260796,base
CBR,HGB,1776,2,29.08,36.09073595260796,base
CBR,HGB,1777,2,27.534,32.85380253539784,base
CBR,HGB,1778,2,34.383,32.85380253539784,base
CBR,HGB,1779,2,40.652,32.85380253539784,base
CBR,HGB,1780,2,35.616,33.19726408354709,base
CBR,HGB,1781,2,29.541,33.19726408354709,base
CBR,HGB,1782,2,41.839,33.19726408354709,base
CBR,HGB,1783,2,22.4,37.79879568087077,base
CBR,HGB,1784,2,24.3,37.93123874292477,base
CBR,HGB,1785,2,26.7,37.93123874292477,base
CBR,HGB,1786,2,25.12,37.79879568087077,base
CBR,HGB,1787,2,27.14,37.93123874292477,base
CBR,HGB,1788,2,31.16,37.93123874292477,base
CBR,HGB,1789,2,26.11,37.979643705028764,base
CBR,HGB,1790,2,28.13,38.08979232284497,base
CBR,HGB,1791,2,30.12,38.08979232284497,base
CBR,HGB,1792,2,1.0,17.817974393155787,base
CBR,HGB,1793,2,1.0,14.699103637909909,base
CBR,HGB,1794,2,1.0,17.817974393155787,base
CBR,HGB,1795,2,25.0,17.817974393155787,base
CBR,HGB,1796,2,26.0,14.699103637909909,base
CBR,HGB,1797,2,17.0,17.817974393155787,base
CBR,HGB,1798,2,2.0,17.817974393155787,base
CBR,HGB,1799,2,1.0,14.699103637909909,base
CBR,HGB,1800,2,1.0,17.817974393155787,base
CBR,HGB,1801,2,24.0,17.817974393155787,base
CBR,HGB,1802,2,28.0,14.699103637909909,base
CBR,HGB,1803,2,19.0,17.817974393155787,base
CBR,HGB,1804,2,1.0,17.817974393155787,base
CBR,HGB,1805,2,1.0,14.699103637909909,base
CBR,HGB,1806,2,1.0,17.817974393155787,base
CBR,HGB,1807,2,29.0,17.817974393155787,base
CBR,HGB,1808,2,31.0,14.699103637909909,base
CBR,HGB,1809,2,21.0,17.817974393155787,base
CBR,HGB,1810,2,2.0,17.817974393155787,base
CBR,HGB,1811,2,2.0,14.699103637909909,base
CBR,HGB,1812,2,1.0,17.817974393155787,base
CBR,HGB,1813,2,18.0,17.817974393155787,base
CBR,HGB,1814,2,33.0,14.699103637909909,base
CBR,HGB,1815,2,15.0,17.817974393155787,base
CBR,HGB,1816,2,3.0,18.472690832394854,base
CBR,HGB,1817,2,4.0,15.160891006098044,base
CBR,HGB,1818,2,1.0,18.472690832394854,base
CBR,HGB,1819,2,23.0,18.472690832394854,base
CBR,HGB,1820,2,40.0,15.160891006098044,base
CBR,HGB,1821,2,14.0,18.472690832394854,base
CBR,HGB,1822,2,4.0,18.43699252802793,base
CBR,HGB,1823,2,5.0,15.130356734006707,base
CBR,HGB,1824,2,1.0,18.43699252802793,base
CBR,HGB,1825,2,26.0,18.43699252802793,base
CBR,HGB,1826,2,49.0,15.130356734006707,base
CBR,HGB,1827,2,11.0,18.43699252802793,base
CBR,HGB,1828,2,2.0,17.817974393155787,base
CBR,HGB,1829,2,3.0,14.699103637909909,base
CBR,HGB,1830,2,1.0,17.817974393155787,base
CBR,HGB,1831,2,22.0,17.817974393155787,base
CBR,HGB,1832,2,31.0,14.699103637909909,base
CBR,HGB,1833,2,29.0,17.817974393155787,base
CBR,HGB,1834,2,4.0,18.43458702267993,base
CBR,HGB,1835,2,5.0,15.130356734006707,base
CBR,HGB,1836,2,2.0,18.43458702267993,base
CBR,HGB,1837,2,32.0,18.43458702267993,base
CBR,HGB,1838,2,38.0,15.130356734006707,base
CBR,HGB,1839,2,31.0,18.43458702267993,base
CBR,HGB,1840,2,6.0,18.43699252802793,base
CBR,HGB,1841,2,6.0,15.130356734006707,base
CBR,HGB,1842,2,3.0,18.43699252802793,base
CBR,HGB,1843,2,39.0,18.43699252802793,base
CBR,HGB,1844,2,42.0,15.130356734006707,base
CBR,HGB,1845,2,33.0,18.43699252802793,base
CBR,HGB,1846,2,4.0,17.817974393155787,base
CBR,HGB,1847,2,6.0,14.699103637909909,base
CBR,HGB,1848,2,3.0,17.817974393155787,base
CBR,HGB,1849,2,21.0,17.817974393155787,base
CBR,HGB,1850,2,47.0,14.699103637909909,base
CBR,HGB,1851,2,33.0,17.817974393155787,base
CBR,HGB,1852,2,6.0,18.43458702267993,base
CBR,HGB,1853,2,10.0,15.130356734006707,base
CBR,HGB,1854,2,5.0,18.43458702267993,base
CBR,HGB,1855,2,30.0,18.43458702267993,base
CBR,HGB,1856,2,49.0,15.130356734006707,base
CBR,HGB,1857,2,37.0,18.43458702267993,base
CBR,HGB,1858,2,7.0,18.444469391363924,base
CBR,HGB,1859,2,12.0,15.137833597342702,base
CBR,HGB,1860,2,6.0,18.444469391363924,base
CBR,HGB,1861,2,43.0,18.444469391363924,base
CBR,HGB,1862,2,54.0,15.137833597342702,base
CBR,HGB,1863,2,43.0,18.444469391363924,base
CBR,HGB,1864,2,1.2,7.389508730872924,base
CBR,HGB,1865,2,1.0,7.389508730872924,base
CBR,HGB,1866,2,3.0,7.389508730872924,base
CBR,HGB,1867,2,3.2,7.389508730872924,base
CBR,HGB,1868,2,4.0,7.385927785404082,base
CBR,HGB,1869,2,5.1,7.385927785404082,base
CBR,HGB,1870,2,8.0,8.057268915726027,base
CBR,HGB,1871,2,10.5,8.057268915726027,base
CBR,HGB,1872,2,9.0,7.530927463631542,base
CBR,HGB,1873,2,11.0,7.530927463631542,base
CBR,HGB,1874,2,10.75,11.209312578547408,base
CBR,HGB,1875,2,7.39,11.209312578547408,base
CBR,HGB,1876,2,8.1,33.208267799444044,base
CBR,HGB,1877,2,11.65,33.10766306775043,base
CBR,HGB,1878,2,15.97,33.10766306775043,base
CBR,HGB,1879,2,12.93,33.49887011513183,base
CBR,HGB,1880,2,22.44,32.518360164297896,base
CBR,HGB,1881,2,15.26,43.16690917974542,base
CBR,HGB,1882,2,13.96,43.1762491734842,base
CBR,HGB,1883,2,10.68,43.08885212657292,base
CBR,HGB,1884,2,6.75,34.27028672249278,base
CBR,HGB,1885,2,3.82,34.82811964018499,base
CBR,HGB,1886,2,14.07,43.16690917974542,base
CBR,HGB,1887,2,13.06,43.1762491734842,base
CBR,HGB,1888,2,10.06,43.08885212657292,base
CBR,HGB,1889,2,7.3,34.27028672249278,base
CBR,HGB,1890,2,4.16,34.82811964018499,base
CBR,HGB,2133,3,8.94,14.850781853480765,base
CBR,HGB,2134,3,8.94,14.850781853480765,base
CBR,HGB,2135,3,7.63,14.850781853480765,base
CBR,HGB,2136,3,7.63,14.850781853480765,base
CBR,HGB,2137,3,5.94,14.850781853480765,base
CBR,HGB,2138,3,5.94,14.850781853480765,base
CBR,HGB,2139,3,4.93,15.290625827027933,base
CBR,HGB,2140,3,4.93,15.290625827027933,base
CBR,HGB,2141,3,3.279,13.31302275942259,base
CBR,HGB,2142,3,3.279,13.31302275942259,base
CBR,HGB,2143,3,3.923,13.31302275942259,base
CBR,HGB,2144,3,3.923,13.31302275942259,base
CBR,HGB,2145,3,4.772,13.740038142273358,base
CBR,HGB,2146,3,4.772,13.740038142273358,base
CBR,HGB,2147,3,3.347,13.740038142273358,base
CBR,HGB,2148,3,3.347,13.740038142273358,base
CBR,HGB,2149,3,4.76,17.79909260044917,base
CBR,HGB,2150,3,4.76,17.79909260044917,base
CBR,HGB,2151,3,4.5,10.091561539043605,base
CBR,HGB,2152,3,4.5,10.091561539043605,base
CBR,HGB,2153,3,5.5,10.372682108392302,base
CBR,HGB,2154,3,5.5,10.372682108392302,base
CBR,HGB,2155,3,7.3,10.372682108392302,base
CBR,HGB,2156,3,7.3,10.372682108392302,base
CBR,HGB,2157,3,12.0,10.372682108392302,base
CBR,HGB,2158,3,12.0,10.372682108392302,base
CBR,HGB,2159,3,6.5,21.63183565038836,base
CBR,HGB,2160,3,6.5,21.63183565038836,base
CBR,HGB,2161,3,14.0,21.63183565038836,base
CBR,HGB,2162,3,14.0,21.63183565038836,base
CBR,HGB,2163,3,7.0,18.461422251365157,base
CBR,HGB,2164,3,7.0,18.461422251365157,base
CBR,HGB,2165,3,15.5,18.461422251365157,base
CBR,HGB,2166,3,15.5,18.461422251365157,base
CBR,HGB,2167,3,7.2,17.977245484938873,base
CBR,HGB,2168,3,7.2,17.977245484938873,base
CBR,HGB,2169,3,10.2,17.977245484938873,base
CBR,HGB,2170,3,10.2,17.977245484938873,base
CBR,HGB,2171,3,16.7,17.977245484938873,base
CBR,HGB,2172,3,16.7,17.977245484938873,base
CBR,HGB,2173,3,5.6,10.971332381636516,base
CBR,HGB,2174,3,5.6,10.971332381636516,base
CBR,HGB,2175,3,6.0,10.971332381636516,base
CBR,HGB,2176,3,6.0,10.971332381636516,base
CBR,HGB,2177,3,0.9,21.621368480162904,base
CBR,HGB,2178,3,0.9,21.621368480162904,base
CBR,HGB,2179,3,1.8,14.28272594180272,base
CBR,HGB,2180,3,1.8,14.28272594180272,base
CBR,HGB,2181,3,3.76,15.290625827027933,base
CBR,HGB,2182,3,3.76,15.290625827027933,base
CBR,HGB,2183,3,4.178,13.740038142273358,base
CBR,HGB,2184,3,4.178,13.740038142273358,base
CBR,HGB,2185,3,3.0,10.091561539043605,base
CBR,HGB,2186,3,3.0,10.091561539043605,base
CBR,HGB,2187,3,6.8,10.091561539043605,base
CBR,HGB,2188,3,6.8,10.091561539043605,base
CBR,HGB,2189,3,8.6,21.63183565038836,base
CBR,HGB,2190,3,8.6,21.63183565038836,base
CBR,HGB,2191,3,9.7,18.461422251365157,base
CBR,HGB,2192,3,9.7,18.461422251365157,base
CBR,HGB,2193,3,8.3,10.971332381636516,base
CBR,HGB,2194,3,8.3,10.971332381636516,base
CBR,HGB,2195,3,10.68,15.290625827027933,base
CBR,HGB,2196,3,10.68,15.290625827027933,base
CBR,HGB,2197,3,30.66,15.072148027923776,base
CBR,HGB,2198,3,30.66,15.072148027923776,base
CBR,HGB,2199,3,58.67,14.850781853480765,base
CBR,HGB,2200,3,58.67,14.850781853480765,base
CBR,HGB,2201,3,9.0,21.619646419068236,base
CBR,HGB,2202,3,9.0,21.619646419068236,base
CBR,HGB,2203,3,5.1,15.290625827027933,base
CBR,HGB,2204,3,5.1,15.290625827027933,base
CBR,HGB,2205,3,20.0,15.290625827027933,base
CBR,HGB,2206,3,20.0,15.290625827027933,base
CBR,HGB,2207,3,24.0,15.290625827027933,base
CBR,HGB,2208,3,24.0,15.290625827027933,base
CBR,HGB,2209,3,30.0,15.072148027923776,base
CBR,HGB,2210,3,30.0,15.072148027923776,base
CBR,HGB,2211,3,51.0,14.850781853480765,base
CBR,HGB,2212,3,51.0,14.850781853480765,base
CBR,ExtraTrees,1891,1,8.0,11.537017393939404,base
CBR,ExtraTrees,1892,1,8.0,11.537017393939404,base
CBR,ExtraTrees,1893,1,8.1,11.537017393939404,base
CBR,ExtraTrees,1894,1,8.1,11.537017393939404,base
CBR,ExtraTrees,1895,1,8.2,11.051169393939405,base
CBR,ExtraTrees,1896,1,8.2,11.051169393939405,base
CBR,ExtraTrees,1897,1,8.2,9.346504727272741,base
CBR,ExtraTrees,1898,1,8.2,9.346504727272741,base
CBR,ExtraTrees,1899,1,8.3,9.151224727272739,base
CBR,ExtraTrees,1900,1,8.3,9.151224727272739,base
CBR,ExtraTrees,1901,1,8.5,8.271822727272747,base
CBR,ExtraTrees,1902,1,8.5,8.271822727272747,base
CBR,ExtraTrees,1903,1,8.55,7.997588727272742,base
CBR,ExtraTrees,1904,1,8.55,7.997588727272742,base
CBR,ExtraTrees,1905,1,8.6,7.9625947272727435,base
CBR,ExtraTrees,1906,1,8.6,7.9625947272727435,base
CBR,ExtraTrees,1907,1,8.6,7.649524727272748,base
CBR,ExtraTrees,1908,1,8.6,7.649524727272748,base
CBR,ExtraTrees,1909,1,8.85,7.5995567272727484,base
CBR,ExtraTrees,1910,1,8.85,7.5995567272727484,base
CBR,ExtraTrees,1911,1,9.2,7.139182793939421,base
CBR,ExtraTrees,1912,1,9.2,7.139182793939421,base
CBR,ExtraTrees,1913,1,9.25,6.98668479393942,base
CBR,ExtraTrees,1914,1,9.25,6.98668479393942,base
CBR,ExtraTrees,1915,1,9.4,6.628699793939422,base
CBR,ExtraTrees,1916,1,9.4,6.628699793939422,base
CBR,ExtraTrees,1917,1,9.5,6.2800851272727565,base
CBR,ExtraTrees,1918,1,9.5,6.2800851272727565,base
CBR,ExtraTrees,1919,1,9.7,6.003371127272759,base
CBR,ExtraTrees,1920,1,9.7,6.003371127272759,base
CBR,ExtraTrees,1921,1,9.8,5.836858527272762,base
CBR,ExtraTrees,1922,1,9.8,5.836858527272762,base
CBR,ExtraTrees,1923,1,9.8,5.6076295272727625,base
CBR,ExtraTrees,1924,1,9.8,5.6076295272727625,base
CBR,ExtraTrees,1925,1,9.85,5.530121527272763,base
CBR,ExtraTrees,1926,1,9.85,5.530121527272763,base
CBR,ExtraTrees,1927,1,9.92,5.092257527272766,base
CBR,ExtraTrees,1928,1,9.92,5.092257527272766,base
CBR,ExtraTrees,1929,1,9.96,4.776757527272765,base
CBR,ExtraTrees,1930,1,9.96,4.776757527272765,base
CBR,ExtraTrees,1931,1,10.4,4.549955527272762,base
CBR,ExtraTrees,1932,1,10.4,4.549955527272762,base
CBR,ExtraTrees,1933,1,10.4,4.244841527272761,base
CBR,ExtraTrees,1934,1,10.4,4.244841527272761,base
CBR,ExtraTrees,1935,1,10.7,4.244352860606094,base
CBR,ExtraTrees,1936,1,10.7,4.244352860606094,base
CBR,ExtraTrees,1937,1,11.0,4.174346860606089,base
CBR,ExtraTrees,1938,1,11.0,4.174346860606089,base
CBR,ExtraTrees,1939,1,11.6,4.247485793939425,base
CBR,ExtraTrees,1940,1,11.6,4.247485793939425,base
CBR,ExtraTrees,1941,1,12.0,4.247630127272758,base
CBR,ExtraTrees,1942,1,12.0,4.247630127272758,base
CBR,ExtraTrees,1943,1,12.1,4.224407460606088,base
CBR,ExtraTrees,1944,1,12.1,4.224407460606088,base
CBR,ExtraTrees,1945,1,12.4,4.340133365367986,base
CBR,ExtraTrees,1946,1,12.4,4.340133365367986,base
CBR,ExtraTrees,1947,1,12.9,4.450378365367987,base
CBR,ExtraTrees,1948,1,12.9,4.450378365367987,base
CBR,ExtraTrees,1949,1,13.3,4.4747383653679895,base
CBR,ExtraTrees,1950,1,13.3,4.4747383653679895,base
CBR,ExtraTrees,1951,1,13.8,4.508979365367989,base
CBR,ExtraTrees,1952,1,13.8,4.508979365367989,base
CBR,ExtraTrees,1953,1,13.9,4.594457365367991,base
CBR,ExtraTrees,1954,1,13.9,4.594457365367991,base
CBR,ExtraTrees,1955,1,14.2,4.605019698701321,base
CBR,ExtraTrees,1956,1,14.2,4.605019698701321,base
CBR,ExtraTrees,1957,1,14.5,4.629608603463227,base
CBR,ExtraTrees,1958,1,14.5,4.629608603463227,base
CBR,ExtraTrees,1959,1,14.7,4.627956603463226,base
CBR,ExtraTrees,1960,1,14.7,4.627956603463226,base
CBR,ExtraTrees,1961,1,14.8,4.64589769870132,base
CBR,ExtraTrees,1962,1,14.8,4.64589769870132,base
CBR,ExtraTrees,1963,1,15.0,4.672496365367985,base
CBR,ExtraTrees,1964,1,15.0,4.672496365367985,base
CBR,ExtraTrees,1965,1,15.3,4.590940632034652,base
CBR,ExtraTrees,1966,1,15.3,4.590940632034652,base
CBR,ExtraTrees,1967,1,15.7,4.546825965367985,base
CBR,ExtraTrees,1968,1,15.7,4.546825965367985,base
CBR,ExtraTrees,1969,1,15.9,4.583293632034652,base
CBR,ExtraTrees,1970,1,15.9,4.583293632034652,base
CBR,ExtraTrees,1971,1,16.0,4.5690226320346525,base
CBR,ExtraTrees,1972,1,16.0,4.5690226320346525,base
CBR,ExtraTrees,1973,1,16.3,4.596334965367985,base
CBR,ExtraTrees,1974,1,16.3,4.596334965367985,base
CBR,ExtraTrees,1975,1,16.8,4.64823363203465,base
CBR,ExtraTrees,1976,1,16.8,4.64823363203465,base
CBR,ExtraTrees,1977,1,17.5,4.654923298701317,base
CBR,ExtraTrees,1978,1,17.5,4.654923298701317,base
CBR,ExtraTrees,1979,1,17.8,4.69490633333335,base
CBR,ExtraTrees,1980,1,17.8,4.69490633333335,base
CBR,ExtraTrees,1981,1,18.0,5.040606380952393,base
CBR,ExtraTrees,1982,1,18.0,5.040606380952393,base
CBR,ExtraTrees,1983,1,18.1,4.924444095238105,base
CBR,ExtraTrees,1984,1,18.1,4.924444095238105,base
CBR,ExtraTrees,1985,1,18.3,4.997036142857149,base
CBR,ExtraTrees,1986,1,18.3,4.997036142857149,base
CBR,ExtraTrees,1987,1,18.8,5.2849050952381,base
CBR,ExtraTrees,1988,1,18.8,5.2849050952381,base
CBR,ExtraTrees,1989,1,19.5,5.924717866666672,base
CBR,ExtraTrees,1990,1,19.5,5.924717866666672,base
CBR,ExtraTrees,1991,1,19.8,5.949111200000006,base
CBR,ExtraTrees,1992,1,19.8,5.949111200000006,base
CBR,ExtraTrees,1993,1,19.9,6.155427199999997,base
CBR,ExtraTrees,1994,1,19.9,6.155427199999997,base
CBR,ExtraTrees,1995,1,20.0,6.12126426666666,base
CBR,ExtraTrees,1996,1,20.0,6.12126426666666,base
CBR,ExtraTrees,1997,1,20.3,6.723622219047609,base
CBR,ExtraTrees,1998,1,20.3,6.723622219047609,base
CBR,ExtraTrees,1999,1,20.9,7.684491266666642,base
CBR,ExtraTrees,2000,1,20.9,7.684491266666642,base
CBR,ExtraTrees,2001,1,21.7,7.93563793333331,base
CBR,ExtraTrees,2002,1,21.7,7.93563793333331,base
CBR,ExtraTrees,2003,1,21.9,8.551383999999963,base
CBR,ExtraTrees,2004,1,21.9,8.551383999999963,base
CBR,ExtraTrees,2005,1,22.1,9.055049199999965,base
CBR,ExtraTrees,2006,1,22.1,9.055049199999965,base
CBR,ExtraTrees,2007,1,22.3,9.146357199999967,base
CBR,ExtraTrees,2008,1,22.3,9.146357199999967,base
CBR,ExtraTrees,2009,1,22.5,9.211698199999978,base
CBR,ExtraTrees,2010,1,22.5,9.211698199999978,base
CBR,ExtraTrees,2011,1,22.8,9.365454533333319,base
CBR,ExtraTrees,2012,1,22.8,9.365454533333319,base
CBR,ExtraTrees,2013,1,23.1,9.262017199999988,base
CBR,ExtraTrees,2014,1,23.1,9.262017199999988,base
CBR,ExtraTrees,2015,1,23.3,9.660659200000001,base
CBR,ExtraTrees,2016,1,23.3,9.660659200000001,base
CBR,ExtraTrees,2017,1,23.7,10.128679866666682,base
CBR,ExtraTrees,2018,1,23.7,10.128679866666682,base
CBR,ExtraTrees,2019,1,23.8,11.000593200000024,base
CBR,ExtraTrees,2020,1,23.8,11.000593200000024,base
CBR,ExtraTrees,2021,1,24.0,12.15435553333337,base
CBR,ExtraTrees,2022,1,24.0,12.15435553333337,base
CBR,ExtraTrees,2023,1,24.3,13.011679533333377,base
CBR,ExtraTrees,2024,1,24.3,13.011679533333377,base
CBR,ExtraTrees,2025,1,24.9,13.408807533333375,base
CBR,ExtraTrees,2026,1,24.9,13.408807533333375,base
CBR,ExtraTrees,2027,1,25.2,13.916089866666711,base
CBR,ExtraTrees,2028,1,25.2,13.916089866666711,base
CBR,ExtraTrees,2029,1,25.5,14.660279200000051,base
CBR,ExtraTrees,2030,1,25.5,14.660279200000051,base
CBR,ExtraTrees,2031,1,25.9,15.182386533333387,base
CBR,ExtraTrees,2032,1,25.9,15.182386533333387,base
CBR,ExtraTrees,2033,1,26.2,16.55585586666672,base
CBR,ExtraTrees,2034,1,26.2,16.55585586666672,base
CBR,ExtraTrees,2035,1,26.6,18.105051866666695,base
CBR,ExtraTrees,2036,1,26.6,18.105051866666695,base
CBR,ExtraTrees,2037,1,27.0,18.728838533333352,base
CBR,ExtraTrees,2038,1,27.0,18.728838533333352,base
CBR,ExtraTrees,2039,1,27.3,19.130277866666678,base
CBR,ExtraTrees,2040,1,27.3,19.130277866666678,base
CBR,ExtraTrees,2041,1,27.6,19.736662866666677,base
CBR,ExtraTrees,2042,1,27.6,19.736662866666677,base
CBR,ExtraTrees,2043,1,27.7,19.932606200000006,base
CBR,ExtraTrees,2044,1,27.7,19.932606200000006,base
CBR,ExtraTrees,2045,1,28.3,21.044277533333315,base
CBR,ExtraTrees,2046,1,28.3,21.044277533333315,base
CBR,ExtraTrees,2047,1,28.5,21.30524786666664,base
CBR,ExtraTrees,2048,1,28.5,21.30524786666664,base
CBR,ExtraTrees,2049,1,28.7,21.61873753333329,base
CBR,ExtraTrees,2050,1,28.7,21.61873753333329,base
CBR,ExtraTrees,2051,1,29.0,22.177505866666618,base
CBR,ExtraTrees,2052,1,29.0,22.177505866666618,base
CBR,ExtraTrees,2053,1,29.3,22.174540199999957,base
CBR,ExtraTrees,2054,1,29.3,22.174540199999957,base
CBR,ExtraTrees,2055,1,29.9,22.520906533333275,base
CBR,ExtraTrees,2056,1,29.9,22.520906533333275,base
CBR,ExtraTrees,2057,1,30.4,23.055747866666593,base
CBR,ExtraTrees,2058,1,30.4,23.055747866666593,base
CBR,ExtraTrees,2059,1,30.7,23.154254199999922,base
CBR,ExtraTrees,2060,1,30.7,23.154254199999922,base
CBR,ExtraTrees,2061,1,31.2,23.283372199999924,base
CBR,ExtraTrees,2062,1,31.2,23.283372199999924,base
CBR,ExtraTrees,2063,1,31.5,23.42247553333326,base
CBR,ExtraTrees,2064,1,31.5,23.42247553333326,base
CBR,ExtraTrees,2065,1,32.1,23.729893599999926,base
CBR,ExtraTrees,2066,1,32.1,23.729893599999926,base
CBR,ExtraTrees,2067,1,32.4,24.045853933333262,base
CBR,ExtraTrees,2068,1,32.4,24.045853933333262,base
CBR,ExtraTrees,2069,1,33.5,24.095096266666594,base
CBR,ExtraTrees,2070,1,33.5,24.095096266666594,base
CBR,ExtraTrees,2071,1,34.0,24.25207593333326,base
CBR,ExtraTrees,2072,1,34.0,24.25207593333326,base
CBR,ExtraTrees,2073,1,34.5,24.200745266666594,base
CBR,ExtraTrees,2074,1,34.5,24.200745266666594,base
CBR,ExtraTrees,2075,1,34.8,24.200745266666594,base
CBR,ExtraTrees,2076,1,34.8,24.200745266666594,base
CBR,ExtraTrees,2077,1,35.2,24.200745266666594,base
CBR,ExtraTrees,2078,1,35.2,24.200745266666594,base
CBR,ExtraTrees,2079,1,35.8,24.200745266666594,base
CBR,ExtraTrees,2080,1,35.8,24.200745266666594,base
CBR,ExtraTrees,2081,1,36.0,24.200745266666594,base
CBR,ExtraTrees,2082,1,36.0,24.200745266666594,base
CBR,ExtraTrees,2083,1,36.5,24.341735599999932,base
CBR,ExtraTrees,2084,1,36.5,24.341735599999932,base
CBR,ExtraTrees,2085,1,36.9,24.279144599999935,base
CBR,ExtraTrees,2086,1,36.9,24.279144599999935,base
CBR,ExtraTrees,2087,1,37.6,24.299430933333266,base
CBR,ExtraTrees,2088,1,37.6,24.299430933333266,base
CBR,ExtraTrees,2089,1,37.8,24.17278293333327,base
CBR,ExtraTrees,2090,1,37.8,24.17278293333327,base
CBR,ExtraTrees,2091,1,38.0,23.922478599999945,base
CBR,ExtraTrees,2092,1,38.0,23.922478599999945,base
CBR,ExtraTrees,2093,1,38.3,23.73879159999995,base
CBR,ExtraTrees,2094,1,38.3,23.73879159999995,base
CBR,ExtraTrees,2095,1,38.5,23.467834266666628,base
CBR,ExtraTrees,2096,1,38.5,23.467834266666628,base
CBR,ExtraTrees,2097,1,38.9,22.877650933333307,base
CBR,ExtraTrees,2098,1,38.9,22.877650933333307,base
CBR,ExtraTrees,2099,1,39.6,22.369989933333308,base
CBR,ExtraTrees,2100,1,39.6,22.369989933333308,base
CBR,ExtraTrees,2101,1,40.0,22.008217599999977,base
CBR,ExtraTrees,2102,1,40.0,22.008217599999977,base
CBR,ExtraTrees,2103,1,41.1,21.849766933333314,base
CBR,ExtraTrees,2104,1,41.1,21.849766933333314,base
CBR,ExtraTrees,2105,1,42.4,21.736826599999983,base
CBR,ExtraTrees,2106,1,42.4,21.736826599999983,base
CBR,ExtraTrees,2107,1,43.2,21.347118599999984,base
CBR,ExtraTrees,2108,1,43.2,21.347118599999984,base
CBR,ExtraTrees,2109,1,43.5,21.29216826666665,base
CBR,ExtraTrees,2110,1,43.5,21.29216826666665,base
CBR,ExtraTrees,2111,1,44.0,21.233664266666647,base
CBR,ExtraTrees,2112,1,44.0,21.233664266666647,base
CBR,ExtraTrees,2113,1,44.0,21.09679326666665,base
CBR,ExtraTrees,2114,1,44.0,21.09679326666665,base
CBR,ExtraTrees,2115,1,44.5,20.919539933333326,base
CBR,ExtraTrees,2116,1,44.5,20.919539933333326,base
CBR,ExtraTrees,2117,1,44.6,20.76978859999999,base
CBR,ExtraTrees,2118,1,44.6,20.76978859999999,base
CBR,ExtraTrees,2119,1,44.6,20.611629599999993,base
CBR,ExtraTrees,2120,1,44.6,20.611629599999993,base
CBR,ExtraTrees,2121,1,43.8,20.404446533333328,base
CBR,ExtraTrees,2122,1,43.8,20.404446533333328,base
CBR,ExtraTrees,2123,1,43.8,20.2723232,base
CBR,ExtraTrees,2124,1,43.8,20.2723232,base
CBR,ExtraTrees,2125,1,43.7,20.168331866666662,base
CBR,ExtraTrees,2126,1,43.7,20.168331866666662,base
CBR,ExtraTrees,2127,1,43.6,19.832861866666672,base
CBR,ExtraTrees,2128,1,43.6,19.832861866666672,base
CBR,ExtraTrees,2129,1,43.5,19.69587466666668,base
CBR,ExtraTrees,2130,1,43.5,19.69587466666668,base
CBR,ExtraTrees,2131,1,43.4,19.39290733333334,base
CBR,ExtraTrees,2132,1,43.4,19.39290733333334,base
CBR,ExtraTrees,1728,2,4.72,29.115940000000002,base
CBR,ExtraTrees,1729,2,6.34,29.115940000000002,base
CBR,ExtraTrees,1730,2,5.03,28.654819999999997,base
CBR,ExtraTrees,1731,2,7.78,28.654819999999997,base
CBR,ExtraTrees,1732,2,5.56,29.034513333333322,base
CBR,ExtraTrees,1733,2,8.42,29.034513333333322,base
CBR,ExtraTrees,1734,2,6.34,28.41758,base
CBR,ExtraTrees,1735,2,1.022,28.41758,base
CBR,ExtraTrees,1736,2,7.69,27.88116666666667,base
CBR,ExtraTrees,1737,2,12.31,27.88116666666667,base
CBR,ExtraTrees,1738,2,5.21,29.153506666666654,base
CBR,ExtraTrees,1739,2,9.71,29.153506666666654,base
CBR,ExtraTrees,1740,2,10.5,29.13599999999997,base
CBR,ExtraTrees,1741,2,10.5,29.13599999999997,base
CBR,ExtraTrees,1742,2,11.9,29.13599999999997,base
CBR,ExtraTrees,1743,2,11.9,29.13599999999997,base
CBR,ExtraTrees,1744,2,25.477,29.13599999999997,base
CBR,ExtraTrees,1745,2,27.794,29.13599999999997,base
CBR,ExtraTrees,1746,2,28.364,29.13599999999997,base
CBR,ExtraTrees,1747,2,33.828,29.13599999999997,base
CBR,ExtraTrees,1748,2,32.922,29.13599999999997,base
CBR,ExtraTrees,1749,2,43.11,29.13599999999997,base
CBR,ExtraTrees,1750,2,46.84,29.13599999999997,base
CBR,ExtraTrees,1751,2,55.947,29.13599999999997,base
CBR,ExtraTrees,1752,2,30.11,29.13599999999997,base
CBR,ExtraTrees,1753,2,50.955,29.13599999999997,base
CBR,ExtraTrees,1754,2,50.483,29.13599999999997,base
CBR,ExtraTrees,1755,2,59.07,29.13599999999997,base
CBR,ExtraTrees,1756,2,20.514,29.13599999999997,base
CBR,ExtraTrees,1757,2,78.587,29.13599999999997,base
CBR,ExtraTrees,1758,2,91.338,29.13599999999997,base
CBR,ExtraTrees,1759,2,122.304,29.13599999999997,base
CBR,ExtraTrees,1760,2,4.5,6.880296000000037,base
CBR,ExtraTrees,1761,2,4.3,6.880296000000037,base
CBR,ExtraTrees,1762,2,2.4,26.7698026666666,base
CBR,ExtraTrees,1763,2,4.1,26.7698026666666,base
CBR,ExtraTrees,1764,2,2.55,34.69397466666664,base
CBR,ExtraTrees,1765,2,4.6,34.69397466666664,base
CBR,ExtraTrees,1766,2,3.4,33.88359999999998,base
CBR,ExtraTrees,1767,2,6.3,33.88359999999998,base
CBR,ExtraTrees,1768,2,5.2,25.594453999999963,base
CBR,ExtraTrees,1769,2,6.16,25.594453999999963,base
CBR,ExtraTrees,1770,2,7.313,25.594453999999963,base
CBR,ExtraTrees,1771,2,12.465,31.07230666666665,base
CBR,ExtraTrees,1772,2,14.756,31.07230666666665,base
CBR,ExtraTrees,1773,2,17.164,31.07230666666665,base
CBR,ExtraTrees,1774,2,20.958,31.21193333333332,base
CBR,ExtraTrees,1775,2,26.074,31.21193333333332,base
CBR,ExtraTrees,1776,2,29.08,31.21193333333332,base
CBR,ExtraTrees,1777,2,27.534,29.327019999999983,base
CBR,ExtraTrees,1778,2,34.383,29.327019999999983,base
CBR,ExtraTrees,1779,2,40.652,29.327019999999983,base
CBR,ExtraTrees,1780,2,35.616,26.915683999999988,base
CBR,ExtraTrees,1781,2,29.541,26.915683999999988,base
CBR,ExtraTrees,1782,2,41.839,26.915683999999988,base
CBR,ExtraTrees,1783,2,22.4,33.95098600000002,base
CBR,ExtraTrees,1784,2,24.3,34.364606000000016,base
CBR,ExtraTrees,1785,2,26.7,34.364606000000016,base
CBR,ExtraTrees,1786,2,25.12,34.103504000000015,base
CBR,ExtraTrees,1787,2,27.14,34.51712400000001,base
CBR,ExtraTrees,1788,2,31.16,34.51712400000001,base
CBR,ExtraTrees,1789,2,26.11,34.22506000000001,base
CBR,ExtraTrees,1790,2,28.13,34.63868000000001,base
CBR,ExtraTrees,1791,2,30.12,34.63868000000001,base
CBR,ExtraTrees,1792,2,1.0,16.237740000000002,base
CBR,ExtraTrees,1793,2,1.0,14.36343333333335,base
CBR,ExtraTrees,1794,2,1.0,16.237740000000002,base
CBR,ExtraTrees,1795,2,25.0,16.237740000000002,base
CBR,ExtraTrees,1796,2,26.0,14.36343333333335,base
CBR,ExtraTrees,1797,2,17.0,16.237740000000002,base
CBR,ExtraTrees,1798,2,2.0,16.237740000000002,base
CBR,ExtraTrees,1799,2,1.0,14.36343333333335,base
CBR,ExtraTrees,1800,2,1.0,16.237740000000002,base
CBR,ExtraTrees,1801,2,24.0,16.237740000000002,base
CBR,ExtraTrees,1802,2,28.0,14.36343333333335,base
CBR,ExtraTrees,1803,2,19.0,16.237740000000002,base
CBR,ExtraTrees,1804,2,1.0,16.237740000000002,base
CBR,ExtraTrees,1805,2,1.0,14.36343333333335,base
CBR,ExtraTrees,1806,2,1.0,16.237740000000002,base
CBR,ExtraTrees,1807,2,29.0,16.237740000000002,base
CBR,ExtraTrees,1808,2,31.0,14.36343333333335,base
CBR,ExtraTrees,1809,2,21.0,16.237740000000002,base
CBR,ExtraTrees,1810,2,2.0,16.237740000000002,base
CBR,ExtraTrees,1811,2,2.0,14.36343333333335,base
CBR,ExtraTrees,1812,2,1.0,16.237740000000002,base
CBR,ExtraTrees,1813,2,18.0,16.237740000000002,base
CBR,ExtraTrees,1814,2,33.0,14.36343333333335,base
CBR,ExtraTrees,1815,2,15.0,16.237740000000002,base
CBR,ExtraTrees,1816,2,3.0,16.555139999999998,base
CBR,ExtraTrees,1817,2,4.0,14.990060000000014,base
CBR,ExtraTrees,1818,2,1.0,16.555139999999998,base
CBR,ExtraTrees,1819,2,23.0,16.555139999999998,base
CBR,ExtraTrees,1820,2,40.0,14.990060000000014,base
CBR,ExtraTrees,1821,2,14.0,16.555139999999998,base
CBR,ExtraTrees,1822,2,4.0,17.46623333333334,base
CBR,ExtraTrees,1823,2,5.0,16.389493333333345,base
CBR,ExtraTrees,1824,2,1.0,17.46623333333334,base
CBR,ExtraTrees,1825,2,26.0,17.46623333333334,base
CBR,ExtraTrees,1826,2,49.0,16.389493333333345,base
CBR,ExtraTrees,1827,2,11.0,17.46623333333334,base
CBR,ExtraTrees,1828,2,2.0,16.237740000000002,base
CBR,ExtraTrees,1829,2,3.0,14.364033333333351,base
CBR,ExtraTrees,1830,2,1.0,16.237740000000002,base
CBR,ExtraTrees,1831,2,22.0,16.237740000000002,base
CBR,ExtraTrees,1832,2,31.0,14.364033333333351,base
CBR,ExtraTrees,1833,2,29.0,16.237740000000002,base
CBR,ExtraTrees,1834,2,4.0,16.643873333333335,base
CBR,ExtraTrees,1835,2,5.0,15.148726666666679,base
CBR,ExtraTrees,1836,2,2.0,16.643873333333335,base
CBR,ExtraTrees,1837,2,32.0,16.643873333333335,base
CBR,ExtraTrees,1838,2,38.0,15.148726666666679,base
CBR,ExtraTrees,1839,2,31.0,16.643873333333335,base
CBR,ExtraTrees,1840,2,6.0,17.46623333333334,base
CBR,ExtraTrees,1841,2,6.0,16.389493333333345,base
CBR,ExtraTrees,1842,2,3.0,17.46623333333334,base
CBR,ExtraTrees,1843,2,39.0,17.46623333333334,base
CBR,ExtraTrees,1844,2,42.0,16.389493333333345,base
CBR,ExtraTrees,1845,2,33.0,17.46623333333334,base
CBR,ExtraTrees,1846,2,4.0,16.237740000000002,base
CBR,ExtraTrees,1847,2,6.0,14.36343333333335,base
CBR,ExtraTrees,1848,2,3.0,16.237740000000002,base
CBR,ExtraTrees,1849,2,21.0,16.237740000000002,base
CBR,ExtraTrees,1850,2,47.0,14.36343333333335,base
CBR,ExtraTrees,1851,2,33.0,16.237740000000002,base
CBR,ExtraTrees,1852,2,6.0,16.643873333333335,base
CBR,ExtraTrees,1853,2,10.0,15.147526666666678,base
CBR,ExtraTrees,1854,2,5.0,16.643873333333335,base
CBR,ExtraTrees,1855,2,30.0,16.643873333333335,base
CBR,ExtraTrees,1856,2,49.0,15.147526666666678,base
CBR,ExtraTrees,1857,2,37.0,16.643873333333335,base
CBR,ExtraTrees,1858,2,7.0,18.11529999999999,base
CBR,ExtraTrees,1859,2,12.0,17.321460000000013,base
CBR,ExtraTrees,1860,2,6.0,18.11529999999999,base
CBR,ExtraTrees,1861,2,43.0,18.11529999999999,base
CBR,ExtraTrees,1862,2,54.0,17.321460000000013,base
CBR,ExtraTrees,1863,2,43.0,18.11529999999999,base
CBR,ExtraTrees,1864,2,1.2,10.18017333333334,base
CBR,ExtraTrees,1865,2,1.0,10.18017333333334,base
CBR,ExtraTrees,1866,2,3.0,11.749040000000004,base
CBR,ExtraTrees,1867,2,3.2,11.749040000000004,base
CBR,ExtraTrees,1868,2,4.0,11.974940000000002,base
CBR,ExtraTrees,1869,2,5.1,11.974940000000002,base
CBR,ExtraTrees,1870,2,8.0,11.803802666666678,base
CBR,ExtraTrees,1871,2,10.5,11.803802666666678,base
CBR,ExtraTrees,1872,2,9.0,11.681024000000015,base
CBR,ExtraTrees,1873,2,11.0,11.681024000000015,base
CBR,ExtraTrees,1874,2,10.75,11.564753333333337,base
CBR,ExtraTrees,1875,2,7.39,11.564753333333337,base
CBR,ExtraTrees,1876,2,8.1,28.033533333333306,base
CBR,ExtraTrees,1877,2,11.65,27.996133333333308,base
CBR,ExtraTrees,1878,2,15.97,28.104399999999984,base
CBR,ExtraTrees,1879,2,12.93,28.16113333333332,base
CBR,ExtraTrees,1880,2,22.44,28.35571266666665,base
CBR,ExtraTrees,1881,2,15.26,37.99173333333331,base
CBR,ExtraTrees,1882,2,13.96,38.704133333333324,base
CBR,ExtraTrees,1883,2,10.68,37.06103999999998,base
CBR,ExtraTrees,1884,2,6.75,33.75901533333335,base
CBR,ExtraTrees,1885,2,3.82,33.94106666666668,base
CBR,ExtraTrees,1886,2,14.07,37.99173333333331,base
CBR,ExtraTrees,1887,2,13.06,38.704133333333324,base
CBR,ExtraTrees,1888,2,10.06,37.06103999999998,base
CBR,ExtraTrees,1889,2,7.3,33.75901533333335,base
CBR,ExtraTrees,1890,2,4.16,33.94106666666668,base
CBR,ExtraTrees,2133,3,8.94,7.417390849206358,base
CBR,ExtraTrees,2134,3,8.94,7.417390849206358,base
CBR,ExtraTrees,2135,3,7.63,7.417390849206358,base
CBR,ExtraTrees,2136,3,7.63,7.417390849206358,base
CBR,ExtraTrees,2137,3,5.94,7.417390849206358,base
CBR,ExtraTrees,2138,3,5.94,7.417390849206358,base
CBR,ExtraTrees,2139,3,4.93,8.257218883597904,base
CBR,ExtraTrees,2140,3,4.93,8.257218883597904,base
CBR,ExtraTrees,2141,3,3.279,12.523324755842404,base
CBR,ExtraTrees,2142,3,3.279,12.523324755842404,base
CBR,ExtraTrees,2143,3,3.923,12.523324755842404,base
CBR,ExtraTrees,2144,3,3.923,12.523324755842404,base
CBR,ExtraTrees,2145,3,4.772,8.880786951920877,base
CBR,ExtraTrees,2146,3,4.772,8.880786951920877,base
CBR,ExtraTrees,2147,3,3.347,8.880786951920877,base
CBR,ExtraTrees,2148,3,3.347,8.880786951920877,base
CBR,ExtraTrees,2149,3,4.76,17.096190599065874,base
CBR,ExtraTrees,2150,3,4.76,17.096190599065874,base
CBR,ExtraTrees,2151,3,4.5,10.39221117149758,base
CBR,ExtraTrees,2152,3,4.5,10.39221117149758,base
CBR,ExtraTrees,2153,3,5.5,14.763081899999962,base
CBR,ExtraTrees,2154,3,5.5,14.763081899999962,base
CBR,ExtraTrees,2155,3,7.3,14.763081899999962,base
CBR,ExtraTrees,2156,3,7.3,14.763081899999962,base
CBR,ExtraTrees,2157,3,12.0,14.763081899999962,base
CBR,ExtraTrees,2158,3,12.0,14.763081899999962,base
CBR,ExtraTrees,2159,3,6.5,20.17819776802408,base
CBR,ExtraTrees,2160,3,6.5,20.17819776802408,base
CBR,ExtraTrees,2161,3,14.0,20.17819776802408,base
CBR,ExtraTrees,2162,3,14.0,20.17819776802408,base
CBR,ExtraTrees,2163,3,7.0,20.838317203921537,base
CBR,ExtraTrees,2164,3,7.0,20.838317203921537,base
CBR,ExtraTrees,2165,3,15.5,20.838317203921537,base
CBR,ExtraTrees,2166,3,15.5,20.838317203921537,base
CBR,ExtraTrees,2167,3,7.2,20.409914333333308,base
CBR,ExtraTrees,2168,3,7.2,20.409914333333308,base
CBR,ExtraTrees,2169,3,10.2,20.409914333333308,base
CBR,ExtraTrees,2170,3,10.2,20.409914333333308,base
CBR,ExtraTrees,2171,3,16.7,20.409914333333308,base
CBR,ExtraTrees,2172,3,16.7,20.409914333333308,base
CBR,ExtraTrees,2173,3,5.6,9.9259858857833,base
CBR,ExtraTrees,2174,3,5.6,9.9259858857833,base
CBR,ExtraTrees,2175,3,6.0,9.9259858857833,base
CBR,ExtraTrees,2176,3,6.0,9.9259858857833,base
CBR,ExtraTrees,2177,3,0.9,20.476922333333295,base
CBR,ExtraTrees,2178,3,0.9,20.476922333333295,base
CBR,ExtraTrees,2179,3,1.8,7.67360049953994,base
CBR,ExtraTrees,2180,3,1.8,7.67360049953994,base
CBR,ExtraTrees,2181,3,3.76,8.257218883597904,base
CBR,ExtraTrees,2182,3,3.76,8.257218883597904,base
CBR,ExtraTrees,2183,3,4.178,8.880786951920877,base
CBR,ExtraTrees,2184,3,4.178,8.880786951920877,base
CBR,ExtraTrees,2185,3,3.0,10.39221117149758,base
CBR,ExtraTrees,2186,3,3.0,10.39221117149758,base
CBR,ExtraTrees,2187,3,6.8,10.39221117149758,base
CBR,ExtraTrees,2188,3,6.8,10.39221117149758,base
CBR,ExtraTrees,2189,3,8.6,20.17819776802408,base
CBR,ExtraTrees,2190,3,8.6,20.17819776802408,base
CBR,ExtraTrees,2191,3,9.7,20.838317203921537,base
CBR,ExtraTrees,2192,3,9.7,20.838317203921537,base
CBR,ExtraTrees,2193,3,8.3,9.9259858857833,base
CBR,ExtraTrees,2194,3,8.3,9.9259858857833,base
CBR,ExtraTrees,2195,3,10.68,8.272138883597902,base
CBR,ExtraTrees,2196,3,10.68,8.272138883597902,base
CBR,ExtraTrees,2197,3,30.66,7.338212849206358,base
CBR,ExtraTrees,2198,3,30.66,7.338212849206358,base
CBR,ExtraTrees,2199,3,58.67,7.434290849206356,base
CBR,ExtraTrees,2200,3,58.67,7.434290849206356,base
CBR,ExtraTrees,2201,3,9.0,20.39124233333329,base
CBR,ExtraTrees,2202,3,9.0,20.39124233333329,base
CBR,ExtraTrees,2203,3,5.1,8.257218883597904,base
CBR,ExtraTrees,2204,3,5.1,8.257218883597904,base
CBR,ExtraTrees,2205,3,20.0,8.257218883597904,base
CBR,ExtraTrees,2206,3,20.0,8.257218883597904,base
CBR,ExtraTrees,2207,3,24.0,7.9081560873016015,base
CBR,ExtraTrees,2208,3,24.0,7.9081560873016015,base
CBR,ExtraTrees,2209,3,30.0,7.569769515873026,base
CBR,ExtraTrees,2210,3,30.0,7.569769515873026,base
CBR,ExtraTrees,2211,3,51.0,7.435682849206358,base
CBR,ExtraTrees,2212,3,51.0,7.435682849206358,base
UCS,HGB,0,1,47.7,2536.0732014600862,base_plus_datagov_context
UCS,HGB,1,1,95.0,2536.0732014600862,base_plus_datagov_context
UCS,HGB,2,1,87.0,2536.0732014600862,base_plus_datagov_context
UCS,HGB,3,1,127.0,2536.0732014600862,base_plus_datagov_context
UCS,HGB,4,1,173.0,2536.0732014600862,base_plus_datagov_context
UCS,HGB,5,1,102.0,2536.0732014600862,base_plus_datagov_context
UCS,HGB,6,1,142.0,2536.0732014600862,base_plus_datagov_context
UCS,HGB,7,1,173.0,2536.0732014600862,base_plus_datagov_context
UCS,HGB,8,1,186.0,2536.0732014600862,base_plus_datagov_context
UCS,HGB,9,1,164.0,2502.8199657019973,base_plus_datagov_context
UCS,HGB,10,1,1193.0,2502.8199657019973,base_plus_datagov_context
UCS,HGB,11,1,1247.0,2502.8199657019973,base_plus_datagov_context
UCS,HGB,12,1,1503.0,2502.8199657019973,base_plus_datagov_context
UCS,HGB,13,1,1913.0,2502.8199657019973,base_plus_datagov_context
UCS,HGB,14,1,1239.0,2502.8199657019973,base_plus_datagov_context
UCS,HGB,15,1,1661.0,2502.8199657019973,base_plus_datagov_context
UCS,HGB,16,1,1926.0,2502.8199657019973,base_plus_datagov_context
UCS,HGB,17,1,2063.0,2502.8199657019973,base_plus_datagov_context
UCS,HGB,18,1,94.1,2661.655713118211,base_plus_datagov_context
UCS,HGB,19,1,101.0,2661.655713118211,base_plus_datagov_context
UCS,HGB,20,1,115.0,2661.655713118211,base_plus_datagov_context
UCS,HGB,21,1,113.0,2661.655713118211,base_plus_datagov_context
UCS,HGB,22,1,175.0,2661.655713118211,base_plus_datagov_context
UCS,HGB,23,1,102.0,2661.655713118211,base_plus_datagov_context
UCS,HGB,24,1,147.0,2661.655713118211,base_plus_datagov_context
UCS,HGB,25,1,174.0,2661.655713118211,base_plus_datagov_context
UCS,HGB,26,1,187.0,2661.655713118211,base_plus_datagov_context
UCS,HGB,27,1,214.0,2609.853690728433,base_plus_datagov_context
UCS,HGB,28,1,1270.0,2609.853690728433,base_plus_datagov_context
UCS,HGB,29,1,1229.0,2609.853690728433,base_plus_datagov_context
UCS,HGB,30,1,1970.0,2609.853690728433,base_plus_datagov_context
UCS,HGB,31,1,1805.0,2609.853690728433,base_plus_datagov_context
UCS,HGB,32,1,1372.0,2609.853690728433,base_plus_datagov_context
UCS,HGB,33,1,1696.0,2609.853690728433,base_plus_datagov_context
UCS,HGB,34,1,1853.0,2609.853690728433,base_plus_datagov_context
UCS,HGB,35,1,1996.0,2609.853690728433,base_plus_datagov_context
UCS,HGB,36,1,128.0,2862.706150006592,base_plus_datagov_context
UCS,HGB,37,1,105.0,2862.706150006592,base_plus_datagov_context
UCS,HGB,38,1,117.0,2862.706150006592,base_plus_datagov_context
UCS,HGB,39,1,176.0,2862.706150006592,base_plus_datagov_context
UCS,HGB,40,1,187.0,2862.706150006592,base_plus_datagov_context
UCS,HGB,41,1,134.0,2862.706150006592,base_plus_datagov_context
UCS,HGB,42,1,150.0,2862.706150006592,base_plus_datagov_context
UCS,HGB,43,1,175.0,2862.706150006592,base_plus_datagov_context
UCS,HGB,44,1,192.0,2862.706150006592,base_plus_datagov_context
UCS,HGB,45,1,196.0,2828.2103055385314,base_plus_datagov_context
UCS,HGB,46,1,1357.0,2828.2103055385314,base_plus_datagov_context
UCS,HGB,47,1,1366.0,2828.2103055385314,base_plus_datagov_context
UCS,HGB,48,1,1826.0,2828.2103055385314,base_plus_datagov_context
UCS,HGB,49,1,1961.0,2828.2103055385314,base_plus_datagov_context
UCS,HGB,50,1,1210.0,2828.2103055385314,base_plus_datagov_context
UCS,HGB,51,1,1796.0,2828.2103055385314,base_plus_datagov_context
UCS,HGB,52,1,2054.0,2828.2103055385314,base_plus_datagov_context
UCS,HGB,53,1,2081.0,2828.2103055385314,base_plus_datagov_context
UCS,HGB,54,1,120.0,3168.609311661776,base_plus_datagov_context
UCS,HGB,55,1,145.0,3168.609311661776,base_plus_datagov_context
UCS,HGB,56,1,146.0,3168.609311661776,base_plus_datagov_context
UCS,HGB,57,1,184.0,3168.609311661776,base_plus_datagov_context
UCS,HGB,58,1,187.0,3168.609311661776,base_plus_datagov_context
UCS,HGB,59,1,105.0,3168.609311661776,base_plus_datagov_context
UCS,HGB,60,1,166.0,3168.609311661776,base_plus_datagov_context
UCS,HGB,61,1,190.0,3168.609311661776,base_plus_datagov_context
UCS,HGB,62,1,194.0,3168.609311661776,base_plus_datagov_context
UCS,HGB,63,1,221.0,3161.255748201724,base_plus_datagov_context
UCS,HGB,64,1,1525.0,3161.255748201724,base_plus_datagov_context
UCS,HGB,65,1,1480.0,3161.255748201724,base_plus_datagov_context
UCS,HGB,66,1,1934.0,3161.255748201724,base_plus_datagov_context
UCS,HGB,67,1,2054.0,3161.255748201724,base_plus_datagov_context
UCS,HGB,68,1,1394.0,3161.255748201724,base_plus_datagov_context
UCS,HGB,69,1,1830.0,3161.255748201724,base_plus_datagov_context
UCS,HGB,70,1,2083.0,3161.255748201724,base_plus_datagov_context
UCS,HGB,71,1,2163.0,3161.255748201724,base_plus_datagov_context
UCS,HGB,72,1,210.0,2985.36075766722,base_plus_datagov_context
UCS,HGB,73,1,150.0,2985.36075766722,base_plus_datagov_context
UCS,HGB,74,1,156.0,2985.36075766722,base_plus_datagov_context
UCS,HGB,75,1,182.0,2985.36075766722,base_plus_datagov_context
UCS,HGB,76,1,191.0,2985.36075766722,base_plus_datagov_context
UCS,HGB,77,1,112.0,2985.36075766722,base_plus_datagov_context
UCS,HGB,78,1,170.0,2985.36075766722,base_plus_datagov_context
UCS,HGB,79,1,205.0,2985.36075766722,base_plus_datagov_context
UCS,HGB,80,1,210.0,2985.36075766722,base_plus_datagov_context
UCS,HGB,81,1,188.0,2974.5972809381433,base_plus_datagov_context
UCS,HGB,82,1,1616.0,2974.5972809381433,base_plus_datagov_context
UCS,HGB,83,1,1535.0,2974.5972809381433,base_plus_datagov_context
UCS,HGB,84,1,2024.0,2974.5972809381433,base_plus_datagov_context
UCS,HGB,85,1,2091.0,2974.5972809381433,base_plus_datagov_context
UCS,HGB,86,1,1472.0,2974.5972809381433,base_plus_datagov_context
UCS,HGB,87,1,1837.0,2974.5972809381433,base_plus_datagov_context
UCS,HGB,88,1,2072.0,2974.5972809381433,base_plus_datagov_context
UCS,HGB,89,1,2195.0,2974.5972809381433,base_plus_datagov_context
UCS,HGB,90,1,137.123,2351.482340436533,base_plus_datagov_context
UCS,HGB,91,1,151.69070000000002,2351.670279524946,base_plus_datagov_context
UCS,HGB,92,1,168.26773,2351.670279524946,base_plus_datagov_context
UCS,HGB,93,1,156.71404,2351.670279524946,base_plus_datagov_context
UCS,HGB,94,1,144.15568000000002,2351.670279524946,base_plus_datagov_context
UCS,HGB,95,1,330.52171000000004,2650.107147778475,base_plus_datagov_context
UCS,HGB,96,1,619.36395,3200.333741650246,base_plus_datagov_context
UCS,HGB,97,1,787.14361,3200.333741650246,base_plus_datagov_context
UCS,HGB,98,1,703.25378,3200.333741650246,base_plus_datagov_context
UCS,HGB,99,1,678.6394,3200.333741650246,base_plus_datagov_context
UCS,HGB,100,1,811.7579900000001,2951.3149457427808,base_plus_datagov_context
UCS,HGB,101,1,922.77388,3115.828648526032,base_plus_datagov_context
UCS,HGB,102,1,1076.99051,3115.828648526032,base_plus_datagov_context
UCS,HGB,103,1,1027.25941,3115.828648526032,base_plus_datagov_context
UCS,HGB,104,1,1002.1427,3115.828648526032,base_plus_datagov_context
UCS,HGB,105,1,98.0,2020.2918715898504,base_plus_datagov_context
UCS,HGB,106,1,117.0,1988.8653653930062,base_plus_datagov_context
UCS,HGB,107,1,125.0,1988.8653653930062,base_plus_datagov_context
UCS,HGB,108,1,147.0,1988.8653653930062,base_plus_datagov_context
UCS,HGB,109,1,138.0,1988.8653653930062,base_plus_datagov_context
UCS,HGB,110,1,132.0,1988.8653653930062,base_plus_datagov_context
UCS,HGB,111,1,98.0,2451.0486174165294,base_plus_datagov_context
UCS,HGB,112,1,150.0,2540.2565574311493,base_plus_datagov_context
UCS,HGB,113,1,167.0,2604.0873442487186,base_plus_datagov_context
UCS,HGB,114,1,259.0,2632.4565233972826,base_plus_datagov_context
UCS,HGB,115,1,197.0,2651.491220847402,base_plus_datagov_context
UCS,HGB,116,1,140.0,2583.546104385365,base_plus_datagov_context
UCS,HGB,117,1,98.0,2562.6487393772786,base_plus_datagov_context
UCS,HGB,118,1,219.0,2964.501658841871,base_plus_datagov_context
UCS,HGB,119,1,267.0,3156.5378226462362,base_plus_datagov_context
UCS,HGB,120,1,335.0,3184.9070017948,base_plus_datagov_context
UCS,HGB,121,1,377.0,3239.0547900531074,base_plus_datagov_context
UCS,HGB,122,1,316.0,3150.413745842499,base_plus_datagov_context
UCS,HGB,123,1,98.0,2735.977706205163,base_plus_datagov_context
UCS,HGB,124,1,271.0,2743.207150772366,base_plus_datagov_context
UCS,HGB,125,1,422.0,2936.928994986189,base_plus_datagov_context
UCS,HGB,126,1,452.0,2965.298174134753,base_plus_datagov_context
UCS,HGB,127,1,529.0,3038.281164534291,base_plus_datagov_context
UCS,HGB,128,1,502.0,2949.6401203236824,base_plus_datagov_context
UCS,HGB,129,1,98.0,2843.2711244896186,base_plus_datagov_context
UCS,HGB,130,1,282.0,2783.0195023687625,base_plus_datagov_context
UCS,HGB,131,1,470.0,2976.7413465825857,base_plus_datagov_context
UCS,HGB,132,1,514.0,3005.1105257311497,base_plus_datagov_context
UCS,HGB,133,1,585.0,3106.657073126706,base_plus_datagov_context
UCS,HGB,134,1,518.0,3011.7292290315218,base_plus_datagov_context
UCS,HGB,135,1,320.0,977.3761055552081,base_plus_datagov_context
UCS,HGB,136,1,247.27685,819.9521186648545,base_plus_datagov_context
UCS,HGB,137,1,293.85258,643.0291970227553,base_plus_datagov_context
UCS,HGB,138,1,323.79412,643.0291970227553,base_plus_datagov_context
UCS,HGB,139,1,353.73566,643.0291970227553,base_plus_datagov_context
UCS,HGB,140,1,355.5839,640.8415938431415,base_plus_datagov_context
UCS,HGB,141,1,356.69285,640.8415938431415,base_plus_datagov_context
UCS,HGB,142,1,280.0,2066.8741937227187,base_plus_datagov_context
UCS,HGB,143,1,610.0,640.8415938431415,base_plus_datagov_context
UCS,HGB,144,1,630.0,640.8415938431415,base_plus_datagov_context
UCS,HGB,145,1,670.0,640.8415938431415,base_plus_datagov_context
UCS,HGB,146,1,710.0,640.8415938431415,base_plus_datagov_context
UCS,HGB,147,1,320.0,1401.9974367598363,base_plus_datagov_context
UCS,HGB,148,1,409.5526,3012.234165393837,base_plus_datagov_context
UCS,HGB,149,1,537.82068,3192.9295121099462,base_plus_datagov_context
UCS,HGB,150,1,605.46638,3238.362729000858,base_plus_datagov_context
UCS,HGB,151,1,847.58623,3336.621836457923,base_plus_datagov_context
UCS,HGB,152,1,938.88945,3399.3220383321463,base_plus_datagov_context
UCS,HGB,153,1,887.13864,3450.601718271846,base_plus_datagov_context
UCS,HGB,154,1,280.0,2491.670089223159,base_plus_datagov_context
UCS,HGB,155,1,1040.0,3156.759635675473,base_plus_datagov_context
UCS,HGB,156,1,1120.0,3103.535854345405,base_plus_datagov_context
UCS,HGB,157,1,1340.0,3104.6746055682615,base_plus_datagov_context
UCS,HGB,158,1,2230.0,3104.8567802116886,base_plus_datagov_context
UCS,HGB,159,1,320.0,1733.2468428010495,base_plus_datagov_context
UCS,HGB,160,1,588.46254,2772.510185249607,base_plus_datagov_context
UCS,HGB,161,1,686.04978,2954.8912123751743,base_plus_datagov_context
UCS,HGB,162,1,766.63318,2999.9211043831397,base_plus_datagov_context
UCS,HGB,163,1,997.66358,3158.5109813794224,base_plus_datagov_context
UCS,HGB,164,1,1084.5310100000002,3177.2942062815328,base_plus_datagov_context
UCS,HGB,165,1,1026.49617,3228.5738862212324,base_plus_datagov_context
UCS,HGB,166,1,280.0,2611.428766439163,base_plus_datagov_context
UCS,HGB,167,1,1090.0,2949.080843831896,base_plus_datagov_context
UCS,HGB,168,1,1370.0,2902.673899624894,base_plus_datagov_context
UCS,HGB,169,1,1720.0,2903.812650847751,base_plus_datagov_context
UCS,HGB,170,1,2340.0,2903.994825491178,base_plus_datagov_context
UCS,HGB,171,1,320.0,1733.8809041092504,base_plus_datagov_context
UCS,HGB,172,1,748.89005,2852.8097242451627,base_plus_datagov_context
UCS,HGB,173,1,777.7226400000001,3034.8382258178217,base_plus_datagov_context
UCS,HGB,174,1,831.32169,3079.868117825787,base_plus_datagov_context
UCS,HGB,175,1,1098.20801,3247.555454186383,base_plus_datagov_context
UCS,HGB,176,1,1198.01314,3259.0139890286528,base_plus_datagov_context
UCS,HGB,177,1,1147.0016300000002,3351.8307832611426,base_plus_datagov_context
UCS,HGB,178,1,280.0,2742.9563685045678,base_plus_datagov_context
UCS,HGB,179,1,1260.0,3015.28710773233,base_plus_datagov_context
UCS,HGB,180,1,1550.0,2983.794271301811,base_plus_datagov_context
UCS,HGB,181,1,1870.0,2984.9330225246676,base_plus_datagov_context
UCS,HGB,182,1,2780.0,2985.1151971680947,base_plus_datagov_context
UCS,HGB,183,1,120.0,2798.182800290137,base_plus_datagov_context
UCS,HGB,184,1,320.0,2798.182800290137,base_plus_datagov_context
UCS,HGB,185,1,470.0,2798.182800290137,base_plus_datagov_context
UCS,HGB,186,1,710.0,2798.182800290137,base_plus_datagov_context
UCS,HGB,187,1,1080.0,2798.182800290137,base_plus_datagov_context
UCS,HGB,188,1,250.0,3062.3485377007155,base_plus_datagov_context
UCS,HGB,189,1,490.0,3062.3485377007155,base_plus_datagov_context
UCS,HGB,190,1,630.0,3062.3485377007155,base_plus_datagov_context
UCS,HGB,191,1,1070.0,3062.3485377007155,base_plus_datagov_context
UCS,HGB,192,1,1460.0,3062.3485377007155,base_plus_datagov_context
UCS,HGB,193,1,626.6239,2638.516184837121,base_plus_datagov_context
UCS,HGB,194,1,631.94235,2638.516184837121,base_plus_datagov_context
UCS,HGB,195,1,633.66782,2638.516184837121,base_plus_datagov_context
UCS,HGB,196,1,628.22879,2638.516184837121,base_plus_datagov_context
UCS,HGB,197,1,936.82048,2638.516184837121,base_plus_datagov_context
UCS,HGB,198,1,954.3751,2638.516184837121,base_plus_datagov_context
UCS,HGB,199,1,1104.05131,2638.516184837121,base_plus_datagov_context
UCS,HGB,200,1,1134.5409,2638.516184837121,base_plus_datagov_context
UCS,HGB,201,1,1178.88941,2638.516184837121,base_plus_datagov_context
UCS,HGB,202,1,945.00524,2774.538590638663,base_plus_datagov_context
UCS,HGB,203,1,934.21093,2774.538590638663,base_plus_datagov_context
UCS,HGB,204,1,930.48683,2774.538590638663,base_plus_datagov_context
UCS,HGB,205,1,934.0487,2774.538590638663,base_plus_datagov_context
UCS,HGB,206,1,1241.71646,2774.538590638663,base_plus_datagov_context
UCS,HGB,207,1,1292.53246,2774.538590638663,base_plus_datagov_context
UCS,HGB,208,1,1355.35951,2774.538590638663,base_plus_datagov_context
UCS,HGB,209,1,1442.20867,2774.538590638663,base_plus_datagov_context
UCS,HGB,210,1,1358.13129,2774.538590638663,base_plus_datagov_context
UCS,HGB,211,1,1714.56871,2906.066192704068,base_plus_datagov_context
UCS,HGB,212,1,1717.68299,2906.066192704068,base_plus_datagov_context
UCS,HGB,213,1,1716.50755,2906.066192704068,base_plus_datagov_context
UCS,HGB,214,1,1717.53897,2906.066192704068,base_plus_datagov_context
UCS,HGB,215,1,1831.18202,2906.066192704068,base_plus_datagov_context
UCS,HGB,216,1,1738.7893,2906.066192704068,base_plus_datagov_context
UCS,HGB,217,1,2166.5676,2906.066192704068,base_plus_datagov_context
UCS,HGB,218,1,2232.16643,2906.066192704068,base_plus_datagov_context
UCS,HGB,219,1,2064.93561,2906.066192704068,base_plus_datagov_context
UCS,HGB,220,1,872.0,2574.1637142218988,base_plus_datagov_context
UCS,HGB,221,1,902.0,3113.9383976071854,base_plus_datagov_context
UCS,HGB,222,1,923.0,3113.9383976071854,base_plus_datagov_context
UCS,HGB,223,1,972.0,3113.9383976071854,base_plus_datagov_context
UCS,HGB,224,1,840.0,3113.9383976071854,base_plus_datagov_context
UCS,HGB,225,1,872.0,2574.1637142218988,base_plus_datagov_context
UCS,HGB,226,1,637.0,2574.1637142218988,base_plus_datagov_context
UCS,HGB,227,1,450.0,2574.1637142218988,base_plus_datagov_context
UCS,HGB,228,1,159.0,2574.1637142218988,base_plus_datagov_context
UCS,HGB,229,1,90.0,2574.1637142218988,base_plus_datagov_context
UCS,HGB,230,1,985.0,2710.7492825177687,base_plus_datagov_context
UCS,HGB,231,1,975.0,2923.8660800191965,base_plus_datagov_context
UCS,HGB,232,1,998.0,2923.8660800191965,base_plus_datagov_context
UCS,HGB,233,1,1025.0,2923.8660800191965,base_plus_datagov_context
UCS,HGB,234,1,890.0,2923.8660800191965,base_plus_datagov_context
UCS,HGB,235,1,985.0,2710.7492825177687,base_plus_datagov_context
UCS,HGB,236,1,859.0,2710.7492825177687,base_plus_datagov_context
UCS,HGB,237,1,535.0,2710.7492825177687,base_plus_datagov_context
UCS,HGB,238,1,205.0,2710.7492825177687,base_plus_datagov_context
UCS,HGB,239,1,120.0,2710.7492825177687,base_plus_datagov_context
UCS,HGB,240,1,1080.0,2858.215360734057,base_plus_datagov_context
UCS,HGB,241,1,1120.0,3015.6309128778757,base_plus_datagov_context
UCS,HGB,242,1,1173.0,3015.6309128778757,base_plus_datagov_context
UCS,HGB,243,1,1200.0,3015.6309128778757,base_plus_datagov_context
UCS,HGB,244,1,1060.0,3015.6309128778757,base_plus_datagov_context
UCS,HGB,245,1,1080.0,2858.215360734057,base_plus_datagov_context
UCS,HGB,246,1,1010.0,2858.215360734057,base_plus_datagov_context
UCS,HGB,247,1,678.0,2858.215360734057,base_plus_datagov_context
UCS,HGB,248,1,315.0,2858.215360734057,base_plus_datagov_context
UCS,HGB,249,1,150.0,2858.215360734057,base_plus_datagov_context
UCS,HGB,250,1,872.0,2574.1637142218988,base_plus_datagov_context
UCS,HGB,251,1,902.0,3113.9383976071854,base_plus_datagov_context
UCS,HGB,252,1,923.0,3113.9383976071854,base_plus_datagov_context
UCS,HGB,253,1,972.0,3113.9383976071854,base_plus_datagov_context
UCS,HGB,254,1,840.0,3113.9383976071854,base_plus_datagov_context
UCS,HGB,255,1,985.0,2710.7492825177687,base_plus_datagov_context
UCS,HGB,256,1,975.0,2923.8660800191965,base_plus_datagov_context
UCS,HGB,257,1,998.0,2923.8660800191965,base_plus_datagov_context
UCS,HGB,258,1,1025.0,2923.8660800191965,base_plus_datagov_context
UCS,HGB,259,1,890.0,2923.8660800191965,base_plus_datagov_context
UCS,HGB,260,1,1080.0,2858.215360734057,base_plus_datagov_context
UCS,HGB,261,1,1120.0,3015.6309128778757,base_plus_datagov_context
UCS,HGB,262,1,1173.0,3015.6309128778757,base_plus_datagov_context
UCS,HGB,263,1,1200.0,3015.6309128778757,base_plus_datagov_context
UCS,HGB,264,1,1060.0,3015.6309128778757,base_plus_datagov_context
UCS,HGB,265,1,370.0,2568.60810119681,base_plus_datagov_context
UCS,HGB,266,1,520.0,2568.60810119681,base_plus_datagov_context
UCS,HGB,267,1,1050.0,3144.7290652566876,base_plus_datagov_context
UCS,HGB,268,1,1750.0,2943.9186985463716,base_plus_datagov_context
UCS,HGB,269,1,510.0,2943.9186985463716,base_plus_datagov_context
UCS,HGB,270,1,950.0,2664.1978798768773,base_plus_datagov_context
UCS,HGB,271,1,1160.0,2943.9186985463716,base_plus_datagov_context
UCS,HGB,272,1,2050.0,3088.9334828117862,base_plus_datagov_context
UCS,HGB,273,1,1720.0,3088.9334828117862,base_plus_datagov_context
UCS,HGB,274,1,1060.0,3088.9334828117862,base_plus_datagov_context
UCS,HGB,275,1,1210.0,2836.707411186203,base_plus_datagov_context
UCS,HGB,276,1,1640.0,3155.4414489259607,base_plus_datagov_context
UCS,HGB,277,1,1520.0,3155.4414489259607,base_plus_datagov_context
UCS,HGB,278,1,4020.0,3155.4414489259607,base_plus_datagov_context
UCS,HGB,279,1,2320.0,3155.4414489259607,base_plus_datagov_context
UCS,HGB,280,1,2410.0,3044.43026862978,base_plus_datagov_context
UCS,HGB,281,1,1220.0,3216.919708510253,base_plus_datagov_context
UCS,HGB,282,1,2940.0,3216.919708510253,base_plus_datagov_context
UCS,HGB,283,1,4140.0,3216.919708510253,base_plus_datagov_context
UCS,HGB,284,1,2930.0,3216.919708510253,base_plus_datagov_context
UCS,HGB,285,1,790.0,2535.7524608235235,base_plus_datagov_context
UCS,HGB,286,1,930.0,2535.7524608235235,base_plus_datagov_context
UCS,HGB,287,1,1190.0,2535.7524608235235,base_plus_datagov_context
UCS,HGB,288,1,1290.0,2535.7524608235235,base_plus_datagov_context
UCS,HGB,289,1,1560.0,2535.7524608235235,base_plus_datagov_context
UCS,HGB,290,1,1460.0,2535.7524608235235,base_plus_datagov_context
UCS,HGB,291,1,1280.0,2535.7524608235235,base_plus_datagov_context
UCS,HGB,292,1,1520.0,2535.7524608235235,base_plus_datagov_context
UCS,HGB,293,1,1550.0,2535.7524608235235,base_plus_datagov_context
UCS,HGB,294,1,2030.0,2646.205113171044,base_plus_datagov_context
UCS,HGB,295,1,2000.0,2646.205113171044,base_plus_datagov_context
UCS,HGB,296,1,2350.0,2646.205113171044,base_plus_datagov_context
UCS,HGB,297,1,2280.0,2646.205113171044,base_plus_datagov_context
UCS,HGB,298,1,2430.0,2832.4384695563217,base_plus_datagov_context
UCS,HGB,299,1,2910.0,2832.4384695563217,base_plus_datagov_context
UCS,HGB,300,1,2900.0,2832.4384695563217,base_plus_datagov_context
UCS,HGB,301,1,2970.0,2832.4384695563217,base_plus_datagov_context
UCS,HGB,302,1,3390.0,2979.435429457879,base_plus_datagov_context
UCS,HGB,303,1,3440.0,2979.435429457879,base_plus_datagov_context
UCS,HGB,304,1,3700.0,2979.435429457879,base_plus_datagov_context
UCS,HGB,305,1,3730.0,2979.435429457879,base_plus_datagov_context
UCS,HGB,306,1,3440.0,3106.8167592104196,base_plus_datagov_context
UCS,HGB,307,1,3640.0,3106.8167592104196,base_plus_datagov_context
UCS,HGB,308,1,3810.0,3106.8167592104196,base_plus_datagov_context
UCS,HGB,309,1,3960.0,3106.8167592104196,base_plus_datagov_context
UCS,HGB,310,1,3420.0,2830.6197012829743,base_plus_datagov_context
UCS,HGB,311,1,3580.0,2830.6197012829743,base_plus_datagov_context
UCS,HGB,312,1,3690.0,2830.6197012829743,base_plus_datagov_context
UCS,HGB,313,1,4050.0,2830.6197012829743,base_plus_datagov_context
UCS,HGB,314,1,1700.0,2595.6426330974004,base_plus_datagov_context
UCS,HGB,315,1,3760.0,2595.6426330974004,base_plus_datagov_context
UCS,HGB,316,1,5110.0,2595.6426330974004,base_plus_datagov_context
UCS,HGB,317,1,3280.0,2595.6426330974004,base_plus_datagov_context
UCS,HGB,318,1,1750.0,2595.6426330974004,base_plus_datagov_context
UCS,HGB,319,1,1180.0,2595.6426330974004,base_plus_datagov_context
UCS,HGB,320,1,2380.0,2595.6426330974004,base_plus_datagov_context
UCS,HGB,321,1,1670.0,2595.6426330974004,base_plus_datagov_context
UCS,HGB,322,1,2160.0,2595.6426330974004,base_plus_datagov_context
UCS,HGB,323,1,2130.0,2757.444708792898,base_plus_datagov_context
UCS,HGB,324,1,4540.0,2757.444708792898,base_plus_datagov_context
UCS,HGB,325,1,6160.0,2757.444708792898,base_plus_datagov_context
UCS,HGB,326,1,4630.0,2757.444708792898,base_plus_datagov_context
UCS,HGB,327,1,2670.0,2757.444708792898,base_plus_datagov_context
UCS,HGB,328,1,2110.0,2757.444708792898,base_plus_datagov_context
UCS,HGB,329,1,3660.0,2757.444708792898,base_plus_datagov_context
UCS,HGB,330,1,1860.0,2757.444708792898,base_plus_datagov_context
UCS,HGB,331,1,2570.0,2757.444708792898,base_plus_datagov_context
UCS,HGB,332,1,2780.0,2946.2371197749,base_plus_datagov_context
UCS,HGB,333,1,5780.0,2946.2371197749,base_plus_datagov_context
UCS,HGB,334,1,10710.0,2946.2371197749,base_plus_datagov_context
UCS,HGB,335,1,7550.0,2946.2371197749,base_plus_datagov_context
UCS,HGB,336,1,2880.0,2946.2371197749,base_plus_datagov_context
UCS,HGB,337,1,2370.0,2946.2371197749,base_plus_datagov_context
UCS,HGB,338,1,6120.0,2946.2371197749,base_plus_datagov_context
UCS,HGB,339,1,2250.0,2946.2371197749,base_plus_datagov_context
UCS,HGB,340,1,3790.0,2946.2371197749,base_plus_datagov_context
UCS,HGB,341,1,55.31,2979.9025891617084,base_plus_datagov_context
UCS,HGB,342,1,1803.44,2954.649196564509,base_plus_datagov_context
UCS,HGB,343,1,2284.95,2810.3253734352897,base_plus_datagov_context
UCS,HGB,344,1,3297.0,3098.520728913813,base_plus_datagov_context
UCS,HGB,345,1,69.43,2928.57977400857,base_plus_datagov_context
UCS,HGB,346,1,609.97,2772.2147084514804,base_plus_datagov_context
UCS,HGB,347,1,2545.81,2886.336098692893,base_plus_datagov_context
UCS,HGB,348,1,3936.39,3489.942261564934,base_plus_datagov_context
UCS,HGB,349,1,87.08,2759.791617364008,base_plus_datagov_context
UCS,HGB,350,1,2076.9500000000003,2838.8731268160755,base_plus_datagov_context
UCS,HGB,351,1,360.0,2843.8983547714843,base_plus_datagov_context
UCS,HGB,352,1,520.0,2927.3799067203568,base_plus_datagov_context
UCS,HGB,353,1,85.0,2763.9760623073157,base_plus_datagov_context
UCS,HGB,354,1,55.6,2688.729106840814,base_plus_datagov_context
UCS,HGB,355,1,222.5,2881.05614459818,base_plus_datagov_context
UCS,HGB,356,1,149.0,2759.791617364008,base_plus_datagov_context
UCS,HGB,357,1,190.0,2811.316864776961,base_plus_datagov_context
UCS,HGB,358,1,663.0,2901.217356426492,base_plus_datagov_context
UCS,HGB,359,1,4400.0,3491.0001034349843,base_plus_datagov_context
UCS,HGB,360,1,4400.0,3491.0001034349843,base_plus_datagov_context
UCS,HGB,361,1,2540.0,3290.3454033148346,base_plus_datagov_context
UCS,HGB,362,1,3200.0,3387.3673126396698,base_plus_datagov_context
UCS,HGB,363,1,1900.0,3021.669015036027,base_plus_datagov_context
UCS,HGB,364,1,1900.0,3021.669015036027,base_plus_datagov_context
UCS,HGB,365,1,4700.0,3522.075639107267,base_plus_datagov_context
UCS,HGB,366,1,4700.0,3522.075639107267,base_plus_datagov_context
UCS,HGB,367,1,3900.0,3493.5271924000676,base_plus_datagov_context
UCS,HGB,368,1,4200.0,3542.6876580445164,base_plus_datagov_context
UCS,HGB,369,1,4200.0,3542.6876580445164,base_plus_datagov_context
UCS,HGB,370,1,2950.0,3293.0303086609797,base_plus_datagov_context
UCS,HGB,371,1,2950.0,3293.0303086609797,base_plus_datagov_context
UCS,HGB,372,1,2700.0,3301.7257416705115,base_plus_datagov_context
UCS,HGB,373,1,3100.0,3440.2939713142814,base_plus_datagov_context
UCS,HGB,374,1,2900.0,3285.369368621033,base_plus_datagov_context
UCS,HGB,375,1,2900.0,3285.369368621033,base_plus_datagov_context
UCS,HGB,376,1,1100.0,2519.9742961193324,base_plus_datagov_context
UCS,HGB,377,1,4100.0,3605.8824476538093,base_plus_datagov_context
UCS,HGB,378,1,4100.0,3605.8824476538093,base_plus_datagov_context
UCS,HGB,379,1,2300.0,2922.0828893755574,base_plus_datagov_context
UCS,HGB,380,1,2700.0,2900.0317224340147,base_plus_datagov_context
UCS,HGB,381,1,4100.0,3654.857598709666,base_plus_datagov_context
UCS,HGB,382,1,4100.0,3654.857598709666,base_plus_datagov_context
UCS,HGB,383,1,2300.0,3119.818113650881,base_plus_datagov_context
UCS,HGB,384,1,2000.0,2859.144573396292,base_plus_datagov_context
UCS,HGB,385,1,2050.0,2859.144573396292,base_plus_datagov_context
UCS,HGB,386,1,2960.0,3119.7718337862216,base_plus_datagov_context
UCS,HGB,387,1,3250.0,3390.1429988217797,base_plus_datagov_context
UCS,HGB,388,1,3250.0,3390.1429988217797,base_plus_datagov_context
UCS,HGB,389,1,2200.0,2927.231658131586,base_plus_datagov_context
UCS,HGB,390,1,1820.0,2742.907472085164,base_plus_datagov_context
UCS,HGB,391,1,2200.0,2948.819043167629,base_plus_datagov_context
UCS,HGB,392,1,3800.0,3523.2394343453752,base_plus_datagov_context
UCS,HGB,393,1,3800.0,3523.2394343453752,base_plus_datagov_context
UCS,HGB,394,1,3900.0,3485.3771924880643,base_plus_datagov_context
UCS,HGB,395,1,2950.0,3044.7400981618985,base_plus_datagov_context
UCS,HGB,396,1,1930.0,3296.578291010121,base_plus_datagov_context
UCS,HGB,397,1,2150.0,3294.7901942721855,base_plus_datagov_context
UCS,HGB,398,1,2010.0,2899.126835546895,base_plus_datagov_context
UCS,HGB,399,1,4200.0,3512.1002466963905,base_plus_datagov_context
UCS,HGB,400,1,2300.0,2798.8671567308147,base_plus_datagov_context
UCS,HGB,401,1,2270.0,2773.9464311652905,base_plus_datagov_context
UCS,HGB,402,1,3210.0,3126.84404807805,base_plus_datagov_context
UCS,HGB,403,1,2870.0,3385.06497982433,base_plus_datagov_context
UCS,HGB,404,1,2800.0,3912.2108282795,base_plus_datagov_context
UCS,HGB,405,1,2900.0,3529.7932330605363,base_plus_datagov_context
UCS,HGB,406,1,2020.0,3488.757710987319,base_plus_datagov_context
UCS,HGB,407,1,2000.0,3418.954243313436,base_plus_datagov_context
UCS,HGB,408,1,1880.0,2982.5859547905566,base_plus_datagov_context
UCS,HGB,409,1,3000.0,3368.4345307995413,base_plus_datagov_context
UCS,HGB,410,1,1610.0,3128.499589028948,base_plus_datagov_context
UCS,HGB,411,1,3980.0,3509.4873604836753,base_plus_datagov_context
UCS,HGB,412,1,1690.0,2721.939432803383,base_plus_datagov_context
UCS,HGB,413,1,2300.0,2918.5694641074338,base_plus_datagov_context
UCS,HGB,414,1,2790.0,3384.3806162428705,base_plus_datagov_context
UCS,HGB,415,1,1820.0,2841.0808051821305,base_plus_datagov_context
UCS,HGB,416,1,3200.0,3073.253307550182,base_plus_datagov_context
UCS,HGB,417,1,1980.0,2889.193250111309,base_plus_datagov_context
UCS,HGB,418,1,1800.0,2866.29656163481,base_plus_datagov_context
UCS,HGB,419,1,4020.0,3938.471970070439,base_plus_datagov_context
UCS,HGB,420,1,5400.0,3637.3205163199846,base_plus_datagov_context
UCS,HGB,421,1,1200.0,2771.9956685434863,base_plus_datagov_context
UCS,HGB,422,1,1570.0,2796.4728772369344,base_plus_datagov_context
UCS,HGB,423,1,3300.0,3616.9891391940414,base_plus_datagov_context
UCS,HGB,424,1,3400.0,3205.1026950773717,base_plus_datagov_context
UCS,HGB,425,1,1900.0,2935.9029687938605,base_plus_datagov_context
UCS,HGB,426,1,1025.0,2927.736423831314,base_plus_datagov_context
UCS,HGB,427,1,193.05,2947.1556711941785,base_plus_datagov_context
UCS,HGB,428,1,59.5,2890.9598764985467,base_plus_datagov_context
UCS,HGB,429,1,61.6,2890.9598764985467,base_plus_datagov_context
UCS,HGB,430,1,55.1,2890.9598764985467,base_plus_datagov_context
UCS,HGB,431,1,49.4,2890.9598764985467,base_plus_datagov_context
UCS,HGB,432,1,48.4,2890.9598764985467,base_plus_datagov_context
UCS,HGB,433,1,178.4,2890.9598764985467,base_plus_datagov_context
UCS,HGB,434,1,104.4,2890.9598764985467,base_plus_datagov_context
UCS,HGB,435,1,54.2,2890.9598764985467,base_plus_datagov_context
UCS,HGB,436,1,63.8,2890.9598764985467,base_plus_datagov_context
UCS,HGB,437,1,55.3,2890.9598764985467,base_plus_datagov_context
UCS,HGB,438,1,1836.0,2890.9598764985467,base_plus_datagov_context
UCS,HGB,439,1,1519.8,2890.9598764985467,base_plus_datagov_context
UCS,HGB,440,1,442.0,2890.9598764985467,base_plus_datagov_context
UCS,HGB,441,1,73.80000000000001,2890.9598764985467,base_plus_datagov_context
UCS,HGB,442,1,55.7,2890.9598764985467,base_plus_datagov_context
UCS,HGB,443,1,3833.5,2890.9598764985467,base_plus_datagov_context
UCS,HGB,444,1,2529.3,2890.9598764985467,base_plus_datagov_context
UCS,HGB,445,1,1513.8,2890.9598764985467,base_plus_datagov_context
UCS,HGB,446,1,484.1,2890.9598764985467,base_plus_datagov_context
UCS,HGB,447,1,4093.2,2890.9598764985467,base_plus_datagov_context
UCS,HGB,448,1,3004.7000000000003,2890.9598764985467,base_plus_datagov_context
UCS,HGB,449,1,1270.1,2890.9598764985467,base_plus_datagov_context
UCS,HGB,450,1,549.5,2890.9598764985467,base_plus_datagov_context
UCS,HGB,451,1,363.3,2890.9598764985467,base_plus_datagov_context
UCS,HGB,452,1,3782.9,2890.9598764985467,base_plus_datagov_context
UCS,HGB,453,1,2402.4,2890.9598764985467,base_plus_datagov_context
UCS,HGB,454,1,1239.6,2890.9598764985467,base_plus_datagov_context
UCS,HGB,455,1,201.7,2890.9598764985467,base_plus_datagov_context
UCS,HGB,456,1,64.0,2890.9598764985467,base_plus_datagov_context
UCS,HGB,457,1,4747.8,2890.9598764985467,base_plus_datagov_context
UCS,HGB,458,1,3146.7000000000003,2890.9598764985467,base_plus_datagov_context
UCS,HGB,459,1,1660.6,2890.9598764985467,base_plus_datagov_context
UCS,HGB,460,1,545.2,2890.9598764985467,base_plus_datagov_context
UCS,HGB,461,1,51.3,2972.4219559356443,base_plus_datagov_context
UCS,HGB,462,1,3137.6,2972.4219559356443,base_plus_datagov_context
UCS,HGB,463,1,2613.1000000000004,2972.4219559356443,base_plus_datagov_context
UCS,HGB,464,1,1425.9,2972.4219559356443,base_plus_datagov_context
UCS,HGB,465,1,635.0,2972.4219559356443,base_plus_datagov_context
UCS,HGB,466,1,65.60000000000001,2972.4219559356443,base_plus_datagov_context
UCS,HGB,467,1,57.5,2868.2403748019233,base_plus_datagov_context
UCS,HGB,468,1,56.8,2868.2403748019233,base_plus_datagov_context
UCS,HGB,469,1,61.7,2868.2403748019233,base_plus_datagov_context
UCS,HGB,470,1,72.4,2868.2403748019233,base_plus_datagov_context
UCS,HGB,471,1,76.1,2868.2403748019233,base_plus_datagov_context
UCS,HGB,472,1,2615.3,2868.2403748019233,base_plus_datagov_context
UCS,HGB,473,1,722.8,2868.2403748019233,base_plus_datagov_context
UCS,HGB,474,1,81.0,2868.2403748019233,base_plus_datagov_context
UCS,HGB,475,1,81.5,2868.2403748019233,base_plus_datagov_context
UCS,HGB,476,1,61.1,2868.2403748019233,base_plus_datagov_context
UCS,HGB,477,1,4715.7,2868.2403748019233,base_plus_datagov_context
UCS,HGB,478,1,983.8,2868.2403748019233,base_plus_datagov_context
UCS,HGB,479,1,169.9,2868.2403748019233,base_plus_datagov_context
UCS,HGB,480,1,92.0,2868.2403748019233,base_plus_datagov_context
UCS,HGB,481,1,113.8,2868.2403748019233,base_plus_datagov_context
UCS,HGB,482,1,6333.9,2868.2403748019233,base_plus_datagov_context
UCS,HGB,483,1,5499.0,2868.2403748019233,base_plus_datagov_context
UCS,HGB,484,1,2905.5,2868.2403748019233,base_plus_datagov_context
UCS,HGB,485,1,320.79999999999995,2868.2403748019233,base_plus_datagov_context
UCS,HGB,486,1,108.3,2868.2403748019233,base_plus_datagov_context
UCS,HGB,487,1,6549.2,2868.2403748019233,base_plus_datagov_context
UCS,HGB,488,1,5612.0,2868.2403748019233,base_plus_datagov_context
UCS,HGB,489,1,4519.599999999999,2868.2403748019233,base_plus_datagov_context
UCS,HGB,490,1,1048.8,2868.2403748019233,base_plus_datagov_context
UCS,HGB,491,1,82.60000000000001,2868.2403748019233,base_plus_datagov_context
UCS,HGB,492,1,6962.4,2868.2403748019233,base_plus_datagov_context
UCS,HGB,493,1,4417.099999999999,2868.2403748019233,base_plus_datagov_context
UCS,HGB,494,1,1049.7,2868.2403748019233,base_plus_datagov_context
UCS,HGB,495,1,108.1,2868.2403748019233,base_plus_datagov_context
UCS,HGB,496,1,96.9,2868.2403748019233,base_plus_datagov_context
UCS,HGB,497,1,7857.3,2868.2403748019233,base_plus_datagov_context
UCS,HGB,498,1,6059.3,2868.2403748019233,base_plus_datagov_context
UCS,HGB,499,1,3516.2,2868.2403748019233,base_plus_datagov_context
UCS,HGB,500,1,379.9,2868.2403748019233,base_plus_datagov_context
UCS,HGB,501,1,119.4,2868.2403748019233,base_plus_datagov_context
UCS,HGB,502,1,6912.7,2868.2403748019233,base_plus_datagov_context
UCS,HGB,503,1,5779.099999999999,2868.2403748019233,base_plus_datagov_context
UCS,HGB,504,1,4361.1,2868.2403748019233,base_plus_datagov_context
UCS,HGB,505,1,1989.1,2868.2403748019233,base_plus_datagov_context
UCS,HGB,506,1,78.60000000000001,2868.2403748019233,base_plus_datagov_context
UCS,HGB,507,1,72.4,3185.627058447121,base_plus_datagov_context
UCS,HGB,508,1,77.8,3185.627058447121,base_plus_datagov_context
UCS,HGB,509,1,71.3,3185.627058447121,base_plus_datagov_context
UCS,HGB,510,1,44.5,3185.627058447121,base_plus_datagov_context
UCS,HGB,511,1,30.1,3185.627058447121,base_plus_datagov_context
UCS,HGB,512,1,201.7,3185.627058447121,base_plus_datagov_context
UCS,HGB,513,1,168.7,3185.627058447121,base_plus_datagov_context
UCS,HGB,514,1,108.9,3185.627058447121,base_plus_datagov_context
UCS,HGB,515,1,86.9,3185.627058447121,base_plus_datagov_context
UCS,HGB,516,1,98.5,3185.627058447121,base_plus_datagov_context
UCS,HGB,517,1,10089.0,3185.627058447121,base_plus_datagov_context
UCS,HGB,518,1,5803.7,3185.627058447121,base_plus_datagov_context
UCS,HGB,519,1,117.3,3185.627058447121,base_plus_datagov_context
UCS,HGB,520,1,67.6,3185.627058447121,base_plus_datagov_context
UCS,HGB,521,1,107.1,3185.627058447121,base_plus_datagov_context
UCS,HGB,522,1,10786.0,3185.627058447121,base_plus_datagov_context
UCS,HGB,523,1,9583.3,3185.627058447121,base_plus_datagov_context
UCS,HGB,524,1,2567.3,3185.627058447121,base_plus_datagov_context
UCS,HGB,525,1,69.3,3185.627058447121,base_plus_datagov_context
UCS,HGB,526,1,25.7,3185.627058447121,base_plus_datagov_context
UCS,HGB,527,1,10042.0,3185.627058447121,base_plus_datagov_context
UCS,HGB,528,1,9647.6,3185.627058447121,base_plus_datagov_context
UCS,HGB,529,1,8262.1,3185.627058447121,base_plus_datagov_context
UCS,HGB,530,1,148.60000000000002,3185.627058447121,base_plus_datagov_context
UCS,HGB,531,1,33.7,3185.627058447121,base_plus_datagov_context
UCS,HGB,532,1,10809.0,3185.627058447121,base_plus_datagov_context
UCS,HGB,533,1,9878.1,3185.627058447121,base_plus_datagov_context
UCS,HGB,534,1,269.2,3185.627058447121,base_plus_datagov_context
UCS,HGB,535,1,178.79999999999998,3185.627058447121,base_plus_datagov_context
UCS,HGB,536,1,56.7,3185.627058447121,base_plus_datagov_context
UCS,HGB,537,1,11033.0,3185.627058447121,base_plus_datagov_context
UCS,HGB,538,1,8186.999999999999,3185.627058447121,base_plus_datagov_context
UCS,HGB,539,1,3534.2,3185.627058447121,base_plus_datagov_context
UCS,HGB,540,1,99.0,3185.627058447121,base_plus_datagov_context
UCS,HGB,541,1,38.2,3185.627058447121,base_plus_datagov_context
UCS,HGB,542,1,8661.099999999999,3185.627058447121,base_plus_datagov_context
UCS,HGB,543,1,7999.2,3185.627058447121,base_plus_datagov_context
UCS,HGB,544,1,7754.0,3185.627058447121,base_plus_datagov_context
UCS,HGB,545,1,1216.6999999999998,3185.627058447121,base_plus_datagov_context
UCS,HGB,546,1,70.8,3185.627058447121,base_plus_datagov_context
UCS,HGB,547,1,117.4,2865.3364130823693,base_plus_datagov_context
UCS,HGB,548,1,109.9,2865.3364130823693,base_plus_datagov_context
UCS,HGB,549,1,84.9,2865.3364130823693,base_plus_datagov_context
UCS,HGB,550,1,16.9,2865.3364130823693,base_plus_datagov_context
UCS,HGB,551,1,210.7,2865.3364130823693,base_plus_datagov_context
UCS,HGB,552,1,197.0,2865.3364130823693,base_plus_datagov_context
UCS,HGB,553,1,168.9,2865.3364130823693,base_plus_datagov_context
UCS,HGB,554,1,110.3,2865.3364130823693,base_plus_datagov_context
UCS,HGB,555,1,229.3,2865.3364130823693,base_plus_datagov_context
UCS,HGB,556,1,224.1,2865.3364130823693,base_plus_datagov_context
UCS,HGB,557,1,186.8,2865.3364130823693,base_plus_datagov_context
UCS,HGB,558,1,155.5,2865.3364130823693,base_plus_datagov_context
UCS,HGB,559,1,195.4,2865.3364130823693,base_plus_datagov_context
UCS,HGB,560,1,123.2,2865.3364130823693,base_plus_datagov_context
UCS,HGB,561,1,80.0,2865.3364130823693,base_plus_datagov_context
UCS,HGB,562,1,39.0,2865.3364130823693,base_plus_datagov_context
UCS,HGB,563,1,185.2,2865.3364130823693,base_plus_datagov_context
UCS,HGB,564,1,181.9,2865.3364130823693,base_plus_datagov_context
UCS,HGB,565,1,180.0,2874.2588658591417,base_plus_datagov_context
UCS,HGB,566,1,127.0,2874.2588658591417,base_plus_datagov_context
UCS,HGB,567,1,189.0,2874.2588658591417,base_plus_datagov_context
UCS,HGB,568,1,170.0,2874.2588658591417,base_plus_datagov_context
UCS,HGB,569,1,163.0,2874.2588658591417,base_plus_datagov_context
UCS,HGB,570,1,120.0,2874.2588658591417,base_plus_datagov_context
UCS,HGB,571,1,5855.0,3194.549511223893,base_plus_datagov_context
UCS,HGB,572,1,2597.0,3194.549511223893,base_plus_datagov_context
UCS,HGB,573,1,120.0,3194.549511223893,base_plus_datagov_context
UCS,HGB,574,1,97.0,3194.549511223893,base_plus_datagov_context
UCS,HGB,575,1,53.0,3194.549511223893,base_plus_datagov_context
UCS,HGB,576,1,4899.0,3194.549511223893,base_plus_datagov_context
UCS,HGB,577,1,3410.0,3194.549511223893,base_plus_datagov_context
UCS,HGB,578,1,604.0,3194.549511223893,base_plus_datagov_context
UCS,HGB,579,1,96.0,3194.549511223893,base_plus_datagov_context
UCS,HGB,580,1,74.0,3194.549511223893,base_plus_datagov_context
UCS,HGB,581,1,7346.0,3194.549511223893,base_plus_datagov_context
UCS,HGB,582,1,6191.0,3194.549511223893,base_plus_datagov_context
UCS,HGB,583,1,348.0,3194.549511223893,base_plus_datagov_context
UCS,HGB,584,1,144.0,3194.549511223893,base_plus_datagov_context
UCS,HGB,585,1,45.0,3194.549511223893,base_plus_datagov_context
UCS,HGB,586,1,9562.0,3194.549511223893,base_plus_datagov_context
UCS,HGB,587,1,8595.0,3194.549511223893,base_plus_datagov_context
UCS,HGB,588,1,971.0,3194.549511223893,base_plus_datagov_context
UCS,HGB,589,1,140.0,3194.549511223893,base_plus_datagov_context
UCS,HGB,590,1,54.0,3194.549511223893,base_plus_datagov_context
UCS,HGB,591,1,2687.0,3194.549511223893,base_plus_datagov_context
UCS,HGB,592,1,650.0,3194.549511223893,base_plus_datagov_context
UCS,HGB,593,1,199.0,3194.549511223893,base_plus_datagov_context
UCS,HGB,594,1,109.0,3194.549511223893,base_plus_datagov_context
UCS,HGB,595,1,37.0,3194.549511223893,base_plus_datagov_context
UCS,HGB,596,1,3127.0,3194.549511223893,base_plus_datagov_context
UCS,HGB,597,1,615.0,3194.549511223893,base_plus_datagov_context
UCS,HGB,598,1,134.0,3194.549511223893,base_plus_datagov_context
UCS,HGB,599,1,142.0,3194.549511223893,base_plus_datagov_context
UCS,HGB,600,1,10530.0,3194.549511223893,base_plus_datagov_context
UCS,HGB,601,1,7492.0,3194.549511223893,base_plus_datagov_context
UCS,HGB,602,1,656.0,3194.549511223893,base_plus_datagov_context
UCS,HGB,603,1,240.0,3194.549511223893,base_plus_datagov_context
UCS,HGB,604,1,10560.0,3194.549511223893,base_plus_datagov_context
UCS,HGB,605,1,9610.0,3194.549511223893,base_plus_datagov_context
UCS,HGB,606,1,1323.0,3194.549511223893,base_plus_datagov_context
UCS,HGB,607,1,176.0,3194.549511223893,base_plus_datagov_context
UCS,HGB,608,1,40.0,3194.549511223893,base_plus_datagov_context
UCS,HGB,609,1,5012.0,2890.9598764985467,base_plus_datagov_context
UCS,HGB,610,1,6644.0,2890.9598764985467,base_plus_datagov_context
UCS,HGB,611,1,7278.0,2890.9598764985467,base_plus_datagov_context
UCS,HGB,612,1,8696.0,2890.9598764985467,base_plus_datagov_context
UCS,HGB,613,1,10350.0,2890.9598764985467,base_plus_datagov_context
UCS,HGB,614,1,5423.0,2890.9598764985467,base_plus_datagov_context
UCS,HGB,615,1,6251.0,2890.9598764985467,base_plus_datagov_context
UCS,HGB,616,1,8130.000000000001,2890.9598764985467,base_plus_datagov_context
UCS,HGB,617,1,9384.0,2890.9598764985467,base_plus_datagov_context
UCS,HGB,618,1,11180.0,2890.9598764985467,base_plus_datagov_context
UCS,HGB,619,1,3484.0,2890.9598764985467,base_plus_datagov_context
UCS,HGB,620,1,4605.0,2890.9598764985467,base_plus_datagov_context
UCS,HGB,621,1,6519.0,2890.9598764985467,base_plus_datagov_context
UCS,HGB,622,1,8700.0,2890.9598764985467,base_plus_datagov_context
UCS,HGB,623,1,10350.0,2890.9598764985467,base_plus_datagov_context
UCS,HGB,624,1,4951.0,2890.9598764985467,base_plus_datagov_context
UCS,HGB,625,1,5471.0,2890.9598764985467,base_plus_datagov_context
UCS,HGB,626,1,6285.0,2890.9598764985467,base_plus_datagov_context
UCS,HGB,627,1,7956.0,2890.9598764985467,base_plus_datagov_context
UCS,HGB,628,1,10920.0,2890.9598764985467,base_plus_datagov_context
UCS,HGB,629,1,6304.0,2868.2403748019233,base_plus_datagov_context
UCS,HGB,630,1,11620.0,2868.2403748019233,base_plus_datagov_context
UCS,HGB,631,1,13870.0,2868.2403748019233,base_plus_datagov_context
UCS,HGB,632,1,15550.0,2868.2403748019233,base_plus_datagov_context
UCS,HGB,633,1,18530.0,2868.2403748019233,base_plus_datagov_context
UCS,HGB,634,1,10690.0,2868.2403748019233,base_plus_datagov_context
UCS,HGB,635,1,12350.0,2868.2403748019233,base_plus_datagov_context
UCS,HGB,636,1,13260.0,2868.2403748019233,base_plus_datagov_context
UCS,HGB,637,1,13660.0,2868.2403748019233,base_plus_datagov_context
UCS,HGB,638,1,15690.0,2868.2403748019233,base_plus_datagov_context
UCS,HGB,639,1,10080.0,2868.2403748019233,base_plus_datagov_context
UCS,HGB,640,1,12590.0,2868.2403748019233,base_plus_datagov_context
UCS,HGB,641,1,13450.0,2868.2403748019233,base_plus_datagov_context
UCS,HGB,642,1,15120.0,2868.2403748019233,base_plus_datagov_context
UCS,HGB,643,1,15360.0,2868.2403748019233,base_plus_datagov_context
UCS,HGB,644,1,8791.0,2868.2403748019233,base_plus_datagov_context
UCS,HGB,645,1,10950.0,2868.2403748019233,base_plus_datagov_context
UCS,HGB,646,1,12020.0,2868.2403748019233,base_plus_datagov_context
UCS,HGB,647,1,14260.0,2868.2403748019233,base_plus_datagov_context
UCS,HGB,648,1,17040.0,2868.2403748019233,base_plus_datagov_context
UCS,HGB,649,1,15860.0,3194.549511223893,base_plus_datagov_context
UCS,HGB,650,1,18920.0,3194.549511223893,base_plus_datagov_context
UCS,HGB,651,1,19460.0,3194.549511223893,base_plus_datagov_context
UCS,HGB,652,1,22030.0,3194.549511223893,base_plus_datagov_context
UCS,HGB,653,1,23480.0,3194.549511223893,base_plus_datagov_context
UCS,HGB,654,1,17250.0,3194.549511223893,base_plus_datagov_context
UCS,HGB,655,1,18980.0,3194.549511223893,base_plus_datagov_context
UCS,HGB,656,1,20720.0,3194.549511223893,base_plus_datagov_context
UCS,HGB,657,1,22380.0,3194.549511223893,base_plus_datagov_context
UCS,HGB,658,1,24260.0,3194.549511223893,base_plus_datagov_context
UCS,HGB,659,1,14000.0,3194.549511223893,base_plus_datagov_context
UCS,HGB,660,1,17140.0,3194.549511223893,base_plus_datagov_context
UCS,HGB,661,1,20410.0,3194.549511223893,base_plus_datagov_context
UCS,HGB,662,1,21890.0,3194.549511223893,base_plus_datagov_context
UCS,HGB,663,1,22710.0,3194.549511223893,base_plus_datagov_context
UCS,HGB,664,1,11460.0,3194.549511223893,base_plus_datagov_context
UCS,HGB,665,1,14330.0,3194.549511223893,base_plus_datagov_context
UCS,HGB,666,1,16580.0,3194.549511223893,base_plus_datagov_context
UCS,HGB,667,1,18080.0,3194.549511223893,base_plus_datagov_context
UCS,HGB,668,1,18640.0,3194.549511223893,base_plus_datagov_context
UCS,HGB,669,1,11580.0,3194.549511223893,base_plus_datagov_context
UCS,HGB,670,1,11610.0,3194.549511223893,base_plus_datagov_context
UCS,HGB,671,1,12160.0,3194.549511223893,base_plus_datagov_context
UCS,HGB,672,1,12000.0,3194.549511223893,base_plus_datagov_context
UCS,HGB,673,1,12470.0,3194.549511223893,base_plus_datagov_context
UCS,HGB,674,1,12620.0,3194.549511223893,base_plus_datagov_context
UCS,HGB,675,1,13050.0,3194.549511223893,base_plus_datagov_context
UCS,HGB,676,1,13370.0,3194.549511223893,base_plus_datagov_context
UCS,HGB,677,1,14320.0,3194.549511223893,base_plus_datagov_context
UCS,HGB,678,1,15570.0,3194.549511223893,base_plus_datagov_context
UCS,HGB,679,1,17550.0,3194.549511223893,base_plus_datagov_context
UCS,HGB,680,1,18330.0,3194.549511223893,base_plus_datagov_context
UCS,HGB,681,1,18310.0,3194.549511223893,base_plus_datagov_context
UCS,HGB,682,1,12350.0,3194.549511223893,base_plus_datagov_context
UCS,HGB,683,1,13030.0,3194.549511223893,base_plus_datagov_context
UCS,HGB,684,1,13600.0,3194.549511223893,base_plus_datagov_context
UCS,HGB,685,1,14240.0,3194.549511223893,base_plus_datagov_context
UCS,HGB,686,1,14700.0,3194.549511223893,base_plus_datagov_context
UCS,HGB,687,1,15010.0,3194.549511223893,base_plus_datagov_context
UCS,HGB,688,1,14930.0,3194.549511223893,base_plus_datagov_context
UCS,HGB,689,1,15270.0,3194.549511223893,base_plus_datagov_context
UCS,HGB,690,1,14720.0,3194.549511223893,base_plus_datagov_context
UCS,HGB,691,1,13380.0,3194.549511223893,base_plus_datagov_context
UCS,HGB,692,1,12570.0,3194.549511223893,base_plus_datagov_context
UCS,HGB,693,1,13540.0,3194.549511223893,base_plus_datagov_context
UCS,HGB,694,1,13380.0,3194.549511223893,base_plus_datagov_context
UCS,HGB,695,1,13730.0,3194.549511223893,base_plus_datagov_context
UCS,HGB,696,1,13700.0,3194.549511223893,base_plus_datagov_context
UCS,HGB,697,1,14010.0,3194.549511223893,base_plus_datagov_context
UCS,HGB,698,1,14060.0,3194.549511223893,base_plus_datagov_context
UCS,HGB,699,1,14030.0,3194.549511223893,base_plus_datagov_context
UCS,HGB,700,1,14650.0,3194.549511223893,base_plus_datagov_context
UCS,HGB,701,1,14820.0,3194.549511223893,base_plus_datagov_context
UCS,HGB,1331,2,1820.0,977.3643066337435,base_plus_datagov_context
UCS,HGB,1332,2,2520.0,1859.3103735133823,base_plus_datagov_context
UCS,HGB,1333,2,2060.0,1524.9328121770088,base_plus_datagov_context
UCS,HGB,1334,2,2630.0,2446.323148877037,base_plus_datagov_context
UCS,HGB,1335,2,2120.0,1102.6781103890319,base_plus_datagov_context
UCS,HGB,1336,2,3080.0,1982.6322782900866,base_plus_datagov_context
UCS,HGB,1337,2,2290.0,1102.6781103890319,base_plus_datagov_context
UCS,HGB,1338,2,2940.0,1982.6322782900866,base_plus_datagov_context
UCS,HGB,1339,2,2690.0,977.3643066337435,base_plus_datagov_context
UCS,HGB,1340,2,3350.0,1859.3103735133823,base_plus_datagov_context
UCS,HGB,1341,2,83.15,524.6075224707323,base_plus_datagov_context
UCS,HGB,1342,2,103.18,579.5337804931447,base_plus_datagov_context
UCS,HGB,1343,2,118.083,906.8674132404502,base_plus_datagov_context
UCS,HGB,1344,2,158.517,1867.6594892700364,base_plus_datagov_context
UCS,HGB,1345,2,95.2,268.06845442549235,base_plus_datagov_context
UCS,HGB,1346,2,142.012,325.65111827497157,base_plus_datagov_context
UCS,HGB,1347,2,195.2,681.9511840196375,base_plus_datagov_context
UCS,HGB,1348,2,246.279,1336.8321819683242,base_plus_datagov_context
UCS,HGB,1349,2,130.84,266.8958890232663,base_plus_datagov_context
UCS,HGB,1350,2,161.68,324.4785528727455,base_plus_datagov_context
UCS,HGB,1351,2,222.34,680.7786186174116,base_plus_datagov_context
UCS,HGB,1352,2,264.898,1335.6596165660983,base_plus_datagov_context
UCS,HGB,1353,2,137.77,356.60696937072163,base_plus_datagov_context
UCS,HGB,1354,2,167.55,402.15023229862,base_plus_datagov_context
UCS,HGB,1355,2,226.04,763.334214541977,base_plus_datagov_context
UCS,HGB,1356,2,311.1681,1294.2016431965726,base_plus_datagov_context
UCS,HGB,1357,2,161.7,262.7167173611832,base_plus_datagov_context
UCS,HGB,1358,2,205.309,305.2266806418137,base_plus_datagov_context
UCS,HGB,1359,2,247.87,666.4106628851703,base_plus_datagov_context
UCS,HGB,1360,2,354.26,1169.2733437217948,base_plus_datagov_context
UCS,HGB,1361,2,150.52,353.1768682930845,base_plus_datagov_context
UCS,HGB,1362,2,172.86,398.72013122098286,base_plus_datagov_context
UCS,HGB,1363,2,220.742,759.9041134643396,base_plus_datagov_context
UCS,HGB,1364,2,320.753,1273.9368732964233,base_plus_datagov_context
UCS,HGB,1365,2,302.3,272.6310751799323,base_plus_datagov_context
UCS,HGB,1366,2,353.6,1210.3191397438154,base_plus_datagov_context
UCS,HGB,1367,2,395.2,515.1955356052448,base_plus_datagov_context
UCS,HGB,1368,2,451.2,515.1955356052448,base_plus_datagov_context
UCS,HGB,1369,2,534.307,515.1955356052448,base_plus_datagov_context
UCS,HGB,1370,2,637.594,878.8101876213292,base_plus_datagov_context
UCS,HGB,1371,2,378.4,515.1955356052448,base_plus_datagov_context
UCS,HGB,1372,2,669.59,272.6310751799323,base_plus_datagov_context
UCS,HGB,1373,2,479.336,1210.3191397438154,base_plus_datagov_context
UCS,HGB,1374,2,507.336,515.1955356052448,base_plus_datagov_context
UCS,HGB,1375,2,582.676,515.1955356052448,base_plus_datagov_context
UCS,HGB,1376,2,917.037,515.1955356052448,base_plus_datagov_context
UCS,HGB,1377,2,1084.381,878.8101876213292,base_plus_datagov_context
UCS,HGB,1378,2,474.476,515.1955356052448,base_plus_datagov_context
UCS,HGB,1379,2,825.038,272.6310751799323,base_plus_datagov_context
UCS,HGB,1380,2,737.867,1210.3191397438154,base_plus_datagov_context
UCS,HGB,1381,2,761.978,515.1955356052448,base_plus_datagov_context
UCS,HGB,1382,2,884.389,515.1955356052448,base_plus_datagov_context
UCS,HGB,1383,2,1192.272,515.1955356052448,base_plus_datagov_context
UCS,HGB,1384,2,1458.409,878.8101876213292,base_plus_datagov_context
UCS,HGB,1385,2,789.799,515.1955356052448,base_plus_datagov_context
UCS,HGB,1386,2,1099.99,272.6310751799323,base_plus_datagov_context
UCS,HGB,1387,2,888.905,1210.3191397438154,base_plus_datagov_context
UCS,HGB,1388,2,952.749,515.1955356052448,base_plus_datagov_context
UCS,HGB,1389,2,1217.945,515.1955356052448,base_plus_datagov_context
UCS,HGB,1390,2,1384.696,515.1955356052448,base_plus_datagov_context
UCS,HGB,1391,2,1771.389,878.8101876213292,base_plus_datagov_context
UCS,HGB,1392,2,1054.19,515.1955356052448,base_plus_datagov_context
UCS,HGB,1393,2,76.0,247.89954792255045,base_plus_datagov_context
UCS,HGB,1394,2,277.839,247.89954792255045,base_plus_datagov_context
UCS,HGB,1395,2,318.293,774.4684948823045,base_plus_datagov_context
UCS,HGB,1396,2,453.181,749.0887042154419,base_plus_datagov_context
UCS,HGB,1397,2,254.9,244.21108591479006,base_plus_datagov_context
UCS,HGB,1398,2,337.183,792.2174684502955,base_plus_datagov_context
UCS,HGB,1399,2,446.42,813.9075886359997,base_plus_datagov_context
UCS,HGB,1400,2,292.647,584.8052612315375,base_plus_datagov_context
UCS,HGB,1401,2,373.577,1753.650458168388,base_plus_datagov_context
UCS,HGB,1402,2,513.856,1787.4366397788535,base_plus_datagov_context
UCS,HGB,1403,2,530.638,433.78817042115475,base_plus_datagov_context
UCS,HGB,1404,2,401.891,973.4864604403456,base_plus_datagov_context
UCS,HGB,1405,2,617.684,948.9415505820941,base_plus_datagov_context
UCS,HGB,1406,2,199.187,182.98020320767145,base_plus_datagov_context
UCS,HGB,1407,2,218.734,179.2917411999109,base_plus_datagov_context
UCS,HGB,1408,2,209.926,358.0004330338904,base_plus_datagov_context
UCS,HGB,1409,2,180.826,358.0004330338904,base_plus_datagov_context
UCS,HGB,1410,2,139.837,182.98020320767145,base_plus_datagov_context
UCS,HGB,1411,2,169.546,179.2917411999109,base_plus_datagov_context
UCS,HGB,1412,2,149.763,358.0004330338904,base_plus_datagov_context
UCS,HGB,1413,2,119.851,358.0004330338904,base_plus_datagov_context
UCS,HGB,1414,2,129.44778,251.61567199287487,base_plus_datagov_context
UCS,HGB,1415,2,151.02241,119.61819266070825,base_plus_datagov_context
UCS,HGB,1416,2,339.31009,707.1415179568651,base_plus_datagov_context
UCS,HGB,1417,2,377.556025,619.4323794946671,base_plus_datagov_context
UCS,HGB,1418,2,238.301595,834.7927593649839,base_plus_datagov_context
UCS,HGB,1419,2,289.296175,713.9540403406852,base_plus_datagov_context
UCS,HGB,1420,2,193.191005,1006.1947403663332,base_plus_datagov_context
UCS,HGB,1421,2,208.881645,1406.4238711535022,base_plus_datagov_context
UCS,HGB,1422,2,560.0,285.28938203723817,base_plus_datagov_context
UCS,HGB,1423,2,640.0,127.79897365862388,base_plus_datagov_context
UCS,HGB,1424,2,700.0,55.88863023925625,base_plus_datagov_context
UCS,HGB,1425,2,660.0,1077.4454512361624,base_plus_datagov_context
UCS,HGB,1426,2,770.0,1014.7807652915025,base_plus_datagov_context
UCS,HGB,1427,2,1350.0,1077.2106503516961,base_plus_datagov_context
UCS,HGB,1428,2,720.0,1052.9110830213745,base_plus_datagov_context
UCS,HGB,1429,2,880.0,996.837173638207,base_plus_datagov_context
UCS,HGB,1430,2,1590.0,1055.9184137840305,base_plus_datagov_context
UCS,HGB,1431,2,1041.0,1059.7748985873286,base_plus_datagov_context
UCS,HGB,1432,2,1390.0,988.0317302186606,base_plus_datagov_context
UCS,HGB,1433,2,2460.0,1032.6571414677805,base_plus_datagov_context
UCS,HGB,1434,2,1371.0,303.502686440269,base_plus_datagov_context
UCS,HGB,1435,2,1760.0,146.01227806165463,base_plus_datagov_context
UCS,HGB,1436,2,2490.0,74.10193464228695,base_plus_datagov_context
UCS,HGB,1437,2,376.0,1330.0350851080486,base_plus_datagov_context
UCS,HGB,1438,2,1103.0,1401.9633793636115,base_plus_datagov_context
UCS,HGB,1439,2,1130.0,1401.9633793636115,base_plus_datagov_context
UCS,HGB,1440,2,1169.0,1401.9633793636115,base_plus_datagov_context
UCS,HGB,1441,2,1118.0,1401.9633793636115,base_plus_datagov_context
UCS,HGB,1442,2,1109.0,1401.9633793636115,base_plus_datagov_context
UCS,HGB,1443,2,1160.0,1489.4857104679663,base_plus_datagov_context
UCS,HGB,1444,2,1288.0,1489.4857104679663,base_plus_datagov_context
UCS,HGB,1445,2,1286.0,1489.4857104679663,base_plus_datagov_context
UCS,HGB,1446,2,1256.0,1489.4857104679663,base_plus_datagov_context
UCS,HGB,1447,2,1299.0,1496.7288513818598,base_plus_datagov_context
UCS,HGB,1448,2,1328.0,1496.7288513818598,base_plus_datagov_context
UCS,HGB,1449,2,1297.0,1496.7288513818598,base_plus_datagov_context
UCS,HGB,1450,2,1276.0,1496.7288513818598,base_plus_datagov_context
UCS,HGB,1451,2,86.0,94.6870865686676,base_plus_datagov_context
UCS,HGB,1452,2,213.17,643.6823524376794,base_plus_datagov_context
UCS,HGB,1453,2,223.0,1314.3223263528837,base_plus_datagov_context
UCS,HGB,1454,2,230.0,1432.946914832649,base_plus_datagov_context
UCS,HGB,1455,2,236.0,1871.6815087768387,base_plus_datagov_context
UCS,HGB,1456,2,227.0,1249.1229134258938,base_plus_datagov_context
UCS,HGB,1457,2,233.0,1367.5018523776446,base_plus_datagov_context
UCS,HGB,1458,2,244.0,1806.2364463218341,base_plus_datagov_context
UCS,HGB,1459,2,235.0,1280.0311176620423,base_plus_datagov_context
UCS,HGB,1460,2,258.0,1398.4100566137931,base_plus_datagov_context
UCS,HGB,1461,2,249.0,1837.1446505579827,base_plus_datagov_context
UCS,HGB,1462,2,258.73,1047.3590828195436,base_plus_datagov_context
UCS,HGB,1463,2,377.077,1151.5834513145292,base_plus_datagov_context
UCS,HGB,1464,2,522.492,1425.281337506597,base_plus_datagov_context
UCS,HGB,1465,2,614.756,1372.835302978207,base_plus_datagov_context
UCS,HGB,1466,2,374.068,1151.5834513145292,base_plus_datagov_context
UCS,HGB,1467,2,533.524,1425.281337506597,base_plus_datagov_context
UCS,HGB,1468,2,622.779,1372.835302978207,base_plus_datagov_context
UCS,HGB,1469,2,500.0,1233.2495885968992,base_plus_datagov_context
UCS,HGB,1470,2,500.0,1621.5123156123996,base_plus_datagov_context
UCS,HGB,1471,2,500.0,1741.1332052635657,base_plus_datagov_context
UCS,HGB,1472,2,425.4,1233.2495885968992,base_plus_datagov_context
UCS,HGB,1473,2,418.0,1612.0747536468634,base_plus_datagov_context
UCS,HGB,1474,2,500.0,1731.6956432980296,base_plus_datagov_context
UCS,HGB,1475,2,409.4,1805.2830544150067,base_plus_datagov_context
UCS,HGB,1476,2,413.0,2259.8180252624247,base_plus_datagov_context
UCS,HGB,1477,2,500.0,2383.9588837953397,base_plus_datagov_context
UCS,HGB,1478,2,98.0,652.9839454872549,base_plus_datagov_context
UCS,HGB,1479,2,173.0,613.2820467248997,base_plus_datagov_context
UCS,HGB,1480,2,138.0,652.9839454872549,base_plus_datagov_context
UCS,HGB,1481,2,122.0,1047.009581806446,base_plus_datagov_context
UCS,HGB,1482,2,207.0,985.5830728936752,base_plus_datagov_context
UCS,HGB,1483,2,166.0,1047.009581806446,base_plus_datagov_context
UCS,HGB,1484,2,173.0,1142.805614742226,base_plus_datagov_context
UCS,HGB,1485,2,231.0,782.9589489480392,base_plus_datagov_context
UCS,HGB,1486,2,192.0,1142.805614742226,base_plus_datagov_context
UCS,HGB,1487,2,313.0,774.786584147687,base_plus_datagov_context
UCS,HGB,1488,2,415.0,698.8124084756405,base_plus_datagov_context
UCS,HGB,1489,2,289.0,774.786584147687,base_plus_datagov_context
UCS,HGB,1490,2,578.0,2112.460241393005,base_plus_datagov_context
UCS,HGB,1491,2,792.0,1991.3486965931015,base_plus_datagov_context
UCS,HGB,1492,2,634.0,2112.460241393005,base_plus_datagov_context
UCS,HGB,1493,2,758.0,3209.687244693837,base_plus_datagov_context
UCS,HGB,1494,2,971.0,2686.620373857571,base_plus_datagov_context
UCS,HGB,1495,2,838.0,3209.687244693837,base_plus_datagov_context
UCS,HGB,1496,2,291.0,652.9839454872549,base_plus_datagov_context
UCS,HGB,1497,2,324.0,613.2820467248997,base_plus_datagov_context
UCS,HGB,1498,2,264.0,652.9839454872549,base_plus_datagov_context
UCS,HGB,1499,2,473.0,1047.009581806446,base_plus_datagov_context
UCS,HGB,1500,2,513.0,985.5830728936752,base_plus_datagov_context
UCS,HGB,1501,2,426.0,1047.009581806446,base_plus_datagov_context
UCS,HGB,1502,2,615.0,1894.2545675074412,base_plus_datagov_context
UCS,HGB,1503,2,684.0,1528.301120170807,base_plus_datagov_context
UCS,HGB,1504,2,593.0,1894.2545675074412,base_plus_datagov_context
UCS,HGB,1505,2,452.0,774.786584147687,base_plus_datagov_context
UCS,HGB,1506,2,544.0,698.8124084756405,base_plus_datagov_context
UCS,HGB,1507,2,410.0,774.786584147687,base_plus_datagov_context
UCS,HGB,1508,2,508.0,2112.460241393005,base_plus_datagov_context
UCS,HGB,1509,2,890.0,1991.3486965931015,base_plus_datagov_context
UCS,HGB,1510,2,746.0,2112.460241393005,base_plus_datagov_context
UCS,HGB,1511,2,1063.0,3528.1018885852845,base_plus_datagov_context
UCS,HGB,1512,2,1204.0,3377.345771472212,base_plus_datagov_context
UCS,HGB,1513,2,946.0,3528.1018885852845,base_plus_datagov_context
UCS,HGB,1514,2,120.0,432.1536547116175,base_plus_datagov_context
UCS,HGB,1515,2,180.0,432.1536547116175,base_plus_datagov_context
UCS,HGB,1516,2,250.0,432.1536547116175,base_plus_datagov_context
UCS,HGB,1517,2,390.0,432.1536547116175,base_plus_datagov_context
UCS,HGB,1518,2,500.0,432.1536547116175,base_plus_datagov_context
UCS,HGB,1519,2,120.0,432.1536547116175,base_plus_datagov_context
UCS,HGB,1520,2,190.0,432.1536547116175,base_plus_datagov_context
UCS,HGB,1521,2,270.0,432.1536547116175,base_plus_datagov_context
UCS,HGB,1522,2,400.0,432.1536547116175,base_plus_datagov_context
UCS,HGB,1523,2,540.0,432.1536547116175,base_plus_datagov_context
UCS,HGB,1524,2,120.0,771.3233526981596,base_plus_datagov_context
UCS,HGB,1525,2,170.0,771.3233526981596,base_plus_datagov_context
UCS,HGB,1526,2,300.0,771.3233526981596,base_plus_datagov_context
UCS,HGB,1527,2,440.0,771.3233526981596,base_plus_datagov_context
UCS,HGB,1528,2,530.0,771.3233526981596,base_plus_datagov_context
UCS,HGB,1529,2,140.0,771.3233526981596,base_plus_datagov_context
UCS,HGB,1530,2,185.0,771.3233526981596,base_plus_datagov_context
UCS,HGB,1531,2,290.0,771.3233526981596,base_plus_datagov_context
UCS,HGB,1532,2,450.0,771.3233526981596,base_plus_datagov_context
UCS,HGB,1533,2,640.0,771.3233526981596,base_plus_datagov_context
UCS,HGB,1534,2,135.0,871.1897614382386,base_plus_datagov_context
UCS,HGB,1535,2,200.0,871.1897614382386,base_plus_datagov_context
UCS,HGB,1536,2,355.0,871.1897614382386,base_plus_datagov_context
UCS,HGB,1537,2,460.0,871.1897614382386,base_plus_datagov_context
UCS,HGB,1538,2,555.0,871.1897614382386,base_plus_datagov_context
UCS,HGB,1539,2,145.0,871.1897614382386,base_plus_datagov_context
UCS,HGB,1540,2,210.0,871.1897614382386,base_plus_datagov_context
UCS,HGB,1541,2,360.0,871.1897614382386,base_plus_datagov_context
UCS,HGB,1542,2,470.0,871.1897614382386,base_plus_datagov_context
UCS,HGB,1543,2,635.0,871.1897614382386,base_plus_datagov_context
UCS,HGB,1544,2,120.0,432.1536547116175,base_plus_datagov_context
UCS,HGB,1545,2,170.0,432.1536547116175,base_plus_datagov_context
UCS,HGB,1546,2,280.0,432.1536547116175,base_plus_datagov_context
UCS,HGB,1547,2,340.0,432.1536547116175,base_plus_datagov_context
UCS,HGB,1548,2,480.0,432.1536547116175,base_plus_datagov_context
UCS,HGB,1549,2,140.0,432.1536547116175,base_plus_datagov_context
UCS,HGB,1550,2,180.0,432.1536547116175,base_plus_datagov_context
UCS,HGB,1551,2,300.0,432.1536547116175,base_plus_datagov_context
UCS,HGB,1552,2,350.0,432.1536547116175,base_plus_datagov_context
UCS,HGB,1553,2,410.0,432.1536547116175,base_plus_datagov_context
UCS,HGB,1554,2,130.0,771.3233526981596,base_plus_datagov_context
UCS,HGB,1555,2,200.0,771.3233526981596,base_plus_datagov_context
UCS,HGB,1556,2,360.0,771.3233526981596,base_plus_datagov_context
UCS,HGB,1557,2,360.0,771.3233526981596,base_plus_datagov_context
UCS,HGB,1558,2,500.0,771.3233526981596,base_plus_datagov_context
UCS,HGB,1559,2,150.0,771.3233526981596,base_plus_datagov_context
UCS,HGB,1560,2,180.0,771.3233526981596,base_plus_datagov_context
UCS,HGB,1561,2,330.0,771.3233526981596,base_plus_datagov_context
UCS,HGB,1562,2,390.0,771.3233526981596,base_plus_datagov_context
UCS,HGB,1563,2,420.0,771.3233526981596,base_plus_datagov_context
UCS,HGB,1564,2,140.0,871.1897614382386,base_plus_datagov_context
UCS,HGB,1565,2,220.0,871.1897614382386,base_plus_datagov_context
UCS,HGB,1566,2,420.0,871.1897614382386,base_plus_datagov_context
UCS,HGB,1567,2,470.0,871.1897614382386,base_plus_datagov_context
UCS,HGB,1568,2,520.0,871.1897614382386,base_plus_datagov_context
UCS,HGB,1569,2,160.0,871.1897614382386,base_plus_datagov_context
UCS,HGB,1570,2,240.0,871.1897614382386,base_plus_datagov_context
UCS,HGB,1571,2,380.0,871.1897614382386,base_plus_datagov_context
UCS,HGB,1572,2,430.0,871.1897614382386,base_plus_datagov_context
UCS,HGB,1573,2,470.0,871.1897614382386,base_plus_datagov_context
UCS,HGB,1574,2,200.0,465.23331711322606,base_plus_datagov_context
UCS,HGB,1575,2,210.0,334.09313078400345,base_plus_datagov_context
UCS,HGB,1576,2,230.0,280.2138358443689,base_plus_datagov_context
UCS,HGB,1577,2,370.0,417.98481138014336,base_plus_datagov_context
UCS,HGB,1578,2,230.0,807.7670660247453,base_plus_datagov_context
UCS,HGB,1579,2,240.0,714.8056053798705,base_plus_datagov_context
UCS,HGB,1580,2,300.0,756.2867722098721,base_plus_datagov_context
UCS,HGB,1581,2,450.0,867.7221014384497,base_plus_datagov_context
UCS,HGB,1582,2,240.0,826.2026982198677,base_plus_datagov_context
UCS,HGB,1583,2,260.0,716.3931461728364,base_plus_datagov_context
UCS,HGB,1584,2,350.0,768.3634728797075,base_plus_datagov_context
UCS,HGB,1585,2,500.0,879.7988021082849,base_plus_datagov_context
UCS,HGB,1586,2,290.0,913.6133743208857,base_plus_datagov_context
UCS,HGB,1587,2,340.0,821.0739422324284,base_plus_datagov_context
UCS,HGB,1588,2,380.0,873.0442689392995,base_plus_datagov_context
UCS,HGB,1589,2,550.0,984.4795981678769,base_plus_datagov_context
UCS,HGB,1590,2,330.0,878.1792879013137,base_plus_datagov_context
UCS,HGB,1591,2,360.0,787.2581571895254,base_plus_datagov_context
UCS,HGB,1592,2,400.0,921.904098609227,base_plus_datagov_context
UCS,HGB,1593,2,560.0,1033.339427837804,base_plus_datagov_context
UCS,HGB,1594,2,751.1894,181.8085749856425,base_plus_datagov_context
UCS,HGB,1595,2,1971.137,555.7033164117631,base_plus_datagov_context
UCS,HGB,1596,2,3183.2386,486.92480531755814,base_plus_datagov_context
UCS,HGB,1597,2,3726.53,562.0513925830649,base_plus_datagov_context
UCS,HGB,1598,2,105.0,303.20236501408255,base_plus_datagov_context
UCS,HGB,1599,2,220.0,368.0212494346403,base_plus_datagov_context
UCS,HGB,1600,2,290.0,368.0212494346403,base_plus_datagov_context
UCS,HGB,1601,2,250.0,368.0212494346403,base_plus_datagov_context
UCS,HGB,1602,2,200.0,309.2158894256213,base_plus_datagov_context
UCS,HGB,1603,2,155.0,612.4117308553713,base_plus_datagov_context
UCS,HGB,1604,2,260.0,677.2306152759292,base_plus_datagov_context
UCS,HGB,1605,2,410.0,677.2306152759292,base_plus_datagov_context
UCS,HGB,1606,2,290.0,677.2306152759292,base_plus_datagov_context
UCS,HGB,1607,2,245.0,630.1607044233623,base_plus_datagov_context
UCS,HGB,1608,2,185.0,677.6507759562481,base_plus_datagov_context
UCS,HGB,1609,2,345.0,742.4696603768062,base_plus_datagov_context
UCS,HGB,1610,2,450.0,742.4696603768062,base_plus_datagov_context
UCS,HGB,1611,2,350.0,742.4696603768062,base_plus_datagov_context
UCS,HGB,1612,2,290.0,742.4696603768062,base_plus_datagov_context
UCS,HGB,1613,2,235.0,1087.6677941597072,base_plus_datagov_context
UCS,HGB,1614,2,365.0,1143.049116614729,base_plus_datagov_context
UCS,HGB,1615,2,510.0,1143.049116614729,base_plus_datagov_context
UCS,HGB,1616,2,380.0,1143.049116614729,base_plus_datagov_context
UCS,HGB,1617,2,395.0,1143.049116614729,base_plus_datagov_context
UCS,HGB,1618,2,250.0,368.0212494346403,base_plus_datagov_context
UCS,HGB,1619,2,340.0,368.0212494346403,base_plus_datagov_context
UCS,HGB,1620,2,260.0,368.0212494346403,base_plus_datagov_context
UCS,HGB,1621,2,180.0,309.2158894256213,base_plus_datagov_context
UCS,HGB,1622,2,340.0,677.2306152759292,base_plus_datagov_context
UCS,HGB,1623,2,425.0,677.2306152759292,base_plus_datagov_context
UCS,HGB,1624,2,355.0,677.2306152759292,base_plus_datagov_context
UCS,HGB,1625,2,240.0,630.1607044233623,base_plus_datagov_context
UCS,HGB,1626,2,420.0,742.4696603768062,base_plus_datagov_context
UCS,HGB,1627,2,515.0,742.4696603768062,base_plus_datagov_context
UCS,HGB,1628,2,440.0,742.4696603768062,base_plus_datagov_context
UCS,HGB,1629,2,335.0,742.4696603768062,base_plus_datagov_context
UCS,HGB,1630,2,440.0,1143.049116614729,base_plus_datagov_context
UCS,HGB,1631,2,550.0,1143.049116614729,base_plus_datagov_context
UCS,HGB,1632,2,450.0,1143.049116614729,base_plus_datagov_context
UCS,HGB,1633,2,360.0,1143.049116614729,base_plus_datagov_context
UCS,HGB,1634,2,100.0,303.20236501408255,base_plus_datagov_context
UCS,HGB,1635,2,350.0,368.0212494346403,base_plus_datagov_context
UCS,HGB,1636,2,430.0,368.0212494346403,base_plus_datagov_context
UCS,HGB,1637,2,410.0,368.0212494346403,base_plus_datagov_context
UCS,HGB,1638,2,280.0,309.2158894256213,base_plus_datagov_context
UCS,HGB,1639,2,140.0,612.4117308553713,base_plus_datagov_context
UCS,HGB,1640,2,500.0,677.2306152759292,base_plus_datagov_context
UCS,HGB,1641,2,550.0,677.2306152759292,base_plus_datagov_context
UCS,HGB,1642,2,520.0,677.2306152759292,base_plus_datagov_context
UCS,HGB,1643,2,330.0,630.1607044233623,base_plus_datagov_context
UCS,HGB,1644,2,180.0,677.6507759562481,base_plus_datagov_context
UCS,HGB,1645,2,610.0,742.4696603768062,base_plus_datagov_context
UCS,HGB,1646,2,670.0,742.4696603768062,base_plus_datagov_context
UCS,HGB,1647,2,690.0,742.4696603768062,base_plus_datagov_context
UCS,HGB,1648,2,450.0,742.4696603768062,base_plus_datagov_context
UCS,HGB,1649,2,230.0,1087.6677941597072,base_plus_datagov_context
UCS,HGB,1650,2,750.0,1143.049116614729,base_plus_datagov_context
UCS,HGB,1651,2,920.0,1143.049116614729,base_plus_datagov_context
UCS,HGB,1652,2,830.0,1143.049116614729,base_plus_datagov_context
UCS,HGB,1653,2,680.0,1143.049116614729,base_plus_datagov_context
UCS,HGB,1654,2,400.0,368.0212494346403,base_plus_datagov_context
UCS,HGB,1655,2,480.0,368.0212494346403,base_plus_datagov_context
UCS,HGB,1656,2,430.0,368.0212494346403,base_plus_datagov_context
UCS,HGB,1657,2,270.0,309.2158894256213,base_plus_datagov_context
UCS,HGB,1658,2,550.0,677.2306152759292,base_plus_datagov_context
UCS,HGB,1659,2,750.0,677.2306152759292,base_plus_datagov_context
UCS,HGB,1660,2,630.0,677.2306152759292,base_plus_datagov_context
UCS,HGB,1661,2,420.0,630.1607044233623,base_plus_datagov_context
UCS,HGB,1662,2,610.0,742.4696603768062,base_plus_datagov_context
UCS,HGB,1663,2,890.0,742.4696603768062,base_plus_datagov_context
UCS,HGB,1664,2,710.0,742.4696603768062,base_plus_datagov_context
UCS,HGB,1665,2,510.0,742.4696603768062,base_plus_datagov_context
UCS,HGB,1666,2,750.0,1143.049116614729,base_plus_datagov_context
UCS,HGB,1667,2,1010.0,1143.049116614729,base_plus_datagov_context
UCS,HGB,1668,2,820.0,1143.049116614729,base_plus_datagov_context
UCS,HGB,1669,2,610.0,1143.049116614729,base_plus_datagov_context
UCS,HGB,1670,2,183.0,-32.64120499305296,base_plus_datagov_context
UCS,HGB,1671,2,400.0,88.22047863655742,base_plus_datagov_context
UCS,HGB,1672,2,480.0,88.22047863655742,base_plus_datagov_context
UCS,HGB,1673,2,440.0,88.22047863655742,base_plus_datagov_context
UCS,HGB,1674,2,770.0,394.31648247729214,base_plus_datagov_context
UCS,HGB,1675,2,675.0,403.601133225104,base_plus_datagov_context
UCS,HGB,1676,2,890.0,675.1102906240499,base_plus_datagov_context
UCS,HGB,1677,2,1262.0,675.1102906240499,base_plus_datagov_context
UCS,HGB,1678,2,1113.0,643.9529956768238,base_plus_datagov_context
UCS,HGB,1679,2,870.0,675.1102906240499,base_plus_datagov_context
UCS,HGB,1680,2,1154.0,260.1635753892901,base_plus_datagov_context
UCS,HGB,1681,2,1300.0,428.9518623126362,base_plus_datagov_context
UCS,HGB,1682,2,1394.0,428.9518623126362,base_plus_datagov_context
UCS,HGB,1683,2,1303.0,732.7015292749129,base_plus_datagov_context
UCS,HGB,1684,2,1154.0,748.2269736476387,base_plus_datagov_context
UCS,HGB,1685,2,1080.0,729.0722728663918,base_plus_datagov_context
UCS,HGB,1686,2,1684.0,686.5216035028903,base_plus_datagov_context
UCS,HGB,1687,2,1788.0,889.0038496820611,base_plus_datagov_context
UCS,HGB,1688,2,1962.0,889.0038496820611,base_plus_datagov_context
UCS,HGB,1689,2,1715.0,1260.4651204754828,base_plus_datagov_context
UCS,HGB,1690,2,1628.0,1275.9905648482086,base_plus_datagov_context
UCS,HGB,1691,2,1479.0,1256.8358640669612,base_plus_datagov_context
UCS,HGB,1692,2,1843.0,666.3936553823917,base_plus_datagov_context
UCS,HGB,1693,2,1900.0,874.6973535279043,base_plus_datagov_context
UCS,HGB,1694,2,2159.0,874.6973535279043,base_plus_datagov_context
UCS,HGB,1695,2,1799.0,1294.8369630922875,base_plus_datagov_context
UCS,HGB,1696,2,1807.0,1333.9715404751005,base_plus_datagov_context
UCS,HGB,1697,2,1647.0,1314.8168396938531,base_plus_datagov_context
UCS,HGB,1698,2,112.6,856.9812348892059,base_plus_datagov_context
UCS,HGB,1699,2,92.25,856.9812348892059,base_plus_datagov_context
UCS,HGB,1700,2,267.68,922.6508289917049,base_plus_datagov_context
UCS,HGB,1701,2,157.8,922.6508289917049,base_plus_datagov_context
UCS,HGB,1702,2,204.28,1159.5069722213293,base_plus_datagov_context
UCS,HGB,1703,2,5787.68,1225.5340207669726,base_plus_datagov_context
UCS,HGB,1704,2,3881.22,1225.5340207669726,base_plus_datagov_context
UCS,HGB,1705,2,7118.49,1282.3449821315469,base_plus_datagov_context
UCS,HGB,1706,2,9912.57,1282.3449821315469,base_plus_datagov_context
UCS,HGB,1707,2,10937.95,1569.77015624562,base_plus_datagov_context
UCS,HGB,1708,2,4376.22,1638.5808358089107,base_plus_datagov_context
UCS,HGB,1709,2,3594.95,1638.5808358089107,base_plus_datagov_context
UCS,HGB,1710,2,7787.21,1709.8261636267373,base_plus_datagov_context
UCS,HGB,1711,2,10389.03,1709.8261636267373,base_plus_datagov_context
UCS,HGB,1712,2,11953.66,1984.3688491680248,base_plus_datagov_context
UCS,HGB,1713,2,4416.64,2076.5046689613064,base_plus_datagov_context
UCS,HGB,1714,2,4101.42,2076.5046689613064,base_plus_datagov_context
UCS,HGB,1715,2,7930.47,2124.9163679408107,base_plus_datagov_context
UCS,HGB,1716,2,10744.47,2118.9474289460377,base_plus_datagov_context
UCS,HGB,1717,2,12303.28,2408.9959371962295,base_plus_datagov_context
UCS,HGB,1718,2,4860.19,2268.3981683251222,base_plus_datagov_context
UCS,HGB,1719,2,4282.92,2268.3981683251222,base_plus_datagov_context
UCS,HGB,1720,2,7999.42,2339.9695727603494,base_plus_datagov_context
UCS,HGB,1721,2,10816.93,2334.0006337655764,base_plus_datagov_context
UCS,HGB,1722,2,12699.69,2620.0144880924145,base_plus_datagov_context
UCS,HGB,1723,2,6834.02,2240.5053588528103,base_plus_datagov_context
UCS,HGB,1724,2,5884.29,2240.5053588528103,base_plus_datagov_context
UCS,HGB,1725,2,8395.09,2312.0767632880375,base_plus_datagov_context
UCS,HGB,1726,2,11009.5,2306.1078242932645,base_plus_datagov_context
UCS,HGB,1727,2,13302.4,2592.1216786201026,base_plus_datagov_context
UCS,HGB,702,3,2240.0,997.3465213584116,base_plus_datagov_context
UCS,HGB,703,3,1069.0,997.3465213584116,base_plus_datagov_context
UCS,HGB,704,3,629.0,997.3465213584116,base_plus_datagov_context
UCS,HGB,705,3,3110.0,1341.5237528686152,base_plus_datagov_context
UCS,HGB,706,3,2421.0,1341.5237528686152,base_plus_datagov_context
UCS,HGB,707,3,1981.0,1341.5237528686152,base_plus_datagov_context
UCS,HGB,708,3,3860.0,1415.019027558309,base_plus_datagov_context
UCS,HGB,709,3,3707.0,1415.019027558309,base_plus_datagov_context
UCS,HGB,710,3,3269.0,1415.019027558309,base_plus_datagov_context
UCS,HGB,711,3,4362.0,1348.478391469574,base_plus_datagov_context
UCS,HGB,712,3,4280.0,1348.478391469574,base_plus_datagov_context
UCS,HGB,713,3,3680.0,1348.478391469574,base_plus_datagov_context
UCS,HGB,714,3,2151.0,997.3465213584116,base_plus_datagov_context
UCS,HGB,715,3,1473.0,997.3465213584116,base_plus_datagov_context
UCS,HGB,716,3,469.0,997.3465213584116,base_plus_datagov_context
UCS,HGB,717,3,3017.0,1341.5237528686152,base_plus_datagov_context
UCS,HGB,718,3,2507.0,1341.5237528686152,base_plus_datagov_context
UCS,HGB,719,3,1744.0,1341.5237528686152,base_plus_datagov_context
UCS,HGB,720,3,3843.0,1415.019027558309,base_plus_datagov_context
UCS,HGB,721,3,3739.0,1415.019027558309,base_plus_datagov_context
UCS,HGB,722,3,3233.0,1415.019027558309,base_plus_datagov_context
UCS,HGB,723,3,4475.0,1348.478391469574,base_plus_datagov_context
UCS,HGB,724,3,4374.0,1348.478391469574,base_plus_datagov_context
UCS,HGB,725,3,3699.0,1348.478391469574,base_plus_datagov_context
UCS,HGB,726,3,453.0,997.3465213584116,base_plus_datagov_context
UCS,HGB,727,3,239.0,997.3465213584116,base_plus_datagov_context
UCS,HGB,728,3,91.0,997.3465213584116,base_plus_datagov_context
UCS,HGB,729,3,1859.0,1341.5237528686152,base_plus_datagov_context
UCS,HGB,730,3,1438.0,1341.5237528686152,base_plus_datagov_context
UCS,HGB,731,3,796.0,1341.5237528686152,base_plus_datagov_context
UCS,HGB,732,3,2835.0,1415.019027558309,base_plus_datagov_context
UCS,HGB,733,3,2650.0,1415.019027558309,base_plus_datagov_context
UCS,HGB,734,3,1935.0,1415.019027558309,base_plus_datagov_context
UCS,HGB,735,3,3551.0,1348.478391469574,base_plus_datagov_context
UCS,HGB,736,3,3289.0,1348.478391469574,base_plus_datagov_context
UCS,HGB,737,3,3037.0,1348.478391469574,base_plus_datagov_context
UCS,HGB,738,3,283.0,997.3465213584116,base_plus_datagov_context
UCS,HGB,739,3,158.0,997.3465213584116,base_plus_datagov_context
UCS,HGB,740,3,73.0,997.3465213584116,base_plus_datagov_context
UCS,HGB,741,3,1697.0,1341.5237528686152,base_plus_datagov_context
UCS,HGB,742,3,1344.0,1341.5237528686152,base_plus_datagov_context
UCS,HGB,743,3,231.4,1341.5237528686152,base_plus_datagov_context
UCS,HGB,744,3,2393.0,1415.019027558309,base_plus_datagov_context
UCS,HGB,745,3,2110.0,1415.019027558309,base_plus_datagov_context
UCS,HGB,746,3,1616.0,1415.019027558309,base_plus_datagov_context
UCS,HGB,747,3,2927.0,1348.478391469574,base_plus_datagov_context
UCS,HGB,748,3,2789.0,1348.478391469574,base_plus_datagov_context
UCS,HGB,749,3,2659.0,1348.478391469574,base_plus_datagov_context
UCS,HGB,750,3,178.0,997.3465213584116,base_plus_datagov_context
UCS,HGB,751,3,342.0,1341.5237528686152,base_plus_datagov_context
UCS,HGB,752,3,501.0,1415.019027558309,base_plus_datagov_context
UCS,HGB,753,3,1208.0,1348.478391469574,base_plus_datagov_context
UCS,HGB,754,3,1242.0,997.3465213584116,base_plus_datagov_context
UCS,HGB,755,3,132.0,997.3465213584116,base_plus_datagov_context
UCS,HGB,756,3,36.0,997.3465213584116,base_plus_datagov_context
UCS,HGB,757,3,2310.0,1341.5237528686152,base_plus_datagov_context
UCS,HGB,758,3,1866.0,1341.5237528686152,base_plus_datagov_context
UCS,HGB,759,3,286.0,1341.5237528686152,base_plus_datagov_context
UCS,HGB,760,3,3533.0,1415.019027558309,base_plus_datagov_context
UCS,HGB,761,3,3397.0,1415.019027558309,base_plus_datagov_context
UCS,HGB,762,3,901.0,1415.019027558309,base_plus_datagov_context
UCS,HGB,763,3,4256.0,1348.478391469574,base_plus_datagov_context
UCS,HGB,764,3,4108.0,1348.478391469574,base_plus_datagov_context
UCS,HGB,765,3,1510.0,1348.478391469574,base_plus_datagov_context
UCS,HGB,766,3,351.0,997.3465213584116,base_plus_datagov_context
UCS,HGB,767,3,59.0,997.3465213584116,base_plus_datagov_context
UCS,HGB,768,3,41.0,997.3465213584116,base_plus_datagov_context
UCS,HGB,769,3,2121.0,1341.5237528686152,base_plus_datagov_context
UCS,HGB,770,3,2019.0,1341.5237528686152,base_plus_datagov_context
UCS,HGB,771,3,493.0,1341.5237528686152,base_plus_datagov_context
UCS,HGB,772,3,3671.0,1415.019027558309,base_plus_datagov_context
UCS,HGB,773,3,2013.0,1415.019027558309,base_plus_datagov_context
UCS,HGB,774,3,1290.0,1415.019027558309,base_plus_datagov_context
UCS,HGB,775,3,4453.0,1348.478391469574,base_plus_datagov_context
UCS,HGB,776,3,4081.000000000001,1348.478391469574,base_plus_datagov_context
UCS,HGB,777,3,1840.0,1348.478391469574,base_plus_datagov_context
UCS,HGB,778,3,182.0,997.3465213584116,base_plus_datagov_context
UCS,HGB,779,3,71.0,997.3465213584116,base_plus_datagov_context
UCS,HGB,780,3,1523.0,1341.5237528686152,base_plus_datagov_context
UCS,HGB,781,3,1105.0,1341.5237528686152,base_plus_datagov_context
UCS,HGB,782,3,98.0,1341.5237528686152,base_plus_datagov_context
UCS,HGB,783,3,2442.0,1415.019027558309,base_plus_datagov_context
UCS,HGB,784,3,2121.0,1415.019027558309,base_plus_datagov_context
UCS,HGB,785,3,387.0,1415.019027558309,base_plus_datagov_context
UCS,HGB,786,3,3120.0,1348.478391469574,base_plus_datagov_context
UCS,HGB,787,3,2920.0,1348.478391469574,base_plus_datagov_context
UCS,HGB,788,3,728.0,1348.478391469574,base_plus_datagov_context
UCS,HGB,789,3,134.0,997.3465213584116,base_plus_datagov_context
UCS,HGB,790,3,27.0,997.3465213584116,base_plus_datagov_context
UCS,HGB,791,3,1221.0,1341.5237528686152,base_plus_datagov_context
UCS,HGB,792,3,1082.0,1341.5237528686152,base_plus_datagov_context
UCS,HGB,793,3,2003.0,1415.019027558309,base_plus_datagov_context
UCS,HGB,794,3,1565.0,1415.019027558309,base_plus_datagov_context
UCS,HGB,795,3,2706.0,1348.478391469574,base_plus_datagov_context
UCS,HGB,796,3,2379.0,1348.478391469574,base_plus_datagov_context
UCS,HGB,797,3,162.0,876.5791976171922,base_plus_datagov_context
UCS,HGB,798,3,92.0,876.5791976171922,base_plus_datagov_context
UCS,HGB,799,3,59.0,876.5791976171922,base_plus_datagov_context
UCS,HGB,800,3,52.0,876.5791976171922,base_plus_datagov_context
UCS,HGB,801,3,46.0,876.5791976171922,base_plus_datagov_context
UCS,HGB,802,3,9.0,876.5791976171922,base_plus_datagov_context
UCS,HGB,803,3,5.0,883.918282539381,base_plus_datagov_context
UCS,HGB,804,3,903.0,981.320509642328,base_plus_datagov_context
UCS,HGB,805,3,550.0,981.320509642328,base_plus_datagov_context
UCS,HGB,806,3,402.0,981.320509642328,base_plus_datagov_context
UCS,HGB,807,3,194.0,981.320509642328,base_plus_datagov_context
UCS,HGB,808,3,201.0,981.320509642328,base_plus_datagov_context
UCS,HGB,809,3,20.0,981.320509642328,base_plus_datagov_context
UCS,HGB,810,3,15.0,988.6595945645169,base_plus_datagov_context
UCS,HGB,811,3,2320.0,981.320509642328,base_plus_datagov_context
UCS,HGB,812,3,1652.0,981.320509642328,base_plus_datagov_context
UCS,HGB,813,3,997.0,981.320509642328,base_plus_datagov_context
UCS,HGB,814,3,559.0,981.320509642328,base_plus_datagov_context
UCS,HGB,815,3,536.0,981.320509642328,base_plus_datagov_context
UCS,HGB,816,3,134.0,981.320509642328,base_plus_datagov_context
UCS,HGB,817,3,33.0,988.6595945645169,base_plus_datagov_context
UCS,HGB,818,3,3922.0,1325.4977411525326,base_plus_datagov_context
UCS,HGB,819,3,3011.0,1325.4977411525326,base_plus_datagov_context
UCS,HGB,820,3,2261.0,1325.4977411525326,base_plus_datagov_context
UCS,HGB,821,3,1684.0,1325.4977411525326,base_plus_datagov_context
UCS,HGB,822,3,1307.0,1325.4977411525326,base_plus_datagov_context
UCS,HGB,823,3,245.0,1325.4977411525326,base_plus_datagov_context
UCS,HGB,824,3,52.0,1332.8368260747216,base_plus_datagov_context
UCS,HGB,825,3,4674.0,1356.3565576653502,base_plus_datagov_context
UCS,HGB,826,3,4320.0,1356.3565576653502,base_plus_datagov_context
UCS,HGB,827,3,3560.0,1356.3565576653502,base_plus_datagov_context
UCS,HGB,828,3,2723.0,1356.3565576653502,base_plus_datagov_context
UCS,HGB,829,3,1740.0,1356.3565576653502,base_plus_datagov_context
UCS,HGB,830,3,328.0,1356.3565576653502,base_plus_datagov_context
UCS,HGB,831,3,96.0,1363.6956425875392,base_plus_datagov_context
UCS,HGB,832,3,5240.0,1399.0045084038436,base_plus_datagov_context
UCS,HGB,833,3,4899.0,1399.0045084038436,base_plus_datagov_context
UCS,HGB,834,3,4213.0,1399.0045084038436,base_plus_datagov_context
UCS,HGB,835,3,3297.0,1399.0045084038436,base_plus_datagov_context
UCS,HGB,836,3,1864.0,1399.0045084038436,base_plus_datagov_context
UCS,HGB,837,3,342.0,1399.0045084038436,base_plus_datagov_context
UCS,HGB,838,3,104.0,1406.3435933260325,base_plus_datagov_context
UCS,HGB,839,3,5604.0,1382.2100290935853,base_plus_datagov_context
UCS,HGB,840,3,5315.0,1382.2100290935853,base_plus_datagov_context
UCS,HGB,841,3,4667.0,1382.2100290935853,base_plus_datagov_context
UCS,HGB,842,3,3741.0,1382.2100290935853,base_plus_datagov_context
UCS,HGB,843,3,1937.0,1382.2100290935853,base_plus_datagov_context
UCS,HGB,844,3,376.0,1382.2100290935853,base_plus_datagov_context
UCS,HGB,845,3,113.0,1389.5491140157742,base_plus_datagov_context
UCS,HGB,846,3,5768.0,1344.7966025368287,base_plus_datagov_context
UCS,HGB,847,3,5410.0,1344.7966025368287,base_plus_datagov_context
UCS,HGB,848,3,4876.0,1344.7966025368287,base_plus_datagov_context
UCS,HGB,849,3,3985.0,1344.7966025368287,base_plus_datagov_context
UCS,HGB,850,3,1980.0,1344.7966025368287,base_plus_datagov_context
UCS,HGB,851,3,397.0,1344.7966025368287,base_plus_datagov_context
UCS,HGB,852,3,117.0,1352.1356874590176,base_plus_datagov_context
UCS,HGB,853,3,519.0,913.080170847573,base_plus_datagov_context
UCS,HGB,854,3,60.0,913.080170847573,base_plus_datagov_context
UCS,HGB,855,3,1720.0,997.3465213584116,base_plus_datagov_context
UCS,HGB,856,3,194.0,997.3465213584116,base_plus_datagov_context
UCS,HGB,857,3,15.0,997.3465213584116,base_plus_datagov_context
UCS,HGB,858,3,3626.0,997.3465213584116,base_plus_datagov_context
UCS,HGB,859,3,559.0,997.3465213584116,base_plus_datagov_context
UCS,HGB,860,3,29.0,997.3465213584116,base_plus_datagov_context
UCS,HGB,861,3,4624.0,1341.5237528686152,base_plus_datagov_context
UCS,HGB,862,3,1684.0,1341.5237528686152,base_plus_datagov_context
UCS,HGB,863,3,61.0,1341.5237528686152,base_plus_datagov_context
UCS,HGB,864,3,5195.0,1372.382569381434,base_plus_datagov_context
UCS,HGB,865,3,2723.0,1372.382569381434,base_plus_datagov_context
UCS,HGB,866,3,102.0,1372.382569381434,base_plus_datagov_context
UCS,HGB,867,3,5498.0,1415.019027558309,base_plus_datagov_context
UCS,HGB,868,3,3297.0,1415.019027558309,base_plus_datagov_context
UCS,HGB,869,3,179.0,1415.019027558309,base_plus_datagov_context
UCS,HGB,870,3,5615.0,1385.8918180263304,base_plus_datagov_context
UCS,HGB,871,3,3741.0,1385.8918180263304,base_plus_datagov_context
UCS,HGB,872,3,233.0,1385.8918180263304,base_plus_datagov_context
UCS,HGB,873,3,5687.0,1348.478391469574,base_plus_datagov_context
UCS,HGB,874,3,3985.0,1348.478391469574,base_plus_datagov_context
UCS,HGB,875,3,276.0,1348.478391469574,base_plus_datagov_context
UCS,HGB,876,3,225.0,489.9959460742805,base_plus_datagov_context
UCS,HGB,877,3,17.0,489.9959460742805,base_plus_datagov_context
UCS,HGB,878,3,857.0,913.080170847573,base_plus_datagov_context
UCS,HGB,879,3,28.0,913.080170847573,base_plus_datagov_context
UCS,HGB,880,3,1239.0,913.080170847573,base_plus_datagov_context
UCS,HGB,881,3,51.0,913.080170847573,base_plus_datagov_context
UCS,HGB,882,3,1509.0,997.3465213584116,base_plus_datagov_context
UCS,HGB,883,3,194.0,997.3465213584116,base_plus_datagov_context
UCS,HGB,884,3,1890.0,997.3465213584116,base_plus_datagov_context
UCS,HGB,885,3,268.0,997.3465213584116,base_plus_datagov_context
UCS,HGB,886,3,2053.0,997.3465213584116,base_plus_datagov_context
UCS,HGB,887,3,560.0,997.3465213584116,base_plus_datagov_context
UCS,HGB,888,3,2250.0,1341.5237528686152,base_plus_datagov_context
UCS,HGB,889,3,877.0,1341.5237528686152,base_plus_datagov_context
UCS,HGB,890,3,2522.0,1341.5237528686152,base_plus_datagov_context
UCS,HGB,891,3,1684.0,1341.5237528686152,base_plus_datagov_context
UCS,HGB,892,3,2828.0,1341.5237528686152,base_plus_datagov_context
UCS,HGB,893,3,2087.0,1341.5237528686152,base_plus_datagov_context
UCS,HGB,894,3,3233.0,1372.382569381434,base_plus_datagov_context
UCS,HGB,895,3,2723.0,1372.382569381434,base_plus_datagov_context
UCS,HGB,896,3,3707.0,1415.019027558309,base_plus_datagov_context
UCS,HGB,897,3,3297.0,1415.019027558309,base_plus_datagov_context
UCS,HGB,898,3,4274.0,1385.8918180263304,base_plus_datagov_context
UCS,HGB,899,3,3741.0,1385.8918180263304,base_plus_datagov_context
UCS,HGB,900,3,4440.0,1348.478391469574,base_plus_datagov_context
UCS,HGB,901,3,3985.0,1348.478391469574,base_plus_datagov_context
UCS,HGB,902,3,746.0,997.3465213584116,base_plus_datagov_context
UCS,HGB,903,3,1319.0,997.3465213584116,base_plus_datagov_context
UCS,HGB,904,3,975.0,1341.5237528686152,base_plus_datagov_context
UCS,HGB,905,3,2160.0,1341.5237528686152,base_plus_datagov_context
UCS,HGB,906,3,1267.0,1415.019027558309,base_plus_datagov_context
UCS,HGB,907,3,2853.0,1415.019027558309,base_plus_datagov_context
UCS,HGB,908,3,1345.0,1348.478391469574,base_plus_datagov_context
UCS,HGB,909,3,3274.0,1348.478391469574,base_plus_datagov_context
UCS,HGB,910,4,55.31,1091.6626811920578,base_plus_datagov_context
UCS,HGB,911,4,351.67,956.582131022297,base_plus_datagov_context
UCS,HGB,912,4,369.42,1566.8272630535366,base_plus_datagov_context
UCS,HGB,913,4,461.89,775.945019036787,base_plus_datagov_context
UCS,HGB,914,4,1803.44,3494.543019656003,base_plus_datagov_context
UCS,HGB,915,4,2284.95,3676.6436936799696,base_plus_datagov_context
UCS,HGB,916,4,3297.0,3843.669620898075,base_plus_datagov_context
UCS,HGB,917,4,69.43,804.419042271998,base_plus_datagov_context
UCS,HGB,918,4,1305.27,1726.0566414255134,base_plus_datagov_context
UCS,HGB,919,4,1147.38,720.5993341054308,base_plus_datagov_context
UCS,HGB,920,4,1090.5,752.6633940213625,base_plus_datagov_context
UCS,HGB,921,4,609.97,3156.647351617604,base_plus_datagov_context
UCS,HGB,922,4,2545.81,3403.601376967333,base_plus_datagov_context
UCS,HGB,923,4,3936.39,4095.622850512437,base_plus_datagov_context
UCS,HGB,924,4,87.08,488.37607105494345,base_plus_datagov_context
UCS,HGB,925,4,2076.95,3181.6091276449633,base_plus_datagov_context
UCS,HGB,926,4,360.0,448.2983984185723,base_plus_datagov_context
UCS,HGB,927,4,1180.0,626.6577417486321,base_plus_datagov_context
UCS,HGB,928,4,520.0,485.335621183884,base_plus_datagov_context
UCS,HGB,929,4,3400.0,580.9058608053654,base_plus_datagov_context
UCS,HGB,930,4,85.0,483.9424038068802,base_plus_datagov_context
UCS,HGB,931,4,180.0,709.0464329654518,base_plus_datagov_context
UCS,HGB,932,4,55.6,465.890152097611,base_plus_datagov_context
UCS,HGB,933,4,1032.2,685.877601701716,base_plus_datagov_context
UCS,HGB,934,4,1050.7,565.558984863802,base_plus_datagov_context
UCS,HGB,935,4,222.5,817.5985666862983,base_plus_datagov_context
UCS,HGB,936,4,692.2,1306.8112688783056,base_plus_datagov_context
UCS,HGB,937,4,716.9,1006.6939464799816,base_plus_datagov_context
UCS,HGB,938,4,149.0,506.3522448893587,base_plus_datagov_context
UCS,HGB,939,4,190.0,469.7736062224324,base_plus_datagov_context
UCS,HGB,940,4,663.0,585.9008172424116,base_plus_datagov_context
UCS,HGB,941,4,1100.0,842.8497964032855,base_plus_datagov_context
UCS,HGB,942,4,1820.0,667.8417352695576,base_plus_datagov_context
UCS,HGB,943,4,1930.0,646.0687020074968,base_plus_datagov_context
UCS,HGB,944,4,2300.0,487.24510212571846,base_plus_datagov_context
UCS,HGB,945,4,2650.0,397.77051284794675,base_plus_datagov_context
UCS,HGB,946,4,4400.0,3105.6200105472763,base_plus_datagov_context
UCS,HGB,947,4,4400.0,3698.393212298554,base_plus_datagov_context
UCS,HGB,948,4,2540.0,3403.680864548016,base_plus_datagov_context
UCS,HGB,949,4,2540.0,3409.212376074134,base_plus_datagov_context
UCS,HGB,950,4,3200.0,3038.168607159139,base_plus_datagov_context
UCS,HGB,951,4,3200.0,3043.700118685257,base_plus_datagov_context
UCS,HGB,952,4,1900.0,3018.4972074797315,base_plus_datagov_context
UCS,HGB,953,4,1900.0,2935.73837087136,base_plus_datagov_context
UCS,HGB,954,4,4700.0,3521.585894815492,base_plus_datagov_context
UCS,HGB,955,4,4700.0,3698.393212298554,base_plus_datagov_context
UCS,HGB,956,4,3900.0,3106.0239015408124,base_plus_datagov_context
UCS,HGB,957,4,4200.0,3602.668646560294,base_plus_datagov_context
UCS,HGB,958,4,4200.0,3694.262568479163,base_plus_datagov_context
UCS,HGB,959,4,2950.0,3216.967402461804,base_plus_datagov_context
UCS,HGB,960,4,2950.0,3175.0432982052357,base_plus_datagov_context
UCS,HGB,961,4,2700.0,3214.868183879129,base_plus_datagov_context
UCS,HGB,962,4,2700.0,3117.7427504341417,base_plus_datagov_context
UCS,HGB,963,4,3100.0,3497.761561200462,base_plus_datagov_context
UCS,HGB,964,4,3100.0,3465.857543053559,base_plus_datagov_context
UCS,HGB,965,4,1800.0,3004.266485473026,base_plus_datagov_context
UCS,HGB,966,4,1800.0,2599.8258077360656,base_plus_datagov_context
UCS,HGB,967,4,2900.0,3453.8176932879915,base_plus_datagov_context
UCS,HGB,968,4,2900.0,3329.274193545435,base_plus_datagov_context
UCS,HGB,969,4,2900.0,3426.3996269904223,base_plus_datagov_context
UCS,HGB,970,4,2900.0,3426.3996269904223,base_plus_datagov_context
UCS,HGB,971,4,1100.0,1022.6503168585855,base_plus_datagov_context
UCS,HGB,972,4,1100.0,2858.0797733600693,base_plus_datagov_context
UCS,HGB,973,4,4100.0,3629.2797902038137,base_plus_datagov_context
UCS,HGB,974,4,4100.0,3806.0871076868757,base_plus_datagov_context
UCS,HGB,975,4,2300.0,3222.782773035131,base_plus_datagov_context
UCS,HGB,976,4,2300.0,3125.6573395901437,base_plus_datagov_context
UCS,HGB,977,4,1860.0,557.72907260611,base_plus_datagov_context
UCS,HGB,978,4,1860.0,557.72907260611,base_plus_datagov_context
UCS,HGB,979,4,2700.0,3206.7337716737356,base_plus_datagov_context
UCS,HGB,980,4,4100.0,3813.9817455992747,base_plus_datagov_context
UCS,HGB,981,4,4100.0,3905.5756675181437,base_plus_datagov_context
UCS,HGB,982,4,2300.0,2841.763808720787,base_plus_datagov_context
UCS,HGB,983,4,2300.0,3274.002928170578,base_plus_datagov_context
UCS,HGB,984,4,2050.0,2784.70112481245,base_plus_datagov_context
UCS,HGB,985,4,2050.0,1582.3005918815466,base_plus_datagov_context
UCS,HGB,986,4,1200.0,1511.1129698366174,base_plus_datagov_context
UCS,HGB,987,4,1200.0,3204.4925442256067,base_plus_datagov_context
UCS,HGB,988,4,3300.0,1218.4371438254666,base_plus_datagov_context
UCS,HGB,989,4,3300.0,2936.199980537041,base_plus_datagov_context
UCS,HGB,990,4,2930.0,3273.4373958291626,base_plus_datagov_context
UCS,HGB,991,4,2930.0,3191.4805618704845,base_plus_datagov_context
UCS,HGB,992,4,2000.0,2910.6048946261817,base_plus_datagov_context
UCS,HGB,993,4,2000.0,974.251665782595,base_plus_datagov_context
UCS,HGB,994,4,2000.0,3018.1606185749556,base_plus_datagov_context
UCS,HGB,995,4,2000.0,3149.967167637261,base_plus_datagov_context
UCS,HGB,996,4,2050.0,3149.967167637261,base_plus_datagov_context
UCS,HGB,997,4,2960.0,1259.7676266250874,base_plus_datagov_context
UCS,HGB,998,4,2960.0,3288.0399063112495,base_plus_datagov_context
UCS,HGB,999,4,4600.0,1140.1559869150221,base_plus_datagov_context
UCS,HGB,1000,4,4600.0,3207.0057140217514,base_plus_datagov_context
UCS,HGB,1001,4,3250.0,3217.4161053644257,base_plus_datagov_context
UCS,HGB,1002,4,3250.0,3309.0100272832947,base_plus_datagov_context
UCS,HGB,1003,4,2200.0,3779.3329028936723,base_plus_datagov_context
UCS,HGB,1004,4,1820.0,1152.6161899686754,base_plus_datagov_context
UCS,HGB,1005,4,1820.0,2935.1056730425403,base_plus_datagov_context
UCS,HGB,1006,4,2620.0,842.9928009782597,base_plus_datagov_context
UCS,HGB,1007,4,2200.0,3585.696320012551,base_plus_datagov_context
UCS,HGB,1008,4,2200.0,3508.468994930298,base_plus_datagov_context
UCS,HGB,1009,4,3000.0,3261.131901741924,base_plus_datagov_context
UCS,HGB,1010,4,3000.0,1377.4785767506369,base_plus_datagov_context
UCS,HGB,1011,4,3000.0,1381.0135018625056,base_plus_datagov_context
UCS,HGB,1012,4,3000.0,3146.861780920808,base_plus_datagov_context
UCS,HGB,1013,4,3800.0,3461.415343675889,base_plus_datagov_context
UCS,HGB,1014,4,3800.0,3553.009265594758,base_plus_datagov_context
UCS,HGB,1015,4,3900.0,1144.3656440899856,base_plus_datagov_context
UCS,HGB,1016,4,3900.0,3222.1577897508696,base_plus_datagov_context
UCS,HGB,1017,4,2950.0,1778.1765308002412,base_plus_datagov_context
UCS,HGB,1018,4,2950.0,3973.5285566313455,base_plus_datagov_context
UCS,HGB,1019,4,1930.0,1398.4712721478436,base_plus_datagov_context
UCS,HGB,1020,4,1930.0,3216.5421503090774,base_plus_datagov_context
UCS,HGB,1021,4,2150.0,2780.976876699622,base_plus_datagov_context
UCS,HGB,1022,4,2150.0,3227.968404873942,base_plus_datagov_context
UCS,HGB,1023,4,3100.0,1775.8796256785688,base_plus_datagov_context
UCS,HGB,1024,4,3100.0,3991.839040175801,base_plus_datagov_context
UCS,HGB,1025,4,1980.0,708.1040988403371,base_plus_datagov_context
UCS,HGB,1026,4,1980.0,3262.1447614832696,base_plus_datagov_context
UCS,HGB,1027,4,2450.0,817.1401082267332,base_plus_datagov_context
UCS,HGB,1028,4,2450.0,3466.8163631786424,base_plus_datagov_context
UCS,HGB,1029,4,2010.0,675.4684555127745,base_plus_datagov_context
UCS,HGB,1030,4,2010.0,3350.7133232028655,base_plus_datagov_context
UCS,HGB,1031,4,4200.0,2793.7234472812565,base_plus_datagov_context
UCS,HGB,1032,4,4200.0,3086.1772923294225,base_plus_datagov_context
UCS,HGB,1033,4,1600.0,3128.9976550092556,base_plus_datagov_context
UCS,HGB,1034,4,2300.0,798.2485924856666,base_plus_datagov_context
UCS,HGB,1035,4,2300.0,3219.995170184223,base_plus_datagov_context
UCS,HGB,1036,4,2270.0,3209.867494761864,base_plus_datagov_context
UCS,HGB,1037,4,2270.0,1141.3347453625377,base_plus_datagov_context
UCS,HGB,1038,4,3210.0,3022.4458414964997,base_plus_datagov_context
UCS,HGB,1039,4,3210.0,3029.0598607200423,base_plus_datagov_context
UCS,HGB,1040,4,2870.0,3474.1799863279193,base_plus_datagov_context
UCS,HGB,1041,4,2800.0,1201.260580440543,base_plus_datagov_context
UCS,HGB,1042,4,2800.0,2420.868590239555,base_plus_datagov_context
UCS,HGB,1043,4,2900.0,2184.915080383333,base_plus_datagov_context
UCS,HGB,1044,4,2020.0,1239.0481892513615,base_plus_datagov_context
UCS,HGB,1045,4,2020.0,2352.780304361782,base_plus_datagov_context
UCS,HGB,1046,4,4900.0,1258.117729791145,base_plus_datagov_context
UCS,HGB,1047,4,4900.0,2215.6831490280397,base_plus_datagov_context
UCS,HGB,1048,4,1500.0,2544.3584280853943,base_plus_datagov_context
UCS,HGB,1049,4,2000.0,1859.0199235133273,base_plus_datagov_context
UCS,HGB,1050,4,2000.0,2845.2739143282283,base_plus_datagov_context
UCS,HGB,1051,4,1880.0,627.5210637074233,base_plus_datagov_context
UCS,HGB,1052,4,1880.0,2079.4011919822647,base_plus_datagov_context
UCS,HGB,1053,4,2300.0,2192.5869577911194,base_plus_datagov_context
UCS,HGB,1054,4,3000.0,2606.438243578297,base_plus_datagov_context
UCS,HGB,1055,4,1610.0,1423.3478466957006,base_plus_datagov_context
UCS,HGB,1056,4,1610.0,2088.563865707825,base_plus_datagov_context
UCS,HGB,1057,4,3980.0,2622.4464759373554,base_plus_datagov_context
UCS,HGB,1058,4,2990.0,2448.4077679826023,base_plus_datagov_context
UCS,HGB,1059,4,2300.0,2659.857653739892,base_plus_datagov_context
UCS,HGB,1060,4,1690.0,1141.9150205071933,base_plus_datagov_context
UCS,HGB,1061,4,1690.0,2457.0290327135235,base_plus_datagov_context
UCS,HGB,1062,4,2300.0,1055.415011700538,base_plus_datagov_context
UCS,HGB,1063,4,2300.0,2945.150368669584,base_plus_datagov_context
UCS,HGB,1064,4,2790.0,2768.1706616879965,base_plus_datagov_context
UCS,HGB,1065,4,2960.0,2748.667122266323,base_plus_datagov_context
UCS,HGB,1066,4,1820.0,2512.9151150132275,base_plus_datagov_context
UCS,HGB,1067,4,3200.0,2611.5734636349853,base_plus_datagov_context
UCS,HGB,1068,4,2250.0,2495.985242883877,base_plus_datagov_context
UCS,HGB,1069,4,1980.0,2309.498701473834,base_plus_datagov_context
UCS,HGB,1070,4,1750.0,2365.0832454471347,base_plus_datagov_context
UCS,HGB,1071,4,2450.0,1484.9621518864833,base_plus_datagov_context
UCS,HGB,1072,4,2450.0,1484.9621518864833,base_plus_datagov_context
UCS,HGB,1073,4,1900.0,2417.456064852294,base_plus_datagov_context
UCS,HGB,1074,4,4100.0,2528.5643370539924,base_plus_datagov_context
UCS,HGB,1075,4,4100.0,1517.7636213877026,base_plus_datagov_context
UCS,HGB,1076,4,1800.0,2590.143360700374,base_plus_datagov_context
UCS,HGB,1077,4,1820.0,2527.0204206683798,base_plus_datagov_context
UCS,HGB,1078,4,3000.0,2121.640707653539,base_plus_datagov_context
UCS,HGB,1079,4,4020.0,2727.4554770626883,base_plus_datagov_context
UCS,HGB,1080,4,5400.0,2603.8228070372866,base_plus_datagov_context
UCS,HGB,1081,4,1200.0,2369.9813681366863,base_plus_datagov_context
UCS,HGB,1082,4,1570.0,2665.13746287864,base_plus_datagov_context
UCS,HGB,1083,4,3300.0,2754.0115251647367,base_plus_datagov_context
UCS,HGB,1084,4,3400.0,2156.0721890458667,base_plus_datagov_context
UCS,HGB,1085,4,1350.0,837.2888249465353,base_plus_datagov_context
UCS,HGB,1086,4,1500.0,1711.6718824005989,base_plus_datagov_context
UCS,HGB,1087,4,1250.0,676.1333734320407,base_plus_datagov_context
UCS,HGB,1088,4,1300.0,2380.002145246264,base_plus_datagov_context
UCS,HGB,1089,4,1500.0,2380.002145246264,base_plus_datagov_context
UCS,HGB,1090,4,1700.0,2521.693427507857,base_plus_datagov_context
UCS,HGB,1091,4,1900.0,2647.9011874069092,base_plus_datagov_context
UCS,HGB,1092,4,1400.0,879.5950343530485,base_plus_datagov_context
UCS,HGB,1093,4,1025.0,1174.99084348093,base_plus_datagov_context
UCS,HGB,1094,4,1120.0,867.9722829120819,base_plus_datagov_context
UCS,HGB,1095,4,1154.0,670.9619411583191,base_plus_datagov_context
UCS,HGB,1096,4,193.05,905.0003606981518,base_plus_datagov_context
UCS,HGB,1097,5,563.9453462,454.50844854908917,base_plus_datagov_context
UCS,HGB,1098,5,567.6207363,454.50844854908917,base_plus_datagov_context
UCS,HGB,1099,5,563.0710124,454.50844854908917,base_plus_datagov_context
UCS,HGB,1100,5,642.4051846,454.50844854908917,base_plus_datagov_context
UCS,HGB,1101,5,643.4453926,454.50844854908917,base_plus_datagov_context
UCS,HGB,1102,5,599.0696803,454.50844854908917,base_plus_datagov_context
UCS,HGB,1103,5,670.5908717,454.50844854908917,base_plus_datagov_context
UCS,HGB,1104,5,582.3483776,454.50844854908917,base_plus_datagov_context
UCS,HGB,1105,5,494.5436003,454.50844854908917,base_plus_datagov_context
UCS,HGB,1106,5,764.4821038,1341.7567087586856,base_plus_datagov_context
UCS,HGB,1107,5,774.4835872,1341.7567087586856,base_plus_datagov_context
UCS,HGB,1108,5,772.5592082,1341.7567087586856,base_plus_datagov_context
UCS,HGB,1109,5,744.4610518,1341.7567087586856,base_plus_datagov_context
UCS,HGB,1110,5,792.44841,1341.7567087586856,base_plus_datagov_context
UCS,HGB,1111,5,793.6107586,1341.7567087586856,base_plus_datagov_context
UCS,HGB,1112,5,854.7376017,1341.7567087586856,base_plus_datagov_context
UCS,HGB,1113,5,809.3336182,1341.7567087586856,base_plus_datagov_context
UCS,HGB,1114,5,833.4702026,1341.7567087586856,base_plus_datagov_context
UCS,HGB,1115,5,947.553863,1751.6445049859296,base_plus_datagov_context
UCS,HGB,1116,5,862.3263524,1751.6445049859296,base_plus_datagov_context
UCS,HGB,1117,5,857.4156124,1751.6445049859296,base_plus_datagov_context
UCS,HGB,1118,5,770.8698301,1751.6445049859296,base_plus_datagov_context
UCS,HGB,1119,5,932.1083363,1751.6445049859296,base_plus_datagov_context
UCS,HGB,1120,5,1082.454587,1751.6445049859296,base_plus_datagov_context
UCS,HGB,1121,5,913.9914207,1751.6445049859296,base_plus_datagov_context
UCS,HGB,1122,5,864.6703064,1751.6445049859296,base_plus_datagov_context
UCS,HGB,1123,5,1049.322646,1751.6445049859296,base_plus_datagov_context
UCS,HGB,1124,5,1123.468434,1820.8493838735178,base_plus_datagov_context
UCS,HGB,1125,5,1392.578727,1820.8493838735178,base_plus_datagov_context
UCS,HGB,1126,5,992.8297686,1820.8493838735178,base_plus_datagov_context
UCS,HGB,1127,5,940.5185695,1820.8493838735178,base_plus_datagov_context
UCS,HGB,1128,5,1180.476009,1820.8493838735178,base_plus_datagov_context
UCS,HGB,1129,5,1014.240746,1820.8493838735178,base_plus_datagov_context
UCS,HGB,1130,5,1061.53447,1820.8493838735178,base_plus_datagov_context
UCS,HGB,1131,5,1167.22023,1820.8493838735178,base_plus_datagov_context
UCS,HGB,1132,5,989.4392032,1820.8493838735178,base_plus_datagov_context
UCS,HGB,1133,5,1105.576357,430.6666322768227,base_plus_datagov_context
UCS,HGB,1134,5,1009.455998,430.6666322768227,base_plus_datagov_context
UCS,HGB,1135,5,1081.192835,430.6666322768227,base_plus_datagov_context
UCS,HGB,1136,5,1368.909615,430.6666322768227,base_plus_datagov_context
UCS,HGB,1137,5,1484.237455,430.6666322768227,base_plus_datagov_context
UCS,HGB,1138,5,1232.36913,430.6666322768227,base_plus_datagov_context
UCS,HGB,1139,5,1271.32873,430.6666322768227,base_plus_datagov_context
UCS,HGB,1140,5,1143.383655,430.6666322768227,base_plus_datagov_context
UCS,HGB,1141,5,1230.817089,430.6666322768227,base_plus_datagov_context
UCS,HGB,1142,5,1940.761482,1336.1637190982249,base_plus_datagov_context
UCS,HGB,1143,5,2025.527217,1336.1637190982249,base_plus_datagov_context
UCS,HGB,1144,5,1907.33105,1336.1637190982249,base_plus_datagov_context
UCS,HGB,1145,5,1884.33909,1336.1637190982249,base_plus_datagov_context
UCS,HGB,1146,5,1859.471621,1336.1637190982249,base_plus_datagov_context
UCS,HGB,1147,5,1979.525419,1336.1637190982249,base_plus_datagov_context
UCS,HGB,1148,5,1840.943877,1336.1637190982249,base_plus_datagov_context
UCS,HGB,1149,5,1851.057235,1336.1637190982249,base_plus_datagov_context
UCS,HGB,1150,5,1471.718035,1336.1637190982249,base_plus_datagov_context
UCS,HGB,1151,5,2010.562657,1768.673744929796,base_plus_datagov_context
UCS,HGB,1152,5,2361.519249,1768.673744929796,base_plus_datagov_context
UCS,HGB,1153,5,2449.098293,1768.673744929796,base_plus_datagov_context
UCS,HGB,1154,5,2126.641844,1768.673744929796,base_plus_datagov_context
UCS,HGB,1155,5,2166.80315,1768.673744929796,base_plus_datagov_context
UCS,HGB,1156,5,2704.439041,1768.673744929796,base_plus_datagov_context
UCS,HGB,1157,5,2791.980992,1768.673744929796,base_plus_datagov_context
UCS,HGB,1158,5,2267.702405,1768.673744929796,base_plus_datagov_context
UCS,HGB,1159,5,1895.68344,1768.673744929796,base_plus_datagov_context
UCS,HGB,1160,5,2716.405892,1877.9619391149445,base_plus_datagov_context
UCS,HGB,1161,5,2690.8722,1877.9619391149445,base_plus_datagov_context
UCS,HGB,1162,5,2729.968478,1877.9619391149445,base_plus_datagov_context
UCS,HGB,1163,5,2674.308471,1877.9619391149445,base_plus_datagov_context
UCS,HGB,1164,5,2912.764086,1877.9619391149445,base_plus_datagov_context
UCS,HGB,1165,5,2847.741968,1877.9619391149445,base_plus_datagov_context
UCS,HGB,1166,5,2148.138224,1877.9619391149445,base_plus_datagov_context
UCS,HGB,1167,5,2399.8976,1877.9619391149445,base_plus_datagov_context
UCS,HGB,1168,5,2265.127185,1877.9619391149445,base_plus_datagov_context
UCS,HGB,1169,5,1344.46033,418.30232705758607,base_plus_datagov_context
UCS,HGB,1170,5,1677.88151,418.30232705758607,base_plus_datagov_context
UCS,HGB,1171,5,1614.380436,418.30232705758607,base_plus_datagov_context
UCS,HGB,1172,5,1539.923617,418.30232705758607,base_plus_datagov_context
UCS,HGB,1173,5,1699.200844,418.30232705758607,base_plus_datagov_context
UCS,HGB,1174,5,1731.388965,418.30232705758607,base_plus_datagov_context
UCS,HGB,1175,5,1687.798403,418.30232705758607,base_plus_datagov_context
UCS,HGB,1176,5,1450.91978,418.30232705758607,base_plus_datagov_context
UCS,HGB,1177,5,1644.836791,418.30232705758607,base_plus_datagov_context
UCS,HGB,1178,5,2960.037586,1323.7994138789882,base_plus_datagov_context
UCS,HGB,1179,5,2821.887459,1323.7994138789882,base_plus_datagov_context
UCS,HGB,1180,5,2626.414584,1323.7994138789882,base_plus_datagov_context
UCS,HGB,1181,5,2947.078754,1323.7994138789882,base_plus_datagov_context
UCS,HGB,1182,5,2824.67257,1323.7994138789882,base_plus_datagov_context
UCS,HGB,1183,5,2976.140189,1323.7994138789882,base_plus_datagov_context
UCS,HGB,1184,5,2716.035321,1323.7994138789882,base_plus_datagov_context
UCS,HGB,1185,5,2515.906526,1323.7994138789882,base_plus_datagov_context
UCS,HGB,1186,5,2970.291916,1323.7994138789882,base_plus_datagov_context
UCS,HGB,1187,5,2829.757141,1756.3094397105592,base_plus_datagov_context
UCS,HGB,1188,5,2672.074248,1756.3094397105592,base_plus_datagov_context
UCS,HGB,1189,5,3738.208024,1756.3094397105592,base_plus_datagov_context
UCS,HGB,1190,5,2738.006682,1756.3094397105592,base_plus_datagov_context
UCS,HGB,1191,5,3332.9899,1756.3094397105592,base_plus_datagov_context
UCS,HGB,1192,5,3525.037221,1756.3094397105592,base_plus_datagov_context
UCS,HGB,1193,5,3115.437181,1756.3094397105592,base_plus_datagov_context
UCS,HGB,1194,5,2373.475846,1756.3094397105592,base_plus_datagov_context
UCS,HGB,1195,5,3289.505367,1756.3094397105592,base_plus_datagov_context
UCS,HGB,1196,5,3936.85678,1956.4933870054897,base_plus_datagov_context
UCS,HGB,1197,5,3857.525227,1956.4933870054897,base_plus_datagov_context
UCS,HGB,1198,5,3941.527879,1956.4933870054897,base_plus_datagov_context
UCS,HGB,1199,5,3829.042867,1956.4933870054897,base_plus_datagov_context
UCS,HGB,1200,5,4097.811514,1956.4933870054897,base_plus_datagov_context
UCS,HGB,1201,5,4401.716567,1956.4933870054897,base_plus_datagov_context
UCS,HGB,1202,5,4071.439425,1956.4933870054897,base_plus_datagov_context
UCS,HGB,1203,5,3313.19393,1956.4933870054897,base_plus_datagov_context
UCS,HGB,1204,5,2500.050674,1956.4933870054897,base_plus_datagov_context
UCS,HGB,1205,5,2843.719026,456.80590196479807,base_plus_datagov_context
UCS,HGB,1206,5,2463.576227,456.80590196479807,base_plus_datagov_context
UCS,HGB,1207,5,2355.405962,456.80590196479807,base_plus_datagov_context
UCS,HGB,1208,5,2167.612978,456.80590196479807,base_plus_datagov_context
UCS,HGB,1209,5,2059.801197,456.80590196479807,base_plus_datagov_context
UCS,HGB,1210,5,2326.779638,456.80590196479807,base_plus_datagov_context
UCS,HGB,1211,5,2474.302207,456.80590196479807,base_plus_datagov_context
UCS,HGB,1212,5,2418.926583,456.80590196479807,base_plus_datagov_context
UCS,HGB,1213,5,2175.818459,456.80590196479807,base_plus_datagov_context
UCS,HGB,1214,5,3477.567677,1362.3029887862003,base_plus_datagov_context
UCS,HGB,1215,5,3672.249668,1362.3029887862003,base_plus_datagov_context
UCS,HGB,1216,5,3718.00842,1362.3029887862003,base_plus_datagov_context
UCS,HGB,1217,5,3699.041298,1362.3029887862003,base_plus_datagov_context
UCS,HGB,1218,5,3777.222995,1362.3029887862003,base_plus_datagov_context
UCS,HGB,1219,5,3008.862534,1362.3029887862003,base_plus_datagov_context
UCS,HGB,1220,5,3504.677879,1362.3029887862003,base_plus_datagov_context
UCS,HGB,1221,5,3866.189754,1362.3029887862003,base_plus_datagov_context
UCS,HGB,1222,5,3697.568297,1362.3029887862003,base_plus_datagov_context
UCS,HGB,1223,5,3916.844803,1794.8130146177714,base_plus_datagov_context
UCS,HGB,1224,5,3527.83995,1794.8130146177714,base_plus_datagov_context
UCS,HGB,1225,5,3935.155979,1794.8130146177714,base_plus_datagov_context
UCS,HGB,1226,5,3917.092675,1794.8130146177714,base_plus_datagov_context
UCS,HGB,1227,5,4156.512013,1794.8130146177714,base_plus_datagov_context
UCS,HGB,1228,5,3698.558578,1794.8130146177714,base_plus_datagov_context
UCS,HGB,1229,5,5054.611964,1794.8130146177714,base_plus_datagov_context
UCS,HGB,1230,5,3855.974785,1794.8130146177714,base_plus_datagov_context
UCS,HGB,1231,5,3649.510748,1794.8130146177714,base_plus_datagov_context
UCS,HGB,1232,5,4105.161762,1994.9969619127007,base_plus_datagov_context
UCS,HGB,1233,5,4876.055944,1994.9969619127007,base_plus_datagov_context
UCS,HGB,1234,5,4398.404385,1994.9969619127007,base_plus_datagov_context
UCS,HGB,1235,5,4371.308578,1994.9969619127007,base_plus_datagov_context
UCS,HGB,1236,5,4440.652261,1994.9969619127007,base_plus_datagov_context
UCS,HGB,1237,5,3563.252614,1994.9969619127007,base_plus_datagov_context
UCS,HGB,1238,5,4375.638612,1994.9969619127007,base_plus_datagov_context
UCS,HGB,1239,5,4159.927686,1994.9969619127007,base_plus_datagov_context
UCS,HGB,1240,5,4312.463399,1994.9969619127007,base_plus_datagov_context
UCS,HGB,1241,5,167.453375,331.06631679680424,base_plus_datagov_context
UCS,HGB,1242,5,170.9692711,331.06631679680424,base_plus_datagov_context
UCS,HGB,1243,5,168.3598768,331.06631679680424,base_plus_datagov_context
UCS,HGB,1244,5,172.0655206,331.06631679680424,base_plus_datagov_context
UCS,HGB,1245,5,177.8547823,331.06631679680424,base_plus_datagov_context
UCS,HGB,1246,5,176.8614863,331.06631679680424,base_plus_datagov_context
UCS,HGB,1247,5,157.4657076,331.06631679680424,base_plus_datagov_context
UCS,HGB,1248,5,181.3545074,331.06631679680424,base_plus_datagov_context
UCS,HGB,1249,5,188.0466283,331.06631679680424,base_plus_datagov_context
UCS,HGB,1250,5,161.1591827,331.06631679680424,base_plus_datagov_context
UCS,HGB,1251,5,181.8059487,331.06631679680424,base_plus_datagov_context
UCS,HGB,1252,5,182.6800157,331.06631679680424,base_plus_datagov_context
UCS,HGB,1253,5,176.2053676,331.06631679680424,base_plus_datagov_context
UCS,HGB,1254,5,160.9692145,331.06631679680424,base_plus_datagov_context
UCS,HGB,1255,5,844.9311906,1341.7567087586856,base_plus_datagov_context
UCS,HGB,1256,5,661.0392113,1341.7567087586856,base_plus_datagov_context
UCS,HGB,1257,5,706.482091,1341.7567087586856,base_plus_datagov_context
UCS,HGB,1258,5,816.157218,1751.6445049859296,base_plus_datagov_context
UCS,HGB,1259,5,892.9609946,1820.8493838735178,base_plus_datagov_context
UCS,HGB,1260,5,974.4334225,430.6666322768227,base_plus_datagov_context
UCS,HGB,1261,5,1991.330417,1336.1637190982249,base_plus_datagov_context
UCS,HGB,1262,5,1858.912992,1336.1637190982249,base_plus_datagov_context
UCS,HGB,1263,5,1951.45189,1336.1637190982249,base_plus_datagov_context
UCS,HGB,1264,5,2232.142468,1768.673744929796,base_plus_datagov_context
UCS,HGB,1265,5,2258.72875,1768.673744929796,base_plus_datagov_context
UCS,HGB,1266,5,1646.008741,418.30232705758607,base_plus_datagov_context
UCS,HGB,1267,5,3061.832507,1323.7994138789882,base_plus_datagov_context
UCS,HGB,1268,5,3060.411589,1323.7994138789882,base_plus_datagov_context
UCS,HGB,1269,5,3138.210411,1323.7994138789882,base_plus_datagov_context
UCS,HGB,1270,5,3132.987642,1756.3094397105592,base_plus_datagov_context
UCS,HGB,1271,5,3171.757965,1756.3094397105592,base_plus_datagov_context
UCS,HGB,1272,5,3741.993353,1956.4933870054897,base_plus_datagov_context
UCS,HGB,1273,5,4094.294568,1956.4933870054897,base_plus_datagov_context
UCS,HGB,1274,5,2135.618094,456.80590196479807,base_plus_datagov_context
UCS,HGB,1275,5,2058.554651,456.80590196479807,base_plus_datagov_context
UCS,HGB,1276,5,3358.517036,1362.3029887862003,base_plus_datagov_context
UCS,HGB,1277,5,3064.688377,1362.3029887862003,base_plus_datagov_context
UCS,HGB,1278,5,3519.471169,1362.3029887862003,base_plus_datagov_context
UCS,HGB,1279,5,3963.481765,1794.8130146177714,base_plus_datagov_context
UCS,HGB,1280,5,4184.241327,1794.8130146177714,base_plus_datagov_context
UCS,HGB,1281,5,4700.649561,1994.9969619127007,base_plus_datagov_context
UCS,HGB,1282,5,1580.0,2639.8368164956837,base_plus_datagov_context
UCS,HGB,1283,5,1480.0,2639.8368164956837,base_plus_datagov_context
UCS,HGB,1284,5,1530.0,2639.8368164956837,base_plus_datagov_context
UCS,HGB,1285,5,1820.0,3493.5451504265284,base_plus_datagov_context
UCS,HGB,1286,5,1600.0,3493.5451504265284,base_plus_datagov_context
UCS,HGB,1287,5,1540.0,3493.5451504265284,base_plus_datagov_context
UCS,HGB,1288,5,2420.0,3620.494640386389,base_plus_datagov_context
UCS,HGB,1289,5,2400.0,3632.254169857795,base_plus_datagov_context
UCS,HGB,1290,5,2420.0,3649.2084222972494,base_plus_datagov_context
UCS,HGB,1291,5,1810.0,3575.3903346418933,base_plus_datagov_context
UCS,HGB,1292,5,1650.0,3575.3903346418933,base_plus_datagov_context
UCS,HGB,1293,5,1840.0,3575.3903346418933,base_plus_datagov_context
UCS,HGB,1294,5,2120.0,3608.399839530501,base_plus_datagov_context
UCS,HGB,1295,5,2100.0,3608.399839530501,base_plus_datagov_context
UCS,HGB,1296,5,940.0,1734.5209241951482,base_plus_datagov_context
UCS,HGB,1297,5,910.0,1741.3391206423962,base_plus_datagov_context
UCS,HGB,1298,5,880.0,1734.5209241951482,base_plus_datagov_context
UCS,HGB,1299,5,1220.0,3189.14227282145,base_plus_datagov_context
UCS,HGB,1300,5,1170.0,3189.14227282145,base_plus_datagov_context
UCS,HGB,1301,5,1200.0,3189.14227282145,base_plus_datagov_context
UCS,HGB,1302,5,1620.0,3278.552347217349,base_plus_datagov_context
UCS,HGB,1303,5,1660.0,3337.5309340417834,base_plus_datagov_context
UCS,HGB,1304,5,1330.0,3337.5309340417834,base_plus_datagov_context
UCS,HGB,1305,5,1660.0,3234.020382599048,base_plus_datagov_context
UCS,HGB,1306,5,1790.0,3221.688512001447,base_plus_datagov_context
UCS,HGB,1307,5,1720.0,3280.6670988258816,base_plus_datagov_context
UCS,HGB,1308,5,1960.0,3280.6670988258816,base_plus_datagov_context
UCS,HGB,1309,5,1900.0,3280.6670988258816,base_plus_datagov_context
UCS,HGB,1310,5,1880.0,3234.020382599048,base_plus_datagov_context
UCS,HGB,1311,5,2050.0,3426.4993470851723,base_plus_datagov_context
UCS,HGB,1312,5,2230.0,3467.793978761552,base_plus_datagov_context
UCS,HGB,1313,5,1620.0,3442.850330468143,base_plus_datagov_context
UCS,HGB,1314,5,1070.0,3376.87323128617,base_plus_datagov_context
UCS,HGB,1315,5,1300.0,3403.2022180736844,base_plus_datagov_context
UCS,HGB,1316,5,2050.0,3405.412479011676,base_plus_datagov_context
UCS,HGB,1317,5,1900.0,3405.1638428173933,base_plus_datagov_context
UCS,HGB,1318,5,1000.0,3163.1665586555305,base_plus_datagov_context
UCS,HGB,1319,5,1000.0,2932.430547397455,base_plus_datagov_context
UCS,HGB,1320,5,650.0,2627.468162879291,base_plus_datagov_context
UCS,HGB,1321,5,1630.0,3798.0032383310036,base_plus_datagov_context
UCS,HGB,1322,5,1900.0,3923.5493484678345,base_plus_datagov_context
UCS,HGB,1323,5,1590.0,3571.6384534070494,base_plus_datagov_context
UCS,HGB,1324,5,1130.0,3026.242784072685,base_plus_datagov_context
UCS,HGB,1325,5,1540.0,3078.1329455262944,base_plus_datagov_context
UCS,HGB,1326,5,1490.0,3882.0632127054378,base_plus_datagov_context
UCS,HGB,1327,5,1360.0,3632.744551956985,base_plus_datagov_context
UCS,HGB,1328,5,1030.0,3675.996965986193,base_plus_datagov_context
UCS,HGB,1329,5,890.0,3823.2934899374686,base_plus_datagov_context
UCS,HGB,1330,5,630.0,2930.5275340780404,base_plus_datagov_context
UCS,ExtraTrees,0,1,47.7,2049.742776895695,base_plus_datagov_context
UCS,ExtraTrees,1,1,95.0,2049.742776895695,base_plus_datagov_context
UCS,ExtraTrees,2,1,87.0,2049.742776895695,base_plus_datagov_context
UCS,ExtraTrees,3,1,127.0,2049.742776895695,base_plus_datagov_context
UCS,ExtraTrees,4,1,173.0,2049.742776895695,base_plus_datagov_context
UCS,ExtraTrees,5,1,102.0,2049.742776895695,base_plus_datagov_context
UCS,ExtraTrees,6,1,142.0,2049.742776895695,base_plus_datagov_context
UCS,ExtraTrees,7,1,173.0,2049.742776895695,base_plus_datagov_context
UCS,ExtraTrees,8,1,186.0,2049.742776895695,base_plus_datagov_context
UCS,ExtraTrees,9,1,164.0,2034.4830365444764,base_plus_datagov_context
UCS,ExtraTrees,10,1,1193.0,2034.4830365444764,base_plus_datagov_context
UCS,ExtraTrees,11,1,1247.0,2034.4830365444764,base_plus_datagov_context
UCS,ExtraTrees,12,1,1503.0,2034.4830365444764,base_plus_datagov_context
UCS,ExtraTrees,13,1,1913.0,2034.4830365444764,base_plus_datagov_context
UCS,ExtraTrees,14,1,1239.0,2034.4830365444764,base_plus_datagov_context
UCS,ExtraTrees,15,1,1661.0,2034.4830365444764,base_plus_datagov_context
UCS,ExtraTrees,16,1,1926.0,2034.4830365444764,base_plus_datagov_context
UCS,ExtraTrees,17,1,2063.0,2034.4830365444764,base_plus_datagov_context
UCS,ExtraTrees,18,1,94.1,2150.8914239359524,base_plus_datagov_context
UCS,ExtraTrees,19,1,101.0,2150.8914239359524,base_plus_datagov_context
UCS,ExtraTrees,20,1,115.0,2150.8914239359524,base_plus_datagov_context
UCS,ExtraTrees,21,1,113.0,2150.8914239359524,base_plus_datagov_context
UCS,ExtraTrees,22,1,175.0,2150.8914239359524,base_plus_datagov_context
UCS,ExtraTrees,23,1,102.0,2150.8914239359524,base_plus_datagov_context
UCS,ExtraTrees,24,1,147.0,2150.8914239359524,base_plus_datagov_context
UCS,ExtraTrees,25,1,174.0,2150.8914239359524,base_plus_datagov_context
UCS,ExtraTrees,26,1,187.0,2150.8914239359524,base_plus_datagov_context
UCS,ExtraTrees,27,1,214.0,2110.5416111985082,base_plus_datagov_context
UCS,ExtraTrees,28,1,1270.0,2110.5416111985082,base_plus_datagov_context
UCS,ExtraTrees,29,1,1229.0,2110.5416111985082,base_plus_datagov_context
UCS,ExtraTrees,30,1,1970.0,2110.5416111985082,base_plus_datagov_context
UCS,ExtraTrees,31,1,1805.0,2110.5416111985082,base_plus_datagov_context
UCS,ExtraTrees,32,1,1372.0,2110.5416111985082,base_plus_datagov_context
UCS,ExtraTrees,33,1,1696.0,2110.5416111985082,base_plus_datagov_context
UCS,ExtraTrees,34,1,1853.0,2110.5416111985082,base_plus_datagov_context
UCS,ExtraTrees,35,1,1996.0,2110.5416111985082,base_plus_datagov_context
UCS,ExtraTrees,36,1,128.0,2276.8603832054955,base_plus_datagov_context
UCS,ExtraTrees,37,1,105.0,2276.8603832054955,base_plus_datagov_context
UCS,ExtraTrees,38,1,117.0,2276.8603832054955,base_plus_datagov_context
UCS,ExtraTrees,39,1,176.0,2276.8603832054955,base_plus_datagov_context
UCS,ExtraTrees,40,1,187.0,2276.8603832054955,base_plus_datagov_context
UCS,ExtraTrees,41,1,134.0,2276.8603832054955,base_plus_datagov_context
UCS,ExtraTrees,42,1,150.0,2276.8603832054955,base_plus_datagov_context
UCS,ExtraTrees,43,1,175.0,2276.8603832054955,base_plus_datagov_context
UCS,ExtraTrees,44,1,192.0,2276.8603832054955,base_plus_datagov_context
UCS,ExtraTrees,45,1,196.0,2255.2045446453917,base_plus_datagov_context
UCS,ExtraTrees,46,1,1357.0,2255.2045446453917,base_plus_datagov_context
UCS,ExtraTrees,47,1,1366.0,2255.2045446453917,base_plus_datagov_context
UCS,ExtraTrees,48,1,1826.0,2255.2045446453917,base_plus_datagov_context
UCS,ExtraTrees,49,1,1961.0,2255.2045446453917,base_plus_datagov_context
UCS,ExtraTrees,50,1,1210.0,2255.2045446453917,base_plus_datagov_context
UCS,ExtraTrees,51,1,1796.0,2255.2045446453917,base_plus_datagov_context
UCS,ExtraTrees,52,1,2054.0,2255.2045446453917,base_plus_datagov_context
UCS,ExtraTrees,53,1,2081.0,2255.2045446453917,base_plus_datagov_context
UCS,ExtraTrees,54,1,120.0,2276.705594820526,base_plus_datagov_context
UCS,ExtraTrees,55,1,145.0,2276.705594820526,base_plus_datagov_context
UCS,ExtraTrees,56,1,146.0,2276.705594820526,base_plus_datagov_context
UCS,ExtraTrees,57,1,184.0,2276.705594820526,base_plus_datagov_context
UCS,ExtraTrees,58,1,187.0,2276.705594820526,base_plus_datagov_context
UCS,ExtraTrees,59,1,105.0,2276.705594820526,base_plus_datagov_context
UCS,ExtraTrees,60,1,166.0,2276.705594820526,base_plus_datagov_context
UCS,ExtraTrees,61,1,190.0,2276.705594820526,base_plus_datagov_context
UCS,ExtraTrees,62,1,194.0,2276.705594820526,base_plus_datagov_context
UCS,ExtraTrees,63,1,221.0,2256.553366260423,base_plus_datagov_context
UCS,ExtraTrees,64,1,1525.0,2256.553366260423,base_plus_datagov_context
UCS,ExtraTrees,65,1,1480.0,2256.553366260423,base_plus_datagov_context
UCS,ExtraTrees,66,1,1934.0,2256.553366260423,base_plus_datagov_context
UCS,ExtraTrees,67,1,2054.0,2256.553366260423,base_plus_datagov_context
UCS,ExtraTrees,68,1,1394.0,2256.553366260423,base_plus_datagov_context
UCS,ExtraTrees,69,1,1830.0,2256.553366260423,base_plus_datagov_context
UCS,ExtraTrees,70,1,2083.0,2256.553366260423,base_plus_datagov_context
UCS,ExtraTrees,71,1,2163.0,2256.553366260423,base_plus_datagov_context
UCS,ExtraTrees,72,1,210.0,2274.6655948205257,base_plus_datagov_context
UCS,ExtraTrees,73,1,150.0,2274.6655948205257,base_plus_datagov_context
UCS,ExtraTrees,74,1,156.0,2274.6655948205257,base_plus_datagov_context
UCS,ExtraTrees,75,1,182.0,2274.6655948205257,base_plus_datagov_context
UCS,ExtraTrees,76,1,191.0,2274.6655948205257,base_plus_datagov_context
UCS,ExtraTrees,77,1,112.0,2274.6655948205257,base_plus_datagov_context
UCS,ExtraTrees,78,1,170.0,2274.6655948205257,base_plus_datagov_context
UCS,ExtraTrees,79,1,205.0,2274.6655948205257,base_plus_datagov_context
UCS,ExtraTrees,80,1,210.0,2274.6655948205257,base_plus_datagov_context
UCS,ExtraTrees,81,1,188.0,2254.513366260423,base_plus_datagov_context
UCS,ExtraTrees,82,1,1616.0,2254.513366260423,base_plus_datagov_context
UCS,ExtraTrees,83,1,1535.0,2254.513366260423,base_plus_datagov_context
UCS,ExtraTrees,84,1,2024.0,2254.513366260423,base_plus_datagov_context
UCS,ExtraTrees,85,1,2091.0,2254.513366260423,base_plus_datagov_context
UCS,ExtraTrees,86,1,1472.0,2254.513366260423,base_plus_datagov_context
UCS,ExtraTrees,87,1,1837.0,2254.513366260423,base_plus_datagov_context
UCS,ExtraTrees,88,1,2072.0,2254.513366260423,base_plus_datagov_context
UCS,ExtraTrees,89,1,2195.0,2254.513366260423,base_plus_datagov_context
UCS,ExtraTrees,90,1,137.123,1690.1588598115516,base_plus_datagov_context
UCS,ExtraTrees,91,1,151.69070000000002,1673.0671397301403,base_plus_datagov_context
UCS,ExtraTrees,92,1,168.26773,1673.2517497301405,base_plus_datagov_context
UCS,ExtraTrees,93,1,156.71404,1671.6697997301405,base_plus_datagov_context
UCS,ExtraTrees,94,1,144.15568000000002,1671.6697997301405,base_plus_datagov_context
UCS,ExtraTrees,95,1,330.52171000000004,2051.5938881192333,base_plus_datagov_context
UCS,ExtraTrees,96,1,619.36395,2607.7181606300715,base_plus_datagov_context
UCS,ExtraTrees,97,1,787.14361,2591.019725296738,base_plus_datagov_context
UCS,ExtraTrees,98,1,703.25378,2590.042307296738,base_plus_datagov_context
UCS,ExtraTrees,99,1,678.6394,2593.2133872967374,base_plus_datagov_context
UCS,ExtraTrees,100,1,811.7579900000001,2383.6766739377217,base_plus_datagov_context
UCS,ExtraTrees,101,1,922.77388,3402.3520438561222,base_plus_datagov_context
UCS,ExtraTrees,102,1,1076.99051,3393.5161071894554,base_plus_datagov_context
UCS,ExtraTrees,103,1,1027.25941,3391.934157189455,base_plus_datagov_context
UCS,ExtraTrees,104,1,1002.1427,3387.688570522788,base_plus_datagov_context
UCS,ExtraTrees,105,1,98.0,1614.7051604597332,base_plus_datagov_context
UCS,ExtraTrees,106,1,117.0,1596.7735457204726,base_plus_datagov_context
UCS,ExtraTrees,107,1,125.0,1600.1106195739392,base_plus_datagov_context
UCS,ExtraTrees,108,1,147.0,1605.513224076624,base_plus_datagov_context
UCS,ExtraTrees,109,1,138.0,1603.9440398205907,base_plus_datagov_context
UCS,ExtraTrees,110,1,132.0,1599.5950614839908,base_plus_datagov_context
UCS,ExtraTrees,111,1,98.0,1804.4781115391488,base_plus_datagov_context
UCS,ExtraTrees,112,1,150.0,1819.5982428252698,base_plus_datagov_context
UCS,ExtraTrees,113,1,167.0,1819.351983345403,base_plus_datagov_context
UCS,ExtraTrees,114,1,259.0,1835.129336316621,base_plus_datagov_context
UCS,ExtraTrees,115,1,197.0,1844.4511835907874,base_plus_datagov_context
UCS,ExtraTrees,116,1,140.0,1840.5942970573208,base_plus_datagov_context
UCS,ExtraTrees,117,1,98.0,1991.1866831661503,base_plus_datagov_context
UCS,ExtraTrees,118,1,219.0,2397.800613375942,base_plus_datagov_context
UCS,ExtraTrees,119,1,267.0,2416.2030496952752,base_plus_datagov_context
UCS,ExtraTrees,120,1,335.0,2443.7560976366094,base_plus_datagov_context
UCS,ExtraTrees,121,1,377.0,2475.2117666316103,base_plus_datagov_context
UCS,ExtraTrees,122,1,316.0,2469.2904264116096,base_plus_datagov_context
UCS,ExtraTrees,123,1,98.0,2164.392982945458,base_plus_datagov_context
UCS,ExtraTrees,124,1,271.0,2711.5780222514577,base_plus_datagov_context
UCS,ExtraTrees,125,1,422.0,2797.0580111514587,base_plus_datagov_context
UCS,ExtraTrees,126,1,452.0,2874.5468236345496,base_plus_datagov_context
UCS,ExtraTrees,127,1,529.0,2920.7085991878835,base_plus_datagov_context
UCS,ExtraTrees,128,1,502.0,2928.133436588126,base_plus_datagov_context
UCS,ExtraTrees,129,1,98.0,2266.694987646349,base_plus_datagov_context
UCS,ExtraTrees,130,1,282.0,2834.801523768475,base_plus_datagov_context
UCS,ExtraTrees,131,1,470.0,2954.808057072761,base_plus_datagov_context
UCS,ExtraTrees,132,1,514.0,3048.491497124397,base_plus_datagov_context
UCS,ExtraTrees,133,1,585.0,3113.6098047434457,base_plus_datagov_context
UCS,ExtraTrees,134,1,518.0,3128.6385383798083,base_plus_datagov_context
UCS,ExtraTrees,135,1,320.0,760.28373127124,base_plus_datagov_context
UCS,ExtraTrees,136,1,247.27685,1654.6906768482218,base_plus_datagov_context
UCS,ExtraTrees,137,1,293.85258,1658.3836693242552,base_plus_datagov_context
UCS,ExtraTrees,138,1,323.79412,1674.661999279366,base_plus_datagov_context
UCS,ExtraTrees,139,1,353.73566,1683.3302082648995,base_plus_datagov_context
UCS,ExtraTrees,140,1,355.5839,1713.444031356338,base_plus_datagov_context
UCS,ExtraTrees,141,1,356.69285,1716.557199093544,base_plus_datagov_context
UCS,ExtraTrees,142,1,280.0,1670.0989642460672,base_plus_datagov_context
UCS,ExtraTrees,143,1,610.0,1717.6189878820169,base_plus_datagov_context
UCS,ExtraTrees,144,1,630.0,1727.9880945486834,base_plus_datagov_context
UCS,ExtraTrees,145,1,670.0,1749.0171870247168,base_plus_datagov_context
UCS,ExtraTrees,146,1,710.0,1757.0492596173501,base_plus_datagov_context
UCS,ExtraTrees,147,1,320.0,1859.1461359255968,base_plus_datagov_context
UCS,ExtraTrees,148,1,409.5526,2440.7473924533524,base_plus_datagov_context
UCS,ExtraTrees,149,1,537.82068,2455.4272873553527,base_plus_datagov_context
UCS,ExtraTrees,150,1,605.46638,2473.1655708495196,base_plus_datagov_context
UCS,ExtraTrees,151,1,847.58623,2489.757668297353,base_plus_datagov_context
UCS,ExtraTrees,152,1,938.88945,2576.1745811248948,base_plus_datagov_context
UCS,ExtraTrees,153,1,887.13864,2628.4268158108957,base_plus_datagov_context
UCS,ExtraTrees,154,1,280.0,2034.9091056183495,base_plus_datagov_context
UCS,ExtraTrees,155,1,1040.0,2502.4363643210345,base_plus_datagov_context
UCS,ExtraTrees,156,1,1120.0,2513.2560176543684,base_plus_datagov_context
UCS,ExtraTrees,157,1,1340.0,2537.3500109877023,base_plus_datagov_context
UCS,ExtraTrees,158,1,2230.0,2541.882437654369,base_plus_datagov_context
UCS,ExtraTrees,159,1,320.0,2684.460903550778,base_plus_datagov_context
UCS,ExtraTrees,160,1,588.46254,2829.876178148974,base_plus_datagov_context
UCS,ExtraTrees,161,1,686.04978,2859.4454271884283,base_plus_datagov_context
UCS,ExtraTrees,162,1,766.63318,2870.1631988682543,base_plus_datagov_context
UCS,ExtraTrees,163,1,997.66358,2925.901523704923,base_plus_datagov_context
UCS,ExtraTrees,164,1,1084.5310100000002,3047.583877834359,base_plus_datagov_context
UCS,ExtraTrees,165,1,1026.49617,3135.909049741209,base_plus_datagov_context
UCS,ExtraTrees,166,1,280.0,2236.472536086486,base_plus_datagov_context
UCS,ExtraTrees,167,1,1090.0,2882.0947948793437,base_plus_datagov_context
UCS,ExtraTrees,168,1,1370.0,2892.783994879343,base_plus_datagov_context
UCS,ExtraTrees,169,1,1720.0,2922.774194879344,base_plus_datagov_context
UCS,ExtraTrees,170,1,2340.0,2929.4762882126774,base_plus_datagov_context
UCS,ExtraTrees,171,1,320.0,2869.386939229426,base_plus_datagov_context
UCS,ExtraTrees,172,1,748.89005,2990.3643191218093,base_plus_datagov_context
UCS,ExtraTrees,173,1,777.7226400000001,3046.4602991218094,base_plus_datagov_context
UCS,ExtraTrees,174,1,831.32169,3060.188924836095,base_plus_datagov_context
UCS,ExtraTrees,175,1,1098.20801,3150.5913954060957,base_plus_datagov_context
UCS,ExtraTrees,176,1,1198.01314,3334.6872384569865,base_plus_datagov_context
UCS,ExtraTrees,177,1,1147.0016300000002,3450.599800175291,base_plus_datagov_context
UCS,ExtraTrees,178,1,280.0,2344.9323671884076,base_plus_datagov_context
UCS,ExtraTrees,179,1,1260.0,3082.856329402077,base_plus_datagov_context
UCS,ExtraTrees,180,1,1550.0,3097.694819402077,base_plus_datagov_context
UCS,ExtraTrees,181,1,1870.0,3133.885916068743,base_plus_datagov_context
UCS,ExtraTrees,182,1,2780.0,3149.637726068743,base_plus_datagov_context
UCS,ExtraTrees,183,1,120.0,2220.621488656838,base_plus_datagov_context
UCS,ExtraTrees,184,1,320.0,2220.621488656838,base_plus_datagov_context
UCS,ExtraTrees,185,1,470.0,2220.621488656838,base_plus_datagov_context
UCS,ExtraTrees,186,1,710.0,2220.621488656838,base_plus_datagov_context
UCS,ExtraTrees,187,1,1080.0,2220.621488656838,base_plus_datagov_context
UCS,ExtraTrees,188,1,250.0,2775.360740278559,base_plus_datagov_context
UCS,ExtraTrees,189,1,490.0,2775.360740278559,base_plus_datagov_context
UCS,ExtraTrees,190,1,630.0,2775.360740278559,base_plus_datagov_context
UCS,ExtraTrees,191,1,1070.0,2775.360740278559,base_plus_datagov_context
UCS,ExtraTrees,192,1,1460.0,2775.360740278559,base_plus_datagov_context
UCS,ExtraTrees,193,1,626.6239,2064.9889112451824,base_plus_datagov_context
UCS,ExtraTrees,194,1,631.94235,2064.9889112451824,base_plus_datagov_context
UCS,ExtraTrees,195,1,633.66782,2064.9889112451824,base_plus_datagov_context
UCS,ExtraTrees,196,1,628.22879,2064.9889112451824,base_plus_datagov_context
UCS,ExtraTrees,197,1,936.82048,2064.9889112451824,base_plus_datagov_context
UCS,ExtraTrees,198,1,954.3751,2064.9889112451824,base_plus_datagov_context
UCS,ExtraTrees,199,1,1104.05131,2064.9889112451824,base_plus_datagov_context
UCS,ExtraTrees,200,1,1134.5409,2064.9889112451824,base_plus_datagov_context
UCS,ExtraTrees,201,1,1178.88941,2064.9889112451824,base_plus_datagov_context
UCS,ExtraTrees,202,1,945.00524,2296.010259557333,base_plus_datagov_context
UCS,ExtraTrees,203,1,934.21093,2296.010259557333,base_plus_datagov_context
UCS,ExtraTrees,204,1,930.48683,2296.010259557333,base_plus_datagov_context
UCS,ExtraTrees,205,1,934.0487,2296.010259557333,base_plus_datagov_context
UCS,ExtraTrees,206,1,1241.71646,2296.010259557333,base_plus_datagov_context
UCS,ExtraTrees,207,1,1292.53246,2296.010259557333,base_plus_datagov_context
UCS,ExtraTrees,208,1,1355.35951,2296.010259557333,base_plus_datagov_context
UCS,ExtraTrees,209,1,1442.20867,2296.010259557333,base_plus_datagov_context
UCS,ExtraTrees,210,1,1358.13129,2296.010259557333,base_plus_datagov_context
UCS,ExtraTrees,211,1,1714.56871,2444.834514276712,base_plus_datagov_context
UCS,ExtraTrees,212,1,1717.68299,2444.834514276712,base_plus_datagov_context
UCS,ExtraTrees,213,1,1716.50755,2444.834514276712,base_plus_datagov_context
UCS,ExtraTrees,214,1,1717.53897,2444.834514276712,base_plus_datagov_context
UCS,ExtraTrees,215,1,1831.18202,2444.834514276712,base_plus_datagov_context
UCS,ExtraTrees,216,1,1738.7893,2444.834514276712,base_plus_datagov_context
UCS,ExtraTrees,217,1,2166.5676,2444.834514276712,base_plus_datagov_context
UCS,ExtraTrees,218,1,2232.16643,2444.834514276712,base_plus_datagov_context
UCS,ExtraTrees,219,1,2064.93561,2444.834514276712,base_plus_datagov_context
UCS,ExtraTrees,220,1,872.0,1944.8305797819364,base_plus_datagov_context
UCS,ExtraTrees,221,1,902.0,2320.182628335043,base_plus_datagov_context
UCS,ExtraTrees,222,1,923.0,2320.182628335043,base_plus_datagov_context
UCS,ExtraTrees,223,1,972.0,2320.182628335043,base_plus_datagov_context
UCS,ExtraTrees,224,1,840.0,2320.182628335043,base_plus_datagov_context
UCS,ExtraTrees,225,1,872.0,1944.8305797819364,base_plus_datagov_context
UCS,ExtraTrees,226,1,637.0,1944.8305797819364,base_plus_datagov_context
UCS,ExtraTrees,227,1,450.0,1944.8305797819364,base_plus_datagov_context
UCS,ExtraTrees,228,1,159.0,1944.8305797819364,base_plus_datagov_context
UCS,ExtraTrees,229,1,90.0,1944.8305797819364,base_plus_datagov_context
UCS,ExtraTrees,230,1,985.0,2097.721845485428,base_plus_datagov_context
UCS,ExtraTrees,231,1,975.0,2713.232439388402,base_plus_datagov_context
UCS,ExtraTrees,232,1,998.0,2713.232439388402,base_plus_datagov_context
UCS,ExtraTrees,233,1,1025.0,2713.232439388402,base_plus_datagov_context
UCS,ExtraTrees,234,1,890.0,2713.232439388402,base_plus_datagov_context
UCS,ExtraTrees,235,1,985.0,2097.721845485428,base_plus_datagov_context
UCS,ExtraTrees,236,1,859.0,2097.721845485428,base_plus_datagov_context
UCS,ExtraTrees,237,1,535.0,2097.721845485428,base_plus_datagov_context
UCS,ExtraTrees,238,1,205.0,2097.721845485428,base_plus_datagov_context
UCS,ExtraTrees,239,1,120.0,2097.721845485428,base_plus_datagov_context
UCS,ExtraTrees,240,1,1080.0,2199.0368201295855,base_plus_datagov_context
UCS,ExtraTrees,241,1,1120.0,2845.362376613547,base_plus_datagov_context
UCS,ExtraTrees,242,1,1173.0,2845.362376613547,base_plus_datagov_context
UCS,ExtraTrees,243,1,1200.0,2845.362376613547,base_plus_datagov_context
UCS,ExtraTrees,244,1,1060.0,2845.362376613547,base_plus_datagov_context
UCS,ExtraTrees,245,1,1080.0,2199.0368201295855,base_plus_datagov_context
UCS,ExtraTrees,246,1,1010.0,2199.0368201295855,base_plus_datagov_context
UCS,ExtraTrees,247,1,678.0,2199.0368201295855,base_plus_datagov_context
UCS,ExtraTrees,248,1,315.0,2199.0368201295855,base_plus_datagov_context
UCS,ExtraTrees,249,1,150.0,2199.0368201295855,base_plus_datagov_context
UCS,ExtraTrees,250,1,872.0,1945.4295797819366,base_plus_datagov_context
UCS,ExtraTrees,251,1,902.0,2313.8846283350426,base_plus_datagov_context
UCS,ExtraTrees,252,1,923.0,2313.8846283350426,base_plus_datagov_context
UCS,ExtraTrees,253,1,972.0,2313.8846283350426,base_plus_datagov_context
UCS,ExtraTrees,254,1,840.0,2313.8846283350426,base_plus_datagov_context
UCS,ExtraTrees,255,1,985.0,2100.667795485428,base_plus_datagov_context
UCS,ExtraTrees,256,1,975.0,2694.6977227217344,base_plus_datagov_context
UCS,ExtraTrees,257,1,998.0,2694.6977227217344,base_plus_datagov_context
UCS,ExtraTrees,258,1,1025.0,2694.6977227217344,base_plus_datagov_context
UCS,ExtraTrees,259,1,890.0,2694.6977227217344,base_plus_datagov_context
UCS,ExtraTrees,260,1,1080.0,2202.047770129586,base_plus_datagov_context
UCS,ExtraTrees,261,1,1120.0,2826.89265994688,base_plus_datagov_context
UCS,ExtraTrees,262,1,1173.0,2826.89265994688,base_plus_datagov_context
UCS,ExtraTrees,263,1,1200.0,2826.89265994688,base_plus_datagov_context
UCS,ExtraTrees,264,1,1060.0,2826.89265994688,base_plus_datagov_context
UCS,ExtraTrees,265,1,370.0,1967.0718419449083,base_plus_datagov_context
UCS,ExtraTrees,266,1,520.0,1967.0718419449083,base_plus_datagov_context
UCS,ExtraTrees,267,1,1050.0,2373.155888890515,base_plus_datagov_context
UCS,ExtraTrees,268,1,1750.0,2855.468428689405,base_plus_datagov_context
UCS,ExtraTrees,269,1,510.0,2855.468428689405,base_plus_datagov_context
UCS,ExtraTrees,270,1,950.0,2078.4079487046733,base_plus_datagov_context
UCS,ExtraTrees,271,1,1160.0,2855.468428689405,base_plus_datagov_context
UCS,ExtraTrees,272,1,2050.0,3167.671016824023,base_plus_datagov_context
UCS,ExtraTrees,273,1,1720.0,3167.671016824023,base_plus_datagov_context
UCS,ExtraTrees,274,1,1060.0,3167.671016824023,base_plus_datagov_context
UCS,ExtraTrees,275,1,1210.0,2196.66154780247,base_plus_datagov_context
UCS,ExtraTrees,276,1,1640.0,3158.345456824022,base_plus_datagov_context
UCS,ExtraTrees,277,1,1520.0,3158.345456824022,base_plus_datagov_context
UCS,ExtraTrees,278,1,4020.0,3158.345456824022,base_plus_datagov_context
UCS,ExtraTrees,279,1,2320.0,3158.345456824022,base_plus_datagov_context
UCS,ExtraTrees,280,1,2410.0,2198.6442144691373,base_plus_datagov_context
UCS,ExtraTrees,281,1,1220.0,3160.405456824022,base_plus_datagov_context
UCS,ExtraTrees,282,1,2940.0,3160.405456824022,base_plus_datagov_context
UCS,ExtraTrees,283,1,4140.0,3160.405456824022,base_plus_datagov_context
UCS,ExtraTrees,284,1,2930.0,3160.405456824022,base_plus_datagov_context
UCS,ExtraTrees,285,1,790.0,2036.6472342968855,base_plus_datagov_context
UCS,ExtraTrees,286,1,930.0,2036.6472342968855,base_plus_datagov_context
UCS,ExtraTrees,287,1,1190.0,2036.6472342968855,base_plus_datagov_context
UCS,ExtraTrees,288,1,1290.0,2036.6472342968855,base_plus_datagov_context
UCS,ExtraTrees,289,1,1560.0,2036.6472342968855,base_plus_datagov_context
UCS,ExtraTrees,290,1,1460.0,2036.6472342968855,base_plus_datagov_context
UCS,ExtraTrees,291,1,1280.0,2036.6472342968855,base_plus_datagov_context
UCS,ExtraTrees,292,1,1520.0,2036.6472342968855,base_plus_datagov_context
UCS,ExtraTrees,293,1,1550.0,2036.6472342968855,base_plus_datagov_context
UCS,ExtraTrees,294,1,2030.0,2201.036927902882,base_plus_datagov_context
UCS,ExtraTrees,295,1,2000.0,2201.036927902882,base_plus_datagov_context
UCS,ExtraTrees,296,1,2350.0,2201.036927902882,base_plus_datagov_context
UCS,ExtraTrees,297,1,2280.0,2201.036927902882,base_plus_datagov_context
UCS,ExtraTrees,298,1,2430.0,2301.795393505867,base_plus_datagov_context
UCS,ExtraTrees,299,1,2910.0,2301.795393505867,base_plus_datagov_context
UCS,ExtraTrees,300,1,2900.0,2301.795393505867,base_plus_datagov_context
UCS,ExtraTrees,301,1,2970.0,2301.795393505867,base_plus_datagov_context
UCS,ExtraTrees,302,1,3390.0,2301.5207268392005,base_plus_datagov_context
UCS,ExtraTrees,303,1,3440.0,2301.5207268392005,base_plus_datagov_context
UCS,ExtraTrees,304,1,3700.0,2301.5207268392005,base_plus_datagov_context
UCS,ExtraTrees,305,1,3730.0,2301.5207268392005,base_plus_datagov_context
UCS,ExtraTrees,306,1,3440.0,2305.0940601725342,base_plus_datagov_context
UCS,ExtraTrees,307,1,3640.0,2305.0940601725342,base_plus_datagov_context
UCS,ExtraTrees,308,1,3810.0,2305.0940601725342,base_plus_datagov_context
UCS,ExtraTrees,309,1,3960.0,2305.0940601725342,base_plus_datagov_context
UCS,ExtraTrees,310,1,3420.0,2301.214060172534,base_plus_datagov_context
UCS,ExtraTrees,311,1,3580.0,2301.214060172534,base_plus_datagov_context
UCS,ExtraTrees,312,1,3690.0,2301.214060172534,base_plus_datagov_context
UCS,ExtraTrees,313,1,4050.0,2301.214060172534,base_plus_datagov_context
UCS,ExtraTrees,314,1,1700.0,2056.7358118485904,base_plus_datagov_context
UCS,ExtraTrees,315,1,3760.0,2056.7358118485904,base_plus_datagov_context
UCS,ExtraTrees,316,1,5110.0,2056.7358118485904,base_plus_datagov_context
UCS,ExtraTrees,317,1,3280.0,2056.7358118485904,base_plus_datagov_context
UCS,ExtraTrees,318,1,1750.0,2056.7358118485904,base_plus_datagov_context
UCS,ExtraTrees,319,1,1180.0,2056.7358118485904,base_plus_datagov_context
UCS,ExtraTrees,320,1,2380.0,2056.7358118485904,base_plus_datagov_context
UCS,ExtraTrees,321,1,1670.0,2056.7358118485904,base_plus_datagov_context
UCS,ExtraTrees,322,1,2160.0,2056.7358118485904,base_plus_datagov_context
UCS,ExtraTrees,323,1,2130.0,2121.912517413712,base_plus_datagov_context
UCS,ExtraTrees,324,1,4540.0,2121.912517413712,base_plus_datagov_context
UCS,ExtraTrees,325,1,6160.0,2121.912517413712,base_plus_datagov_context
UCS,ExtraTrees,326,1,4630.0,2121.912517413712,base_plus_datagov_context
UCS,ExtraTrees,327,1,2670.0,2121.912517413712,base_plus_datagov_context
UCS,ExtraTrees,328,1,2110.0,2121.912517413712,base_plus_datagov_context
UCS,ExtraTrees,329,1,3660.0,2121.912517413712,base_plus_datagov_context
UCS,ExtraTrees,330,1,1860.0,2121.912517413712,base_plus_datagov_context
UCS,ExtraTrees,331,1,2570.0,2121.912517413712,base_plus_datagov_context
UCS,ExtraTrees,332,1,2780.0,2261.262382672375,base_plus_datagov_context
UCS,ExtraTrees,333,1,5780.0,2261.262382672375,base_plus_datagov_context
UCS,ExtraTrees,334,1,10710.0,2261.262382672375,base_plus_datagov_context
UCS,ExtraTrees,335,1,7550.0,2261.262382672375,base_plus_datagov_context
UCS,ExtraTrees,336,1,2880.0,2261.262382672375,base_plus_datagov_context
UCS,ExtraTrees,337,1,2370.0,2261.262382672375,base_plus_datagov_context
UCS,ExtraTrees,338,1,6120.0,2261.262382672375,base_plus_datagov_context
UCS,ExtraTrees,339,1,2250.0,2261.262382672375,base_plus_datagov_context
UCS,ExtraTrees,340,1,3790.0,2261.262382672375,base_plus_datagov_context
UCS,ExtraTrees,341,1,55.31,2359.288020034388,base_plus_datagov_context
UCS,ExtraTrees,342,1,1803.44,2310.472148512937,base_plus_datagov_context
UCS,ExtraTrees,343,1,2284.95,2362.260285201272,base_plus_datagov_context
UCS,ExtraTrees,344,1,3297.0,2399.007925294304,base_plus_datagov_context
UCS,ExtraTrees,345,1,69.43,2413.312848477898,base_plus_datagov_context
UCS,ExtraTrees,346,1,609.97,2366.0107492818975,base_plus_datagov_context
UCS,ExtraTrees,347,1,2545.81,2412.6217986825645,base_plus_datagov_context
UCS,ExtraTrees,348,1,3936.39,2539.3332877065313,base_plus_datagov_context
UCS,ExtraTrees,349,1,87.08,2178.51663014635,base_plus_datagov_context
UCS,ExtraTrees,350,1,2076.9500000000003,2420.224536423546,base_plus_datagov_context
UCS,ExtraTrees,351,1,360.0,2319.280539193969,base_plus_datagov_context
UCS,ExtraTrees,352,1,520.0,2433.8371368646544,base_plus_datagov_context
UCS,ExtraTrees,353,1,85.0,2125.662694540288,base_plus_datagov_context
UCS,ExtraTrees,354,1,55.6,2264.0706751463495,base_plus_datagov_context
UCS,ExtraTrees,355,1,222.5,2353.7848828627207,base_plus_datagov_context
UCS,ExtraTrees,356,1,149.0,2170.430163479683,base_plus_datagov_context
UCS,ExtraTrees,357,1,190.0,2245.7440983130164,base_plus_datagov_context
UCS,ExtraTrees,358,1,663.0,2309.54146514635,base_plus_datagov_context
UCS,ExtraTrees,359,1,4400.0,2798.458814714607,base_plus_datagov_context
UCS,ExtraTrees,360,1,4400.0,2798.458814714607,base_plus_datagov_context
UCS,ExtraTrees,361,1,2540.0,2430.29641804794,base_plus_datagov_context
UCS,ExtraTrees,362,1,3200.0,2463.8094580479406,base_plus_datagov_context
UCS,ExtraTrees,363,1,1900.0,2274.2274563052415,base_plus_datagov_context
UCS,ExtraTrees,364,1,1900.0,2274.2274563052415,base_plus_datagov_context
UCS,ExtraTrees,365,1,4700.0,2809.258814714607,base_plus_datagov_context
UCS,ExtraTrees,366,1,4700.0,2809.258814714607,base_plus_datagov_context
UCS,ExtraTrees,367,1,3900.0,2785.2078147146062,base_plus_datagov_context
UCS,ExtraTrees,368,1,4200.0,2775.675601381273,base_plus_datagov_context
UCS,ExtraTrees,369,1,4200.0,2775.675601381273,base_plus_datagov_context
UCS,ExtraTrees,370,1,2950.0,2311.0522240779073,base_plus_datagov_context
UCS,ExtraTrees,371,1,2950.0,2311.0522240779073,base_plus_datagov_context
UCS,ExtraTrees,372,1,2700.0,2525.8394380479394,base_plus_datagov_context
UCS,ExtraTrees,373,1,3100.0,2547.0619047146065,base_plus_datagov_context
UCS,ExtraTrees,374,1,2900.0,2587.3431247146073,base_plus_datagov_context
UCS,ExtraTrees,375,1,2900.0,2587.3431247146073,base_plus_datagov_context
UCS,ExtraTrees,376,1,1100.0,2222.9795874329066,base_plus_datagov_context
UCS,ExtraTrees,377,1,4100.0,2549.276338047941,base_plus_datagov_context
UCS,ExtraTrees,378,1,4100.0,2549.276338047941,base_plus_datagov_context
UCS,ExtraTrees,379,1,2300.0,2286.3369707662414,base_plus_datagov_context
UCS,ExtraTrees,380,1,2700.0,2214.3144605928414,base_plus_datagov_context
UCS,ExtraTrees,381,1,4100.0,2551.659904714608,base_plus_datagov_context
UCS,ExtraTrees,382,1,4100.0,2551.659904714608,base_plus_datagov_context
UCS,ExtraTrees,383,1,2300.0,2429.5282013812734,base_plus_datagov_context
UCS,ExtraTrees,384,1,2000.0,2219.1543370289746,base_plus_datagov_context
UCS,ExtraTrees,385,1,2050.0,2219.1543370289746,base_plus_datagov_context
UCS,ExtraTrees,386,1,2960.0,2546.670900954072,base_plus_datagov_context
UCS,ExtraTrees,387,1,3250.0,2480.9493380479407,base_plus_datagov_context
UCS,ExtraTrees,388,1,3250.0,2480.9493380479407,base_plus_datagov_context
UCS,ExtraTrees,389,1,2200.0,2210.082322438708,base_plus_datagov_context
UCS,ExtraTrees,390,1,1820.0,2438.491990954072,base_plus_datagov_context
UCS,ExtraTrees,391,1,2200.0,2334.800581381274,base_plus_datagov_context
UCS,ExtraTrees,392,1,3800.0,2500.4966513812738,base_plus_datagov_context
UCS,ExtraTrees,393,1,3800.0,2500.4966513812738,base_plus_datagov_context
UCS,ExtraTrees,394,1,3900.0,2501.9733242874063,base_plus_datagov_context
UCS,ExtraTrees,395,1,2950.0,2326.778639751407,base_plus_datagov_context
UCS,ExtraTrees,396,1,1930.0,2416.525150954072,base_plus_datagov_context
UCS,ExtraTrees,397,1,2150.0,2387.2902343416736,base_plus_datagov_context
UCS,ExtraTrees,398,1,2010.0,2220.8000248440417,base_plus_datagov_context
UCS,ExtraTrees,399,1,4200.0,2626.9645576750054,base_plus_datagov_context
UCS,ExtraTrees,400,1,2300.0,2236.370952927089,base_plus_datagov_context
UCS,ExtraTrees,401,1,2270.0,2366.741773084738,base_plus_datagov_context
UCS,ExtraTrees,402,1,3210.0,2547.1521813812737,base_plus_datagov_context
UCS,ExtraTrees,403,1,2870.0,2706.6496642874076,base_plus_datagov_context
UCS,ExtraTrees,404,1,2800.0,2577.965182672376,base_plus_datagov_context
UCS,ExtraTrees,405,1,2900.0,2545.9857609540727,base_plus_datagov_context
UCS,ExtraTrees,406,1,2020.0,2500.7699342874057,base_plus_datagov_context
UCS,ExtraTrees,407,1,2000.0,2468.852510624837,base_plus_datagov_context
UCS,ExtraTrees,408,1,1880.0,2527.934835212475,base_plus_datagov_context
UCS,ExtraTrees,409,1,3000.0,2577.8346126128013,base_plus_datagov_context
UCS,ExtraTrees,410,1,1610.0,2489.329267055771,base_plus_datagov_context
UCS,ExtraTrees,411,1,3980.0,2621.6897937224376,base_plus_datagov_context
UCS,ExtraTrees,412,1,1690.0,2288.2913452314524,base_plus_datagov_context
UCS,ExtraTrees,413,1,2300.0,2405.7486984298507,base_plus_datagov_context
UCS,ExtraTrees,414,1,2790.0,2605.4060837224392,base_plus_datagov_context
UCS,ExtraTrees,415,1,1820.0,2358.8598471074083,base_plus_datagov_context
UCS,ExtraTrees,416,1,3200.0,2725.012173722437,base_plus_datagov_context
UCS,ExtraTrees,417,1,1980.0,2355.122928722438,base_plus_datagov_context
UCS,ExtraTrees,418,1,1800.0,2401.0991720489533,base_plus_datagov_context
UCS,ExtraTrees,419,1,4020.0,2906.325731476322,base_plus_datagov_context
UCS,ExtraTrees,420,1,5400.0,2986.7890319452235,base_plus_datagov_context
UCS,ExtraTrees,421,1,1200.0,2308.4797437983502,base_plus_datagov_context
UCS,ExtraTrees,422,1,1570.0,2305.09853218332,base_plus_datagov_context
UCS,ExtraTrees,423,1,3300.0,2904.9776286118927,base_plus_datagov_context
UCS,ExtraTrees,424,1,3400.0,2934.6430286118893,base_plus_datagov_context
UCS,ExtraTrees,425,1,1900.0,2343.468953128409,base_plus_datagov_context
UCS,ExtraTrees,426,1,1025.0,2326.721396371454,base_plus_datagov_context
UCS,ExtraTrees,427,1,193.05,2370.319717200438,base_plus_datagov_context
UCS,ExtraTrees,428,1,59.5,2790.849432735142,base_plus_datagov_context
UCS,ExtraTrees,429,1,61.6,2790.849432735142,base_plus_datagov_context
UCS,ExtraTrees,430,1,55.1,2790.849432735142,base_plus_datagov_context
UCS,ExtraTrees,431,1,49.4,2790.849432735142,base_plus_datagov_context
UCS,ExtraTrees,432,1,48.4,2790.849432735142,base_plus_datagov_context
UCS,ExtraTrees,433,1,178.4,2790.849432735142,base_plus_datagov_context
UCS,ExtraTrees,434,1,104.4,2790.849432735142,base_plus_datagov_context
UCS,ExtraTrees,435,1,54.2,2790.849432735142,base_plus_datagov_context
UCS,ExtraTrees,436,1,63.8,2790.849432735142,base_plus_datagov_context
UCS,ExtraTrees,437,1,55.3,2790.849432735142,base_plus_datagov_context
UCS,ExtraTrees,438,1,1836.0,2790.849432735142,base_plus_datagov_context
UCS,ExtraTrees,439,1,1519.8,2790.849432735142,base_plus_datagov_context
UCS,ExtraTrees,440,1,442.0,2790.849432735142,base_plus_datagov_context
UCS,ExtraTrees,441,1,73.80000000000001,2790.849432735142,base_plus_datagov_context
UCS,ExtraTrees,442,1,55.7,2790.849432735142,base_plus_datagov_context
UCS,ExtraTrees,443,1,3833.5,2790.849432735142,base_plus_datagov_context
UCS,ExtraTrees,444,1,2529.3,2790.849432735142,base_plus_datagov_context
UCS,ExtraTrees,445,1,1513.8,2790.849432735142,base_plus_datagov_context
UCS,ExtraTrees,446,1,484.1,2790.849432735142,base_plus_datagov_context
UCS,ExtraTrees,447,1,4093.2,2790.849432735142,base_plus_datagov_context
UCS,ExtraTrees,448,1,3004.7000000000003,2790.849432735142,base_plus_datagov_context
UCS,ExtraTrees,449,1,1270.1,2790.849432735142,base_plus_datagov_context
UCS,ExtraTrees,450,1,549.5,2790.849432735142,base_plus_datagov_context
UCS,ExtraTrees,451,1,363.3,2790.849432735142,base_plus_datagov_context
UCS,ExtraTrees,452,1,3782.9,2790.849432735142,base_plus_datagov_context
UCS,ExtraTrees,453,1,2402.4,2790.849432735142,base_plus_datagov_context
UCS,ExtraTrees,454,1,1239.6,2790.849432735142,base_plus_datagov_context
UCS,ExtraTrees,455,1,201.7,2790.849432735142,base_plus_datagov_context
UCS,ExtraTrees,456,1,64.0,2790.849432735142,base_plus_datagov_context
UCS,ExtraTrees,457,1,4747.8,2790.849432735142,base_plus_datagov_context
UCS,ExtraTrees,458,1,3146.7000000000003,2790.849432735142,base_plus_datagov_context
UCS,ExtraTrees,459,1,1660.6,2790.849432735142,base_plus_datagov_context
UCS,ExtraTrees,460,1,545.2,2790.849432735142,base_plus_datagov_context
UCS,ExtraTrees,461,1,51.3,2911.6081269918086,base_plus_datagov_context
UCS,ExtraTrees,462,1,3137.6,2911.6081269918086,base_plus_datagov_context
UCS,ExtraTrees,463,1,2613.1000000000004,2911.6081269918086,base_plus_datagov_context
UCS,ExtraTrees,464,1,1425.9,2911.6081269918086,base_plus_datagov_context
UCS,ExtraTrees,465,1,635.0,2911.6081269918086,base_plus_datagov_context
UCS,ExtraTrees,466,1,65.60000000000001,2911.6081269918086,base_plus_datagov_context
UCS,ExtraTrees,467,1,57.5,2919.2386880584754,base_plus_datagov_context
UCS,ExtraTrees,468,1,56.8,2919.2386880584754,base_plus_datagov_context
UCS,ExtraTrees,469,1,61.7,2919.2386880584754,base_plus_datagov_context
UCS,ExtraTrees,470,1,72.4,2919.2386880584754,base_plus_datagov_context
UCS,ExtraTrees,471,1,76.1,2919.2386880584754,base_plus_datagov_context
UCS,ExtraTrees,472,1,2615.3,2919.2386880584754,base_plus_datagov_context
UCS,ExtraTrees,473,1,722.8,2919.2386880584754,base_plus_datagov_context
UCS,ExtraTrees,474,1,81.0,2919.2386880584754,base_plus_datagov_context
UCS,ExtraTrees,475,1,81.5,2919.2386880584754,base_plus_datagov_context
UCS,ExtraTrees,476,1,61.1,2919.2386880584754,base_plus_datagov_context
UCS,ExtraTrees,477,1,4715.7,2919.2386880584754,base_plus_datagov_context
UCS,ExtraTrees,478,1,983.8,2919.2386880584754,base_plus_datagov_context
UCS,ExtraTrees,479,1,169.9,2919.2386880584754,base_plus_datagov_context
UCS,ExtraTrees,480,1,92.0,2919.2386880584754,base_plus_datagov_context
UCS,ExtraTrees,481,1,113.8,2919.2386880584754,base_plus_datagov_context
UCS,ExtraTrees,482,1,6333.9,2919.2386880584754,base_plus_datagov_context
UCS,ExtraTrees,483,1,5499.0,2919.2386880584754,base_plus_datagov_context
UCS,ExtraTrees,484,1,2905.5,2919.2386880584754,base_plus_datagov_context
UCS,ExtraTrees,485,1,320.79999999999995,2919.2386880584754,base_plus_datagov_context
UCS,ExtraTrees,486,1,108.3,2919.2386880584754,base_plus_datagov_context
UCS,ExtraTrees,487,1,6549.2,2919.2386880584754,base_plus_datagov_context
UCS,ExtraTrees,488,1,5612.0,2919.2386880584754,base_plus_datagov_context
UCS,ExtraTrees,489,1,4519.599999999999,2919.2386880584754,base_plus_datagov_context
UCS,ExtraTrees,490,1,1048.8,2919.2386880584754,base_plus_datagov_context
UCS,ExtraTrees,491,1,82.60000000000001,2919.2386880584754,base_plus_datagov_context
UCS,ExtraTrees,492,1,6962.4,2919.2386880584754,base_plus_datagov_context
UCS,ExtraTrees,493,1,4417.099999999999,2919.2386880584754,base_plus_datagov_context
UCS,ExtraTrees,494,1,1049.7,2919.2386880584754,base_plus_datagov_context
UCS,ExtraTrees,495,1,108.1,2919.2386880584754,base_plus_datagov_context
UCS,ExtraTrees,496,1,96.9,2919.2386880584754,base_plus_datagov_context
UCS,ExtraTrees,497,1,7857.3,2919.2386880584754,base_plus_datagov_context
UCS,ExtraTrees,498,1,6059.3,2919.2386880584754,base_plus_datagov_context
UCS,ExtraTrees,499,1,3516.2,2919.2386880584754,base_plus_datagov_context
UCS,ExtraTrees,500,1,379.9,2919.2386880584754,base_plus_datagov_context
UCS,ExtraTrees,501,1,119.4,2919.2386880584754,base_plus_datagov_context
UCS,ExtraTrees,502,1,6912.7,2919.2386880584754,base_plus_datagov_context
UCS,ExtraTrees,503,1,5779.099999999999,2919.2386880584754,base_plus_datagov_context
UCS,ExtraTrees,504,1,4361.1,2919.2386880584754,base_plus_datagov_context
UCS,ExtraTrees,505,1,1989.1,2919.2386880584754,base_plus_datagov_context
UCS,ExtraTrees,506,1,78.60000000000001,2919.2386880584754,base_plus_datagov_context
UCS,ExtraTrees,507,1,72.4,3815.944615518846,base_plus_datagov_context
UCS,ExtraTrees,508,1,77.8,3815.944615518846,base_plus_datagov_context
UCS,ExtraTrees,509,1,71.3,3815.944615518846,base_plus_datagov_context
UCS,ExtraTrees,510,1,44.5,3815.944615518846,base_plus_datagov_context
UCS,ExtraTrees,511,1,30.1,3815.944615518846,base_plus_datagov_context
UCS,ExtraTrees,512,1,201.7,3815.944615518846,base_plus_datagov_context
UCS,ExtraTrees,513,1,168.7,3815.944615518846,base_plus_datagov_context
UCS,ExtraTrees,514,1,108.9,3815.944615518846,base_plus_datagov_context
UCS,ExtraTrees,515,1,86.9,3815.944615518846,base_plus_datagov_context
UCS,ExtraTrees,516,1,98.5,3815.944615518846,base_plus_datagov_context
UCS,ExtraTrees,517,1,10089.0,3815.944615518846,base_plus_datagov_context
UCS,ExtraTrees,518,1,5803.7,3815.944615518846,base_plus_datagov_context
UCS,ExtraTrees,519,1,117.3,3815.944615518846,base_plus_datagov_context
UCS,ExtraTrees,520,1,67.6,3815.944615518846,base_plus_datagov_context
UCS,ExtraTrees,521,1,107.1,3815.944615518846,base_plus_datagov_context
UCS,ExtraTrees,522,1,10786.0,3815.944615518846,base_plus_datagov_context
UCS,ExtraTrees,523,1,9583.3,3815.944615518846,base_plus_datagov_context
UCS,ExtraTrees,524,1,2567.3,3815.944615518846,base_plus_datagov_context
UCS,ExtraTrees,525,1,69.3,3815.944615518846,base_plus_datagov_context
UCS,ExtraTrees,526,1,25.7,3815.944615518846,base_plus_datagov_context
UCS,ExtraTrees,527,1,10042.0,3815.944615518846,base_plus_datagov_context
UCS,ExtraTrees,528,1,9647.6,3815.944615518846,base_plus_datagov_context
UCS,ExtraTrees,529,1,8262.1,3815.944615518846,base_plus_datagov_context
UCS,ExtraTrees,530,1,148.60000000000002,3815.944615518846,base_plus_datagov_context
UCS,ExtraTrees,531,1,33.7,3815.944615518846,base_plus_datagov_context
UCS,ExtraTrees,532,1,10809.0,3815.944615518846,base_plus_datagov_context
UCS,ExtraTrees,533,1,9878.1,3815.944615518846,base_plus_datagov_context
UCS,ExtraTrees,534,1,269.2,3815.944615518846,base_plus_datagov_context
UCS,ExtraTrees,535,1,178.79999999999998,3815.944615518846,base_plus_datagov_context
UCS,ExtraTrees,536,1,56.7,3815.944615518846,base_plus_datagov_context
UCS,ExtraTrees,537,1,11033.0,3815.944615518846,base_plus_datagov_context
UCS,ExtraTrees,538,1,8186.999999999999,3815.944615518846,base_plus_datagov_context
UCS,ExtraTrees,539,1,3534.2,3815.944615518846,base_plus_datagov_context
UCS,ExtraTrees,540,1,99.0,3815.944615518846,base_plus_datagov_context
UCS,ExtraTrees,541,1,38.2,3815.944615518846,base_plus_datagov_context
UCS,ExtraTrees,542,1,8661.099999999999,3815.944615518846,base_plus_datagov_context
UCS,ExtraTrees,543,1,7999.2,3815.944615518846,base_plus_datagov_context
UCS,ExtraTrees,544,1,7754.0,3815.944615518846,base_plus_datagov_context
UCS,ExtraTrees,545,1,1216.6999999999998,3815.944615518846,base_plus_datagov_context
UCS,ExtraTrees,546,1,70.8,3815.944615518846,base_plus_datagov_context
UCS,ExtraTrees,547,1,117.4,2238.3796400304414,base_plus_datagov_context
UCS,ExtraTrees,548,1,109.9,2238.3796400304414,base_plus_datagov_context
UCS,ExtraTrees,549,1,84.9,2238.3796400304414,base_plus_datagov_context
UCS,ExtraTrees,550,1,16.9,2238.3796400304414,base_plus_datagov_context
UCS,ExtraTrees,551,1,210.7,2238.3796400304414,base_plus_datagov_context
UCS,ExtraTrees,552,1,197.0,2238.3796400304414,base_plus_datagov_context
UCS,ExtraTrees,553,1,168.9,2238.3796400304414,base_plus_datagov_context
UCS,ExtraTrees,554,1,110.3,2238.3796400304414,base_plus_datagov_context
UCS,ExtraTrees,555,1,229.3,2238.3796400304414,base_plus_datagov_context
UCS,ExtraTrees,556,1,224.1,2238.3796400304414,base_plus_datagov_context
UCS,ExtraTrees,557,1,186.8,2238.3796400304414,base_plus_datagov_context
UCS,ExtraTrees,558,1,155.5,2238.3796400304414,base_plus_datagov_context
UCS,ExtraTrees,559,1,195.4,2238.3796400304414,base_plus_datagov_context
UCS,ExtraTrees,560,1,123.2,2238.3796400304414,base_plus_datagov_context
UCS,ExtraTrees,561,1,80.0,2238.3796400304414,base_plus_datagov_context
UCS,ExtraTrees,562,1,39.0,2238.3796400304414,base_plus_datagov_context
UCS,ExtraTrees,563,1,185.2,2238.3796400304414,base_plus_datagov_context
UCS,ExtraTrees,564,1,181.9,2238.3796400304414,base_plus_datagov_context
UCS,ExtraTrees,565,1,180.0,2233.743923363775,base_plus_datagov_context
UCS,ExtraTrees,566,1,127.0,2233.743923363775,base_plus_datagov_context
UCS,ExtraTrees,567,1,189.0,2233.743923363775,base_plus_datagov_context
UCS,ExtraTrees,568,1,170.0,2233.743923363775,base_plus_datagov_context
UCS,ExtraTrees,569,1,163.0,2233.743923363775,base_plus_datagov_context
UCS,ExtraTrees,570,1,120.0,2233.743923363775,base_plus_datagov_context
UCS,ExtraTrees,571,1,5855.0,3837.507898852179,base_plus_datagov_context
UCS,ExtraTrees,572,1,2597.0,3837.507898852179,base_plus_datagov_context
UCS,ExtraTrees,573,1,120.0,3837.507898852179,base_plus_datagov_context
UCS,ExtraTrees,574,1,97.0,3837.507898852179,base_plus_datagov_context
UCS,ExtraTrees,575,1,53.0,3837.507898852179,base_plus_datagov_context
UCS,ExtraTrees,576,1,4899.0,3837.507898852179,base_plus_datagov_context
UCS,ExtraTrees,577,1,3410.0,3837.507898852179,base_plus_datagov_context
UCS,ExtraTrees,578,1,604.0,3837.507898852179,base_plus_datagov_context
UCS,ExtraTrees,579,1,96.0,3837.507898852179,base_plus_datagov_context
UCS,ExtraTrees,580,1,74.0,3837.507898852179,base_plus_datagov_context
UCS,ExtraTrees,581,1,7346.0,3837.507898852179,base_plus_datagov_context
UCS,ExtraTrees,582,1,6191.0,3837.507898852179,base_plus_datagov_context
UCS,ExtraTrees,583,1,348.0,3837.507898852179,base_plus_datagov_context
UCS,ExtraTrees,584,1,144.0,3837.507898852179,base_plus_datagov_context
UCS,ExtraTrees,585,1,45.0,3837.507898852179,base_plus_datagov_context
UCS,ExtraTrees,586,1,9562.0,3837.507898852179,base_plus_datagov_context
UCS,ExtraTrees,587,1,8595.0,3837.507898852179,base_plus_datagov_context
UCS,ExtraTrees,588,1,971.0,3837.507898852179,base_plus_datagov_context
UCS,ExtraTrees,589,1,140.0,3837.507898852179,base_plus_datagov_context
UCS,ExtraTrees,590,1,54.0,3837.507898852179,base_plus_datagov_context
UCS,ExtraTrees,591,1,2687.0,3837.507898852179,base_plus_datagov_context
UCS,ExtraTrees,592,1,650.0,3837.507898852179,base_plus_datagov_context
UCS,ExtraTrees,593,1,199.0,3837.507898852179,base_plus_datagov_context
UCS,ExtraTrees,594,1,109.0,3837.507898852179,base_plus_datagov_context
UCS,ExtraTrees,595,1,37.0,3837.507898852179,base_plus_datagov_context
UCS,ExtraTrees,596,1,3127.0,3837.507898852179,base_plus_datagov_context
UCS,ExtraTrees,597,1,615.0,3837.507898852179,base_plus_datagov_context
UCS,ExtraTrees,598,1,134.0,3837.507898852179,base_plus_datagov_context
UCS,ExtraTrees,599,1,142.0,3837.507898852179,base_plus_datagov_context
UCS,ExtraTrees,600,1,10530.0,3837.507898852179,base_plus_datagov_context
UCS,ExtraTrees,601,1,7492.0,3837.507898852179,base_plus_datagov_context
UCS,ExtraTrees,602,1,656.0,3837.507898852179,base_plus_datagov_context
UCS,ExtraTrees,603,1,240.0,3837.507898852179,base_plus_datagov_context
UCS,ExtraTrees,604,1,10560.0,3837.507898852179,base_plus_datagov_context
UCS,ExtraTrees,605,1,9610.0,3837.507898852179,base_plus_datagov_context
UCS,ExtraTrees,606,1,1323.0,3837.507898852179,base_plus_datagov_context
UCS,ExtraTrees,607,1,176.0,3837.507898852179,base_plus_datagov_context
UCS,ExtraTrees,608,1,40.0,3837.507898852179,base_plus_datagov_context
UCS,ExtraTrees,609,1,5012.0,2790.849432735142,base_plus_datagov_context
UCS,ExtraTrees,610,1,6644.0,2790.849432735142,base_plus_datagov_context
UCS,ExtraTrees,611,1,7278.0,2790.849432735142,base_plus_datagov_context
UCS,ExtraTrees,612,1,8696.0,2790.849432735142,base_plus_datagov_context
UCS,ExtraTrees,613,1,10350.0,2790.849432735142,base_plus_datagov_context
UCS,ExtraTrees,614,1,5423.0,2790.849432735142,base_plus_datagov_context
UCS,ExtraTrees,615,1,6251.0,2790.849432735142,base_plus_datagov_context
UCS,ExtraTrees,616,1,8130.000000000001,2790.849432735142,base_plus_datagov_context
UCS,ExtraTrees,617,1,9384.0,2790.849432735142,base_plus_datagov_context
UCS,ExtraTrees,618,1,11180.0,2790.849432735142,base_plus_datagov_context
UCS,ExtraTrees,619,1,3484.0,2790.849432735142,base_plus_datagov_context
UCS,ExtraTrees,620,1,4605.0,2790.849432735142,base_plus_datagov_context
UCS,ExtraTrees,621,1,6519.0,2790.849432735142,base_plus_datagov_context
UCS,ExtraTrees,622,1,8700.0,2790.849432735142,base_plus_datagov_context
UCS,ExtraTrees,623,1,10350.0,2790.849432735142,base_plus_datagov_context
UCS,ExtraTrees,624,1,4951.0,2790.849432735142,base_plus_datagov_context
UCS,ExtraTrees,625,1,5471.0,2790.849432735142,base_plus_datagov_context
UCS,ExtraTrees,626,1,6285.0,2790.849432735142,base_plus_datagov_context
UCS,ExtraTrees,627,1,7956.0,2790.849432735142,base_plus_datagov_context
UCS,ExtraTrees,628,1,10920.0,2790.849432735142,base_plus_datagov_context
UCS,ExtraTrees,629,1,6304.0,2919.2386880584754,base_plus_datagov_context
UCS,ExtraTrees,630,1,11620.0,2919.2386880584754,base_plus_datagov_context
UCS,ExtraTrees,631,1,13870.0,2919.2386880584754,base_plus_datagov_context
UCS,ExtraTrees,632,1,15550.0,2919.2386880584754,base_plus_datagov_context
UCS,ExtraTrees,633,1,18530.0,2919.2386880584754,base_plus_datagov_context
UCS,ExtraTrees,634,1,10690.0,2919.2386880584754,base_plus_datagov_context
UCS,ExtraTrees,635,1,12350.0,2919.2386880584754,base_plus_datagov_context
UCS,ExtraTrees,636,1,13260.0,2919.2386880584754,base_plus_datagov_context
UCS,ExtraTrees,637,1,13660.0,2919.2386880584754,base_plus_datagov_context
UCS,ExtraTrees,638,1,15690.0,2919.2386880584754,base_plus_datagov_context
UCS,ExtraTrees,639,1,10080.0,2919.2386880584754,base_plus_datagov_context
UCS,ExtraTrees,640,1,12590.0,2919.2386880584754,base_plus_datagov_context
UCS,ExtraTrees,641,1,13450.0,2919.2386880584754,base_plus_datagov_context
UCS,ExtraTrees,642,1,15120.0,2919.2386880584754,base_plus_datagov_context
UCS,ExtraTrees,643,1,15360.0,2919.2386880584754,base_plus_datagov_context
UCS,ExtraTrees,644,1,8791.0,2919.2386880584754,base_plus_datagov_context
UCS,ExtraTrees,645,1,10950.0,2919.2386880584754,base_plus_datagov_context
UCS,ExtraTrees,646,1,12020.0,2919.2386880584754,base_plus_datagov_context
UCS,ExtraTrees,647,1,14260.0,2919.2386880584754,base_plus_datagov_context
UCS,ExtraTrees,648,1,17040.0,2919.2386880584754,base_plus_datagov_context
UCS,ExtraTrees,649,1,15860.0,3837.507898852179,base_plus_datagov_context
UCS,ExtraTrees,650,1,18920.0,3837.507898852179,base_plus_datagov_context
UCS,ExtraTrees,651,1,19460.0,3837.507898852179,base_plus_datagov_context
UCS,ExtraTrees,652,1,22030.0,3837.507898852179,base_plus_datagov_context
UCS,ExtraTrees,653,1,23480.0,3837.507898852179,base_plus_datagov_context
UCS,ExtraTrees,654,1,17250.0,3837.507898852179,base_plus_datagov_context
UCS,ExtraTrees,655,1,18980.0,3837.507898852179,base_plus_datagov_context
UCS,ExtraTrees,656,1,20720.0,3837.507898852179,base_plus_datagov_context
UCS,ExtraTrees,657,1,22380.0,3837.507898852179,base_plus_datagov_context
UCS,ExtraTrees,658,1,24260.0,3837.507898852179,base_plus_datagov_context
UCS,ExtraTrees,659,1,14000.0,3837.507898852179,base_plus_datagov_context
UCS,ExtraTrees,660,1,17140.0,3837.507898852179,base_plus_datagov_context
UCS,ExtraTrees,661,1,20410.0,3837.507898852179,base_plus_datagov_context
UCS,ExtraTrees,662,1,21890.0,3837.507898852179,base_plus_datagov_context
UCS,ExtraTrees,663,1,22710.0,3837.507898852179,base_plus_datagov_context
UCS,ExtraTrees,664,1,11460.0,3837.507898852179,base_plus_datagov_context
UCS,ExtraTrees,665,1,14330.0,3837.507898852179,base_plus_datagov_context
UCS,ExtraTrees,666,1,16580.0,3837.507898852179,base_plus_datagov_context
UCS,ExtraTrees,667,1,18080.0,3837.507898852179,base_plus_datagov_context
UCS,ExtraTrees,668,1,18640.0,3837.507898852179,base_plus_datagov_context
UCS,ExtraTrees,669,1,11580.0,3837.507898852179,base_plus_datagov_context
UCS,ExtraTrees,670,1,11610.0,3837.507898852179,base_plus_datagov_context
UCS,ExtraTrees,671,1,12160.0,3837.507898852179,base_plus_datagov_context
UCS,ExtraTrees,672,1,12000.0,3837.507898852179,base_plus_datagov_context
UCS,ExtraTrees,673,1,12470.0,3837.507898852179,base_plus_datagov_context
UCS,ExtraTrees,674,1,12620.0,3837.507898852179,base_plus_datagov_context
UCS,ExtraTrees,675,1,13050.0,3837.507898852179,base_plus_datagov_context
UCS,ExtraTrees,676,1,13370.0,3837.507898852179,base_plus_datagov_context
UCS,ExtraTrees,677,1,14320.0,3837.507898852179,base_plus_datagov_context
UCS,ExtraTrees,678,1,15570.0,3837.507898852179,base_plus_datagov_context
UCS,ExtraTrees,679,1,17550.0,3837.507898852179,base_plus_datagov_context
UCS,ExtraTrees,680,1,18330.0,3837.507898852179,base_plus_datagov_context
UCS,ExtraTrees,681,1,18310.0,3837.507898852179,base_plus_datagov_context
UCS,ExtraTrees,682,1,12350.0,3837.507898852179,base_plus_datagov_context
UCS,ExtraTrees,683,1,13030.0,3837.507898852179,base_plus_datagov_context
UCS,ExtraTrees,684,1,13600.0,3837.507898852179,base_plus_datagov_context
UCS,ExtraTrees,685,1,14240.0,3837.507898852179,base_plus_datagov_context
UCS,ExtraTrees,686,1,14700.0,3837.507898852179,base_plus_datagov_context
UCS,ExtraTrees,687,1,15010.0,3837.507898852179,base_plus_datagov_context
UCS,ExtraTrees,688,1,14930.0,3837.507898852179,base_plus_datagov_context
UCS,ExtraTrees,689,1,15270.0,3837.507898852179,base_plus_datagov_context
UCS,ExtraTrees,690,1,14720.0,3837.507898852179,base_plus_datagov_context
UCS,ExtraTrees,691,1,13380.0,3837.507898852179,base_plus_datagov_context
UCS,ExtraTrees,692,1,12570.0,3837.507898852179,base_plus_datagov_context
UCS,ExtraTrees,693,1,13540.0,3837.507898852179,base_plus_datagov_context
UCS,ExtraTrees,694,1,13380.0,3837.507898852179,base_plus_datagov_context
UCS,ExtraTrees,695,1,13730.0,3837.507898852179,base_plus_datagov_context
UCS,ExtraTrees,696,1,13700.0,3837.507898852179,base_plus_datagov_context
UCS,ExtraTrees,697,1,14010.0,3837.507898852179,base_plus_datagov_context
UCS,ExtraTrees,698,1,14060.0,3837.507898852179,base_plus_datagov_context
UCS,ExtraTrees,699,1,14030.0,3837.507898852179,base_plus_datagov_context
UCS,ExtraTrees,700,1,14650.0,3837.507898852179,base_plus_datagov_context
UCS,ExtraTrees,701,1,14820.0,3837.507898852179,base_plus_datagov_context
UCS,ExtraTrees,1331,2,1820.0,821.8883294520515,base_plus_datagov_context
UCS,ExtraTrees,1332,2,2520.0,1210.680480465311,base_plus_datagov_context
UCS,ExtraTrees,1333,2,2060.0,2062.7241363514986,base_plus_datagov_context
UCS,ExtraTrees,1334,2,2630.0,2294.849412263976,base_plus_datagov_context
UCS,ExtraTrees,1335,2,2120.0,1371.1369163931763,base_plus_datagov_context
UCS,ExtraTrees,1336,2,3080.0,1719.5766390737608,base_plus_datagov_context
UCS,ExtraTrees,1337,2,2290.0,906.7533140294827,base_plus_datagov_context
UCS,ExtraTrees,1338,2,2940.0,1358.256650142568,base_plus_datagov_context
UCS,ExtraTrees,1339,2,2690.0,821.8883294520515,base_plus_datagov_context
UCS,ExtraTrees,1340,2,3350.0,1210.680480465311,base_plus_datagov_context
UCS,ExtraTrees,1341,2,83.15,508.0076809764777,base_plus_datagov_context
UCS,ExtraTrees,1342,2,103.18,827.9210278117231,base_plus_datagov_context
UCS,ExtraTrees,1343,2,118.083,1507.3530972460035,base_plus_datagov_context
UCS,ExtraTrees,1344,2,158.517,1566.5240501301998,base_plus_datagov_context
UCS,ExtraTrees,1345,2,95.2,446.05324398532207,base_plus_datagov_context
UCS,ExtraTrees,1346,2,142.012,821.8396737545482,base_plus_datagov_context
UCS,ExtraTrees,1347,2,195.2,1810.677873592809,base_plus_datagov_context
UCS,ExtraTrees,1348,2,246.279,1526.5916973961268,base_plus_datagov_context
UCS,ExtraTrees,1349,2,130.84,475.4495936972775,base_plus_datagov_context
UCS,ExtraTrees,1350,2,161.68,827.4737905723193,base_plus_datagov_context
UCS,ExtraTrees,1351,2,222.34,1832.3237324917843,base_plus_datagov_context
UCS,ExtraTrees,1352,2,264.898,1533.7086243873348,base_plus_datagov_context
UCS,ExtraTrees,1353,2,137.77,492.234239297595,base_plus_datagov_context
UCS,ExtraTrees,1354,2,167.55,812.589269236132,base_plus_datagov_context
UCS,ExtraTrees,1355,2,226.04,1817.7930121671475,base_plus_datagov_context
UCS,ExtraTrees,1356,2,311.1681,1479.2399002170414,base_plus_datagov_context
UCS,ExtraTrees,1357,2,161.7,548.2913897622968,base_plus_datagov_context
UCS,ExtraTrees,1358,2,205.309,829.7107999395315,base_plus_datagov_context
UCS,ExtraTrees,1359,2,247.87,1732.8505518728302,base_plus_datagov_context
UCS,ExtraTrees,1360,2,354.26,1481.2802460699932,base_plus_datagov_context
UCS,ExtraTrees,1361,2,150.52,557.9332957233396,base_plus_datagov_context
UCS,ExtraTrees,1362,2,172.86,823.9601966348947,base_plus_datagov_context
UCS,ExtraTrees,1363,2,220.742,1822.4470684330017,base_plus_datagov_context
UCS,ExtraTrees,1364,2,320.753,1612.9812763647199,base_plus_datagov_context
UCS,ExtraTrees,1365,2,302.3,620.9842585240632,base_plus_datagov_context
UCS,ExtraTrees,1366,2,353.6,652.829415047723,base_plus_datagov_context
UCS,ExtraTrees,1367,2,395.2,687.9396533519799,base_plus_datagov_context
UCS,ExtraTrees,1368,2,451.2,738.1213299423204,base_plus_datagov_context
UCS,ExtraTrees,1369,2,534.307,791.9400235903308,base_plus_datagov_context
UCS,ExtraTrees,1370,2,637.594,838.2652873524443,base_plus_datagov_context
UCS,ExtraTrees,1371,2,378.4,834.9570007480544,base_plus_datagov_context
UCS,ExtraTrees,1372,2,669.59,620.9842585240632,base_plus_datagov_context
UCS,ExtraTrees,1373,2,479.336,652.829415047723,base_plus_datagov_context
UCS,ExtraTrees,1374,2,507.336,687.9396533519799,base_plus_datagov_context
UCS,ExtraTrees,1375,2,582.676,738.1213299423204,base_plus_datagov_context
UCS,ExtraTrees,1376,2,917.037,791.9400235903308,base_plus_datagov_context
UCS,ExtraTrees,1377,2,1084.381,838.2652873524443,base_plus_datagov_context
UCS,ExtraTrees,1378,2,474.476,834.9570007480544,base_plus_datagov_context
UCS,ExtraTrees,1379,2,825.038,620.9842585240632,base_plus_datagov_context
UCS,ExtraTrees,1380,2,737.867,652.829415047723,base_plus_datagov_context
UCS,ExtraTrees,1381,2,761.978,687.9396533519799,base_plus_datagov_context
UCS,ExtraTrees,1382,2,884.389,738.1213299423204,base_plus_datagov_context
UCS,ExtraTrees,1383,2,1192.272,791.9400235903308,base_plus_datagov_context
UCS,ExtraTrees,1384,2,1458.409,838.2652873524443,base_plus_datagov_context
UCS,ExtraTrees,1385,2,789.799,834.9570007480544,base_plus_datagov_context
UCS,ExtraTrees,1386,2,1099.99,620.9842585240632,base_plus_datagov_context
UCS,ExtraTrees,1387,2,888.905,652.829415047723,base_plus_datagov_context
UCS,ExtraTrees,1388,2,952.749,687.9396533519799,base_plus_datagov_context
UCS,ExtraTrees,1389,2,1217.945,738.1213299423204,base_plus_datagov_context
UCS,ExtraTrees,1390,2,1384.696,791.9400235903308,base_plus_datagov_context
UCS,ExtraTrees,1391,2,1771.389,838.2652873524443,base_plus_datagov_context
UCS,ExtraTrees,1392,2,1054.19,834.9570007480544,base_plus_datagov_context
UCS,ExtraTrees,1393,2,76.0,330.38413921584555,base_plus_datagov_context
UCS,ExtraTrees,1394,2,277.839,330.38413921584555,base_plus_datagov_context
UCS,ExtraTrees,1395,2,318.293,1332.8466383898365,base_plus_datagov_context
UCS,ExtraTrees,1396,2,453.181,1165.054718061377,base_plus_datagov_context
UCS,ExtraTrees,1397,2,254.9,322.15582327360124,base_plus_datagov_context
UCS,ExtraTrees,1398,2,337.183,1468.629062680394,base_plus_datagov_context
UCS,ExtraTrees,1399,2,446.42,1253.2459467969634,base_plus_datagov_context
UCS,ExtraTrees,1400,2,292.647,329.92602678019,base_plus_datagov_context
UCS,ExtraTrees,1401,2,373.577,1716.4767530310635,base_plus_datagov_context
UCS,ExtraTrees,1402,2,513.856,1409.5608617969629,base_plus_datagov_context
UCS,ExtraTrees,1403,2,530.638,339.4634591514313,base_plus_datagov_context
UCS,ExtraTrees,1404,2,401.891,1718.4318130229829,base_plus_datagov_context
UCS,ExtraTrees,1405,2,617.684,1424.2694504900287,base_plus_datagov_context
UCS,ExtraTrees,1406,2,199.187,248.20196406974648,base_plus_datagov_context
UCS,ExtraTrees,1407,2,218.734,239.91593880075524,base_plus_datagov_context
UCS,ExtraTrees,1408,2,209.926,266.9967792283299,base_plus_datagov_context
UCS,ExtraTrees,1409,2,180.826,318.5437265141161,base_plus_datagov_context
UCS,ExtraTrees,1410,2,139.837,248.20196406974648,base_plus_datagov_context
UCS,ExtraTrees,1411,2,169.546,239.91593880075524,base_plus_datagov_context
UCS,ExtraTrees,1412,2,149.763,266.9967792283299,base_plus_datagov_context
UCS,ExtraTrees,1413,2,119.851,318.5437265141161,base_plus_datagov_context
UCS,ExtraTrees,1414,2,129.44778,1144.5461354235279,base_plus_datagov_context
UCS,ExtraTrees,1415,2,151.02241,513.4238883601436,base_plus_datagov_context
UCS,ExtraTrees,1416,2,339.31009,1629.5390546342628,base_plus_datagov_context
UCS,ExtraTrees,1417,2,377.556025,1169.0799489625128,base_plus_datagov_context
UCS,ExtraTrees,1418,2,238.301595,1733.5958490006476,base_plus_datagov_context
UCS,ExtraTrees,1419,2,289.296175,1300.701824991193,base_plus_datagov_context
UCS,ExtraTrees,1420,2,193.191005,1786.3381433789978,base_plus_datagov_context
UCS,ExtraTrees,1421,2,208.881645,1464.8404684539485,base_plus_datagov_context
UCS,ExtraTrees,1422,2,560.0,1171.9776139326175,base_plus_datagov_context
UCS,ExtraTrees,1423,2,640.0,922.377422670305,base_plus_datagov_context
UCS,ExtraTrees,1424,2,700.0,498.80585762372465,base_plus_datagov_context
UCS,ExtraTrees,1425,2,660.0,1757.767620064407,base_plus_datagov_context
UCS,ExtraTrees,1426,2,770.0,1613.1173461265648,base_plus_datagov_context
UCS,ExtraTrees,1427,2,1350.0,1341.3314135169853,base_plus_datagov_context
UCS,ExtraTrees,1428,2,720.0,1719.7516692172462,base_plus_datagov_context
UCS,ExtraTrees,1429,2,880.0,1573.4380304600081,base_plus_datagov_context
UCS,ExtraTrees,1430,2,1590.0,1296.1432957818736,base_plus_datagov_context
UCS,ExtraTrees,1431,2,1041.0,1683.9670416680015,base_plus_datagov_context
UCS,ExtraTrees,1432,2,1390.0,1497.132490608392,base_plus_datagov_context
UCS,ExtraTrees,1433,2,2460.0,1215.218805203613,base_plus_datagov_context
UCS,ExtraTrees,1434,2,1371.0,1206.4563019086906,base_plus_datagov_context
UCS,ExtraTrees,1435,2,1760.0,960.3119441864266,base_plus_datagov_context
UCS,ExtraTrees,1436,2,2490.0,528.699794075585,base_plus_datagov_context
UCS,ExtraTrees,1437,2,376.0,1169.0215571583421,base_plus_datagov_context
UCS,ExtraTrees,1438,2,1103.0,1521.8899507818517,base_plus_datagov_context
UCS,ExtraTrees,1439,2,1130.0,1516.2432415029784,base_plus_datagov_context
UCS,ExtraTrees,1440,2,1169.0,1516.2432415029784,base_plus_datagov_context
UCS,ExtraTrees,1441,2,1118.0,1516.2432415029784,base_plus_datagov_context
UCS,ExtraTrees,1442,2,1109.0,1516.2432415029784,base_plus_datagov_context
UCS,ExtraTrees,1443,2,1160.0,1522.9252394549178,base_plus_datagov_context
UCS,ExtraTrees,1444,2,1288.0,1522.9252394549178,base_plus_datagov_context
UCS,ExtraTrees,1445,2,1286.0,1522.9252394549178,base_plus_datagov_context
UCS,ExtraTrees,1446,2,1256.0,1522.9252394549178,base_plus_datagov_context
UCS,ExtraTrees,1447,2,1299.0,1528.4444059492848,base_plus_datagov_context
UCS,ExtraTrees,1448,2,1328.0,1528.4444059492848,base_plus_datagov_context
UCS,ExtraTrees,1449,2,1297.0,1528.4444059492848,base_plus_datagov_context
UCS,ExtraTrees,1450,2,1276.0,1528.4444059492848,base_plus_datagov_context
UCS,ExtraTrees,1451,2,86.0,659.1516716112985,base_plus_datagov_context
UCS,ExtraTrees,1452,2,213.17,769.9009805669263,base_plus_datagov_context
UCS,ExtraTrees,1453,2,223.0,1041.4191839917985,base_plus_datagov_context
UCS,ExtraTrees,1454,2,230.0,1661.607977900171,base_plus_datagov_context
UCS,ExtraTrees,1455,2,236.0,2496.319640939379,base_plus_datagov_context
UCS,ExtraTrees,1456,2,227.0,1041.0373266240051,base_plus_datagov_context
UCS,ExtraTrees,1457,2,233.0,1656.1240812335045,base_plus_datagov_context
UCS,ExtraTrees,1458,2,244.0,2499.999225939379,base_plus_datagov_context
UCS,ExtraTrees,1459,2,235.0,1031.8379785550849,base_plus_datagov_context
UCS,ExtraTrees,1460,2,258.0,1643.1873345668382,base_plus_datagov_context
UCS,ExtraTrees,1461,2,249.0,2486.154789272712,base_plus_datagov_context
UCS,ExtraTrees,1462,2,258.73,1843.5984734602957,base_plus_datagov_context
UCS,ExtraTrees,1463,2,377.077,2022.0992530517897,base_plus_datagov_context
UCS,ExtraTrees,1464,2,522.492,2087.7939615851265,base_plus_datagov_context
UCS,ExtraTrees,1465,2,614.756,2140.483314210354,base_plus_datagov_context
UCS,ExtraTrees,1466,2,374.068,2022.0992530517897,base_plus_datagov_context
UCS,ExtraTrees,1467,2,533.524,2087.7939615851265,base_plus_datagov_context
UCS,ExtraTrees,1468,2,622.779,2140.483314210354,base_plus_datagov_context
UCS,ExtraTrees,1469,2,500.0,860.3506907673979,base_plus_datagov_context
UCS,ExtraTrees,1470,2,500.0,946.9193652486483,base_plus_datagov_context
UCS,ExtraTrees,1471,2,500.0,970.2109117212215,base_plus_datagov_context
UCS,ExtraTrees,1472,2,425.4,866.8125400384646,base_plus_datagov_context
UCS,ExtraTrees,1473,2,418.0,949.3088811863817,base_plus_datagov_context
UCS,ExtraTrees,1474,2,500.0,972.6004276589549,base_plus_datagov_context
UCS,ExtraTrees,1475,2,409.4,930.1528829206787,base_plus_datagov_context
UCS,ExtraTrees,1476,2,413.0,998.8360263966612,base_plus_datagov_context
UCS,ExtraTrees,1477,2,500.0,1027.3754660084744,base_plus_datagov_context
UCS,ExtraTrees,1478,2,98.0,435.36509247822016,base_plus_datagov_context
UCS,ExtraTrees,1479,2,173.0,430.87657247822034,base_plus_datagov_context
UCS,ExtraTrees,1480,2,138.0,435.36509247822016,base_plus_datagov_context
UCS,ExtraTrees,1481,2,122.0,762.0345170349049,base_plus_datagov_context
UCS,ExtraTrees,1482,2,207.0,751.7625899914368,base_plus_datagov_context
UCS,ExtraTrees,1483,2,166.0,762.0345170349049,base_plus_datagov_context
UCS,ExtraTrees,1484,2,173.0,778.4344556291329,base_plus_datagov_context
UCS,ExtraTrees,1485,2,231.0,740.314799658666,base_plus_datagov_context
UCS,ExtraTrees,1486,2,192.0,778.4344556291329,base_plus_datagov_context
UCS,ExtraTrees,1487,2,313.0,464.8518480045765,base_plus_datagov_context
UCS,ExtraTrees,1488,2,415.0,463.3337980045764,base_plus_datagov_context
UCS,ExtraTrees,1489,2,289.0,464.8518480045765,base_plus_datagov_context
UCS,ExtraTrees,1490,2,578.0,952.0347532383441,base_plus_datagov_context
UCS,ExtraTrees,1491,2,792.0,953.0455195282094,base_plus_datagov_context
UCS,ExtraTrees,1492,2,634.0,952.0347532383441,base_plus_datagov_context
UCS,ExtraTrees,1493,2,758.0,1898.1149037051227,base_plus_datagov_context
UCS,ExtraTrees,1494,2,971.0,1912.6799831542824,base_plus_datagov_context
UCS,ExtraTrees,1495,2,838.0,1898.1149037051227,base_plus_datagov_context
UCS,ExtraTrees,1496,2,291.0,435.36509247822016,base_plus_datagov_context
UCS,ExtraTrees,1497,2,324.0,430.87657247822034,base_plus_datagov_context
UCS,ExtraTrees,1498,2,264.0,435.36509247822016,base_plus_datagov_context
UCS,ExtraTrees,1499,2,473.0,791.5462838310658,base_plus_datagov_context
UCS,ExtraTrees,1500,2,513.0,786.2295434542646,base_plus_datagov_context
UCS,ExtraTrees,1501,2,426.0,791.5462838310658,base_plus_datagov_context
UCS,ExtraTrees,1502,2,615.0,1113.83751006156,base_plus_datagov_context
UCS,ExtraTrees,1503,2,684.0,1087.5709807577598,base_plus_datagov_context
UCS,ExtraTrees,1504,2,593.0,1113.83751006156,base_plus_datagov_context
UCS,ExtraTrees,1505,2,452.0,464.8518480045765,base_plus_datagov_context
UCS,ExtraTrees,1506,2,544.0,463.3337980045764,base_plus_datagov_context
UCS,ExtraTrees,1507,2,410.0,464.8518480045765,base_plus_datagov_context
UCS,ExtraTrees,1508,2,508.0,957.9942961948763,base_plus_datagov_context
UCS,ExtraTrees,1509,2,890.0,959.0050624847416,base_plus_datagov_context
UCS,ExtraTrees,1510,2,746.0,957.9942961948763,base_plus_datagov_context
UCS,ExtraTrees,1511,2,1063.0,1983.892662868462,base_plus_datagov_context
UCS,ExtraTrees,1512,2,1204.0,1994.4019024146683,base_plus_datagov_context
UCS,ExtraTrees,1513,2,946.0,1983.892662868462,base_plus_datagov_context
UCS,ExtraTrees,1514,2,120.0,487.71148840877646,base_plus_datagov_context
UCS,ExtraTrees,1515,2,180.0,487.71148840877646,base_plus_datagov_context
UCS,ExtraTrees,1516,2,250.0,487.71148840877646,base_plus_datagov_context
UCS,ExtraTrees,1517,2,390.0,487.71148840877646,base_plus_datagov_context
UCS,ExtraTrees,1518,2,500.0,487.71148840877646,base_plus_datagov_context
UCS,ExtraTrees,1519,2,120.0,549.1654720958586,base_plus_datagov_context
UCS,ExtraTrees,1520,2,190.0,549.1654720958586,base_plus_datagov_context
UCS,ExtraTrees,1521,2,270.0,549.1654720958586,base_plus_datagov_context
UCS,ExtraTrees,1522,2,400.0,549.1654720958586,base_plus_datagov_context
UCS,ExtraTrees,1523,2,540.0,549.1654720958586,base_plus_datagov_context
UCS,ExtraTrees,1524,2,120.0,1482.9496981051313,base_plus_datagov_context
UCS,ExtraTrees,1525,2,170.0,1482.9496981051313,base_plus_datagov_context
UCS,ExtraTrees,1526,2,300.0,1482.9496981051313,base_plus_datagov_context
UCS,ExtraTrees,1527,2,440.0,1482.9496981051313,base_plus_datagov_context
UCS,ExtraTrees,1528,2,530.0,1482.9496981051313,base_plus_datagov_context
UCS,ExtraTrees,1529,2,140.0,1495.147011185664,base_plus_datagov_context
UCS,ExtraTrees,1530,2,185.0,1495.147011185664,base_plus_datagov_context
UCS,ExtraTrees,1531,2,290.0,1495.147011185664,base_plus_datagov_context
UCS,ExtraTrees,1532,2,450.0,1495.147011185664,base_plus_datagov_context
UCS,ExtraTrees,1533,2,640.0,1495.147011185664,base_plus_datagov_context
UCS,ExtraTrees,1534,2,135.0,981.4097775692386,base_plus_datagov_context
UCS,ExtraTrees,1535,2,200.0,981.4097775692386,base_plus_datagov_context
UCS,ExtraTrees,1536,2,355.0,981.4097775692386,base_plus_datagov_context
UCS,ExtraTrees,1537,2,460.0,981.4097775692386,base_plus_datagov_context
UCS,ExtraTrees,1538,2,555.0,981.4097775692386,base_plus_datagov_context
UCS,ExtraTrees,1539,2,145.0,1062.2899952582757,base_plus_datagov_context
UCS,ExtraTrees,1540,2,210.0,1062.2899952582757,base_plus_datagov_context
UCS,ExtraTrees,1541,2,360.0,1062.2899952582757,base_plus_datagov_context
UCS,ExtraTrees,1542,2,470.0,1062.2899952582757,base_plus_datagov_context
UCS,ExtraTrees,1543,2,635.0,1062.2899952582757,base_plus_datagov_context
UCS,ExtraTrees,1544,2,120.0,487.71148840877646,base_plus_datagov_context
UCS,ExtraTrees,1545,2,170.0,487.71148840877646,base_plus_datagov_context
UCS,ExtraTrees,1546,2,280.0,487.71148840877646,base_plus_datagov_context
UCS,ExtraTrees,1547,2,340.0,487.71148840877646,base_plus_datagov_context
UCS,ExtraTrees,1548,2,480.0,487.71148840877646,base_plus_datagov_context
UCS,ExtraTrees,1549,2,140.0,549.1654720958586,base_plus_datagov_context
UCS,ExtraTrees,1550,2,180.0,549.1654720958586,base_plus_datagov_context
UCS,ExtraTrees,1551,2,300.0,549.1654720958586,base_plus_datagov_context
UCS,ExtraTrees,1552,2,350.0,549.1654720958586,base_plus_datagov_context
UCS,ExtraTrees,1553,2,410.0,549.1654720958586,base_plus_datagov_context
UCS,ExtraTrees,1554,2,130.0,1482.9496981051313,base_plus_datagov_context
UCS,ExtraTrees,1555,2,200.0,1482.9496981051313,base_plus_datagov_context
UCS,ExtraTrees,1556,2,360.0,1482.9496981051313,base_plus_datagov_context
UCS,ExtraTrees,1557,2,360.0,1482.9496981051313,base_plus_datagov_context
UCS,ExtraTrees,1558,2,500.0,1482.9496981051313,base_plus_datagov_context
UCS,ExtraTrees,1559,2,150.0,1495.147011185664,base_plus_datagov_context
UCS,ExtraTrees,1560,2,180.0,1495.147011185664,base_plus_datagov_context
UCS,ExtraTrees,1561,2,330.0,1495.147011185664,base_plus_datagov_context
UCS,ExtraTrees,1562,2,390.0,1495.147011185664,base_plus_datagov_context
UCS,ExtraTrees,1563,2,420.0,1495.147011185664,base_plus_datagov_context
UCS,ExtraTrees,1564,2,140.0,981.4097775692386,base_plus_datagov_context
UCS,ExtraTrees,1565,2,220.0,981.4097775692386,base_plus_datagov_context
UCS,ExtraTrees,1566,2,420.0,981.4097775692386,base_plus_datagov_context
UCS,ExtraTrees,1567,2,470.0,981.4097775692386,base_plus_datagov_context
UCS,ExtraTrees,1568,2,520.0,981.4097775692386,base_plus_datagov_context
UCS,ExtraTrees,1569,2,160.0,1062.2899952582757,base_plus_datagov_context
UCS,ExtraTrees,1570,2,240.0,1062.2899952582757,base_plus_datagov_context
UCS,ExtraTrees,1571,2,380.0,1062.2899952582757,base_plus_datagov_context
UCS,ExtraTrees,1572,2,430.0,1062.2899952582757,base_plus_datagov_context
UCS,ExtraTrees,1573,2,470.0,1062.2899952582757,base_plus_datagov_context
UCS,ExtraTrees,1574,2,200.0,640.5682955337364,base_plus_datagov_context
UCS,ExtraTrees,1575,2,210.0,669.5372080123761,base_plus_datagov_context
UCS,ExtraTrees,1576,2,230.0,619.0534429289783,base_plus_datagov_context
UCS,ExtraTrees,1577,2,370.0,625.0155441341317,base_plus_datagov_context
UCS,ExtraTrees,1578,2,230.0,694.6509978439772,base_plus_datagov_context
UCS,ExtraTrees,1579,2,240.0,744.606502550084,base_plus_datagov_context
UCS,ExtraTrees,1580,2,300.0,710.1863387605417,base_plus_datagov_context
UCS,ExtraTrees,1581,2,450.0,721.0457998686481,base_plus_datagov_context
UCS,ExtraTrees,1582,2,240.0,687.3359213381439,base_plus_datagov_context
UCS,ExtraTrees,1583,2,260.0,734.6444908662907,base_plus_datagov_context
UCS,ExtraTrees,1584,2,350.0,692.4027843027354,base_plus_datagov_context
UCS,ExtraTrees,1585,2,500.0,706.7392454108419,base_plus_datagov_context
UCS,ExtraTrees,1586,2,290.0,686.3327498056439,base_plus_datagov_context
UCS,ExtraTrees,1587,2,340.0,734.6283062679573,base_plus_datagov_context
UCS,ExtraTrees,1588,2,380.0,684.5247712056888,base_plus_datagov_context
UCS,ExtraTrees,1589,2,550.0,703.1332323137952,base_plus_datagov_context
UCS,ExtraTrees,1590,2,330.0,682.0253632998106,base_plus_datagov_context
UCS,ExtraTrees,1591,2,360.0,733.2261398657038,base_plus_datagov_context
UCS,ExtraTrees,1592,2,400.0,687.1643155812155,base_plus_datagov_context
UCS,ExtraTrees,1593,2,560.0,706.4373633559886,base_plus_datagov_context
UCS,ExtraTrees,1594,2,751.1894,350.65733808916326,base_plus_datagov_context
UCS,ExtraTrees,1595,2,1971.137,692.6762155063925,base_plus_datagov_context
UCS,ExtraTrees,1596,2,3183.2386,803.2299056778933,base_plus_datagov_context
UCS,ExtraTrees,1597,2,3726.53,854.0716475675723,base_plus_datagov_context
UCS,ExtraTrees,1598,2,105.0,479.20751365440424,base_plus_datagov_context
UCS,ExtraTrees,1599,2,220.0,471.92509522494083,base_plus_datagov_context
UCS,ExtraTrees,1600,2,290.0,472.88769668556233,base_plus_datagov_context
UCS,ExtraTrees,1601,2,250.0,478.63952232059836,base_plus_datagov_context
UCS,ExtraTrees,1602,2,200.0,479.90383374233664,base_plus_datagov_context
UCS,ExtraTrees,1603,2,155.0,721.0463784907912,base_plus_datagov_context
UCS,ExtraTrees,1604,2,260.0,723.7562971590395,base_plus_datagov_context
UCS,ExtraTrees,1605,2,410.0,724.9687916337394,base_plus_datagov_context
UCS,ExtraTrees,1606,2,290.0,729.5539176065595,base_plus_datagov_context
UCS,ExtraTrees,1607,2,245.0,734.144650493025,base_plus_datagov_context
UCS,ExtraTrees,1608,2,185.0,824.3955275396943,base_plus_datagov_context
UCS,ExtraTrees,1609,2,345.0,829.4347321752279,base_plus_datagov_context
UCS,ExtraTrees,1610,2,450.0,830.9079275118877,base_plus_datagov_context
UCS,ExtraTrees,1611,2,350.0,843.0690301050482,base_plus_datagov_context
UCS,ExtraTrees,1612,2,290.0,846.8744281461616,base_plus_datagov_context
UCS,ExtraTrees,1613,2,235.0,848.9343023836007,base_plus_datagov_context
UCS,ExtraTrees,1614,2,365.0,850.8341771161805,base_plus_datagov_context
UCS,ExtraTrees,1615,2,510.0,852.6390518487606,base_plus_datagov_context
UCS,ExtraTrees,1616,2,380.0,862.9777053589339,base_plus_datagov_context
UCS,ExtraTrees,1617,2,395.0,867.778141587807,base_plus_datagov_context
UCS,ExtraTrees,1618,2,250.0,471.92509522494083,base_plus_datagov_context
UCS,ExtraTrees,1619,2,340.0,472.88769668556233,base_plus_datagov_context
UCS,ExtraTrees,1620,2,260.0,478.63952232059836,base_plus_datagov_context
UCS,ExtraTrees,1621,2,180.0,479.90383374233664,base_plus_datagov_context
UCS,ExtraTrees,1622,2,340.0,723.7562971590395,base_plus_datagov_context
UCS,ExtraTrees,1623,2,425.0,724.9687916337394,base_plus_datagov_context
UCS,ExtraTrees,1624,2,355.0,729.5539176065595,base_plus_datagov_context
UCS,ExtraTrees,1625,2,240.0,734.144650493025,base_plus_datagov_context
UCS,ExtraTrees,1626,2,420.0,829.4347321752279,base_plus_datagov_context
UCS,ExtraTrees,1627,2,515.0,830.9079275118877,base_plus_datagov_context
UCS,ExtraTrees,1628,2,440.0,843.0690301050482,base_plus_datagov_context
UCS,ExtraTrees,1629,2,335.0,846.8744281461616,base_plus_datagov_context
UCS,ExtraTrees,1630,2,440.0,850.8341771161805,base_plus_datagov_context
UCS,ExtraTrees,1631,2,550.0,852.6390518487606,base_plus_datagov_context
UCS,ExtraTrees,1632,2,450.0,862.9777053589339,base_plus_datagov_context
UCS,ExtraTrees,1633,2,360.0,867.778141587807,base_plus_datagov_context
UCS,ExtraTrees,1634,2,100.0,479.20751365440424,base_plus_datagov_context
UCS,ExtraTrees,1635,2,350.0,471.92509522494083,base_plus_datagov_context
UCS,ExtraTrees,1636,2,430.0,472.88769668556233,base_plus_datagov_context
UCS,ExtraTrees,1637,2,410.0,478.63952232059836,base_plus_datagov_context
UCS,ExtraTrees,1638,2,280.0,479.90383374233664,base_plus_datagov_context
UCS,ExtraTrees,1639,2,140.0,721.0463784907912,base_plus_datagov_context
UCS,ExtraTrees,1640,2,500.0,723.7562971590395,base_plus_datagov_context
UCS,ExtraTrees,1641,2,550.0,724.9687916337394,base_plus_datagov_context
UCS,ExtraTrees,1642,2,520.0,729.5539176065595,base_plus_datagov_context
UCS,ExtraTrees,1643,2,330.0,734.144650493025,base_plus_datagov_context
UCS,ExtraTrees,1644,2,180.0,824.3955275396943,base_plus_datagov_context
UCS,ExtraTrees,1645,2,610.0,829.4347321752279,base_plus_datagov_context
UCS,ExtraTrees,1646,2,670.0,830.9079275118877,base_plus_datagov_context
UCS,ExtraTrees,1647,2,690.0,843.0690301050482,base_plus_datagov_context
UCS,ExtraTrees,1648,2,450.0,846.8744281461616,base_plus_datagov_context
UCS,ExtraTrees,1649,2,230.0,848.9343023836007,base_plus_datagov_context
UCS,ExtraTrees,1650,2,750.0,850.8341771161805,base_plus_datagov_context
UCS,ExtraTrees,1651,2,920.0,852.6390518487606,base_plus_datagov_context
UCS,ExtraTrees,1652,2,830.0,862.9777053589339,base_plus_datagov_context
UCS,ExtraTrees,1653,2,680.0,867.778141587807,base_plus_datagov_context
UCS,ExtraTrees,1654,2,400.0,471.92509522494083,base_plus_datagov_context
UCS,ExtraTrees,1655,2,480.0,472.88769668556233,base_plus_datagov_context
UCS,ExtraTrees,1656,2,430.0,478.63952232059836,base_plus_datagov_context
UCS,ExtraTrees,1657,2,270.0,479.90383374233664,base_plus_datagov_context
UCS,ExtraTrees,1658,2,550.0,723.7562971590395,base_plus_datagov_context
UCS,ExtraTrees,1659,2,750.0,724.9687916337394,base_plus_datagov_context
UCS,ExtraTrees,1660,2,630.0,729.5539176065595,base_plus_datagov_context
UCS,ExtraTrees,1661,2,420.0,734.144650493025,base_plus_datagov_context
UCS,ExtraTrees,1662,2,610.0,829.4347321752279,base_plus_datagov_context
UCS,ExtraTrees,1663,2,890.0,830.9079275118877,base_plus_datagov_context
UCS,ExtraTrees,1664,2,710.0,843.0690301050482,base_plus_datagov_context
UCS,ExtraTrees,1665,2,510.0,846.8744281461616,base_plus_datagov_context
UCS,ExtraTrees,1666,2,750.0,850.8341771161805,base_plus_datagov_context
UCS,ExtraTrees,1667,2,1010.0,852.6390518487606,base_plus_datagov_context
UCS,ExtraTrees,1668,2,820.0,862.9777053589339,base_plus_datagov_context
UCS,ExtraTrees,1669,2,610.0,867.778141587807,base_plus_datagov_context
UCS,ExtraTrees,1670,2,183.0,616.1033958374915,base_plus_datagov_context
UCS,ExtraTrees,1671,2,400.0,617.7647827952982,base_plus_datagov_context
UCS,ExtraTrees,1672,2,480.0,617.7647827952982,base_plus_datagov_context
UCS,ExtraTrees,1673,2,440.0,620.2622093442054,base_plus_datagov_context
UCS,ExtraTrees,1674,2,770.0,684.0503385052687,base_plus_datagov_context
UCS,ExtraTrees,1675,2,675.0,753.0961193973052,base_plus_datagov_context
UCS,ExtraTrees,1676,2,890.0,765.5883926335919,base_plus_datagov_context
UCS,ExtraTrees,1677,2,1262.0,760.0359406964982,base_plus_datagov_context
UCS,ExtraTrees,1678,2,1113.0,761.0644972661182,base_plus_datagov_context
UCS,ExtraTrees,1679,2,870.0,852.538563745235,base_plus_datagov_context
UCS,ExtraTrees,1680,2,1154.0,543.5035178530774,base_plus_datagov_context
UCS,ExtraTrees,1681,2,1300.0,459.6001897743149,base_plus_datagov_context
UCS,ExtraTrees,1682,2,1394.0,528.91084137579,base_plus_datagov_context
UCS,ExtraTrees,1683,2,1303.0,636.6176738045514,base_plus_datagov_context
UCS,ExtraTrees,1684,2,1154.0,742.1778511139694,base_plus_datagov_context
UCS,ExtraTrees,1685,2,1080.0,877.0413642388653,base_plus_datagov_context
UCS,ExtraTrees,1686,2,1684.0,1381.5796222547801,base_plus_datagov_context
UCS,ExtraTrees,1687,2,1788.0,1967.8730800558353,base_plus_datagov_context
UCS,ExtraTrees,1688,2,1962.0,1938.4841249169074,base_plus_datagov_context
UCS,ExtraTrees,1689,2,1715.0,2014.7199875817823,base_plus_datagov_context
UCS,ExtraTrees,1690,2,1628.0,2029.9352707024777,base_plus_datagov_context
UCS,ExtraTrees,1691,2,1479.0,2055.360459317478,base_plus_datagov_context
UCS,ExtraTrees,1692,2,1843.0,1263.6668970802543,base_plus_datagov_context
UCS,ExtraTrees,1693,2,1900.0,1691.8693841753598,base_plus_datagov_context
UCS,ExtraTrees,1694,2,2159.0,1755.4522366600286,base_plus_datagov_context
UCS,ExtraTrees,1695,2,1799.0,1820.7703690762303,base_plus_datagov_context
UCS,ExtraTrees,1696,2,1807.0,1981.7799687082638,base_plus_datagov_context
UCS,ExtraTrees,1697,2,1647.0,2104.9473706998347,base_plus_datagov_context
UCS,ExtraTrees,1698,2,112.6,317.82196399151894,base_plus_datagov_context
UCS,ExtraTrees,1699,2,92.25,317.82196399151894,base_plus_datagov_context
UCS,ExtraTrees,1700,2,267.68,377.9285145307717,base_plus_datagov_context
UCS,ExtraTrees,1701,2,157.8,468.9011295793937,base_plus_datagov_context
UCS,ExtraTrees,1702,2,204.28,605.8935455617607,base_plus_datagov_context
UCS,ExtraTrees,1703,2,5787.68,756.5007765101618,base_plus_datagov_context
UCS,ExtraTrees,1704,2,3881.22,756.5007765101618,base_plus_datagov_context
UCS,ExtraTrees,1705,2,7118.49,800.7206896949158,base_plus_datagov_context
UCS,ExtraTrees,1706,2,9912.57,819.3977939735488,base_plus_datagov_context
UCS,ExtraTrees,1707,2,10937.95,877.1036036543566,base_plus_datagov_context
UCS,ExtraTrees,1708,2,4376.22,898.3810932311517,base_plus_datagov_context
UCS,ExtraTrees,1709,2,3594.95,898.3810932311517,base_plus_datagov_context
UCS,ExtraTrees,1710,2,7787.21,970.2977428510204,base_plus_datagov_context
UCS,ExtraTrees,1711,2,10389.03,1005.2449845921608,base_plus_datagov_context
UCS,ExtraTrees,1712,2,11953.66,1082.1948838057383,base_plus_datagov_context
UCS,ExtraTrees,1713,2,4416.64,997.620979351574,base_plus_datagov_context
UCS,ExtraTrees,1714,2,4101.42,997.620979351574,base_plus_datagov_context
UCS,ExtraTrees,1715,2,7930.47,1087.6016983319087,base_plus_datagov_context
UCS,ExtraTrees,1716,2,10744.47,1184.1369278539892,base_plus_datagov_context
UCS,ExtraTrees,1717,2,12303.28,1277.3740402097133,base_plus_datagov_context
UCS,ExtraTrees,1718,2,4860.19,1021.6735438206945,base_plus_datagov_context
UCS,ExtraTrees,1719,2,4282.92,1021.6735438206945,base_plus_datagov_context
UCS,ExtraTrees,1720,2,7999.42,1125.3559239487074,base_plus_datagov_context
UCS,ExtraTrees,1721,2,10816.93,1228.4041997818706,base_plus_datagov_context
UCS,ExtraTrees,1722,2,12699.69,1299.056328121104,base_plus_datagov_context
UCS,ExtraTrees,1723,2,6834.02,1044.9151121540274,base_plus_datagov_context
UCS,ExtraTrees,1724,2,5884.29,1044.9151121540274,base_plus_datagov_context
UCS,ExtraTrees,1725,2,8395.09,1148.5974922820405,base_plus_datagov_context
UCS,ExtraTrees,1726,2,11009.5,1258.9477646848247,base_plus_datagov_context
UCS,ExtraTrees,1727,2,13302.4,1317.7202833591991,base_plus_datagov_context
UCS,ExtraTrees,702,3,2240.0,1070.2350065134144,base_plus_datagov_context
UCS,ExtraTrees,703,3,1069.0,1070.2350065134144,base_plus_datagov_context
UCS,ExtraTrees,704,3,629.0,1070.2350065134144,base_plus_datagov_context
UCS,ExtraTrees,705,3,3110.0,1532.2380940194553,base_plus_datagov_context
UCS,ExtraTrees,706,3,2421.0,1532.2380940194553,base_plus_datagov_context
UCS,ExtraTrees,707,3,1981.0,1532.2380940194553,base_plus_datagov_context
UCS,ExtraTrees,708,3,3860.0,1659.4080901525633,base_plus_datagov_context
UCS,ExtraTrees,709,3,3707.0,1659.4080901525633,base_plus_datagov_context
UCS,ExtraTrees,710,3,3269.0,1659.4080901525633,base_plus_datagov_context
UCS,ExtraTrees,711,3,4362.0,1645.4703659464565,base_plus_datagov_context
UCS,ExtraTrees,712,3,4280.0,1645.4703659464565,base_plus_datagov_context
UCS,ExtraTrees,713,3,3680.0,1645.4703659464565,base_plus_datagov_context
UCS,ExtraTrees,714,3,2151.0,1070.2350065134144,base_plus_datagov_context
UCS,ExtraTrees,715,3,1473.0,1070.2350065134144,base_plus_datagov_context
UCS,ExtraTrees,716,3,469.0,1070.2350065134144,base_plus_datagov_context
UCS,ExtraTrees,717,3,3017.0,1532.2380940194553,base_plus_datagov_context
UCS,ExtraTrees,718,3,2507.0,1532.2380940194553,base_plus_datagov_context
UCS,ExtraTrees,719,3,1744.0,1532.2380940194553,base_plus_datagov_context
UCS,ExtraTrees,720,3,3843.0,1659.4080901525633,base_plus_datagov_context
UCS,ExtraTrees,721,3,3739.0,1659.4080901525633,base_plus_datagov_context
UCS,ExtraTrees,722,3,3233.0,1659.4080901525633,base_plus_datagov_context
UCS,ExtraTrees,723,3,4475.0,1645.4703659464565,base_plus_datagov_context
UCS,ExtraTrees,724,3,4374.0,1645.4703659464565,base_plus_datagov_context
UCS,ExtraTrees,725,3,3699.0,1645.4703659464565,base_plus_datagov_context
UCS,ExtraTrees,726,3,453.0,1070.2350065134144,base_plus_datagov_context
UCS,ExtraTrees,727,3,239.0,1070.2350065134144,base_plus_datagov_context
UCS,ExtraTrees,728,3,91.0,1070.2350065134144,base_plus_datagov_context
UCS,ExtraTrees,729,3,1859.0,1532.2380940194553,base_plus_datagov_context
UCS,ExtraTrees,730,3,1438.0,1532.2380940194553,base_plus_datagov_context
UCS,ExtraTrees,731,3,796.0,1532.2380940194553,base_plus_datagov_context
UCS,ExtraTrees,732,3,2835.0,1659.4080901525633,base_plus_datagov_context
UCS,ExtraTrees,733,3,2650.0,1659.4080901525633,base_plus_datagov_context
UCS,ExtraTrees,734,3,1935.0,1659.4080901525633,base_plus_datagov_context
UCS,ExtraTrees,735,3,3551.0,1645.4703659464565,base_plus_datagov_context
UCS,ExtraTrees,736,3,3289.0,1645.4703659464565,base_plus_datagov_context
UCS,ExtraTrees,737,3,3037.0,1645.4703659464565,base_plus_datagov_context
UCS,ExtraTrees,738,3,283.0,1070.2350065134144,base_plus_datagov_context
UCS,ExtraTrees,739,3,158.0,1070.2350065134144,base_plus_datagov_context
UCS,ExtraTrees,740,3,73.0,1070.2350065134144,base_plus_datagov_context
UCS,ExtraTrees,741,3,1697.0,1532.2380940194553,base_plus_datagov_context
UCS,ExtraTrees,742,3,1344.0,1532.2380940194553,base_plus_datagov_context
UCS,ExtraTrees,743,3,231.4,1532.2380940194553,base_plus_datagov_context
UCS,ExtraTrees,744,3,2393.0,1659.4080901525633,base_plus_datagov_context
UCS,ExtraTrees,745,3,2110.0,1659.4080901525633,base_plus_datagov_context
UCS,ExtraTrees,746,3,1616.0,1659.4080901525633,base_plus_datagov_context
UCS,ExtraTrees,747,3,2927.0,1645.4703659464565,base_plus_datagov_context
UCS,ExtraTrees,748,3,2789.0,1645.4703659464565,base_plus_datagov_context
UCS,ExtraTrees,749,3,2659.0,1645.4703659464565,base_plus_datagov_context
UCS,ExtraTrees,750,3,178.0,1070.2350065134144,base_plus_datagov_context
UCS,ExtraTrees,751,3,342.0,1532.2380940194553,base_plus_datagov_context
UCS,ExtraTrees,752,3,501.0,1659.4080901525633,base_plus_datagov_context
UCS,ExtraTrees,753,3,1208.0,1645.4703659464565,base_plus_datagov_context
UCS,ExtraTrees,754,3,1242.0,1070.2350065134144,base_plus_datagov_context
UCS,ExtraTrees,755,3,132.0,1070.2350065134144,base_plus_datagov_context
UCS,ExtraTrees,756,3,36.0,1070.2350065134144,base_plus_datagov_context
UCS,ExtraTrees,757,3,2310.0,1532.2380940194553,base_plus_datagov_context
UCS,ExtraTrees,758,3,1866.0,1532.2380940194553,base_plus_datagov_context
UCS,ExtraTrees,759,3,286.0,1532.2380940194553,base_plus_datagov_context
UCS,ExtraTrees,760,3,3533.0,1659.4080901525633,base_plus_datagov_context
UCS,ExtraTrees,761,3,3397.0,1659.4080901525633,base_plus_datagov_context
UCS,ExtraTrees,762,3,901.0,1659.4080901525633,base_plus_datagov_context
UCS,ExtraTrees,763,3,4256.0,1645.4703659464565,base_plus_datagov_context
UCS,ExtraTrees,764,3,4108.0,1645.4703659464565,base_plus_datagov_context
UCS,ExtraTrees,765,3,1510.0,1645.4703659464565,base_plus_datagov_context
UCS,ExtraTrees,766,3,351.0,1070.2350065134144,base_plus_datagov_context
UCS,ExtraTrees,767,3,59.0,1070.2350065134144,base_plus_datagov_context
UCS,ExtraTrees,768,3,41.0,1070.2350065134144,base_plus_datagov_context
UCS,ExtraTrees,769,3,2121.0,1532.2380940194553,base_plus_datagov_context
UCS,ExtraTrees,770,3,2019.0,1532.2380940194553,base_plus_datagov_context
UCS,ExtraTrees,771,3,493.0,1532.2380940194553,base_plus_datagov_context
UCS,ExtraTrees,772,3,3671.0,1659.4080901525633,base_plus_datagov_context
UCS,ExtraTrees,773,3,2013.0,1659.4080901525633,base_plus_datagov_context
UCS,ExtraTrees,774,3,1290.0,1659.4080901525633,base_plus_datagov_context
UCS,ExtraTrees,775,3,4453.0,1645.4703659464565,base_plus_datagov_context
UCS,ExtraTrees,776,3,4081.000000000001,1645.4703659464565,base_plus_datagov_context
UCS,ExtraTrees,777,3,1840.0,1645.4703659464565,base_plus_datagov_context
UCS,ExtraTrees,778,3,182.0,1070.2350065134144,base_plus_datagov_context
UCS,ExtraTrees,779,3,71.0,1070.2350065134144,base_plus_datagov_context
UCS,ExtraTrees,780,3,1523.0,1532.2380940194553,base_plus_datagov_context
UCS,ExtraTrees,781,3,1105.0,1532.2380940194553,base_plus_datagov_context
UCS,ExtraTrees,782,3,98.0,1532.2380940194553,base_plus_datagov_context
UCS,ExtraTrees,783,3,2442.0,1659.4080901525633,base_plus_datagov_context
UCS,ExtraTrees,784,3,2121.0,1659.4080901525633,base_plus_datagov_context
UCS,ExtraTrees,785,3,387.0,1659.4080901525633,base_plus_datagov_context
UCS,ExtraTrees,786,3,3120.0,1645.4703659464565,base_plus_datagov_context
UCS,ExtraTrees,787,3,2920.0,1645.4703659464565,base_plus_datagov_context
UCS,ExtraTrees,788,3,728.0,1645.4703659464565,base_plus_datagov_context
UCS,ExtraTrees,789,3,134.0,1070.2350065134144,base_plus_datagov_context
UCS,ExtraTrees,790,3,27.0,1070.2350065134144,base_plus_datagov_context
UCS,ExtraTrees,791,3,1221.0,1532.2380940194553,base_plus_datagov_context
UCS,ExtraTrees,792,3,1082.0,1532.2380940194553,base_plus_datagov_context
UCS,ExtraTrees,793,3,2003.0,1659.4080901525633,base_plus_datagov_context
UCS,ExtraTrees,794,3,1565.0,1659.4080901525633,base_plus_datagov_context
UCS,ExtraTrees,795,3,2706.0,1645.4703659464565,base_plus_datagov_context
UCS,ExtraTrees,796,3,2379.0,1645.4703659464565,base_plus_datagov_context
UCS,ExtraTrees,797,3,162.0,1112.1256295987587,base_plus_datagov_context
UCS,ExtraTrees,798,3,92.0,1110.4772887414588,base_plus_datagov_context
UCS,ExtraTrees,799,3,59.0,1110.5458207414586,base_plus_datagov_context
UCS,ExtraTrees,800,3,52.0,1110.5744117414583,base_plus_datagov_context
UCS,ExtraTrees,801,3,46.0,1110.5744117414583,base_plus_datagov_context
UCS,ExtraTrees,802,3,9.0,1111.8604117414586,base_plus_datagov_context
UCS,ExtraTrees,803,3,5.0,1115.6792470580585,base_plus_datagov_context
UCS,ExtraTrees,804,3,903.0,1083.92457072427,base_plus_datagov_context
UCS,ExtraTrees,805,3,550.0,1082.0092298669701,base_plus_datagov_context
UCS,ExtraTrees,806,3,402.0,1082.07776186697,base_plus_datagov_context
UCS,ExtraTrees,807,3,194.0,1082.10635286697,base_plus_datagov_context
UCS,ExtraTrees,808,3,201.0,1082.10635286697,base_plus_datagov_context
UCS,ExtraTrees,809,3,20.0,1083.60235286697,base_plus_datagov_context
UCS,ExtraTrees,810,3,15.0,1088.2611881835699,base_plus_datagov_context
UCS,ExtraTrees,811,3,2320.0,1320.0739960772555,base_plus_datagov_context
UCS,ExtraTrees,812,3,1652.0,1316.7786010230889,base_plus_datagov_context
UCS,ExtraTrees,813,3,997.0,1318.8091330230889,base_plus_datagov_context
UCS,ExtraTrees,814,3,559.0,1318.8091330230889,base_plus_datagov_context
UCS,ExtraTrees,815,3,536.0,1318.6837996897555,base_plus_datagov_context
UCS,ExtraTrees,816,3,134.0,1318.3499141364223,base_plus_datagov_context
UCS,ExtraTrees,817,3,33.0,1322.1855542530225,base_plus_datagov_context
UCS,ExtraTrees,818,3,3922.0,1528.3780490341346,base_plus_datagov_context
UCS,ExtraTrees,819,3,3011.0,1525.8296539799683,base_plus_datagov_context
UCS,ExtraTrees,820,3,2261.0,1526.8629002656826,base_plus_datagov_context
UCS,ExtraTrees,821,3,1684.0,1526.8629002656826,base_plus_datagov_context
UCS,ExtraTrees,822,3,1307.0,1526.7375669323492,base_plus_datagov_context
UCS,ExtraTrees,823,3,245.0,1525.587681379016,base_plus_datagov_context
UCS,ExtraTrees,824,3,52.0,1528.2440147123493,base_plus_datagov_context
UCS,ExtraTrees,825,3,4674.0,1567.1718151837965,base_plus_datagov_context
UCS,ExtraTrees,826,3,4320.0,1564.6234201296297,base_plus_datagov_context
UCS,ExtraTrees,827,3,3560.0,1565.4048410820112,base_plus_datagov_context
UCS,ExtraTrees,828,3,2723.0,1565.4048410820112,base_plus_datagov_context
UCS,ExtraTrees,829,3,1740.0,1564.0491744153442,base_plus_datagov_context
UCS,ExtraTrees,830,3,328.0,1564.7291744153442,base_plus_datagov_context
UCS,ExtraTrees,831,3,96.0,1566.9555344153441,base_plus_datagov_context
UCS,ExtraTrees,832,3,5240.0,1673.4377334535627,base_plus_datagov_context
UCS,ExtraTrees,833,3,4899.0,1670.2897334535628,base_plus_datagov_context
UCS,ExtraTrees,834,3,4213.0,1672.8654401202296,base_plus_datagov_context
UCS,ExtraTrees,835,3,3297.0,1672.8654401202296,base_plus_datagov_context
UCS,ExtraTrees,836,3,1864.0,1671.6351067868961,base_plus_datagov_context
UCS,ExtraTrees,837,3,342.0,1671.8419811202298,base_plus_datagov_context
UCS,ExtraTrees,838,3,104.0,1675.267821786896,base_plus_datagov_context
UCS,ExtraTrees,839,3,5604.0,1629.0147978743244,base_plus_datagov_context
UCS,ExtraTrees,840,3,5315.0,1626.3898478743242,base_plus_datagov_context
UCS,ExtraTrees,841,3,4667.0,1628.4230545409912,base_plus_datagov_context
UCS,ExtraTrees,842,3,3741.0,1628.4230545409912,base_plus_datagov_context
UCS,ExtraTrees,843,3,1937.0,1628.4230545409912,base_plus_datagov_context
UCS,ExtraTrees,844,3,376.0,1628.6299288743246,base_plus_datagov_context
UCS,ExtraTrees,845,3,113.0,1633.0651860258395,base_plus_datagov_context
UCS,ExtraTrees,846,3,5768.0,1688.6292735034751,base_plus_datagov_context
UCS,ExtraTrees,847,3,5410.0,1686.188146503475,base_plus_datagov_context
UCS,ExtraTrees,848,3,4876.0,1685.980146503475,base_plus_datagov_context
UCS,ExtraTrees,849,3,3985.0,1685.980146503475,base_plus_datagov_context
UCS,ExtraTrees,850,3,1980.0,1685.980146503475,base_plus_datagov_context
UCS,ExtraTrees,851,3,397.0,1685.3060341701416,base_plus_datagov_context
UCS,ExtraTrees,852,3,117.0,1689.7732646549898,base_plus_datagov_context
UCS,ExtraTrees,853,3,519.0,1096.058065387903,base_plus_datagov_context
UCS,ExtraTrees,854,3,60.0,1096.058065387903,base_plus_datagov_context
UCS,ExtraTrees,855,3,1720.0,1070.2350065134144,base_plus_datagov_context
UCS,ExtraTrees,856,3,194.0,1070.2350065134144,base_plus_datagov_context
UCS,ExtraTrees,857,3,15.0,1070.2350065134144,base_plus_datagov_context
UCS,ExtraTrees,858,3,3626.0,1315.1363611074648,base_plus_datagov_context
UCS,ExtraTrees,859,3,559.0,1315.1363611074648,base_plus_datagov_context
UCS,ExtraTrees,860,3,29.0,1315.1363611074648,base_plus_datagov_context
UCS,ExtraTrees,861,3,4624.0,1532.2380940194553,base_plus_datagov_context
UCS,ExtraTrees,862,3,1684.0,1532.2380940194553,base_plus_datagov_context
UCS,ExtraTrees,863,3,61.0,1532.2380940194553,base_plus_datagov_context
UCS,ExtraTrees,864,3,5195.0,1563.1992910907838,base_plus_datagov_context
UCS,ExtraTrees,865,3,2723.0,1563.1992910907838,base_plus_datagov_context
UCS,ExtraTrees,866,3,102.0,1563.1992910907838,base_plus_datagov_context
UCS,ExtraTrees,867,3,5498.0,1659.4080901525633,base_plus_datagov_context
UCS,ExtraTrees,868,3,3297.0,1659.4080901525633,base_plus_datagov_context
UCS,ExtraTrees,869,3,179.0,1659.4080901525633,base_plus_datagov_context
UCS,ExtraTrees,870,3,5615.0,1594.6911753565064,base_plus_datagov_context
UCS,ExtraTrees,871,3,3741.0,1594.6911753565064,base_plus_datagov_context
UCS,ExtraTrees,872,3,233.0,1594.6911753565064,base_plus_datagov_context
UCS,ExtraTrees,873,3,5687.0,1645.4703659464565,base_plus_datagov_context
UCS,ExtraTrees,874,3,3985.0,1645.4703659464565,base_plus_datagov_context
UCS,ExtraTrees,875,3,276.0,1645.4703659464565,base_plus_datagov_context
UCS,ExtraTrees,876,3,225.0,859.6270084362442,base_plus_datagov_context
UCS,ExtraTrees,877,3,17.0,859.6270084362442,base_plus_datagov_context
UCS,ExtraTrees,878,3,857.0,1120.9964300125996,base_plus_datagov_context
UCS,ExtraTrees,879,3,28.0,1120.9964300125996,base_plus_datagov_context
UCS,ExtraTrees,880,3,1239.0,1096.058065387903,base_plus_datagov_context
UCS,ExtraTrees,881,3,51.0,1096.058065387903,base_plus_datagov_context
UCS,ExtraTrees,882,3,1509.0,1070.2350065134144,base_plus_datagov_context
UCS,ExtraTrees,883,3,194.0,1070.2350065134144,base_plus_datagov_context
UCS,ExtraTrees,884,3,1890.0,1212.2362434023032,base_plus_datagov_context
UCS,ExtraTrees,885,3,268.0,1212.2362434023032,base_plus_datagov_context
UCS,ExtraTrees,886,3,2053.0,1315.1363611074648,base_plus_datagov_context
UCS,ExtraTrees,887,3,560.0,1315.1363611074648,base_plus_datagov_context
UCS,ExtraTrees,888,3,2250.0,1425.5598555705546,base_plus_datagov_context
UCS,ExtraTrees,889,3,877.0,1425.5598555705546,base_plus_datagov_context
UCS,ExtraTrees,890,3,2522.0,1532.2380940194553,base_plus_datagov_context
UCS,ExtraTrees,891,3,1684.0,1532.2380940194553,base_plus_datagov_context
UCS,ExtraTrees,892,3,2828.0,1546.0892601163096,base_plus_datagov_context
UCS,ExtraTrees,893,3,2087.0,1546.0892601163096,base_plus_datagov_context
UCS,ExtraTrees,894,3,3233.0,1563.1992910907838,base_plus_datagov_context
UCS,ExtraTrees,895,3,2723.0,1563.1992910907838,base_plus_datagov_context
UCS,ExtraTrees,896,3,3707.0,1659.4080901525633,base_plus_datagov_context
UCS,ExtraTrees,897,3,3297.0,1659.4080901525633,base_plus_datagov_context
UCS,ExtraTrees,898,3,4274.0,1594.6911753565064,base_plus_datagov_context
UCS,ExtraTrees,899,3,3741.0,1594.6911753565064,base_plus_datagov_context
UCS,ExtraTrees,900,3,4440.0,1645.4703659464565,base_plus_datagov_context
UCS,ExtraTrees,901,3,3985.0,1645.4703659464565,base_plus_datagov_context
UCS,ExtraTrees,902,3,746.0,1070.2350065134144,base_plus_datagov_context
UCS,ExtraTrees,903,3,1319.0,1070.2350065134144,base_plus_datagov_context
UCS,ExtraTrees,904,3,975.0,1532.2380940194553,base_plus_datagov_context
UCS,ExtraTrees,905,3,2160.0,1532.2380940194553,base_plus_datagov_context
UCS,ExtraTrees,906,3,1267.0,1659.4080901525633,base_plus_datagov_context
UCS,ExtraTrees,907,3,2853.0,1659.4080901525633,base_plus_datagov_context
UCS,ExtraTrees,908,3,1345.0,1645.4703659464565,base_plus_datagov_context
UCS,ExtraTrees,909,3,3274.0,1645.4703659464565,base_plus_datagov_context
UCS,ExtraTrees,910,4,55.31,1236.7297781545963,base_plus_datagov_context
UCS,ExtraTrees,911,4,351.67,1722.8657204719377,base_plus_datagov_context
UCS,ExtraTrees,912,4,369.42,1668.1530671267612,base_plus_datagov_context
UCS,ExtraTrees,913,4,461.89,1845.3834076527576,base_plus_datagov_context
UCS,ExtraTrees,914,4,1803.44,2761.429655288992,base_plus_datagov_context
UCS,ExtraTrees,915,4,2284.95,3000.559294831128,base_plus_datagov_context
UCS,ExtraTrees,916,4,3297.0,3669.06944405295,base_plus_datagov_context
UCS,ExtraTrees,917,4,69.43,771.3939142132883,base_plus_datagov_context
UCS,ExtraTrees,918,4,1305.27,1309.5480389265738,base_plus_datagov_context
UCS,ExtraTrees,919,4,1147.38,1090.250721457446,base_plus_datagov_context
UCS,ExtraTrees,920,4,1090.5,1495.8424631233975,base_plus_datagov_context
UCS,ExtraTrees,921,4,609.97,2513.1393859276877,base_plus_datagov_context
UCS,ExtraTrees,922,4,2545.81,2665.6931149338598,base_plus_datagov_context
UCS,ExtraTrees,923,4,3936.39,3410.1458931641646,base_plus_datagov_context
UCS,ExtraTrees,924,4,87.08,624.4132189040538,base_plus_datagov_context
UCS,ExtraTrees,925,4,2076.95,2820.9944503791553,base_plus_datagov_context
UCS,ExtraTrees,926,4,360.0,624.0785954225659,base_plus_datagov_context
UCS,ExtraTrees,927,4,1180.0,824.9191413545357,base_plus_datagov_context
UCS,ExtraTrees,928,4,520.0,613.8054641085399,base_plus_datagov_context
UCS,ExtraTrees,929,4,3400.0,817.5824032283189,base_plus_datagov_context
UCS,ExtraTrees,930,4,85.0,559.2874476433699,base_plus_datagov_context
UCS,ExtraTrees,931,4,180.0,750.8910562504551,base_plus_datagov_context
UCS,ExtraTrees,932,4,55.6,614.4134753462778,base_plus_datagov_context
UCS,ExtraTrees,933,4,1032.2,775.1918620795027,base_plus_datagov_context
UCS,ExtraTrees,934,4,1050.7,676.9146775052956,base_plus_datagov_context
UCS,ExtraTrees,935,4,222.5,1046.4925529828774,base_plus_datagov_context
UCS,ExtraTrees,936,4,692.2,1365.7072336551107,base_plus_datagov_context
UCS,ExtraTrees,937,4,716.9,1144.0576530855355,base_plus_datagov_context
UCS,ExtraTrees,938,4,149.0,629.62943326769,base_plus_datagov_context
UCS,ExtraTrees,939,4,190.0,629.6724069207374,base_plus_datagov_context
UCS,ExtraTrees,940,4,663.0,656.240243083096,base_plus_datagov_context
UCS,ExtraTrees,941,4,1100.0,1124.5291765946483,base_plus_datagov_context
UCS,ExtraTrees,942,4,1820.0,884.6153464609189,base_plus_datagov_context
UCS,ExtraTrees,943,4,1930.0,852.9733547897072,base_plus_datagov_context
UCS,ExtraTrees,944,4,2300.0,744.9234800414055,base_plus_datagov_context
UCS,ExtraTrees,945,4,2650.0,707.1357219734865,base_plus_datagov_context
UCS,ExtraTrees,946,4,4400.0,1817.8272314963856,base_plus_datagov_context
UCS,ExtraTrees,947,4,4400.0,2469.889278047859,base_plus_datagov_context
UCS,ExtraTrees,948,4,2540.0,2118.0799186459853,base_plus_datagov_context
UCS,ExtraTrees,949,4,2540.0,2299.728258921748,base_plus_datagov_context
UCS,ExtraTrees,950,4,3200.0,2164.5661111827626,base_plus_datagov_context
UCS,ExtraTrees,951,4,3200.0,2353.410100747279,base_plus_datagov_context
UCS,ExtraTrees,952,4,1900.0,2374.2750808820815,base_plus_datagov_context
UCS,ExtraTrees,953,4,1900.0,2127.8909834136584,base_plus_datagov_context
UCS,ExtraTrees,954,4,4700.0,2093.906500121401,base_plus_datagov_context
UCS,ExtraTrees,955,4,4700.0,2477.1559447145255,base_plus_datagov_context
UCS,ExtraTrees,956,4,3900.0,2077.973166788068,base_plus_datagov_context
UCS,ExtraTrees,957,4,4200.0,2313.411369460989,base_plus_datagov_context
UCS,ExtraTrees,958,4,4200.0,2445.32681304786,base_plus_datagov_context
UCS,ExtraTrees,959,4,2950.0,2511.446040458633,base_plus_datagov_context
UCS,ExtraTrees,960,4,2950.0,2400.933324498539,base_plus_datagov_context
UCS,ExtraTrees,961,4,2700.0,2492.2835830602626,base_plus_datagov_context
UCS,ExtraTrees,962,4,2700.0,2190.9670210434956,base_plus_datagov_context
UCS,ExtraTrees,963,4,3100.0,2213.1346784052575,base_plus_datagov_context
UCS,ExtraTrees,964,4,3100.0,2351.348231043437,base_plus_datagov_context
UCS,ExtraTrees,965,4,1800.0,2194.4108879207784,base_plus_datagov_context
UCS,ExtraTrees,966,4,1800.0,1997.6932815692808,base_plus_datagov_context
UCS,ExtraTrees,967,4,2900.0,2502.7321369456386,base_plus_datagov_context
UCS,ExtraTrees,968,4,2900.0,2155.908832431274,base_plus_datagov_context
UCS,ExtraTrees,969,4,2900.0,2457.0606537242884,base_plus_datagov_context
UCS,ExtraTrees,970,4,2900.0,2457.0606537242884,base_plus_datagov_context
UCS,ExtraTrees,971,4,1100.0,1856.5460749165363,base_plus_datagov_context
UCS,ExtraTrees,972,4,1100.0,2480.341367431206,base_plus_datagov_context
UCS,ExtraTrees,973,4,4100.0,2077.1192355821613,base_plus_datagov_context
UCS,ExtraTrees,974,4,4100.0,2456.9903468419525,base_plus_datagov_context
UCS,ExtraTrees,975,4,2300.0,2516.788125304075,base_plus_datagov_context
UCS,ExtraTrees,976,4,2300.0,2212.3259364116698,base_plus_datagov_context
UCS,ExtraTrees,977,4,1860.0,1170.665622220348,base_plus_datagov_context
UCS,ExtraTrees,978,4,1860.0,1176.1925102734033,base_plus_datagov_context
UCS,ExtraTrees,979,4,2700.0,2171.6412754185953,base_plus_datagov_context
UCS,ExtraTrees,980,4,4100.0,2326.6090005884143,base_plus_datagov_context
UCS,ExtraTrees,981,4,4100.0,2459.2244441752855,base_plus_datagov_context
UCS,ExtraTrees,982,4,2300.0,2053.353259889714,base_plus_datagov_context
UCS,ExtraTrees,983,4,2300.0,2413.387602866641,base_plus_datagov_context
UCS,ExtraTrees,984,4,2050.0,1658.3717617852126,base_plus_datagov_context
UCS,ExtraTrees,985,4,2050.0,1570.1080966463749,base_plus_datagov_context
UCS,ExtraTrees,986,4,1200.0,1873.4579860332094,base_plus_datagov_context
UCS,ExtraTrees,987,4,1200.0,2268.306405264909,base_plus_datagov_context
UCS,ExtraTrees,988,4,3300.0,1552.9175365638878,base_plus_datagov_context
UCS,ExtraTrees,989,4,3300.0,1904.353029854846,base_plus_datagov_context
UCS,ExtraTrees,990,4,2930.0,2267.7839607747774,base_plus_datagov_context
UCS,ExtraTrees,991,4,2930.0,2077.9064147703425,base_plus_datagov_context
UCS,ExtraTrees,992,4,2000.0,1824.7246764541942,base_plus_datagov_context
UCS,ExtraTrees,993,4,2000.0,1335.2093367137722,base_plus_datagov_context
UCS,ExtraTrees,994,4,2000.0,2001.3099038731189,base_plus_datagov_context
UCS,ExtraTrees,995,4,2000.0,2319.15442138799,base_plus_datagov_context
UCS,ExtraTrees,996,4,2050.0,2319.15442138799,base_plus_datagov_context
UCS,ExtraTrees,997,4,2960.0,1293.4133571314553,base_plus_datagov_context
UCS,ExtraTrees,998,4,2960.0,2120.6540415159134,base_plus_datagov_context
UCS,ExtraTrees,999,4,4600.0,1330.9707438399912,base_plus_datagov_context
UCS,ExtraTrees,1000,4,4600.0,1834.6628576474377,base_plus_datagov_context
UCS,ExtraTrees,1001,4,3250.0,2257.692278070864,base_plus_datagov_context
UCS,ExtraTrees,1002,4,3250.0,2387.774388324402,base_plus_datagov_context
UCS,ExtraTrees,1003,4,2200.0,2195.9915423274706,base_plus_datagov_context
UCS,ExtraTrees,1004,4,1820.0,1477.4219146966216,base_plus_datagov_context
UCS,ExtraTrees,1005,4,1820.0,2059.3883150404286,base_plus_datagov_context
UCS,ExtraTrees,1006,4,2620.0,1161.4539654112154,base_plus_datagov_context
UCS,ExtraTrees,1007,4,2200.0,2273.0977586215654,base_plus_datagov_context
UCS,ExtraTrees,1008,4,2200.0,2225.05922602014,base_plus_datagov_context
UCS,ExtraTrees,1009,4,3000.0,1859.5468651508554,base_plus_datagov_context
UCS,ExtraTrees,1010,4,3000.0,1288.2744075873038,base_plus_datagov_context
UCS,ExtraTrees,1011,4,3000.0,1546.9468639209028,base_plus_datagov_context
UCS,ExtraTrees,1012,4,3000.0,1809.6023879994336,base_plus_datagov_context
UCS,ExtraTrees,1013,4,3800.0,2287.087133461284,base_plus_datagov_context
UCS,ExtraTrees,1014,4,3800.0,2415.0185930481553,base_plus_datagov_context
UCS,ExtraTrees,1015,4,3900.0,1261.9290571058368,base_plus_datagov_context
UCS,ExtraTrees,1016,4,3900.0,2032.172837284518,base_plus_datagov_context
UCS,ExtraTrees,1017,4,2950.0,1574.3012496947651,base_plus_datagov_context
UCS,ExtraTrees,1018,4,2950.0,2155.6295561039724,base_plus_datagov_context
UCS,ExtraTrees,1019,4,1930.0,1333.708721131494,base_plus_datagov_context
UCS,ExtraTrees,1020,4,1930.0,2022.6272078647144,base_plus_datagov_context
UCS,ExtraTrees,1021,4,2150.0,1844.989564628175,base_plus_datagov_context
UCS,ExtraTrees,1022,4,2150.0,2209.25653532649,base_plus_datagov_context
UCS,ExtraTrees,1023,4,3100.0,1384.7761243807286,base_plus_datagov_context
UCS,ExtraTrees,1024,4,3100.0,1986.0082930254457,base_plus_datagov_context
UCS,ExtraTrees,1025,4,1980.0,1192.7615706751228,base_plus_datagov_context
UCS,ExtraTrees,1026,4,1980.0,1745.0533748707187,base_plus_datagov_context
UCS,ExtraTrees,1027,4,2450.0,1287.6127528612599,base_plus_datagov_context
UCS,ExtraTrees,1028,4,2450.0,2166.9197548679435,base_plus_datagov_context
UCS,ExtraTrees,1029,4,2010.0,1139.3822137674185,base_plus_datagov_context
UCS,ExtraTrees,1030,4,2010.0,2153.3693473485873,base_plus_datagov_context
UCS,ExtraTrees,1031,4,4200.0,1881.9959386975763,base_plus_datagov_context
UCS,ExtraTrees,1032,4,4200.0,1970.797857659343,base_plus_datagov_context
UCS,ExtraTrees,1033,4,1600.0,1814.5659568923725,base_plus_datagov_context
UCS,ExtraTrees,1034,4,2300.0,1315.1618957832538,base_plus_datagov_context
UCS,ExtraTrees,1035,4,2300.0,2133.7880977576697,base_plus_datagov_context
UCS,ExtraTrees,1036,4,2270.0,2129.738949313565,base_plus_datagov_context
UCS,ExtraTrees,1037,4,2270.0,1374.5308606003207,base_plus_datagov_context
UCS,ExtraTrees,1038,4,3210.0,2159.4845944735803,base_plus_datagov_context
UCS,ExtraTrees,1039,4,3210.0,2332.103840513057,base_plus_datagov_context
UCS,ExtraTrees,1040,4,2870.0,2043.99168859825,base_plus_datagov_context
UCS,ExtraTrees,1041,4,2800.0,1292.39099735767,base_plus_datagov_context
UCS,ExtraTrees,1042,4,2800.0,1996.2025032073977,base_plus_datagov_context
UCS,ExtraTrees,1043,4,2900.0,1991.5805099228905,base_plus_datagov_context
UCS,ExtraTrees,1044,4,2020.0,1269.8852533486775,base_plus_datagov_context
UCS,ExtraTrees,1045,4,2020.0,1994.3421382500255,base_plus_datagov_context
UCS,ExtraTrees,1046,4,4900.0,1547.5691649563253,base_plus_datagov_context
UCS,ExtraTrees,1047,4,4900.0,2090.13401831008,base_plus_datagov_context
UCS,ExtraTrees,1048,4,1500.0,1691.0849444295686,base_plus_datagov_context
UCS,ExtraTrees,1049,4,2000.0,1576.9805222313412,base_plus_datagov_context
UCS,ExtraTrees,1050,4,2000.0,2127.5233411372333,base_plus_datagov_context
UCS,ExtraTrees,1051,4,1880.0,1332.8187165271452,base_plus_datagov_context
UCS,ExtraTrees,1052,4,1880.0,2008.857726657135,base_plus_datagov_context
UCS,ExtraTrees,1053,4,2300.0,1704.3111796957553,base_plus_datagov_context
UCS,ExtraTrees,1054,4,3000.0,2161.0774654004713,base_plus_datagov_context
UCS,ExtraTrees,1055,4,1610.0,1554.1073811105528,base_plus_datagov_context
UCS,ExtraTrees,1056,4,1610.0,2004.4796447094263,base_plus_datagov_context
UCS,ExtraTrees,1057,4,3980.0,1987.67482489991,base_plus_datagov_context
UCS,ExtraTrees,1058,4,2990.0,1733.3642794015811,base_plus_datagov_context
UCS,ExtraTrees,1059,4,2300.0,1746.851466646925,base_plus_datagov_context
UCS,ExtraTrees,1060,4,1690.0,1690.2670430770756,base_plus_datagov_context
UCS,ExtraTrees,1061,4,1690.0,2187.905306557299,base_plus_datagov_context
UCS,ExtraTrees,1062,4,2300.0,1062.7571777884477,base_plus_datagov_context
UCS,ExtraTrees,1063,4,2300.0,1947.0642820750259,base_plus_datagov_context
UCS,ExtraTrees,1064,4,2790.0,1981.598609877706,base_plus_datagov_context
UCS,ExtraTrees,1065,4,2960.0,2066.382751801743,base_plus_datagov_context
UCS,ExtraTrees,1066,4,1820.0,2087.2052740349823,base_plus_datagov_context
UCS,ExtraTrees,1067,4,3200.0,1967.7524628371502,base_plus_datagov_context
UCS,ExtraTrees,1068,4,2250.0,1660.2052734713575,base_plus_datagov_context
UCS,ExtraTrees,1069,4,1980.0,2040.0106242346171,base_plus_datagov_context
UCS,ExtraTrees,1070,4,1750.0,1661.9759354955556,base_plus_datagov_context
UCS,ExtraTrees,1071,4,2450.0,1465.8557359649114,base_plus_datagov_context
UCS,ExtraTrees,1072,4,2450.0,1464.068335448952,base_plus_datagov_context
UCS,ExtraTrees,1073,4,1900.0,1713.226357196245,base_plus_datagov_context
UCS,ExtraTrees,1074,4,4100.0,1903.4514991723308,base_plus_datagov_context
UCS,ExtraTrees,1075,4,4100.0,1474.1903281699117,base_plus_datagov_context
UCS,ExtraTrees,1076,4,1800.0,1983.10221120814,base_plus_datagov_context
UCS,ExtraTrees,1077,4,1820.0,1772.8123548433316,base_plus_datagov_context
UCS,ExtraTrees,1078,4,3000.0,1546.242937373592,base_plus_datagov_context
UCS,ExtraTrees,1079,4,4020.0,1940.4964549672998,base_plus_datagov_context
UCS,ExtraTrees,1080,4,5400.0,1925.662569306958,base_plus_datagov_context
UCS,ExtraTrees,1081,4,1200.0,1878.4864372123877,base_plus_datagov_context
UCS,ExtraTrees,1082,4,1570.0,1923.199174274788,base_plus_datagov_context
UCS,ExtraTrees,1083,4,3300.0,1991.2252867550983,base_plus_datagov_context
UCS,ExtraTrees,1084,4,3400.0,1920.0622269388698,base_plus_datagov_context
UCS,ExtraTrees,1085,4,1350.0,1107.5991034188833,base_plus_datagov_context
UCS,ExtraTrees,1086,4,1500.0,1447.4506740883019,base_plus_datagov_context
UCS,ExtraTrees,1087,4,1250.0,888.6621893744614,base_plus_datagov_context
UCS,ExtraTrees,1088,4,1300.0,1604.5496426615412,base_plus_datagov_context
UCS,ExtraTrees,1089,4,1500.0,1604.5496426615412,base_plus_datagov_context
UCS,ExtraTrees,1090,4,1700.0,1690.0901278285653,base_plus_datagov_context
UCS,ExtraTrees,1091,4,1900.0,1916.1035299223013,base_plus_datagov_context
UCS,ExtraTrees,1092,4,1400.0,1333.7078199005778,base_plus_datagov_context
UCS,ExtraTrees,1093,4,1025.0,1297.122127953254,base_plus_datagov_context
UCS,ExtraTrees,1094,4,1120.0,1087.8986728362288,base_plus_datagov_context
UCS,ExtraTrees,1095,4,1154.0,1123.7703477356529,base_plus_datagov_context
UCS,ExtraTrees,1096,4,193.05,1226.9570658971584,base_plus_datagov_context
UCS,ExtraTrees,1097,5,563.9453462,1176.044582537626,base_plus_datagov_context
UCS,ExtraTrees,1098,5,567.6207363,1176.044582537626,base_plus_datagov_context
UCS,ExtraTrees,1099,5,563.0710124,1176.044582537626,base_plus_datagov_context
UCS,ExtraTrees,1100,5,642.4051846,1176.044582537626,base_plus_datagov_context
UCS,ExtraTrees,1101,5,643.4453926,1176.044582537626,base_plus_datagov_context
UCS,ExtraTrees,1102,5,599.0696803,1176.044582537626,base_plus_datagov_context
UCS,ExtraTrees,1103,5,670.5908717,1176.044582537626,base_plus_datagov_context
UCS,ExtraTrees,1104,5,582.3483776,1176.044582537626,base_plus_datagov_context
UCS,ExtraTrees,1105,5,494.5436003,1176.044582537626,base_plus_datagov_context
UCS,ExtraTrees,1106,5,764.4821038,2169.9783029874843,base_plus_datagov_context
UCS,ExtraTrees,1107,5,774.4835872,2169.9783029874843,base_plus_datagov_context
UCS,ExtraTrees,1108,5,772.5592082,2169.9783029874843,base_plus_datagov_context
UCS,ExtraTrees,1109,5,744.4610518,2169.9783029874843,base_plus_datagov_context
UCS,ExtraTrees,1110,5,792.44841,2169.9783029874843,base_plus_datagov_context
UCS,ExtraTrees,1111,5,793.6107586,2169.9783029874843,base_plus_datagov_context
UCS,ExtraTrees,1112,5,854.7376017,2169.9783029874843,base_plus_datagov_context
UCS,ExtraTrees,1113,5,809.3336182,2169.9783029874843,base_plus_datagov_context
UCS,ExtraTrees,1114,5,833.4702026,2169.9783029874843,base_plus_datagov_context
UCS,ExtraTrees,1115,5,947.553863,1878.6152805721536,base_plus_datagov_context
UCS,ExtraTrees,1116,5,862.3263524,1878.6152805721536,base_plus_datagov_context
UCS,ExtraTrees,1117,5,857.4156124,1878.6152805721536,base_plus_datagov_context
UCS,ExtraTrees,1118,5,770.8698301,1878.6152805721536,base_plus_datagov_context
UCS,ExtraTrees,1119,5,932.1083363,1878.6152805721536,base_plus_datagov_context
UCS,ExtraTrees,1120,5,1082.454587,1878.6152805721536,base_plus_datagov_context
UCS,ExtraTrees,1121,5,913.9914207,1878.6152805721536,base_plus_datagov_context
UCS,ExtraTrees,1122,5,864.6703064,1878.6152805721536,base_plus_datagov_context
UCS,ExtraTrees,1123,5,1049.322646,1878.6152805721536,base_plus_datagov_context
UCS,ExtraTrees,1124,5,1123.468434,1901.8135723335013,base_plus_datagov_context
UCS,ExtraTrees,1125,5,1392.578727,1901.8135723335013,base_plus_datagov_context
UCS,ExtraTrees,1126,5,992.8297686,1901.8135723335013,base_plus_datagov_context
UCS,ExtraTrees,1127,5,940.5185695,1901.8135723335013,base_plus_datagov_context
UCS,ExtraTrees,1128,5,1180.476009,1901.8135723335013,base_plus_datagov_context
UCS,ExtraTrees,1129,5,1014.240746,1901.8135723335013,base_plus_datagov_context
UCS,ExtraTrees,1130,5,1061.53447,1901.8135723335013,base_plus_datagov_context
UCS,ExtraTrees,1131,5,1167.22023,1901.8135723335013,base_plus_datagov_context
UCS,ExtraTrees,1132,5,989.4392032,1901.8135723335013,base_plus_datagov_context
UCS,ExtraTrees,1133,5,1105.576357,1146.7808584959594,base_plus_datagov_context
UCS,ExtraTrees,1134,5,1009.455998,1146.7808584959594,base_plus_datagov_context
UCS,ExtraTrees,1135,5,1081.192835,1146.7808584959594,base_plus_datagov_context
UCS,ExtraTrees,1136,5,1368.909615,1146.7808584959594,base_plus_datagov_context
UCS,ExtraTrees,1137,5,1484.237455,1146.7808584959594,base_plus_datagov_context
UCS,ExtraTrees,1138,5,1232.36913,1146.7808584959594,base_plus_datagov_context
UCS,ExtraTrees,1139,5,1271.32873,1146.7808584959594,base_plus_datagov_context
UCS,ExtraTrees,1140,5,1143.383655,1146.7808584959594,base_plus_datagov_context
UCS,ExtraTrees,1141,5,1230.817089,1146.7808584959594,base_plus_datagov_context
UCS,ExtraTrees,1142,5,1940.761482,2181.507744014985,base_plus_datagov_context
UCS,ExtraTrees,1143,5,2025.527217,2181.507744014985,base_plus_datagov_context
UCS,ExtraTrees,1144,5,1907.33105,2181.507744014985,base_plus_datagov_context
UCS,ExtraTrees,1145,5,1884.33909,2181.507744014985,base_plus_datagov_context
UCS,ExtraTrees,1146,5,1859.471621,2181.507744014985,base_plus_datagov_context
UCS,ExtraTrees,1147,5,1979.525419,2181.507744014985,base_plus_datagov_context
UCS,ExtraTrees,1148,5,1840.943877,2181.507744014985,base_plus_datagov_context
UCS,ExtraTrees,1149,5,1851.057235,2181.507744014985,base_plus_datagov_context
UCS,ExtraTrees,1150,5,1471.718035,2181.507744014985,base_plus_datagov_context
UCS,ExtraTrees,1151,5,2010.562657,1934.5787479547294,base_plus_datagov_context
UCS,ExtraTrees,1152,5,2361.519249,1934.5787479547294,base_plus_datagov_context
UCS,ExtraTrees,1153,5,2449.098293,1934.5787479547294,base_plus_datagov_context
UCS,ExtraTrees,1154,5,2126.641844,1934.5787479547294,base_plus_datagov_context
UCS,ExtraTrees,1155,5,2166.80315,1934.5787479547294,base_plus_datagov_context
UCS,ExtraTrees,1156,5,2704.439041,1934.5787479547294,base_plus_datagov_context
UCS,ExtraTrees,1157,5,2791.980992,1934.5787479547294,base_plus_datagov_context
UCS,ExtraTrees,1158,5,2267.702405,1934.5787479547294,base_plus_datagov_context
UCS,ExtraTrees,1159,5,1895.68344,1934.5787479547294,base_plus_datagov_context
UCS,ExtraTrees,1160,5,2716.405892,1945.966424153333,base_plus_datagov_context
UCS,ExtraTrees,1161,5,2690.8722,1945.966424153333,base_plus_datagov_context
UCS,ExtraTrees,1162,5,2729.968478,1945.966424153333,base_plus_datagov_context
UCS,ExtraTrees,1163,5,2674.308471,1945.966424153333,base_plus_datagov_context
UCS,ExtraTrees,1164,5,2912.764086,1945.966424153333,base_plus_datagov_context
UCS,ExtraTrees,1165,5,2847.741968,1945.966424153333,base_plus_datagov_context
UCS,ExtraTrees,1166,5,2148.138224,1945.966424153333,base_plus_datagov_context
UCS,ExtraTrees,1167,5,2399.8976,1945.966424153333,base_plus_datagov_context
UCS,ExtraTrees,1168,5,2265.127185,1945.966424153333,base_plus_datagov_context
UCS,ExtraTrees,1169,5,1344.46033,1129.6655552859595,base_plus_datagov_context
UCS,ExtraTrees,1170,5,1677.88151,1129.6655552859595,base_plus_datagov_context
UCS,ExtraTrees,1171,5,1614.380436,1129.6655552859595,base_plus_datagov_context
UCS,ExtraTrees,1172,5,1539.923617,1129.6655552859595,base_plus_datagov_context
UCS,ExtraTrees,1173,5,1699.200844,1129.6655552859595,base_plus_datagov_context
UCS,ExtraTrees,1174,5,1731.388965,1129.6655552859595,base_plus_datagov_context
UCS,ExtraTrees,1175,5,1687.798403,1129.6655552859595,base_plus_datagov_context
UCS,ExtraTrees,1176,5,1450.91978,1129.6655552859595,base_plus_datagov_context
UCS,ExtraTrees,1177,5,1644.836791,1129.6655552859595,base_plus_datagov_context
UCS,ExtraTrees,1178,5,2960.037586,2165.1754766783192,base_plus_datagov_context
UCS,ExtraTrees,1179,5,2821.887459,2165.1754766783192,base_plus_datagov_context
UCS,ExtraTrees,1180,5,2626.414584,2165.1754766783192,base_plus_datagov_context
UCS,ExtraTrees,1181,5,2947.078754,2165.1754766783192,base_plus_datagov_context
UCS,ExtraTrees,1182,5,2824.67257,2165.1754766783192,base_plus_datagov_context
UCS,ExtraTrees,1183,5,2976.140189,2165.1754766783192,base_plus_datagov_context
UCS,ExtraTrees,1184,5,2716.035321,2165.1754766783192,base_plus_datagov_context
UCS,ExtraTrees,1185,5,2515.906526,2165.1754766783192,base_plus_datagov_context
UCS,ExtraTrees,1186,5,2970.291916,2165.1754766783192,base_plus_datagov_context
UCS,ExtraTrees,1187,5,2829.757141,1953.0082803547293,base_plus_datagov_context
UCS,ExtraTrees,1188,5,2672.074248,1953.0082803547293,base_plus_datagov_context
UCS,ExtraTrees,1189,5,3738.208024,1953.0082803547293,base_plus_datagov_context
UCS,ExtraTrees,1190,5,2738.006682,1953.0082803547293,base_plus_datagov_context
UCS,ExtraTrees,1191,5,3332.9899,1953.0082803547293,base_plus_datagov_context
UCS,ExtraTrees,1192,5,3525.037221,1953.0082803547293,base_plus_datagov_context
UCS,ExtraTrees,1193,5,3115.437181,1953.0082803547293,base_plus_datagov_context
UCS,ExtraTrees,1194,5,2373.475846,1953.0082803547293,base_plus_datagov_context
UCS,ExtraTrees,1195,5,3289.505367,1953.0082803547293,base_plus_datagov_context
UCS,ExtraTrees,1196,5,3936.85678,1971.1303296896074,base_plus_datagov_context
UCS,ExtraTrees,1197,5,3857.525227,1971.1303296896074,base_plus_datagov_context
UCS,ExtraTrees,1198,5,3941.527879,1971.1303296896074,base_plus_datagov_context
UCS,ExtraTrees,1199,5,3829.042867,1971.1303296896074,base_plus_datagov_context
UCS,ExtraTrees,1200,5,4097.811514,1971.1303296896074,base_plus_datagov_context
UCS,ExtraTrees,1201,5,4401.716567,1971.1303296896074,base_plus_datagov_context
UCS,ExtraTrees,1202,5,4071.439425,1971.1303296896074,base_plus_datagov_context
UCS,ExtraTrees,1203,5,3313.19393,1971.1303296896074,base_plus_datagov_context
UCS,ExtraTrees,1204,5,2500.050674,1971.1303296896074,base_plus_datagov_context
UCS,ExtraTrees,1205,5,2843.719026,1152.9571122076263,base_plus_datagov_context
UCS,ExtraTrees,1206,5,2463.576227,1152.9571122076263,base_plus_datagov_context
UCS,ExtraTrees,1207,5,2355.405962,1152.9571122076263,base_plus_datagov_context
UCS,ExtraTrees,1208,5,2167.612978,1152.9571122076263,base_plus_datagov_context
UCS,ExtraTrees,1209,5,2059.801197,1152.9571122076263,base_plus_datagov_context
UCS,ExtraTrees,1210,5,2326.779638,1152.9571122076263,base_plus_datagov_context
UCS,ExtraTrees,1211,5,2474.302207,1152.9571122076263,base_plus_datagov_context
UCS,ExtraTrees,1212,5,2418.926583,1152.9571122076263,base_plus_datagov_context
UCS,ExtraTrees,1213,5,2175.818459,1152.9571122076263,base_plus_datagov_context
UCS,ExtraTrees,1214,5,3477.567677,2170.1009053099865,base_plus_datagov_context
UCS,ExtraTrees,1215,5,3672.249668,2170.1009053099865,base_plus_datagov_context
UCS,ExtraTrees,1216,5,3718.00842,2170.1009053099865,base_plus_datagov_context
UCS,ExtraTrees,1217,5,3699.041298,2170.1009053099865,base_plus_datagov_context
UCS,ExtraTrees,1218,5,3777.222995,2170.1009053099865,base_plus_datagov_context
UCS,ExtraTrees,1219,5,3008.862534,2170.1009053099865,base_plus_datagov_context
UCS,ExtraTrees,1220,5,3504.677879,2170.1009053099865,base_plus_datagov_context
UCS,ExtraTrees,1221,5,3866.189754,2170.1009053099865,base_plus_datagov_context
UCS,ExtraTrees,1222,5,3697.568297,2170.1009053099865,base_plus_datagov_context
UCS,ExtraTrees,1223,5,3916.844803,2019.7133758197301,base_plus_datagov_context
UCS,ExtraTrees,1224,5,3527.83995,2019.7133758197301,base_plus_datagov_context
UCS,ExtraTrees,1225,5,3935.155979,2019.7133758197301,base_plus_datagov_context
UCS,ExtraTrees,1226,5,3917.092675,2019.7133758197301,base_plus_datagov_context
UCS,ExtraTrees,1227,5,4156.512013,2019.7133758197301,base_plus_datagov_context
UCS,ExtraTrees,1228,5,3698.558578,2019.7133758197301,base_plus_datagov_context
UCS,ExtraTrees,1229,5,5054.611964,2019.7133758197301,base_plus_datagov_context
UCS,ExtraTrees,1230,5,3855.974785,2019.7133758197301,base_plus_datagov_context
UCS,ExtraTrees,1231,5,3649.510748,2019.7133758197301,base_plus_datagov_context
UCS,ExtraTrees,1232,5,4105.161762,2056.565591167942,base_plus_datagov_context
UCS,ExtraTrees,1233,5,4876.055944,2056.565591167942,base_plus_datagov_context
UCS,ExtraTrees,1234,5,4398.404385,2056.565591167942,base_plus_datagov_context
UCS,ExtraTrees,1235,5,4371.308578,2056.565591167942,base_plus_datagov_context
UCS,ExtraTrees,1236,5,4440.652261,2056.565591167942,base_plus_datagov_context
UCS,ExtraTrees,1237,5,3563.252614,2056.565591167942,base_plus_datagov_context
UCS,ExtraTrees,1238,5,4375.638612,2056.565591167942,base_plus_datagov_context
UCS,ExtraTrees,1239,5,4159.927686,2056.565591167942,base_plus_datagov_context
UCS,ExtraTrees,1240,5,4312.463399,2056.565591167942,base_plus_datagov_context
UCS,ExtraTrees,1241,5,167.453375,451.01782680883815,base_plus_datagov_context
UCS,ExtraTrees,1242,5,170.9692711,451.01782680883815,base_plus_datagov_context
UCS,ExtraTrees,1243,5,168.3598768,451.01782680883815,base_plus_datagov_context
UCS,ExtraTrees,1244,5,172.0655206,451.01782680883815,base_plus_datagov_context
UCS,ExtraTrees,1245,5,177.8547823,451.01782680883815,base_plus_datagov_context
UCS,ExtraTrees,1246,5,176.8614863,451.01782680883815,base_plus_datagov_context
UCS,ExtraTrees,1247,5,157.4657076,451.01782680883815,base_plus_datagov_context
UCS,ExtraTrees,1248,5,181.3545074,451.01782680883815,base_plus_datagov_context
UCS,ExtraTrees,1249,5,188.0466283,451.01782680883815,base_plus_datagov_context
UCS,ExtraTrees,1250,5,161.1591827,451.01782680883815,base_plus_datagov_context
UCS,ExtraTrees,1251,5,181.8059487,451.01782680883815,base_plus_datagov_context
UCS,ExtraTrees,1252,5,182.6800157,451.01782680883815,base_plus_datagov_context
UCS,ExtraTrees,1253,5,176.2053676,451.01782680883815,base_plus_datagov_context
UCS,ExtraTrees,1254,5,160.9692145,451.01782680883815,base_plus_datagov_context
UCS,ExtraTrees,1255,5,844.9311906,2169.9783029874843,base_plus_datagov_context
UCS,ExtraTrees,1256,5,661.0392113,2169.9783029874843,base_plus_datagov_context
UCS,ExtraTrees,1257,5,706.482091,2169.9783029874843,base_plus_datagov_context
UCS,ExtraTrees,1258,5,816.157218,1878.6152805721536,base_plus_datagov_context
UCS,ExtraTrees,1259,5,892.9609946,1901.8135723335013,base_plus_datagov_context
UCS,ExtraTrees,1260,5,974.4334225,1146.7808584959594,base_plus_datagov_context
UCS,ExtraTrees,1261,5,1991.330417,2181.507744014985,base_plus_datagov_context
UCS,ExtraTrees,1262,5,1858.912992,2181.507744014985,base_plus_datagov_context
UCS,ExtraTrees,1263,5,1951.45189,2181.507744014985,base_plus_datagov_context
UCS,ExtraTrees,1264,5,2232.142468,1934.5787479547294,base_plus_datagov_context
UCS,ExtraTrees,1265,5,2258.72875,1934.5787479547294,base_plus_datagov_context
UCS,ExtraTrees,1266,5,1646.008741,1129.6655552859595,base_plus_datagov_context
UCS,ExtraTrees,1267,5,3061.832507,2165.1754766783192,base_plus_datagov_context
UCS,ExtraTrees,1268,5,3060.411589,2165.1754766783192,base_plus_datagov_context
UCS,ExtraTrees,1269,5,3138.210411,2165.1754766783192,base_plus_datagov_context
UCS,ExtraTrees,1270,5,3132.987642,1953.0082803547293,base_plus_datagov_context
UCS,ExtraTrees,1271,5,3171.757965,1953.0082803547293,base_plus_datagov_context
UCS,ExtraTrees,1272,5,3741.993353,1971.1303296896074,base_plus_datagov_context
UCS,ExtraTrees,1273,5,4094.294568,1971.1303296896074,base_plus_datagov_context
UCS,ExtraTrees,1274,5,2135.618094,1152.9571122076263,base_plus_datagov_context
UCS,ExtraTrees,1275,5,2058.554651,1152.9571122076263,base_plus_datagov_context
UCS,ExtraTrees,1276,5,3358.517036,2170.1009053099865,base_plus_datagov_context
UCS,ExtraTrees,1277,5,3064.688377,2170.1009053099865,base_plus_datagov_context
UCS,ExtraTrees,1278,5,3519.471169,2170.1009053099865,base_plus_datagov_context
UCS,ExtraTrees,1279,5,3963.481765,2019.7133758197301,base_plus_datagov_context
UCS,ExtraTrees,1280,5,4184.241327,2019.7133758197301,base_plus_datagov_context
UCS,ExtraTrees,1281,5,4700.649561,2056.565591167942,base_plus_datagov_context
UCS,ExtraTrees,1282,5,1580.0,1801.6874755892434,base_plus_datagov_context
UCS,ExtraTrees,1283,5,1480.0,1801.6874755892434,base_plus_datagov_context
UCS,ExtraTrees,1284,5,1530.0,1801.6874755892434,base_plus_datagov_context
UCS,ExtraTrees,1285,5,1820.0,2134.2522983875915,base_plus_datagov_context
UCS,ExtraTrees,1286,5,1600.0,2134.2522983875915,base_plus_datagov_context
UCS,ExtraTrees,1287,5,1540.0,2131.786965054259,base_plus_datagov_context
UCS,ExtraTrees,1288,5,2420.0,2217.1691213875915,base_plus_datagov_context
UCS,ExtraTrees,1289,5,2400.0,2223.336277720925,base_plus_datagov_context
UCS,ExtraTrees,1290,5,2420.0,2221.187944387592,base_plus_datagov_context
UCS,ExtraTrees,1291,5,1810.0,2225.070050720925,base_plus_datagov_context
UCS,ExtraTrees,1292,5,1650.0,2225.070050720925,base_plus_datagov_context
UCS,ExtraTrees,1293,5,1840.0,2225.070050720925,base_plus_datagov_context
UCS,ExtraTrees,1294,5,2120.0,2220.378780887592,base_plus_datagov_context
UCS,ExtraTrees,1295,5,2100.0,2224.397603887592,base_plus_datagov_context
UCS,ExtraTrees,1296,5,940.0,1907.1184895603037,base_plus_datagov_context
UCS,ExtraTrees,1297,5,910.0,1911.1201562269703,base_plus_datagov_context
UCS,ExtraTrees,1298,5,880.0,1911.1201562269703,base_plus_datagov_context
UCS,ExtraTrees,1299,5,1220.0,2756.8370910558824,base_plus_datagov_context
UCS,ExtraTrees,1300,5,1170.0,2755.0010910558826,base_plus_datagov_context
UCS,ExtraTrees,1301,5,1200.0,2755.0010910558826,base_plus_datagov_context
UCS,ExtraTrees,1302,5,1620.0,2834.9481537225493,base_plus_datagov_context
UCS,ExtraTrees,1303,5,1660.0,2835.625997389216,base_plus_datagov_context
UCS,ExtraTrees,1304,5,1330.0,2836.72933072255,base_plus_datagov_context
UCS,ExtraTrees,1305,5,1660.0,2840.66004022255,base_plus_datagov_context
UCS,ExtraTrees,1306,5,1790.0,2840.646706889216,base_plus_datagov_context
UCS,ExtraTrees,1307,5,1720.0,2836.38121722255,base_plus_datagov_context
UCS,ExtraTrees,1308,5,1960.0,2837.85710372255,base_plus_datagov_context
UCS,ExtraTrees,1309,5,1900.0,2837.85710372255,base_plus_datagov_context
UCS,ExtraTrees,1310,5,1880.0,2842.13592672255,base_plus_datagov_context
UCS,ExtraTrees,1311,5,2050.0,2084.4443216633754,base_plus_datagov_context
UCS,ExtraTrees,1312,5,2230.0,2111.025707594088,base_plus_datagov_context
UCS,ExtraTrees,1313,5,1620.0,1957.9460032092586,base_plus_datagov_context
UCS,ExtraTrees,1314,5,1070.0,1863.860162028376,base_plus_datagov_context
UCS,ExtraTrees,1315,5,1300.0,1959.6494948759237,base_plus_datagov_context
UCS,ExtraTrees,1316,5,2050.0,2007.8812864750412,base_plus_datagov_context
UCS,ExtraTrees,1317,5,1900.0,1987.7883412323893,base_plus_datagov_context
UCS,ExtraTrees,1318,5,1000.0,2016.9349838688886,base_plus_datagov_context
UCS,ExtraTrees,1319,5,1000.0,2057.88910902738,base_plus_datagov_context
UCS,ExtraTrees,1320,5,650.0,1782.3802521356065,base_plus_datagov_context
UCS,ExtraTrees,1321,5,1630.0,2769.624028230953,base_plus_datagov_context
UCS,ExtraTrees,1322,5,1900.0,2992.4249216833327,base_plus_datagov_context
UCS,ExtraTrees,1323,5,1590.0,2705.849298055882,base_plus_datagov_context
UCS,ExtraTrees,1324,5,1130.0,2577.458950214284,base_plus_datagov_context
UCS,ExtraTrees,1325,5,1540.0,2684.0408336035007,base_plus_datagov_context
UCS,ExtraTrees,1326,5,1490.0,2766.205817564285,base_plus_datagov_context
UCS,ExtraTrees,1327,5,1360.0,2692.61229195239,base_plus_datagov_context
UCS,ExtraTrees,1328,5,1030.0,2516.646115548889,base_plus_datagov_context
UCS,ExtraTrees,1329,5,890.0,2415.368292172382,base_plus_datagov_context
UCS,ExtraTrees,1330,5,630.0,1949.200776226971,base_plus_datagov_context
CBR,HGB,1891,1,8.0,7.5924048587087745,base_plus_datagov_context
CBR,HGB,1892,1,8.0,7.5924048587087745,base_plus_datagov_context
CBR,HGB,1893,1,8.1,7.5924048587087745,base_plus_datagov_context
CBR,HGB,1894,1,8.1,7.5924048587087745,base_plus_datagov_context
CBR,HGB,1895,1,8.2,7.5924048587087745,base_plus_datagov_context
CBR,HGB,1896,1,8.2,7.5924048587087745,base_plus_datagov_context
CBR,HGB,1897,1,8.2,4.699165558622291,base_plus_datagov_context
CBR,HGB,1898,1,8.2,4.699165558622291,base_plus_datagov_context
CBR,HGB,1899,1,8.3,4.699165558622291,base_plus_datagov_context
CBR,HGB,1900,1,8.3,4.699165558622291,base_plus_datagov_context
CBR,HGB,1901,1,8.5,4.541913955845586,base_plus_datagov_context
CBR,HGB,1902,1,8.5,4.541913955845586,base_plus_datagov_context
CBR,HGB,1903,1,8.55,7.981127972655198,base_plus_datagov_context
CBR,HGB,1904,1,8.55,7.981127972655198,base_plus_datagov_context
CBR,HGB,1905,1,8.6,7.981127972655198,base_plus_datagov_context
CBR,HGB,1906,1,8.6,7.981127972655198,base_plus_datagov_context
CBR,HGB,1907,1,8.6,7.172968696442788,base_plus_datagov_context
CBR,HGB,1908,1,8.6,7.172968696442788,base_plus_datagov_context
CBR,HGB,1909,1,8.85,7.172968696442788,base_plus_datagov_context
CBR,HGB,1910,1,8.85,7.172968696442788,base_plus_datagov_context
CBR,HGB,1911,1,9.2,7.172968696442788,base_plus_datagov_context
CBR,HGB,1912,1,9.2,7.172968696442788,base_plus_datagov_context
CBR,HGB,1913,1,9.25,7.186565401680326,base_plus_datagov_context
CBR,HGB,1914,1,9.25,7.186565401680326,base_plus_datagov_context
CBR,HGB,1915,1,9.4,7.186565401680326,base_plus_datagov_context
CBR,HGB,1916,1,9.4,7.186565401680326,base_plus_datagov_context
CBR,HGB,1917,1,9.5,7.186565401680326,base_plus_datagov_context
CBR,HGB,1918,1,9.5,7.186565401680326,base_plus_datagov_context
CBR,HGB,1919,1,9.7,7.186565401680326,base_plus_datagov_context
CBR,HGB,1920,1,9.7,7.186565401680326,base_plus_datagov_context
CBR,HGB,1921,1,9.8,7.186565401680326,base_plus_datagov_context
CBR,HGB,1922,1,9.8,7.186565401680326,base_plus_datagov_context
CBR,HGB,1923,1,9.8,7.186565401680326,base_plus_datagov_context
CBR,HGB,1924,1,9.8,7.186565401680326,base_plus_datagov_context
CBR,HGB,1925,1,9.85,7.186565401680326,base_plus_datagov_context
CBR,HGB,1926,1,9.85,7.186565401680326,base_plus_datagov_context
CBR,HGB,1927,1,9.92,7.186565401680326,base_plus_datagov_context
CBR,HGB,1928,1,9.92,7.186565401680326,base_plus_datagov_context
CBR,HGB,1929,1,9.96,4.640037528259714,base_plus_datagov_context
CBR,HGB,1930,1,9.96,4.640037528259714,base_plus_datagov_context
CBR,HGB,1931,1,10.4,4.640037528259714,base_plus_datagov_context
CBR,HGB,1932,1,10.4,4.640037528259714,base_plus_datagov_context
CBR,HGB,1933,1,10.4,4.899327438305192,base_plus_datagov_context
CBR,HGB,1934,1,10.4,4.899327438305192,base_plus_datagov_context
CBR,HGB,1935,1,10.7,4.899327438305192,base_plus_datagov_context
CBR,HGB,1936,1,10.7,4.899327438305192,base_plus_datagov_context
CBR,HGB,1937,1,11.0,4.043365984655902,base_plus_datagov_context
CBR,HGB,1938,1,11.0,4.043365984655902,base_plus_datagov_context
CBR,HGB,1939,1,11.6,4.043365984655902,base_plus_datagov_context
CBR,HGB,1940,1,11.6,4.043365984655902,base_plus_datagov_context
CBR,HGB,1941,1,12.0,4.130246688854593,base_plus_datagov_context
CBR,HGB,1942,1,12.0,4.130246688854593,base_plus_datagov_context
CBR,HGB,1943,1,12.1,4.130246688854593,base_plus_datagov_context
CBR,HGB,1944,1,12.1,4.130246688854593,base_plus_datagov_context
CBR,HGB,1945,1,12.4,3.892445495762256,base_plus_datagov_context
CBR,HGB,1946,1,12.4,3.892445495762256,base_plus_datagov_context
CBR,HGB,1947,1,12.9,3.892445495762256,base_plus_datagov_context
CBR,HGB,1948,1,12.9,3.892445495762256,base_plus_datagov_context
CBR,HGB,1949,1,13.3,3.892445495762256,base_plus_datagov_context
CBR,HGB,1950,1,13.3,3.892445495762256,base_plus_datagov_context
CBR,HGB,1951,1,13.8,3.892445495762256,base_plus_datagov_context
CBR,HGB,1952,1,13.8,3.892445495762256,base_plus_datagov_context
CBR,HGB,1953,1,13.9,5.388589027968989,base_plus_datagov_context
CBR,HGB,1954,1,13.9,5.388589027968989,base_plus_datagov_context
CBR,HGB,1955,1,14.2,5.585156038158137,base_plus_datagov_context
CBR,HGB,1956,1,14.2,5.585156038158137,base_plus_datagov_context
CBR,HGB,1957,1,14.5,5.585156038158137,base_plus_datagov_context
CBR,HGB,1958,1,14.5,5.585156038158137,base_plus_datagov_context
CBR,HGB,1959,1,14.7,5.585156038158137,base_plus_datagov_context
CBR,HGB,1960,1,14.7,5.585156038158137,base_plus_datagov_context
CBR,HGB,1961,1,14.8,5.464027202856177,base_plus_datagov_context
CBR,HGB,1962,1,14.8,5.464027202856177,base_plus_datagov_context
CBR,HGB,1963,1,15.0,4.917332293991836,base_plus_datagov_context
CBR,HGB,1964,1,15.0,4.917332293991836,base_plus_datagov_context
CBR,HGB,1965,1,15.3,4.8707859792290344,base_plus_datagov_context
CBR,HGB,1966,1,15.3,4.8707859792290344,base_plus_datagov_context
CBR,HGB,1967,1,15.7,4.8707859792290344,base_plus_datagov_context
CBR,HGB,1968,1,15.7,4.8707859792290344,base_plus_datagov_context
CBR,HGB,1969,1,15.9,4.648252548458814,base_plus_datagov_context
CBR,HGB,1970,1,15.9,4.648252548458814,base_plus_datagov_context
CBR,HGB,1971,1,16.0,4.648252548458814,base_plus_datagov_context
CBR,HGB,1972,1,16.0,4.648252548458814,base_plus_datagov_context
CBR,HGB,1973,1,16.3,4.648252548458814,base_plus_datagov_context
CBR,HGB,1974,1,16.3,4.648252548458814,base_plus_datagov_context
CBR,HGB,1975,1,16.8,4.648252548458814,base_plus_datagov_context
CBR,HGB,1976,1,16.8,4.648252548458814,base_plus_datagov_context
CBR,HGB,1977,1,17.5,4.648252548458814,base_plus_datagov_context
CBR,HGB,1978,1,17.5,4.648252548458814,base_plus_datagov_context
CBR,HGB,1979,1,17.8,4.648252548458814,base_plus_datagov_context
CBR,HGB,1980,1,17.8,4.648252548458814,base_plus_datagov_context
CBR,HGB,1981,1,18.0,4.7598290802250425,base_plus_datagov_context
CBR,HGB,1982,1,18.0,4.7598290802250425,base_plus_datagov_context
CBR,HGB,1983,1,18.1,4.5096978587921575,base_plus_datagov_context
CBR,HGB,1984,1,18.1,4.5096978587921575,base_plus_datagov_context
CBR,HGB,1985,1,18.3,4.647025491362706,base_plus_datagov_context
CBR,HGB,1986,1,18.3,4.647025491362706,base_plus_datagov_context
CBR,HGB,1987,1,18.8,4.647025491362706,base_plus_datagov_context
CBR,HGB,1988,1,18.8,4.647025491362706,base_plus_datagov_context
CBR,HGB,1989,1,19.5,12.566731289215614,base_plus_datagov_context
CBR,HGB,1990,1,19.5,12.566731289215614,base_plus_datagov_context
CBR,HGB,1991,1,19.8,12.566731289215614,base_plus_datagov_context
CBR,HGB,1992,1,19.8,12.566731289215614,base_plus_datagov_context
CBR,HGB,1993,1,19.9,8.340858019648858,base_plus_datagov_context
CBR,HGB,1994,1,19.9,8.340858019648858,base_plus_datagov_context
CBR,HGB,1995,1,20.0,8.176546240298277,base_plus_datagov_context
CBR,HGB,1996,1,20.0,8.176546240298277,base_plus_datagov_context
CBR,HGB,1997,1,20.3,8.229966225361654,base_plus_datagov_context
CBR,HGB,1998,1,20.3,8.229966225361654,base_plus_datagov_context
CBR,HGB,1999,1,20.9,8.531590718374757,base_plus_datagov_context
CBR,HGB,2000,1,20.9,8.531590718374757,base_plus_datagov_context
CBR,HGB,2001,1,21.7,8.531590718374757,base_plus_datagov_context
CBR,HGB,2002,1,21.7,8.531590718374757,base_plus_datagov_context
CBR,HGB,2003,1,21.9,8.531590718374757,base_plus_datagov_context
CBR,HGB,2004,1,21.9,8.531590718374757,base_plus_datagov_context
CBR,HGB,2005,1,22.1,12.490066083369468,base_plus_datagov_context
CBR,HGB,2006,1,22.1,12.490066083369468,base_plus_datagov_context
CBR,HGB,2007,1,22.3,12.490066083369468,base_plus_datagov_context
CBR,HGB,2008,1,22.3,12.490066083369468,base_plus_datagov_context
CBR,HGB,2009,1,22.5,9.592897565210324,base_plus_datagov_context
CBR,HGB,2010,1,22.5,9.592897565210324,base_plus_datagov_context
CBR,HGB,2011,1,22.8,5.2845914317043805,base_plus_datagov_context
CBR,HGB,2012,1,22.8,5.2845914317043805,base_plus_datagov_context
CBR,HGB,2013,1,23.1,5.2845914317043805,base_plus_datagov_context
CBR,HGB,2014,1,23.1,5.2845914317043805,base_plus_datagov_context
CBR,HGB,2015,1,23.3,5.248357294027724,base_plus_datagov_context
CBR,HGB,2016,1,23.3,5.248357294027724,base_plus_datagov_context
CBR,HGB,2017,1,23.7,5.248357294027724,base_plus_datagov_context
CBR,HGB,2018,1,23.7,5.248357294027724,base_plus_datagov_context
CBR,HGB,2019,1,23.8,9.56661172001284,base_plus_datagov_context
CBR,HGB,2020,1,23.8,9.56661172001284,base_plus_datagov_context
CBR,HGB,2021,1,24.0,10.556427974924166,base_plus_datagov_context
CBR,HGB,2022,1,24.0,10.556427974924166,base_plus_datagov_context
CBR,HGB,2023,1,24.3,10.556427974924166,base_plus_datagov_context
CBR,HGB,2024,1,24.3,10.556427974924166,base_plus_datagov_context
CBR,HGB,2025,1,24.9,11.05869870455404,base_plus_datagov_context
CBR,HGB,2026,1,24.9,11.05869870455404,base_plus_datagov_context
CBR,HGB,2027,1,25.2,11.05869870455404,base_plus_datagov_context
CBR,HGB,2028,1,25.2,11.05869870455404,base_plus_datagov_context
CBR,HGB,2029,1,25.5,28.956111629668904,base_plus_datagov_context
CBR,HGB,2030,1,25.5,28.956111629668904,base_plus_datagov_context
CBR,HGB,2031,1,25.9,28.956111629668904,base_plus_datagov_context
CBR,HGB,2032,1,25.9,28.956111629668904,base_plus_datagov_context
CBR,HGB,2033,1,26.2,30.863748145055645,base_plus_datagov_context
CBR,HGB,2034,1,26.2,30.863748145055645,base_plus_datagov_context
CBR,HGB,2035,1,26.6,31.229775131063878,base_plus_datagov_context
CBR,HGB,2036,1,26.6,31.229775131063878,base_plus_datagov_context
CBR,HGB,2037,1,27.0,31.130501224519488,base_plus_datagov_context
CBR,HGB,2038,1,27.0,31.130501224519488,base_plus_datagov_context
CBR,HGB,2039,1,27.3,30.598527723259554,base_plus_datagov_context
CBR,HGB,2040,1,27.3,30.598527723259554,base_plus_datagov_context
CBR,HGB,2041,1,27.6,30.598527723259554,base_plus_datagov_context
CBR,HGB,2042,1,27.6,30.598527723259554,base_plus_datagov_context
CBR,HGB,2043,1,27.7,30.48557077313077,base_plus_datagov_context
CBR,HGB,2044,1,27.7,30.48557077313077,base_plus_datagov_context
CBR,HGB,2045,1,28.3,30.48557077313077,base_plus_datagov_context
CBR,HGB,2046,1,28.3,30.48557077313077,base_plus_datagov_context
CBR,HGB,2047,1,28.5,30.48557077313077,base_plus_datagov_context
CBR,HGB,2048,1,28.5,30.48557077313077,base_plus_datagov_context
CBR,HGB,2049,1,28.7,30.474458232269797,base_plus_datagov_context
CBR,HGB,2050,1,28.7,30.474458232269797,base_plus_datagov_context
CBR,HGB,2051,1,29.0,30.474458232269797,base_plus_datagov_context
CBR,HGB,2052,1,29.0,30.474458232269797,base_plus_datagov_context
CBR,HGB,2053,1,29.3,30.474458232269797,base_plus_datagov_context
CBR,HGB,2054,1,29.3,30.474458232269797,base_plus_datagov_context
CBR,HGB,2055,1,29.9,30.474458232269797,base_plus_datagov_context
CBR,HGB,2056,1,29.9,30.474458232269797,base_plus_datagov_context
CBR,HGB,2057,1,30.4,30.474458232269797,base_plus_datagov_context
CBR,HGB,2058,1,30.4,30.474458232269797,base_plus_datagov_context
CBR,HGB,2059,1,30.7,30.474458232269797,base_plus_datagov_context
CBR,HGB,2060,1,30.7,30.474458232269797,base_plus_datagov_context
CBR,HGB,2061,1,31.2,30.474458232269797,base_plus_datagov_context
CBR,HGB,2062,1,31.2,30.474458232269797,base_plus_datagov_context
CBR,HGB,2063,1,31.5,30.474458232269797,base_plus_datagov_context
CBR,HGB,2064,1,31.5,30.474458232269797,base_plus_datagov_context
CBR,HGB,2065,1,32.1,26.34926371785455,base_plus_datagov_context
CBR,HGB,2066,1,32.1,26.34926371785455,base_plus_datagov_context
CBR,HGB,2067,1,32.4,29.61176807480023,base_plus_datagov_context
CBR,HGB,2068,1,32.4,29.61176807480023,base_plus_datagov_context
CBR,HGB,2069,1,33.5,29.61176807480023,base_plus_datagov_context
CBR,HGB,2070,1,33.5,29.61176807480023,base_plus_datagov_context
CBR,HGB,2071,1,34.0,27.168619995926967,base_plus_datagov_context
CBR,HGB,2072,1,34.0,27.168619995926967,base_plus_datagov_context
CBR,HGB,2073,1,34.5,27.168619995926967,base_plus_datagov_context
CBR,HGB,2074,1,34.5,27.168619995926967,base_plus_datagov_context
CBR,HGB,2075,1,34.8,27.168619995926967,base_plus_datagov_context
CBR,HGB,2076,1,34.8,27.168619995926967,base_plus_datagov_context
CBR,HGB,2077,1,35.2,27.168619995926967,base_plus_datagov_context
CBR,HGB,2078,1,35.2,27.168619995926967,base_plus_datagov_context
CBR,HGB,2079,1,35.8,27.168619995926967,base_plus_datagov_context
CBR,HGB,2080,1,35.8,27.168619995926967,base_plus_datagov_context
CBR,HGB,2081,1,36.0,27.168619995926967,base_plus_datagov_context
CBR,HGB,2082,1,36.0,27.168619995926967,base_plus_datagov_context
CBR,HGB,2083,1,36.5,27.168619995926967,base_plus_datagov_context
CBR,HGB,2084,1,36.5,27.168619995926967,base_plus_datagov_context
CBR,HGB,2085,1,36.9,27.168619995926967,base_plus_datagov_context
CBR,HGB,2086,1,36.9,27.168619995926967,base_plus_datagov_context
CBR,HGB,2087,1,37.6,27.168619995926967,base_plus_datagov_context
CBR,HGB,2088,1,37.6,27.168619995926967,base_plus_datagov_context
CBR,HGB,2089,1,37.8,27.168619995926967,base_plus_datagov_context
CBR,HGB,2090,1,37.8,27.168619995926967,base_plus_datagov_context
CBR,HGB,2091,1,38.0,27.168619995926967,base_plus_datagov_context
CBR,HGB,2092,1,38.0,27.168619995926967,base_plus_datagov_context
CBR,HGB,2093,1,38.3,23.148651821270878,base_plus_datagov_context
CBR,HGB,2094,1,38.3,23.148651821270878,base_plus_datagov_context
CBR,HGB,2095,1,38.5,22.927029878150037,base_plus_datagov_context
CBR,HGB,2096,1,38.5,22.927029878150037,base_plus_datagov_context
CBR,HGB,2097,1,38.9,23.162906922880754,base_plus_datagov_context
CBR,HGB,2098,1,38.9,23.162906922880754,base_plus_datagov_context
CBR,HGB,2099,1,39.6,23.162906922880754,base_plus_datagov_context
CBR,HGB,2100,1,39.6,23.162906922880754,base_plus_datagov_context
CBR,HGB,2101,1,40.0,23.162906922880754,base_plus_datagov_context
CBR,HGB,2102,1,40.0,23.162906922880754,base_plus_datagov_context
CBR,HGB,2103,1,41.1,23.113757757481046,base_plus_datagov_context
CBR,HGB,2104,1,41.1,23.113757757481046,base_plus_datagov_context
CBR,HGB,2105,1,42.4,23.113757757481046,base_plus_datagov_context
CBR,HGB,2106,1,42.4,23.113757757481046,base_plus_datagov_context
CBR,HGB,2107,1,43.2,23.113757757481046,base_plus_datagov_context
CBR,HGB,2108,1,43.2,23.113757757481046,base_plus_datagov_context
CBR,HGB,2109,1,43.5,23.113757757481046,base_plus_datagov_context
CBR,HGB,2110,1,43.5,23.113757757481046,base_plus_datagov_context
CBR,HGB,2111,1,44.0,23.113757757481046,base_plus_datagov_context
CBR,HGB,2112,1,44.0,23.113757757481046,base_plus_datagov_context
CBR,HGB,2113,1,44.0,23.113757757481046,base_plus_datagov_context
CBR,HGB,2114,1,44.0,23.113757757481046,base_plus_datagov_context
CBR,HGB,2115,1,44.5,23.113757757481046,base_plus_datagov_context
CBR,HGB,2116,1,44.5,23.113757757481046,base_plus_datagov_context
CBR,HGB,2117,1,44.6,23.113757757481046,base_plus_datagov_context
CBR,HGB,2118,1,44.6,23.113757757481046,base_plus_datagov_context
CBR,HGB,2119,1,44.6,23.113757757481046,base_plus_datagov_context
CBR,HGB,2120,1,44.6,23.113757757481046,base_plus_datagov_context
CBR,HGB,2121,1,43.8,23.113757757481046,base_plus_datagov_context
CBR,HGB,2122,1,43.8,23.113757757481046,base_plus_datagov_context
CBR,HGB,2123,1,43.8,23.113757757481046,base_plus_datagov_context
CBR,HGB,2124,1,43.8,23.113757757481046,base_plus_datagov_context
CBR,HGB,2125,1,43.7,23.113757757481046,base_plus_datagov_context
CBR,HGB,2126,1,43.7,23.113757757481046,base_plus_datagov_context
CBR,HGB,2127,1,43.6,23.611115602822924,base_plus_datagov_context
CBR,HGB,2128,1,43.6,23.611115602822924,base_plus_datagov_context
CBR,HGB,2129,1,43.5,23.611115602822924,base_plus_datagov_context
CBR,HGB,2130,1,43.5,23.611115602822924,base_plus_datagov_context
CBR,HGB,2131,1,43.4,23.611115602822924,base_plus_datagov_context
CBR,HGB,2132,1,43.4,23.611115602822924,base_plus_datagov_context
CBR,HGB,1728,2,4.72,22.982649336594765,base_plus_datagov_context
CBR,HGB,1729,2,6.34,22.982649336594765,base_plus_datagov_context
CBR,HGB,1730,2,5.03,18.744963976606133,base_plus_datagov_context
CBR,HGB,1731,2,7.78,18.744963976606133,base_plus_datagov_context
CBR,HGB,1732,2,5.56,21.852902014490528,base_plus_datagov_context
CBR,HGB,1733,2,8.42,21.852902014490528,base_plus_datagov_context
CBR,HGB,1734,2,6.34,21.493236425420925,base_plus_datagov_context
CBR,HGB,1735,2,1.022,21.493236425420925,base_plus_datagov_context
CBR,HGB,1736,2,7.69,19.065610547070843,base_plus_datagov_context
CBR,HGB,1737,2,12.31,19.065610547070843,base_plus_datagov_context
CBR,HGB,1738,2,5.21,21.4598573060313,base_plus_datagov_context
CBR,HGB,1739,2,9.71,21.4598573060313,base_plus_datagov_context
CBR,HGB,1740,2,10.5,27.552616868418138,base_plus_datagov_context
CBR,HGB,1741,2,10.5,27.552616868418138,base_plus_datagov_context
CBR,HGB,1742,2,11.9,27.552616868418138,base_plus_datagov_context
CBR,HGB,1743,2,11.9,27.552616868418138,base_plus_datagov_context
CBR,HGB,1744,2,25.477,27.552616868418138,base_plus_datagov_context
CBR,HGB,1745,2,27.794,27.552616868418138,base_plus_datagov_context
CBR,HGB,1746,2,28.364,27.552616868418138,base_plus_datagov_context
CBR,HGB,1747,2,33.828,27.552616868418138,base_plus_datagov_context
CBR,HGB,1748,2,32.922,27.552616868418138,base_plus_datagov_context
CBR,HGB,1749,2,43.11,27.552616868418138,base_plus_datagov_context
CBR,HGB,1750,2,46.84,27.552616868418138,base_plus_datagov_context
CBR,HGB,1751,2,55.947,27.552616868418138,base_plus_datagov_context
CBR,HGB,1752,2,30.11,27.552616868418138,base_plus_datagov_context
CBR,HGB,1753,2,50.955,27.552616868418138,base_plus_datagov_context
CBR,HGB,1754,2,50.483,27.552616868418138,base_plus_datagov_context
CBR,HGB,1755,2,59.07,27.552616868418138,base_plus_datagov_context
CBR,HGB,1756,2,20.514,27.552616868418138,base_plus_datagov_context
CBR,HGB,1757,2,78.587,27.552616868418138,base_plus_datagov_context
CBR,HGB,1758,2,91.338,27.552616868418138,base_plus_datagov_context
CBR,HGB,1759,2,122.304,27.552616868418138,base_plus_datagov_context
CBR,HGB,1760,2,4.5,5.2142617331313055,base_plus_datagov_context
CBR,HGB,1761,2,4.3,5.2142617331313055,base_plus_datagov_context
CBR,HGB,1762,2,2.4,33.592120373211415,base_plus_datagov_context
CBR,HGB,1763,2,4.1,33.592120373211415,base_plus_datagov_context
CBR,HGB,1764,2,2.55,39.63214083495832,base_plus_datagov_context
CBR,HGB,1765,2,4.6,39.63214083495832,base_plus_datagov_context
CBR,HGB,1766,2,3.4,39.20436839868712,base_plus_datagov_context
CBR,HGB,1767,2,6.3,39.20436839868712,base_plus_datagov_context
CBR,HGB,1768,2,5.2,32.761854845903976,base_plus_datagov_context
CBR,HGB,1769,2,6.16,32.761854845903976,base_plus_datagov_context
CBR,HGB,1770,2,7.313,32.761854845903976,base_plus_datagov_context
CBR,HGB,1771,2,12.465,36.28574807168036,base_plus_datagov_context
CBR,HGB,1772,2,14.756,36.28574807168036,base_plus_datagov_context
CBR,HGB,1773,2,17.164,36.28574807168036,base_plus_datagov_context
CBR,HGB,1774,2,20.958,36.09073595260796,base_plus_datagov_context
CBR,HGB,1775,2,26.074,36.09073595260796,base_plus_datagov_context
CBR,HGB,1776,2,29.08,36.09073595260796,base_plus_datagov_context
CBR,HGB,1777,2,27.534,32.85380253539784,base_plus_datagov_context
CBR,HGB,1778,2,34.383,32.85380253539784,base_plus_datagov_context
CBR,HGB,1779,2,40.652,32.85380253539784,base_plus_datagov_context
CBR,HGB,1780,2,35.616,33.19726408354709,base_plus_datagov_context
CBR,HGB,1781,2,29.541,33.19726408354709,base_plus_datagov_context
CBR,HGB,1782,2,41.839,33.19726408354709,base_plus_datagov_context
CBR,HGB,1783,2,22.4,37.79879568087077,base_plus_datagov_context
CBR,HGB,1784,2,24.3,37.93123874292477,base_plus_datagov_context
CBR,HGB,1785,2,26.7,37.93123874292477,base_plus_datagov_context
CBR,HGB,1786,2,25.12,37.79879568087077,base_plus_datagov_context
CBR,HGB,1787,2,27.14,37.93123874292477,base_plus_datagov_context
CBR,HGB,1788,2,31.16,37.93123874292477,base_plus_datagov_context
CBR,HGB,1789,2,26.11,37.979643705028764,base_plus_datagov_context
CBR,HGB,1790,2,28.13,38.08979232284497,base_plus_datagov_context
CBR,HGB,1791,2,30.12,38.08979232284497,base_plus_datagov_context
CBR,HGB,1792,2,1.0,17.817974393155787,base_plus_datagov_context
CBR,HGB,1793,2,1.0,14.699103637909909,base_plus_datagov_context
CBR,HGB,1794,2,1.0,17.817974393155787,base_plus_datagov_context
CBR,HGB,1795,2,25.0,17.817974393155787,base_plus_datagov_context
CBR,HGB,1796,2,26.0,14.699103637909909,base_plus_datagov_context
CBR,HGB,1797,2,17.0,17.817974393155787,base_plus_datagov_context
CBR,HGB,1798,2,2.0,17.817974393155787,base_plus_datagov_context
CBR,HGB,1799,2,1.0,14.699103637909909,base_plus_datagov_context
CBR,HGB,1800,2,1.0,17.817974393155787,base_plus_datagov_context
CBR,HGB,1801,2,24.0,17.817974393155787,base_plus_datagov_context
CBR,HGB,1802,2,28.0,14.699103637909909,base_plus_datagov_context
CBR,HGB,1803,2,19.0,17.817974393155787,base_plus_datagov_context
CBR,HGB,1804,2,1.0,17.817974393155787,base_plus_datagov_context
CBR,HGB,1805,2,1.0,14.699103637909909,base_plus_datagov_context
CBR,HGB,1806,2,1.0,17.817974393155787,base_plus_datagov_context
CBR,HGB,1807,2,29.0,17.817974393155787,base_plus_datagov_context
CBR,HGB,1808,2,31.0,14.699103637909909,base_plus_datagov_context
CBR,HGB,1809,2,21.0,17.817974393155787,base_plus_datagov_context
CBR,HGB,1810,2,2.0,17.817974393155787,base_plus_datagov_context
CBR,HGB,1811,2,2.0,14.699103637909909,base_plus_datagov_context
CBR,HGB,1812,2,1.0,17.817974393155787,base_plus_datagov_context
CBR,HGB,1813,2,18.0,17.817974393155787,base_plus_datagov_context
CBR,HGB,1814,2,33.0,14.699103637909909,base_plus_datagov_context
CBR,HGB,1815,2,15.0,17.817974393155787,base_plus_datagov_context
CBR,HGB,1816,2,3.0,18.472690832394854,base_plus_datagov_context
CBR,HGB,1817,2,4.0,15.160891006098044,base_plus_datagov_context
CBR,HGB,1818,2,1.0,18.472690832394854,base_plus_datagov_context
CBR,HGB,1819,2,23.0,18.472690832394854,base_plus_datagov_context
CBR,HGB,1820,2,40.0,15.160891006098044,base_plus_datagov_context
CBR,HGB,1821,2,14.0,18.472690832394854,base_plus_datagov_context
CBR,HGB,1822,2,4.0,18.43699252802793,base_plus_datagov_context
CBR,HGB,1823,2,5.0,15.130356734006707,base_plus_datagov_context
CBR,HGB,1824,2,1.0,18.43699252802793,base_plus_datagov_context
CBR,HGB,1825,2,26.0,18.43699252802793,base_plus_datagov_context
CBR,HGB,1826,2,49.0,15.130356734006707,base_plus_datagov_context
CBR,HGB,1827,2,11.0,18.43699252802793,base_plus_datagov_context
CBR,HGB,1828,2,2.0,17.817974393155787,base_plus_datagov_context
CBR,HGB,1829,2,3.0,14.699103637909909,base_plus_datagov_context
CBR,HGB,1830,2,1.0,17.817974393155787,base_plus_datagov_context
CBR,HGB,1831,2,22.0,17.817974393155787,base_plus_datagov_context
CBR,HGB,1832,2,31.0,14.699103637909909,base_plus_datagov_context
CBR,HGB,1833,2,29.0,17.817974393155787,base_plus_datagov_context
CBR,HGB,1834,2,4.0,18.43458702267993,base_plus_datagov_context
CBR,HGB,1835,2,5.0,15.130356734006707,base_plus_datagov_context
CBR,HGB,1836,2,2.0,18.43458702267993,base_plus_datagov_context
CBR,HGB,1837,2,32.0,18.43458702267993,base_plus_datagov_context
CBR,HGB,1838,2,38.0,15.130356734006707,base_plus_datagov_context
CBR,HGB,1839,2,31.0,18.43458702267993,base_plus_datagov_context
CBR,HGB,1840,2,6.0,18.43699252802793,base_plus_datagov_context
CBR,HGB,1841,2,6.0,15.130356734006707,base_plus_datagov_context
CBR,HGB,1842,2,3.0,18.43699252802793,base_plus_datagov_context
CBR,HGB,1843,2,39.0,18.43699252802793,base_plus_datagov_context
CBR,HGB,1844,2,42.0,15.130356734006707,base_plus_datagov_context
CBR,HGB,1845,2,33.0,18.43699252802793,base_plus_datagov_context
CBR,HGB,1846,2,4.0,17.817974393155787,base_plus_datagov_context
CBR,HGB,1847,2,6.0,14.699103637909909,base_plus_datagov_context
CBR,HGB,1848,2,3.0,17.817974393155787,base_plus_datagov_context
CBR,HGB,1849,2,21.0,17.817974393155787,base_plus_datagov_context
CBR,HGB,1850,2,47.0,14.699103637909909,base_plus_datagov_context
CBR,HGB,1851,2,33.0,17.817974393155787,base_plus_datagov_context
CBR,HGB,1852,2,6.0,18.43458702267993,base_plus_datagov_context
CBR,HGB,1853,2,10.0,15.130356734006707,base_plus_datagov_context
CBR,HGB,1854,2,5.0,18.43458702267993,base_plus_datagov_context
CBR,HGB,1855,2,30.0,18.43458702267993,base_plus_datagov_context
CBR,HGB,1856,2,49.0,15.130356734006707,base_plus_datagov_context
CBR,HGB,1857,2,37.0,18.43458702267993,base_plus_datagov_context
CBR,HGB,1858,2,7.0,18.444469391363924,base_plus_datagov_context
CBR,HGB,1859,2,12.0,15.137833597342702,base_plus_datagov_context
CBR,HGB,1860,2,6.0,18.444469391363924,base_plus_datagov_context
CBR,HGB,1861,2,43.0,18.444469391363924,base_plus_datagov_context
CBR,HGB,1862,2,54.0,15.137833597342702,base_plus_datagov_context
CBR,HGB,1863,2,43.0,18.444469391363924,base_plus_datagov_context
CBR,HGB,1864,2,1.2,7.389508730872924,base_plus_datagov_context
CBR,HGB,1865,2,1.0,7.389508730872924,base_plus_datagov_context
CBR,HGB,1866,2,3.0,7.389508730872924,base_plus_datagov_context
CBR,HGB,1867,2,3.2,7.389508730872924,base_plus_datagov_context
CBR,HGB,1868,2,4.0,7.385927785404082,base_plus_datagov_context
CBR,HGB,1869,2,5.1,7.385927785404082,base_plus_datagov_context
CBR,HGB,1870,2,8.0,8.057268915726027,base_plus_datagov_context
CBR,HGB,1871,2,10.5,8.057268915726027,base_plus_datagov_context
CBR,HGB,1872,2,9.0,7.530927463631542,base_plus_datagov_context
CBR,HGB,1873,2,11.0,7.530927463631542,base_plus_datagov_context
CBR,HGB,1874,2,10.75,11.209312578547408,base_plus_datagov_context
CBR,HGB,1875,2,7.39,11.209312578547408,base_plus_datagov_context
CBR,HGB,1876,2,8.1,33.208267799444044,base_plus_datagov_context
CBR,HGB,1877,2,11.65,33.10766306775043,base_plus_datagov_context
CBR,HGB,1878,2,15.97,33.10766306775043,base_plus_datagov_context
CBR,HGB,1879,2,12.93,33.49887011513183,base_plus_datagov_context
CBR,HGB,1880,2,22.44,32.518360164297896,base_plus_datagov_context
CBR,HGB,1881,2,15.26,43.16690917974542,base_plus_datagov_context
CBR,HGB,1882,2,13.96,43.1762491734842,base_plus_datagov_context
CBR,HGB,1883,2,10.68,43.08885212657292,base_plus_datagov_context
CBR,HGB,1884,2,6.75,34.27028672249278,base_plus_datagov_context
CBR,HGB,1885,2,3.82,34.82811964018499,base_plus_datagov_context
CBR,HGB,1886,2,14.07,43.16690917974542,base_plus_datagov_context
CBR,HGB,1887,2,13.06,43.1762491734842,base_plus_datagov_context
CBR,HGB,1888,2,10.06,43.08885212657292,base_plus_datagov_context
CBR,HGB,1889,2,7.3,34.27028672249278,base_plus_datagov_context
CBR,HGB,1890,2,4.16,34.82811964018499,base_plus_datagov_context
CBR,HGB,2133,3,8.94,14.82933628591659,base_plus_datagov_context
CBR,HGB,2134,3,8.94,14.82933628591659,base_plus_datagov_context
CBR,HGB,2135,3,7.63,14.82933628591659,base_plus_datagov_context
CBR,HGB,2136,3,7.63,14.82933628591659,base_plus_datagov_context
CBR,HGB,2137,3,5.94,14.82933628591659,base_plus_datagov_context
CBR,HGB,2138,3,5.94,14.82933628591659,base_plus_datagov_context
CBR,HGB,2139,3,4.93,15.287549666345816,base_plus_datagov_context
CBR,HGB,2140,3,4.93,15.287549666345816,base_plus_datagov_context
CBR,HGB,2141,3,3.279,13.406942236193563,base_plus_datagov_context
CBR,HGB,2142,3,3.279,13.406942236193563,base_plus_datagov_context
CBR,HGB,2143,3,3.923,13.406942236193563,base_plus_datagov_context
CBR,HGB,2144,3,3.923,13.406942236193563,base_plus_datagov_context
CBR,HGB,2145,3,4.772,13.735571501751314,base_plus_datagov_context
CBR,HGB,2146,3,4.772,13.735571501751314,base_plus_datagov_context
CBR,HGB,2147,3,3.347,13.735571501751314,base_plus_datagov_context
CBR,HGB,2148,3,3.347,13.735571501751314,base_plus_datagov_context
CBR,HGB,2149,3,4.76,17.894979633762787,base_plus_datagov_context
CBR,HGB,2150,3,4.76,17.894979633762787,base_plus_datagov_context
CBR,HGB,2151,3,4.5,9.852805754983478,base_plus_datagov_context
CBR,HGB,2152,3,4.5,9.852805754983478,base_plus_datagov_context
CBR,HGB,2153,3,5.5,10.429963667090936,base_plus_datagov_context
CBR,HGB,2154,3,5.5,10.429963667090936,base_plus_datagov_context
CBR,HGB,2155,3,7.3,10.429963667090936,base_plus_datagov_context
CBR,HGB,2156,3,7.3,10.429963667090936,base_plus_datagov_context
CBR,HGB,2157,3,12.0,10.429963667090936,base_plus_datagov_context
CBR,HGB,2158,3,12.0,10.429963667090936,base_plus_datagov_context
CBR,HGB,2159,3,6.5,21.688881747505665,base_plus_datagov_context
CBR,HGB,2160,3,6.5,21.688881747505665,base_plus_datagov_context
CBR,HGB,2161,3,14.0,21.688881747505665,base_plus_datagov_context
CBR,HGB,2162,3,14.0,21.688881747505665,base_plus_datagov_context
CBR,HGB,2163,3,7.0,18.448593330492912,base_plus_datagov_context
CBR,HGB,2164,3,7.0,18.448593330492912,base_plus_datagov_context
CBR,HGB,2165,3,15.5,18.448593330492912,base_plus_datagov_context
CBR,HGB,2166,3,15.5,18.448593330492912,base_plus_datagov_context
CBR,HGB,2167,3,7.2,17.996630411776,base_plus_datagov_context
CBR,HGB,2168,3,7.2,17.996630411776,base_plus_datagov_context
CBR,HGB,2169,3,10.2,17.996630411776,base_plus_datagov_context
CBR,HGB,2170,3,10.2,17.996630411776,base_plus_datagov_context
CBR,HGB,2171,3,16.7,17.996630411776,base_plus_datagov_context
CBR,HGB,2172,3,16.7,17.996630411776,base_plus_datagov_context
CBR,HGB,2173,3,5.6,11.053691077551727,base_plus_datagov_context
CBR,HGB,2174,3,5.6,11.053691077551727,base_plus_datagov_context
CBR,HGB,2175,3,6.0,11.053691077551727,base_plus_datagov_context
CBR,HGB,2176,3,6.0,11.053691077551727,base_plus_datagov_context
CBR,HGB,2177,3,0.9,21.688881747505665,base_plus_datagov_context
CBR,HGB,2178,3,0.9,21.688881747505665,base_plus_datagov_context
CBR,HGB,2179,3,1.8,14.39162947683257,base_plus_datagov_context
CBR,HGB,2180,3,1.8,14.39162947683257,base_plus_datagov_context
CBR,HGB,2181,3,3.76,15.287549666345816,base_plus_datagov_context
CBR,HGB,2182,3,3.76,15.287549666345816,base_plus_datagov_context
CBR,HGB,2183,3,4.178,13.735571501751314,base_plus_datagov_context
CBR,HGB,2184,3,4.178,13.735571501751314,base_plus_datagov_context
CBR,HGB,2185,3,3.0,9.852805754983478,base_plus_datagov_context
CBR,HGB,2186,3,3.0,9.852805754983478,base_plus_datagov_context
CBR,HGB,2187,3,6.8,9.852805754983478,base_plus_datagov_context
CBR,HGB,2188,3,6.8,9.852805754983478,base_plus_datagov_context
CBR,HGB,2189,3,8.6,21.688881747505665,base_plus_datagov_context
CBR,HGB,2190,3,8.6,21.688881747505665,base_plus_datagov_context
CBR,HGB,2191,3,9.7,18.448593330492912,base_plus_datagov_context
CBR,HGB,2192,3,9.7,18.448593330492912,base_plus_datagov_context
CBR,HGB,2193,3,8.3,11.053691077551727,base_plus_datagov_context
CBR,HGB,2194,3,8.3,11.053691077551727,base_plus_datagov_context
CBR,HGB,2195,3,10.68,15.287549666345816,base_plus_datagov_context
CBR,HGB,2196,3,10.68,15.287549666345816,base_plus_datagov_context
CBR,HGB,2197,3,30.66,15.113367574741133,base_plus_datagov_context
CBR,HGB,2198,3,30.66,15.113367574741133,base_plus_datagov_context
CBR,HGB,2199,3,58.67,14.82933628591659,base_plus_datagov_context
CBR,HGB,2200,3,58.67,14.82933628591659,base_plus_datagov_context
CBR,HGB,2201,3,9.0,21.68986925525441,base_plus_datagov_context
CBR,HGB,2202,3,9.0,21.68986925525441,base_plus_datagov_context
CBR,HGB,2203,3,5.1,15.287549666345816,base_plus_datagov_context
CBR,HGB,2204,3,5.1,15.287549666345816,base_plus_datagov_context
CBR,HGB,2205,3,20.0,15.287549666345816,base_plus_datagov_context
CBR,HGB,2206,3,20.0,15.287549666345816,base_plus_datagov_context
CBR,HGB,2207,3,24.0,15.287549666345816,base_plus_datagov_context
CBR,HGB,2208,3,24.0,15.287549666345816,base_plus_datagov_context
CBR,HGB,2209,3,30.0,15.113367574741133,base_plus_datagov_context
CBR,HGB,2210,3,30.0,15.113367574741133,base_plus_datagov_context
CBR,HGB,2211,3,51.0,14.82933628591659,base_plus_datagov_context
CBR,HGB,2212,3,51.0,14.82933628591659,base_plus_datagov_context
CBR,ExtraTrees,1891,1,8.0,9.648766666666686,base_plus_datagov_context
CBR,ExtraTrees,1892,1,8.0,9.648766666666686,base_plus_datagov_context
CBR,ExtraTrees,1893,1,8.1,9.648766666666686,base_plus_datagov_context
CBR,ExtraTrees,1894,1,8.1,9.648766666666686,base_plus_datagov_context
CBR,ExtraTrees,1895,1,8.2,8.858700666666698,base_plus_datagov_context
CBR,ExtraTrees,1896,1,8.2,8.858700666666698,base_plus_datagov_context
CBR,ExtraTrees,1897,1,8.2,8.374282666666701,base_plus_datagov_context
CBR,ExtraTrees,1898,1,8.2,8.374282666666701,base_plus_datagov_context
CBR,ExtraTrees,1899,1,8.3,7.992274666666701,base_plus_datagov_context
CBR,ExtraTrees,1900,1,8.3,7.992274666666701,base_plus_datagov_context
CBR,ExtraTrees,1901,1,8.5,7.433110666666701,base_plus_datagov_context
CBR,ExtraTrees,1902,1,8.5,7.433110666666701,base_plus_datagov_context
CBR,ExtraTrees,1903,1,8.55,6.968978666666701,base_plus_datagov_context
CBR,ExtraTrees,1904,1,8.55,6.968978666666701,base_plus_datagov_context
CBR,ExtraTrees,1905,1,8.6,6.903326666666703,base_plus_datagov_context
CBR,ExtraTrees,1906,1,8.6,6.903326666666703,base_plus_datagov_context
CBR,ExtraTrees,1907,1,8.6,6.498934666666705,base_plus_datagov_context
CBR,ExtraTrees,1908,1,8.6,6.498934666666705,base_plus_datagov_context
CBR,ExtraTrees,1909,1,8.85,6.409739666666707,base_plus_datagov_context
CBR,ExtraTrees,1910,1,8.85,6.409739666666707,base_plus_datagov_context
CBR,ExtraTrees,1911,1,9.2,6.012617666666708,base_plus_datagov_context
CBR,ExtraTrees,1912,1,9.2,6.012617666666708,base_plus_datagov_context
CBR,ExtraTrees,1913,1,9.25,5.902088666666708,base_plus_datagov_context
CBR,ExtraTrees,1914,1,9.25,5.902088666666708,base_plus_datagov_context
CBR,ExtraTrees,1915,1,9.4,5.557884666666711,base_plus_datagov_context
CBR,ExtraTrees,1916,1,9.4,5.557884666666711,base_plus_datagov_context
CBR,ExtraTrees,1917,1,9.5,5.374617666666711,base_plus_datagov_context
CBR,ExtraTrees,1918,1,9.5,5.374617666666711,base_plus_datagov_context
CBR,ExtraTrees,1919,1,9.7,5.17887966666671,base_plus_datagov_context
CBR,ExtraTrees,1920,1,9.7,5.17887966666671,base_plus_datagov_context
CBR,ExtraTrees,1921,1,9.8,5.1002646666667095,base_plus_datagov_context
CBR,ExtraTrees,1922,1,9.8,5.1002646666667095,base_plus_datagov_context
CBR,ExtraTrees,1923,1,9.8,4.9832246666667075,base_plus_datagov_context
CBR,ExtraTrees,1924,1,9.8,4.9832246666667075,base_plus_datagov_context
CBR,ExtraTrees,1925,1,9.85,4.968760666666707,base_plus_datagov_context
CBR,ExtraTrees,1926,1,9.85,4.968760666666707,base_plus_datagov_context
CBR,ExtraTrees,1927,1,9.92,4.727246666666706,base_plus_datagov_context
CBR,ExtraTrees,1928,1,9.92,4.727246666666706,base_plus_datagov_context
CBR,ExtraTrees,1929,1,9.96,4.5602306666667065,base_plus_datagov_context
CBR,ExtraTrees,1930,1,9.96,4.5602306666667065,base_plus_datagov_context
CBR,ExtraTrees,1931,1,10.4,4.535392666666707,base_plus_datagov_context
CBR,ExtraTrees,1932,1,10.4,4.535392666666707,base_plus_datagov_context
CBR,ExtraTrees,1933,1,10.4,4.223477666666704,base_plus_datagov_context
CBR,ExtraTrees,1934,1,10.4,4.223477666666704,base_plus_datagov_context
CBR,ExtraTrees,1935,1,10.7,4.221842666666704,base_plus_datagov_context
CBR,ExtraTrees,1936,1,10.7,4.221842666666704,base_plus_datagov_context
CBR,ExtraTrees,1937,1,11.0,4.190718666666699,base_plus_datagov_context
CBR,ExtraTrees,1938,1,11.0,4.190718666666699,base_plus_datagov_context
CBR,ExtraTrees,1939,1,11.6,4.280496333333364,base_plus_datagov_context
CBR,ExtraTrees,1940,1,11.6,4.280496333333364,base_plus_datagov_context
CBR,ExtraTrees,1941,1,12.0,4.268386666666698,base_plus_datagov_context
CBR,ExtraTrees,1942,1,12.0,4.268386666666698,base_plus_datagov_context
CBR,ExtraTrees,1943,1,12.1,4.34556000000003,base_plus_datagov_context
CBR,ExtraTrees,1944,1,12.1,4.34556000000003,base_plus_datagov_context
CBR,ExtraTrees,1945,1,12.4,4.489044000000021,base_plus_datagov_context
CBR,ExtraTrees,1946,1,12.4,4.489044000000021,base_plus_datagov_context
CBR,ExtraTrees,1947,1,12.9,4.650513000000021,base_plus_datagov_context
CBR,ExtraTrees,1948,1,12.9,4.650513000000021,base_plus_datagov_context
CBR,ExtraTrees,1949,1,13.3,4.685819000000022,base_plus_datagov_context
CBR,ExtraTrees,1950,1,13.3,4.685819000000022,base_plus_datagov_context
CBR,ExtraTrees,1951,1,13.8,4.678329000000022,base_plus_datagov_context
CBR,ExtraTrees,1952,1,13.8,4.678329000000022,base_plus_datagov_context
CBR,ExtraTrees,1953,1,13.9,4.780600333333357,base_plus_datagov_context
CBR,ExtraTrees,1954,1,13.9,4.780600333333357,base_plus_datagov_context
CBR,ExtraTrees,1955,1,14.2,4.8158536666666905,base_plus_datagov_context
CBR,ExtraTrees,1956,1,14.2,4.8158536666666905,base_plus_datagov_context
CBR,ExtraTrees,1957,1,14.5,4.87051266666669,base_plus_datagov_context
CBR,ExtraTrees,1958,1,14.5,4.87051266666669,base_plus_datagov_context
CBR,ExtraTrees,1959,1,14.7,4.930693333333355,base_plus_datagov_context
CBR,ExtraTrees,1960,1,14.7,4.930693333333355,base_plus_datagov_context
CBR,ExtraTrees,1961,1,14.8,4.967078666666691,base_plus_datagov_context
CBR,ExtraTrees,1962,1,14.8,4.967078666666691,base_plus_datagov_context
CBR,ExtraTrees,1963,1,15.0,4.988692666666691,base_plus_datagov_context
CBR,ExtraTrees,1964,1,15.0,4.988692666666691,base_plus_datagov_context
CBR,ExtraTrees,1965,1,15.3,4.988155000000024,base_plus_datagov_context
CBR,ExtraTrees,1966,1,15.3,4.988155000000024,base_plus_datagov_context
CBR,ExtraTrees,1967,1,15.7,4.974881666666691,base_plus_datagov_context
CBR,ExtraTrees,1968,1,15.7,4.974881666666691,base_plus_datagov_context
CBR,ExtraTrees,1969,1,15.9,5.027670000000025,base_plus_datagov_context
CBR,ExtraTrees,1970,1,15.9,5.027670000000025,base_plus_datagov_context
CBR,ExtraTrees,1971,1,16.0,4.970103333333358,base_plus_datagov_context
CBR,ExtraTrees,1972,1,16.0,4.970103333333358,base_plus_datagov_context
CBR,ExtraTrees,1973,1,16.3,4.989282000000021,base_plus_datagov_context
CBR,ExtraTrees,1974,1,16.3,4.989282000000021,base_plus_datagov_context
CBR,ExtraTrees,1975,1,16.8,5.0138478333333545,base_plus_datagov_context
CBR,ExtraTrees,1976,1,16.8,5.0138478333333545,base_plus_datagov_context
CBR,ExtraTrees,1977,1,17.5,4.876779500000016,base_plus_datagov_context
CBR,ExtraTrees,1978,1,17.5,4.876779500000016,base_plus_datagov_context
CBR,ExtraTrees,1979,1,17.8,4.817175500000013,base_plus_datagov_context
CBR,ExtraTrees,1980,1,17.8,4.817175500000013,base_plus_datagov_context
CBR,ExtraTrees,1981,1,18.0,5.130791976190491,base_plus_datagov_context
CBR,ExtraTrees,1982,1,18.0,5.130791976190491,base_plus_datagov_context
CBR,ExtraTrees,1983,1,18.1,4.95952492857144,base_plus_datagov_context
CBR,ExtraTrees,1984,1,18.1,4.95952492857144,base_plus_datagov_context
CBR,ExtraTrees,1985,1,18.3,5.056531404761919,base_plus_datagov_context
CBR,ExtraTrees,1986,1,18.3,5.056531404761919,base_plus_datagov_context
CBR,ExtraTrees,1987,1,18.8,5.6457145571428695,base_plus_datagov_context
CBR,ExtraTrees,1988,1,18.8,5.6457145571428695,base_plus_datagov_context
CBR,ExtraTrees,1989,1,19.5,6.184167628571437,base_plus_datagov_context
CBR,ExtraTrees,1990,1,19.5,6.184167628571437,base_plus_datagov_context
CBR,ExtraTrees,1991,1,19.8,6.09427596190477,base_plus_datagov_context
CBR,ExtraTrees,1992,1,19.8,6.09427596190477,base_plus_datagov_context
CBR,ExtraTrees,1993,1,19.9,6.436251961904766,base_plus_datagov_context
CBR,ExtraTrees,1994,1,19.9,6.436251961904766,base_plus_datagov_context
CBR,ExtraTrees,1995,1,20.0,6.403159295238093,base_plus_datagov_context
CBR,ExtraTrees,1996,1,20.0,6.403159295238093,base_plus_datagov_context
CBR,ExtraTrees,1997,1,20.3,6.845878961904748,base_plus_datagov_context
CBR,ExtraTrees,1998,1,20.3,6.845878961904748,base_plus_datagov_context
CBR,ExtraTrees,1999,1,20.9,7.453355628571398,base_plus_datagov_context
CBR,ExtraTrees,2000,1,20.9,7.453355628571398,base_plus_datagov_context
CBR,ExtraTrees,2001,1,21.7,7.68402996190473,base_plus_datagov_context
CBR,ExtraTrees,2002,1,21.7,7.68402996190473,base_plus_datagov_context
CBR,ExtraTrees,2003,1,21.9,8.060544199999963,base_plus_datagov_context
CBR,ExtraTrees,2004,1,21.9,8.060544199999963,base_plus_datagov_context
CBR,ExtraTrees,2005,1,22.1,8.426287199999962,base_plus_datagov_context
CBR,ExtraTrees,2006,1,22.1,8.426287199999962,base_plus_datagov_context
CBR,ExtraTrees,2007,1,22.3,8.490972533333297,base_plus_datagov_context
CBR,ExtraTrees,2008,1,22.3,8.490972533333297,base_plus_datagov_context
CBR,ExtraTrees,2009,1,22.5,8.430502866666629,base_plus_datagov_context
CBR,ExtraTrees,2010,1,22.5,8.430502866666629,base_plus_datagov_context
CBR,ExtraTrees,2011,1,22.8,8.77638986666664,base_plus_datagov_context
CBR,ExtraTrees,2012,1,22.8,8.77638986666664,base_plus_datagov_context
CBR,ExtraTrees,2013,1,23.1,9.041407866666653,base_plus_datagov_context
CBR,ExtraTrees,2014,1,23.1,9.041407866666653,base_plus_datagov_context
CBR,ExtraTrees,2015,1,23.3,9.516271866666656,base_plus_datagov_context
CBR,ExtraTrees,2016,1,23.3,9.516271866666656,base_plus_datagov_context
CBR,ExtraTrees,2017,1,23.7,9.768647200000009,base_plus_datagov_context
CBR,ExtraTrees,2018,1,23.7,9.768647200000009,base_plus_datagov_context
CBR,ExtraTrees,2019,1,23.8,11.13879386666668,base_plus_datagov_context
CBR,ExtraTrees,2020,1,23.8,11.13879386666668,base_plus_datagov_context
CBR,ExtraTrees,2021,1,24.0,12.044330200000026,base_plus_datagov_context
CBR,ExtraTrees,2022,1,24.0,12.044330200000026,base_plus_datagov_context
CBR,ExtraTrees,2023,1,24.3,12.983469200000028,base_plus_datagov_context
CBR,ExtraTrees,2024,1,24.3,12.983469200000028,base_plus_datagov_context
CBR,ExtraTrees,2025,1,24.9,13.343133866666696,base_plus_datagov_context
CBR,ExtraTrees,2026,1,24.9,13.343133866666696,base_plus_datagov_context
CBR,ExtraTrees,2027,1,25.2,14.128878866666707,base_plus_datagov_context
CBR,ExtraTrees,2028,1,25.2,14.128878866666707,base_plus_datagov_context
CBR,ExtraTrees,2029,1,25.5,15.052810533333384,base_plus_datagov_context
CBR,ExtraTrees,2030,1,25.5,15.052810533333384,base_plus_datagov_context
CBR,ExtraTrees,2031,1,25.9,15.631885533333392,base_plus_datagov_context
CBR,ExtraTrees,2032,1,25.9,15.631885533333392,base_plus_datagov_context
CBR,ExtraTrees,2033,1,26.2,16.6212435333334,base_plus_datagov_context
CBR,ExtraTrees,2034,1,26.2,16.6212435333334,base_plus_datagov_context
CBR,ExtraTrees,2035,1,26.6,17.90454240000004,base_plus_datagov_context
CBR,ExtraTrees,2036,1,26.6,17.90454240000004,base_plus_datagov_context
CBR,ExtraTrees,2037,1,27.0,18.675608400000026,base_plus_datagov_context
CBR,ExtraTrees,2038,1,27.0,18.675608400000026,base_plus_datagov_context
CBR,ExtraTrees,2039,1,27.3,19.295738733333348,base_plus_datagov_context
CBR,ExtraTrees,2040,1,27.3,19.295738733333348,base_plus_datagov_context
CBR,ExtraTrees,2041,1,27.6,19.90247406666666,base_plus_datagov_context
CBR,ExtraTrees,2042,1,27.6,19.90247406666666,base_plus_datagov_context
CBR,ExtraTrees,2043,1,27.7,20.20537706666665,base_plus_datagov_context
CBR,ExtraTrees,2044,1,27.7,20.20537706666665,base_plus_datagov_context
CBR,ExtraTrees,2045,1,28.3,20.895124399999975,base_plus_datagov_context
CBR,ExtraTrees,2046,1,28.3,20.895124399999975,base_plus_datagov_context
CBR,ExtraTrees,2047,1,28.5,21.533800399999954,base_plus_datagov_context
CBR,ExtraTrees,2048,1,28.5,21.533800399999954,base_plus_datagov_context
CBR,ExtraTrees,2049,1,28.7,22.036037399999937,base_plus_datagov_context
CBR,ExtraTrees,2050,1,28.7,22.036037399999937,base_plus_datagov_context
CBR,ExtraTrees,2051,1,29.0,22.1955310666666,base_plus_datagov_context
CBR,ExtraTrees,2052,1,29.0,22.1955310666666,base_plus_datagov_context
CBR,ExtraTrees,2053,1,29.3,22.357167733333267,base_plus_datagov_context
CBR,ExtraTrees,2054,1,29.3,22.357167733333267,base_plus_datagov_context
CBR,ExtraTrees,2055,1,29.9,23.052522733333255,base_plus_datagov_context
CBR,ExtraTrees,2056,1,29.9,23.052522733333255,base_plus_datagov_context
CBR,ExtraTrees,2057,1,30.4,23.478696733333244,base_plus_datagov_context
CBR,ExtraTrees,2058,1,30.4,23.478696733333244,base_plus_datagov_context
CBR,ExtraTrees,2059,1,30.7,23.548680066666574,base_plus_datagov_context
CBR,ExtraTrees,2060,1,30.7,23.548680066666574,base_plus_datagov_context
CBR,ExtraTrees,2061,1,31.2,23.592762066666584,base_plus_datagov_context
CBR,ExtraTrees,2062,1,31.2,23.592762066666584,base_plus_datagov_context
CBR,ExtraTrees,2063,1,31.5,23.752419399999916,base_plus_datagov_context
CBR,ExtraTrees,2064,1,31.5,23.752419399999916,base_plus_datagov_context
CBR,ExtraTrees,2065,1,32.1,24.081268399999917,base_plus_datagov_context
CBR,ExtraTrees,2066,1,32.1,24.081268399999917,base_plus_datagov_context
CBR,ExtraTrees,2067,1,32.4,24.280339733333253,base_plus_datagov_context
CBR,ExtraTrees,2068,1,32.4,24.280339733333253,base_plus_datagov_context
CBR,ExtraTrees,2069,1,33.5,24.23035973333326,base_plus_datagov_context
CBR,ExtraTrees,2070,1,33.5,24.23035973333326,base_plus_datagov_context
CBR,ExtraTrees,2071,1,34.0,24.19027839999993,base_plus_datagov_context
CBR,ExtraTrees,2072,1,34.0,24.19027839999993,base_plus_datagov_context
CBR,ExtraTrees,2073,1,34.5,24.15700239999993,base_plus_datagov_context
CBR,ExtraTrees,2074,1,34.5,24.15700239999993,base_plus_datagov_context
CBR,ExtraTrees,2075,1,34.8,24.15700239999993,base_plus_datagov_context
CBR,ExtraTrees,2076,1,34.8,24.15700239999993,base_plus_datagov_context
CBR,ExtraTrees,2077,1,35.2,24.15700239999993,base_plus_datagov_context
CBR,ExtraTrees,2078,1,35.2,24.15700239999993,base_plus_datagov_context
CBR,ExtraTrees,2079,1,35.8,24.15700239999993,base_plus_datagov_context
CBR,ExtraTrees,2080,1,35.8,24.15700239999993,base_plus_datagov_context
CBR,ExtraTrees,2081,1,36.0,24.15700239999993,base_plus_datagov_context
CBR,ExtraTrees,2082,1,36.0,24.15700239999993,base_plus_datagov_context
CBR,ExtraTrees,2083,1,36.5,24.24771606666659,base_plus_datagov_context
CBR,ExtraTrees,2084,1,36.5,24.24771606666659,base_plus_datagov_context
CBR,ExtraTrees,2085,1,36.9,24.236853399999926,base_plus_datagov_context
CBR,ExtraTrees,2086,1,36.9,24.236853399999926,base_plus_datagov_context
CBR,ExtraTrees,2087,1,37.6,24.25472739999993,base_plus_datagov_context
CBR,ExtraTrees,2088,1,37.6,24.25472739999993,base_plus_datagov_context
CBR,ExtraTrees,2089,1,37.8,24.14527373333327,base_plus_datagov_context
CBR,ExtraTrees,2090,1,37.8,24.14527373333327,base_plus_datagov_context
CBR,ExtraTrees,2091,1,38.0,23.994350733333274,base_plus_datagov_context
CBR,ExtraTrees,2092,1,38.0,23.994350733333274,base_plus_datagov_context
CBR,ExtraTrees,2093,1,38.3,23.583948733333287,base_plus_datagov_context
CBR,ExtraTrees,2094,1,38.3,23.583948733333287,base_plus_datagov_context
CBR,ExtraTrees,2095,1,38.5,23.327371733333297,base_plus_datagov_context
CBR,ExtraTrees,2096,1,38.5,23.327371733333297,base_plus_datagov_context
CBR,ExtraTrees,2097,1,38.9,23.064279399999975,base_plus_datagov_context
CBR,ExtraTrees,2098,1,38.9,23.064279399999975,base_plus_datagov_context
CBR,ExtraTrees,2099,1,39.6,22.87366139999997,base_plus_datagov_context
CBR,ExtraTrees,2100,1,39.6,22.87366139999997,base_plus_datagov_context
CBR,ExtraTrees,2101,1,40.0,22.737716733333308,base_plus_datagov_context
CBR,ExtraTrees,2102,1,40.0,22.737716733333308,base_plus_datagov_context
CBR,ExtraTrees,2103,1,41.1,22.490596399999976,base_plus_datagov_context
CBR,ExtraTrees,2104,1,41.1,22.490596399999976,base_plus_datagov_context
CBR,ExtraTrees,2105,1,42.4,22.452459399999974,base_plus_datagov_context
CBR,ExtraTrees,2106,1,42.4,22.452459399999974,base_plus_datagov_context
CBR,ExtraTrees,2107,1,43.2,22.296655399999974,base_plus_datagov_context
CBR,ExtraTrees,2108,1,43.2,22.296655399999974,base_plus_datagov_context
CBR,ExtraTrees,2109,1,43.5,22.25529606666664,base_plus_datagov_context
CBR,ExtraTrees,2110,1,43.5,22.25529606666664,base_plus_datagov_context
CBR,ExtraTrees,2111,1,44.0,22.25529606666664,base_plus_datagov_context
CBR,ExtraTrees,2112,1,44.0,22.25529606666664,base_plus_datagov_context
CBR,ExtraTrees,2113,1,44.0,22.25529606666664,base_plus_datagov_context
CBR,ExtraTrees,2114,1,44.0,22.25529606666664,base_plus_datagov_context
CBR,ExtraTrees,2115,1,44.5,22.225185066666644,base_plus_datagov_context
CBR,ExtraTrees,2116,1,44.5,22.225185066666644,base_plus_datagov_context
CBR,ExtraTrees,2117,1,44.6,22.206038066666647,base_plus_datagov_context
CBR,ExtraTrees,2118,1,44.6,22.206038066666647,base_plus_datagov_context
CBR,ExtraTrees,2119,1,44.6,22.206038066666647,base_plus_datagov_context
CBR,ExtraTrees,2120,1,44.6,22.206038066666647,base_plus_datagov_context
CBR,ExtraTrees,2121,1,43.8,22.203607066666645,base_plus_datagov_context
CBR,ExtraTrees,2122,1,43.8,22.203607066666645,base_plus_datagov_context
CBR,ExtraTrees,2123,1,43.8,22.203607066666645,base_plus_datagov_context
CBR,ExtraTrees,2124,1,43.8,22.203607066666645,base_plus_datagov_context
CBR,ExtraTrees,2125,1,43.7,22.15534306666665,base_plus_datagov_context
CBR,ExtraTrees,2126,1,43.7,22.15534306666665,base_plus_datagov_context
CBR,ExtraTrees,2127,1,43.6,22.091470733333317,base_plus_datagov_context
CBR,ExtraTrees,2128,1,43.6,22.091470733333317,base_plus_datagov_context
CBR,ExtraTrees,2129,1,43.5,21.979414733333325,base_plus_datagov_context
CBR,ExtraTrees,2130,1,43.5,21.979414733333325,base_plus_datagov_context
CBR,ExtraTrees,2131,1,43.4,21.843356399999994,base_plus_datagov_context
CBR,ExtraTrees,2132,1,43.4,21.843356399999994,base_plus_datagov_context
CBR,ExtraTrees,1728,2,4.72,30.111526666666677,base_plus_datagov_context
CBR,ExtraTrees,1729,2,6.34,30.111526666666677,base_plus_datagov_context
CBR,ExtraTrees,1730,2,5.03,29.475999999999996,base_plus_datagov_context
CBR,ExtraTrees,1731,2,7.78,29.475999999999996,base_plus_datagov_context
CBR,ExtraTrees,1732,2,5.56,29.77287999999999,base_plus_datagov_context
CBR,ExtraTrees,1733,2,8.42,29.77287999999999,base_plus_datagov_context
CBR,ExtraTrees,1734,2,6.34,29.45819333333333,base_plus_datagov_context
CBR,ExtraTrees,1735,2,1.022,29.45819333333333,base_plus_datagov_context
CBR,ExtraTrees,1736,2,7.69,29.056866666666664,base_plus_datagov_context
CBR,ExtraTrees,1737,2,12.31,29.056866666666664,base_plus_datagov_context
CBR,ExtraTrees,1738,2,5.21,30.189579999999985,base_plus_datagov_context
CBR,ExtraTrees,1739,2,9.71,30.189579999999985,base_plus_datagov_context
CBR,ExtraTrees,1740,2,10.5,29.230399999999957,base_plus_datagov_context
CBR,ExtraTrees,1741,2,10.5,29.230399999999957,base_plus_datagov_context
CBR,ExtraTrees,1742,2,11.9,29.230399999999957,base_plus_datagov_context
CBR,ExtraTrees,1743,2,11.9,29.230399999999957,base_plus_datagov_context
CBR,ExtraTrees,1744,2,25.477,29.230399999999957,base_plus_datagov_context
CBR,ExtraTrees,1745,2,27.794,29.230399999999957,base_plus_datagov_context
CBR,ExtraTrees,1746,2,28.364,29.230399999999957,base_plus_datagov_context
CBR,ExtraTrees,1747,2,33.828,29.230399999999957,base_plus_datagov_context
CBR,ExtraTrees,1748,2,32.922,29.231199999999962,base_plus_datagov_context
CBR,ExtraTrees,1749,2,43.11,29.231199999999962,base_plus_datagov_context
CBR,ExtraTrees,1750,2,46.84,29.231199999999962,base_plus_datagov_context
CBR,ExtraTrees,1751,2,55.947,29.231199999999962,base_plus_datagov_context
CBR,ExtraTrees,1752,2,30.11,29.22459999999996,base_plus_datagov_context
CBR,ExtraTrees,1753,2,50.955,29.22459999999996,base_plus_datagov_context
CBR,ExtraTrees,1754,2,50.483,29.22459999999996,base_plus_datagov_context
CBR,ExtraTrees,1755,2,59.07,29.22459999999996,base_plus_datagov_context
CBR,ExtraTrees,1756,2,20.514,29.23131999999996,base_plus_datagov_context
CBR,ExtraTrees,1757,2,78.587,29.23131999999996,base_plus_datagov_context
CBR,ExtraTrees,1758,2,91.338,29.23131999999996,base_plus_datagov_context
CBR,ExtraTrees,1759,2,122.304,29.23131999999996,base_plus_datagov_context
CBR,ExtraTrees,1760,2,4.5,6.897964000000021,base_plus_datagov_context
CBR,ExtraTrees,1761,2,4.3,6.897964000000021,base_plus_datagov_context
CBR,ExtraTrees,1762,2,2.4,27.09463799999993,base_plus_datagov_context
CBR,ExtraTrees,1763,2,4.1,27.09463799999993,base_plus_datagov_context
CBR,ExtraTrees,1764,2,2.55,34.984201333333296,base_plus_datagov_context
CBR,ExtraTrees,1765,2,4.6,34.984201333333296,base_plus_datagov_context
CBR,ExtraTrees,1766,2,3.4,34.24705333333331,base_plus_datagov_context
CBR,ExtraTrees,1767,2,6.3,34.24705333333331,base_plus_datagov_context
CBR,ExtraTrees,1768,2,5.2,25.18868799999996,base_plus_datagov_context
CBR,ExtraTrees,1769,2,6.16,25.18868799999996,base_plus_datagov_context
CBR,ExtraTrees,1770,2,7.313,25.18868799999996,base_plus_datagov_context
CBR,ExtraTrees,1771,2,12.465,31.430978,base_plus_datagov_context
CBR,ExtraTrees,1772,2,14.756,31.430978,base_plus_datagov_context
CBR,ExtraTrees,1773,2,17.164,31.430978,base_plus_datagov_context
CBR,ExtraTrees,1774,2,20.958,31.079738,base_plus_datagov_context
CBR,ExtraTrees,1775,2,26.074,31.079738,base_plus_datagov_context
CBR,ExtraTrees,1776,2,29.08,31.079738,base_plus_datagov_context
CBR,ExtraTrees,1777,2,27.534,28.93369333333331,base_plus_datagov_context
CBR,ExtraTrees,1778,2,34.383,28.93369333333331,base_plus_datagov_context
CBR,ExtraTrees,1779,2,40.652,28.93369333333331,base_plus_datagov_context
CBR,ExtraTrees,1780,2,35.616,26.7496533333333,base_plus_datagov_context
CBR,ExtraTrees,1781,2,29.541,26.7496533333333,base_plus_datagov_context
CBR,ExtraTrees,1782,2,41.839,26.7496533333333,base_plus_datagov_context
CBR,ExtraTrees,1783,2,22.4,33.802022000000015,base_plus_datagov_context
CBR,ExtraTrees,1784,2,24.3,33.67334200000002,base_plus_datagov_context
CBR,ExtraTrees,1785,2,26.7,33.67334200000002,base_plus_datagov_context
CBR,ExtraTrees,1786,2,25.12,33.93966200000002,base_plus_datagov_context
CBR,ExtraTrees,1787,2,27.14,33.86700200000002,base_plus_datagov_context
CBR,ExtraTrees,1788,2,31.16,33.86700200000002,base_plus_datagov_context
CBR,ExtraTrees,1789,2,26.11,34.088922000000025,base_plus_datagov_context
CBR,ExtraTrees,1790,2,28.13,34.016262000000026,base_plus_datagov_context
CBR,ExtraTrees,1791,2,30.12,34.016262000000026,base_plus_datagov_context
CBR,ExtraTrees,1792,2,1.0,15.792653333333337,base_plus_datagov_context
CBR,ExtraTrees,1793,2,1.0,14.31542666666669,base_plus_datagov_context
CBR,ExtraTrees,1794,2,1.0,15.792653333333337,base_plus_datagov_context
CBR,ExtraTrees,1795,2,25.0,15.792653333333337,base_plus_datagov_context
CBR,ExtraTrees,1796,2,26.0,14.31542666666669,base_plus_datagov_context
CBR,ExtraTrees,1797,2,17.0,15.792653333333337,base_plus_datagov_context
CBR,ExtraTrees,1798,2,2.0,15.792653333333337,base_plus_datagov_context
CBR,ExtraTrees,1799,2,1.0,14.31542666666669,base_plus_datagov_context
CBR,ExtraTrees,1800,2,1.0,15.792653333333337,base_plus_datagov_context
CBR,ExtraTrees,1801,2,24.0,15.792653333333337,base_plus_datagov_context
CBR,ExtraTrees,1802,2,28.0,14.31542666666669,base_plus_datagov_context
CBR,ExtraTrees,1803,2,19.0,15.792653333333337,base_plus_datagov_context
CBR,ExtraTrees,1804,2,1.0,15.792653333333337,base_plus_datagov_context
CBR,ExtraTrees,1805,2,1.0,14.31542666666669,base_plus_datagov_context
CBR,ExtraTrees,1806,2,1.0,15.792653333333337,base_plus_datagov_context
CBR,ExtraTrees,1807,2,29.0,15.792653333333337,base_plus_datagov_context
CBR,ExtraTrees,1808,2,31.0,14.31542666666669,base_plus_datagov_context
CBR,ExtraTrees,1809,2,21.0,15.792653333333337,base_plus_datagov_context
CBR,ExtraTrees,1810,2,2.0,15.792653333333337,base_plus_datagov_context
CBR,ExtraTrees,1811,2,2.0,14.31542666666669,base_plus_datagov_context
CBR,ExtraTrees,1812,2,1.0,15.792653333333337,base_plus_datagov_context
CBR,ExtraTrees,1813,2,18.0,15.792653333333337,base_plus_datagov_context
CBR,ExtraTrees,1814,2,33.0,14.31542666666669,base_plus_datagov_context
CBR,ExtraTrees,1815,2,15.0,15.792653333333337,base_plus_datagov_context
CBR,ExtraTrees,1816,2,3.0,16.258020000000002,base_plus_datagov_context
CBR,ExtraTrees,1817,2,4.0,14.988393333333354,base_plus_datagov_context
CBR,ExtraTrees,1818,2,1.0,16.258020000000002,base_plus_datagov_context
CBR,ExtraTrees,1819,2,23.0,16.258020000000002,base_plus_datagov_context
CBR,ExtraTrees,1820,2,40.0,14.988393333333354,base_plus_datagov_context
CBR,ExtraTrees,1821,2,14.0,16.258020000000002,base_plus_datagov_context
CBR,ExtraTrees,1822,2,4.0,17.465366666666657,base_plus_datagov_context
CBR,ExtraTrees,1823,2,5.0,16.650693333333354,base_plus_datagov_context
CBR,ExtraTrees,1824,2,1.0,17.465366666666657,base_plus_datagov_context
CBR,ExtraTrees,1825,2,26.0,17.465366666666657,base_plus_datagov_context
CBR,ExtraTrees,1826,2,49.0,16.650693333333354,base_plus_datagov_context
CBR,ExtraTrees,1827,2,11.0,17.465366666666657,base_plus_datagov_context
CBR,ExtraTrees,1828,2,2.0,15.792653333333337,base_plus_datagov_context
CBR,ExtraTrees,1829,2,3.0,14.318826666666688,base_plus_datagov_context
CBR,ExtraTrees,1830,2,1.0,15.792653333333337,base_plus_datagov_context
CBR,ExtraTrees,1831,2,22.0,15.792653333333337,base_plus_datagov_context
CBR,ExtraTrees,1832,2,31.0,14.318826666666688,base_plus_datagov_context
CBR,ExtraTrees,1833,2,29.0,15.792653333333337,base_plus_datagov_context
CBR,ExtraTrees,1834,2,4.0,16.4359,base_plus_datagov_context
CBR,ExtraTrees,1835,2,5.0,15.226326666666688,base_plus_datagov_context
CBR,ExtraTrees,1836,2,2.0,16.4359,base_plus_datagov_context
CBR,ExtraTrees,1837,2,32.0,16.4359,base_plus_datagov_context
CBR,ExtraTrees,1838,2,38.0,15.226326666666688,base_plus_datagov_context
CBR,ExtraTrees,1839,2,31.0,16.4359,base_plus_datagov_context
CBR,ExtraTrees,1840,2,6.0,17.465366666666657,base_plus_datagov_context
CBR,ExtraTrees,1841,2,6.0,16.650693333333354,base_plus_datagov_context
CBR,ExtraTrees,1842,2,3.0,17.465366666666657,base_plus_datagov_context
CBR,ExtraTrees,1843,2,39.0,17.465366666666657,base_plus_datagov_context
CBR,ExtraTrees,1844,2,42.0,16.650693333333354,base_plus_datagov_context
CBR,ExtraTrees,1845,2,33.0,17.465366666666657,base_plus_datagov_context
CBR,ExtraTrees,1846,2,4.0,15.792653333333337,base_plus_datagov_context
CBR,ExtraTrees,1847,2,6.0,14.31542666666669,base_plus_datagov_context
CBR,ExtraTrees,1848,2,3.0,15.792653333333337,base_plus_datagov_context
CBR,ExtraTrees,1849,2,21.0,15.792653333333337,base_plus_datagov_context
CBR,ExtraTrees,1850,2,47.0,14.31542666666669,base_plus_datagov_context
CBR,ExtraTrees,1851,2,33.0,15.792653333333337,base_plus_datagov_context
CBR,ExtraTrees,1852,2,6.0,16.4359,base_plus_datagov_context
CBR,ExtraTrees,1853,2,10.0,15.226326666666688,base_plus_datagov_context
CBR,ExtraTrees,1854,2,5.0,16.4359,base_plus_datagov_context
CBR,ExtraTrees,1855,2,30.0,16.4359,base_plus_datagov_context
CBR,ExtraTrees,1856,2,49.0,15.226326666666688,base_plus_datagov_context
CBR,ExtraTrees,1857,2,37.0,16.4359,base_plus_datagov_context
CBR,ExtraTrees,1858,2,7.0,17.97399999999999,base_plus_datagov_context
CBR,ExtraTrees,1859,2,12.0,17.307793333333354,base_plus_datagov_context
CBR,ExtraTrees,1860,2,6.0,17.97399999999999,base_plus_datagov_context
CBR,ExtraTrees,1861,2,43.0,17.97399999999999,base_plus_datagov_context
CBR,ExtraTrees,1862,2,54.0,17.307793333333354,base_plus_datagov_context
CBR,ExtraTrees,1863,2,43.0,17.97399999999999,base_plus_datagov_context
CBR,ExtraTrees,1864,2,1.2,10.101062666666687,base_plus_datagov_context
CBR,ExtraTrees,1865,2,1.0,10.101062666666687,base_plus_datagov_context
CBR,ExtraTrees,1866,2,3.0,12.422844666666688,base_plus_datagov_context
CBR,ExtraTrees,1867,2,3.2,12.422844666666688,base_plus_datagov_context
CBR,ExtraTrees,1868,2,4.0,12.58576466666669,base_plus_datagov_context
CBR,ExtraTrees,1869,2,5.1,12.58576466666669,base_plus_datagov_context
CBR,ExtraTrees,1870,2,8.0,12.342390000000034,base_plus_datagov_context
CBR,ExtraTrees,1871,2,10.5,12.342390000000034,base_plus_datagov_context
CBR,ExtraTrees,1872,2,9.0,12.27150200000003,base_plus_datagov_context
CBR,ExtraTrees,1873,2,11.0,12.27150200000003,base_plus_datagov_context
CBR,ExtraTrees,1874,2,10.75,11.818746666666684,base_plus_datagov_context
CBR,ExtraTrees,1875,2,7.39,11.818746666666684,base_plus_datagov_context
CBR,ExtraTrees,1876,2,8.1,28.02679999999996,base_plus_datagov_context
CBR,ExtraTrees,1877,2,11.65,27.965866666666624,base_plus_datagov_context
CBR,ExtraTrees,1878,2,15.97,28.0259333333333,base_plus_datagov_context
CBR,ExtraTrees,1879,2,12.93,28.071066666666628,base_plus_datagov_context
CBR,ExtraTrees,1880,2,22.44,28.398104666666637,base_plus_datagov_context
CBR,ExtraTrees,1881,2,15.26,37.92457333333334,base_plus_datagov_context
CBR,ExtraTrees,1882,2,13.96,38.735200000000034,base_plus_datagov_context
CBR,ExtraTrees,1883,2,10.68,36.978100000000026,base_plus_datagov_context
CBR,ExtraTrees,1884,2,6.75,33.88131333333331,base_plus_datagov_context
CBR,ExtraTrees,1885,2,3.82,33.8555693333333,base_plus_datagov_context
CBR,ExtraTrees,1886,2,14.07,37.92457333333334,base_plus_datagov_context
CBR,ExtraTrees,1887,2,13.06,38.735200000000034,base_plus_datagov_context
CBR,ExtraTrees,1888,2,10.06,36.978100000000026,base_plus_datagov_context
CBR,ExtraTrees,1889,2,7.3,33.88131333333331,base_plus_datagov_context
CBR,ExtraTrees,1890,2,4.16,33.8555693333333,base_plus_datagov_context
CBR,ExtraTrees,2133,3,8.94,7.273895714285731,base_plus_datagov_context
CBR,ExtraTrees,2134,3,8.94,7.273895714285731,base_plus_datagov_context
CBR,ExtraTrees,2135,3,7.63,7.273895714285731,base_plus_datagov_context
CBR,ExtraTrees,2136,3,7.63,7.273895714285731,base_plus_datagov_context
CBR,ExtraTrees,2137,3,5.94,7.273895714285731,base_plus_datagov_context
CBR,ExtraTrees,2138,3,5.94,7.273895714285731,base_plus_datagov_context
CBR,ExtraTrees,2139,3,4.93,7.950398721585632,base_plus_datagov_context
CBR,ExtraTrees,2140,3,4.93,7.950398721585632,base_plus_datagov_context
CBR,ExtraTrees,2141,3,3.279,11.8979866293778,base_plus_datagov_context
CBR,ExtraTrees,2142,3,3.279,11.8979866293778,base_plus_datagov_context
CBR,ExtraTrees,2143,3,3.923,11.8979866293778,base_plus_datagov_context
CBR,ExtraTrees,2144,3,3.923,11.8979866293778,base_plus_datagov_context
CBR,ExtraTrees,2145,3,4.772,8.442535998142407,base_plus_datagov_context
CBR,ExtraTrees,2146,3,4.772,8.442535998142407,base_plus_datagov_context
CBR,ExtraTrees,2147,3,3.347,8.442535998142407,base_plus_datagov_context
CBR,ExtraTrees,2148,3,3.347,8.442535998142407,base_plus_datagov_context
CBR,ExtraTrees,2149,3,4.76,17.21913380737759,base_plus_datagov_context
CBR,ExtraTrees,2150,3,4.76,17.21913380737759,base_plus_datagov_context
CBR,ExtraTrees,2151,3,4.5,10.07985781704569,base_plus_datagov_context
CBR,ExtraTrees,2152,3,4.5,10.07985781704569,base_plus_datagov_context
CBR,ExtraTrees,2153,3,5.5,14.87542479070535,base_plus_datagov_context
CBR,ExtraTrees,2154,3,5.5,14.87542479070535,base_plus_datagov_context
CBR,ExtraTrees,2155,3,7.3,14.87542479070535,base_plus_datagov_context
CBR,ExtraTrees,2156,3,7.3,14.87542479070535,base_plus_datagov_context
CBR,ExtraTrees,2157,3,12.0,14.87542479070535,base_plus_datagov_context
CBR,ExtraTrees,2158,3,12.0,14.87542479070535,base_plus_datagov_context
CBR,ExtraTrees,2159,3,6.5,20.43002038066373,base_plus_datagov_context
CBR,ExtraTrees,2160,3,6.5,20.43002038066373,base_plus_datagov_context
CBR,ExtraTrees,2161,3,14.0,20.43002038066373,base_plus_datagov_context
CBR,ExtraTrees,2162,3,14.0,20.43002038066373,base_plus_datagov_context
CBR,ExtraTrees,2163,3,7.0,21.42163141904758,base_plus_datagov_context
CBR,ExtraTrees,2164,3,7.0,21.42163141904758,base_plus_datagov_context
CBR,ExtraTrees,2165,3,15.5,21.42163141904758,base_plus_datagov_context
CBR,ExtraTrees,2166,3,15.5,21.42163141904758,base_plus_datagov_context
CBR,ExtraTrees,2167,3,7.2,21.67741673015871,base_plus_datagov_context
CBR,ExtraTrees,2168,3,7.2,21.67741673015871,base_plus_datagov_context
CBR,ExtraTrees,2169,3,10.2,21.67741673015871,base_plus_datagov_context
CBR,ExtraTrees,2170,3,10.2,21.67741673015871,base_plus_datagov_context
CBR,ExtraTrees,2171,3,16.7,21.67741673015871,base_plus_datagov_context
CBR,ExtraTrees,2172,3,16.7,21.67741673015871,base_plus_datagov_context
CBR,ExtraTrees,2173,3,5.6,9.780563817045696,base_plus_datagov_context
CBR,ExtraTrees,2174,3,5.6,9.780563817045696,base_plus_datagov_context
CBR,ExtraTrees,2175,3,6.0,9.780563817045696,base_plus_datagov_context
CBR,ExtraTrees,2176,3,6.0,9.780563817045696,base_plus_datagov_context
CBR,ExtraTrees,2177,3,0.9,21.13133558874457,base_plus_datagov_context
CBR,ExtraTrees,2178,3,0.9,21.13133558874457,base_plus_datagov_context
CBR,ExtraTrees,2179,3,1.8,7.134690626347543,base_plus_datagov_context
CBR,ExtraTrees,2180,3,1.8,7.134690626347543,base_plus_datagov_context
CBR,ExtraTrees,2181,3,3.76,7.950398721585632,base_plus_datagov_context
CBR,ExtraTrees,2182,3,3.76,7.950398721585632,base_plus_datagov_context
CBR,ExtraTrees,2183,3,4.178,8.442535998142407,base_plus_datagov_context
CBR,ExtraTrees,2184,3,4.178,8.442535998142407,base_plus_datagov_context
CBR,ExtraTrees,2185,3,3.0,10.07985781704569,base_plus_datagov_context
CBR,ExtraTrees,2186,3,3.0,10.07985781704569,base_plus_datagov_context
CBR,ExtraTrees,2187,3,6.8,10.07985781704569,base_plus_datagov_context
CBR,ExtraTrees,2188,3,6.8,10.07985781704569,base_plus_datagov_context
CBR,ExtraTrees,2189,3,8.6,20.43002038066373,base_plus_datagov_context
CBR,ExtraTrees,2190,3,8.6,20.43002038066373,base_plus_datagov_context
CBR,ExtraTrees,2191,3,9.7,21.42163141904758,base_plus_datagov_context
CBR,ExtraTrees,2192,3,9.7,21.42163141904758,base_plus_datagov_context
CBR,ExtraTrees,2193,3,8.3,9.780563817045696,base_plus_datagov_context
CBR,ExtraTrees,2194,3,8.3,9.780563817045696,base_plus_datagov_context
CBR,ExtraTrees,2195,3,10.68,7.945798721585632,base_plus_datagov_context
CBR,ExtraTrees,2196,3,10.68,7.945798721585632,base_plus_datagov_context
CBR,ExtraTrees,2197,3,30.66,7.212493047619065,base_plus_datagov_context
CBR,ExtraTrees,2198,3,30.66,7.212493047619065,base_plus_datagov_context
CBR,ExtraTrees,2199,3,58.67,7.26929571428573,base_plus_datagov_context
CBR,ExtraTrees,2200,3,58.67,7.26929571428573,base_plus_datagov_context
CBR,ExtraTrees,2201,3,9.0,21.480186619047583,base_plus_datagov_context
CBR,ExtraTrees,2202,3,9.0,21.480186619047583,base_plus_datagov_context
CBR,ExtraTrees,2203,3,5.1,7.950398721585632,base_plus_datagov_context
CBR,ExtraTrees,2204,3,5.1,7.950398721585632,base_plus_datagov_context
CBR,ExtraTrees,2205,3,20.0,7.950398721585632,base_plus_datagov_context
CBR,ExtraTrees,2206,3,20.0,7.950398721585632,base_plus_datagov_context
CBR,ExtraTrees,2207,3,24.0,7.812397698412721,base_plus_datagov_context
CBR,ExtraTrees,2208,3,24.0,7.812397698412721,base_plus_datagov_context
CBR,ExtraTrees,2209,3,30.0,7.405443047619067,base_plus_datagov_context
CBR,ExtraTrees,2210,3,30.0,7.405443047619067,base_plus_datagov_context
CBR,ExtraTrees,2211,3,51.0,7.222882714285732,base_plus_datagov_context
CBR,ExtraTrees,2212,3,51.0,7.222882714285732,base_plus_datagov_context
