universal_id,source_dataset,source_doi,domain_family,response_type,ucs_kpa,cbr_pct,cbr_condition,curing_days,soil_id,soil_class,soil_location,sand_pct,silt_pct,clay_pct,gravel_pct,ll_pct,pl_pct,pi_pct,specific_gravity,omc_pct,mdd_gcm3,water_content_pct,dry_density_gcm3,cement_pct,lime_pct,fly_ash_pct,ggbs_pct,rice_husk_ash_pct,pond_ash_pct,marble_powder_pct,harha_pct,fgd_gypsum_pct,biopolymer_pct,xanthan_gum_pct,guar_gum_pct,chitosan_pct,lignin_pct,fiber_pct,polypropylene_pct,jute_pct,waste_plastic_pct,sludge_pct,coconut_shell_pct,naoh_pct,na2sio3_pct,alkali_activator_pct,water_binder_ratio,compaction_rate_mm_min
UCDV1_01755,Zenodo_19242690_Biopolymer_UCS_CBR_2026,10.1007/978-981-96-1373-1_21,biopolymer_multi_additive,CBR,,4.72,soaked,4.0,,,"Hoj Village, Papum Pare District, Arunachal Pradesh, India",,,,,22.8,,,2.69,11.48,1.783,,,0.0,,,,,,,,,0.0,,,,,,,,,,,,,,,
UCDV1_01756,Zenodo_19242690_Biopolymer_UCS_CBR_2026,10.1007/978-981-96-1373-1_21,biopolymer_multi_additive,CBR,,6.34,unsoaked,1.0,,,"Hoj Village, Papum Pare District, Arunachal Pradesh, India",,,,,22.8,,,2.69,11.48,1.783,,,0.0,,,,,,,,,0.0,,,,,,,,,,,,,,,
UCDV1_01757,Zenodo_19242690_Biopolymer_UCS_CBR_2026,10.1007/978-981-96-1373-1_21,biopolymer_multi_additive,CBR,,5.03,soaked,4.0,,,"Hoj Village, Papum Pare District, Arunachal Pradesh, India",,,,,22.8,,,2.69,12.69,1.718,,,0.0,,,,,,,,,0.5,,,,,,,,,,,,,,,
UCDV1_01758,Zenodo_19242690_Biopolymer_UCS_CBR_2026,10.1007/978-981-96-1373-1_21,biopolymer_multi_additive,CBR,,7.78,unsoaked,1.0,,,"Hoj Village, Papum Pare District, Arunachal Pradesh, India",,,,,22.8,,,2.69,12.69,1.718,,,0.0,,,,,,,,,0.5,,,,,,,,,,,,,,,
UCDV1_01759,Zenodo_19242690_Biopolymer_UCS_CBR_2026,10.1007/978-981-96-1373-1_21,biopolymer_multi_additive,CBR,,5.56,soaked,4.0,,,"Hoj Village, Papum Pare District, Arunachal Pradesh, India",,,,,22.8,,,2.69,13.18,1.698,,,0.0,,,,,,,,,1.0,,,,,,,,,,,,,,,
UCDV1_01760,Zenodo_19242690_Biopolymer_UCS_CBR_2026,10.1007/978-981-96-1373-1_21,biopolymer_multi_additive,CBR,,8.42,unsoaked,1.0,,,"Hoj Village, Papum Pare District, Arunachal Pradesh, India",,,,,22.8,,,2.69,13.18,1.698,,,0.0,,,,,,,,,1.0,,,,,,,,,,,,,,,
UCDV1_01761,Zenodo_19242690_Biopolymer_UCS_CBR_2026,10.1007/978-981-96-1373-1_21,biopolymer_multi_additive,CBR,,6.34,soaked,4.0,,,"Hoj Village, Papum Pare District, Arunachal Pradesh, India",,,,,22.8,,,2.69,14.52,1.64,,,0.0,,,,,,,,,1.5,,,,,,,,,,,,,,,
UCDV1_01762,Zenodo_19242690_Biopolymer_UCS_CBR_2026,10.1007/978-981-96-1373-1_21,biopolymer_multi_additive,CBR,,1.022,unsoaked,1.0,,,"Hoj Village, Papum Pare District, Arunachal Pradesh, India",,,,,22.8,,,2.69,14.52,1.64,,,0.0,,,,,,,,,1.5,,,,,,,,,,,,,,,
UCDV1_01763,Zenodo_19242690_Biopolymer_UCS_CBR_2026,10.1007/978-981-96-1373-1_21,biopolymer_multi_additive,CBR,,7.69,soaked,4.0,,,"Hoj Village, Papum Pare District, Arunachal Pradesh, India",,,,,22.8,,,2.69,15.4,1.586,,,0.0,,,,,,,,,2.0,,,,,,,,,,,,,,,
UCDV1_01764,Zenodo_19242690_Biopolymer_UCS_CBR_2026,10.1007/978-981-96-1373-1_21,biopolymer_multi_additive,CBR,,12.31,unsoaked,1.0,,,"Hoj Village, Papum Pare District, Arunachal Pradesh, India",,,,,22.8,,,2.69,15.4,1.586,,,0.0,,,,,,,,,2.0,,,,,,,,,,,,,,,
UCDV1_01765,Zenodo_19242690_Biopolymer_UCS_CBR_2026,10.1007/978-981-96-1373-1_21,biopolymer_multi_additive,CBR,,5.21,soaked,4.0,,,"Hoj Village, Papum Pare District, Arunachal Pradesh, India",,,,,22.8,,,2.69,14.76,1.613,,,0.0,,,,,,,,,2.5,,,,,,,,,,,,,,,
UCDV1_01766,Zenodo_19242690_Biopolymer_UCS_CBR_2026,10.1007/978-981-96-1373-1_21,biopolymer_multi_additive,CBR,,9.71,unsoaked,1.0,,,"Hoj Village, Papum Pare District, Arunachal Pradesh, India",,,,,22.8,,,2.69,14.76,1.613,,,0.0,,,,,,,,,2.5,,,,,,,,,,,,,,,
UCDV1_01767,Zenodo_19242690_Biopolymer_UCS_CBR_2026,10.1007/s12517-022-09552-y,biopolymer_multi_additive,CBR,,10.5,soaked,0.0,,CL,"Hilltop area, Nsukka, Nigeria ",26.0,,,,36.5,10.7,25.8,2.65,,1.73,,,0.0,,,,,,,,,0.0,,,,,,,,,,,,,,,
UCDV1_01768,Zenodo_19242690_Biopolymer_UCS_CBR_2026,10.1007/s12517-022-09552-y,biopolymer_multi_additive,CBR,,10.5,soaked,7.0,,CL,"Hilltop area, Nsukka, Nigeria ",26.0,,,,36.5,10.7,25.8,2.65,,1.73,,,0.0,,,,,,,,,0.0,,,,,,,,,,,,,,,
UCDV1_01769,Zenodo_19242690_Biopolymer_UCS_CBR_2026,10.1007/s12517-022-09552-y,biopolymer_multi_additive,CBR,,11.9,unsoaked,0.0,,CL,"Hilltop area, Nsukka, Nigeria ",26.0,,,,36.5,10.7,25.8,2.65,,1.73,,,0.0,,,,,,,,,0.0,,,,,,,,,,,,,,,
UCDV1_01770,Zenodo_19242690_Biopolymer_UCS_CBR_2026,10.1007/s12517-022-09552-y,biopolymer_multi_additive,CBR,,11.9,unsoaked,7.0,,CL,"Hilltop area, Nsukka, Nigeria ",26.0,,,,36.5,10.7,25.8,2.65,,1.73,,,0.0,,,,,,,,,0.0,,,,,,,,,,,,,,,
UCDV1_01771,Zenodo_19242690_Biopolymer_UCS_CBR_2026,10.1007/s12517-022-09552-y,biopolymer_multi_additive,CBR,,25.477,soaked,0.0,,CL,"Hilltop area, Nsukka, Nigeria ",26.0,,,,36.5,10.7,25.8,2.65,,1.73,,,0.0,,,,,,,,,0.0,,,,,,,,,,,,,,,
UCDV1_01772,Zenodo_19242690_Biopolymer_UCS_CBR_2026,10.1007/s12517-022-09552-y,biopolymer_multi_additive,CBR,,27.794,soaked,7.0,,CL,"Hilltop area, Nsukka, Nigeria ",26.0,,,,36.5,10.7,25.8,2.65,,1.73,,,0.0,,,,,,,,,0.0,,,,,,,,,,,,,,,
UCDV1_01773,Zenodo_19242690_Biopolymer_UCS_CBR_2026,10.1007/s12517-022-09552-y,biopolymer_multi_additive,CBR,,28.364,unsoaked,0.0,,CL,"Hilltop area, Nsukka, Nigeria ",26.0,,,,36.5,10.7,25.8,2.65,,1.73,,,0.0,,,,,,,,,0.0,,,,,,,,,,,,,,,
UCDV1_01774,Zenodo_19242690_Biopolymer_UCS_CBR_2026,10.1007/s12517-022-09552-y,biopolymer_multi_additive,CBR,,33.828,unsoaked,7.0,,CL,"Hilltop area, Nsukka, Nigeria ",26.0,,,,36.5,10.7,25.8,2.65,,1.73,,,0.0,,,,,,,,,0.0,,,,,,,,,,,,,,,
UCDV1_01775,Zenodo_19242690_Biopolymer_UCS_CBR_2026,10.1007/s12517-022-09552-y,biopolymer_multi_additive,CBR,,32.922,soaked,0.0,,CL,"Hilltop area, Nsukka, Nigeria ",26.0,,,,36.5,10.7,25.8,2.65,,1.73,,,0.0,,,,,,,,,0.1,,,,,,,,,,,,,,,
UCDV1_01776,Zenodo_19242690_Biopolymer_UCS_CBR_2026,10.1007/s12517-022-09552-y,biopolymer_multi_additive,CBR,,43.11,soaked,7.0,,CL,"Hilltop area, Nsukka, Nigeria ",26.0,,,,36.5,10.7,25.8,2.65,,1.73,,,0.0,,,,,,,,,0.1,,,,,,,,,,,,,,,
UCDV1_01777,Zenodo_19242690_Biopolymer_UCS_CBR_2026,10.1007/s12517-022-09552-y,biopolymer_multi_additive,CBR,,46.84,unsoaked,0.0,,CL,"Hilltop area, Nsukka, Nigeria ",26.0,,,,36.5,10.7,25.8,2.65,,1.73,,,0.0,,,,,,,,,0.1,,,,,,,,,,,,,,,
UCDV1_01778,Zenodo_19242690_Biopolymer_UCS_CBR_2026,10.1007/s12517-022-09552-y,biopolymer_multi_additive,CBR,,55.947,unsoaked,7.0,,CL,"Hilltop area, Nsukka, Nigeria ",26.0,,,,36.5,10.7,25.8,2.65,,1.73,,,0.0,,,,,,,,,0.1,,,,,,,,,,,,,,,
UCDV1_01779,Zenodo_19242690_Biopolymer_UCS_CBR_2026,10.1007/s12517-022-09552-y,biopolymer_multi_additive,CBR,,30.11,soaked,0.0,,CL,"Hilltop area, Nsukka, Nigeria ",26.0,,,,36.5,10.7,25.8,2.65,,1.73,,,0.0,,,,,,,,,0.2,,,,,,,,,,,,,,,
UCDV1_01780,Zenodo_19242690_Biopolymer_UCS_CBR_2026,10.1007/s12517-022-09552-y,biopolymer_multi_additive,CBR,,50.955,soaked,7.0,,CL,"Hilltop area, Nsukka, Nigeria ",26.0,,,,36.5,10.7,25.8,2.65,,1.73,,,0.0,,,,,,,,,0.2,,,,,,,,,,,,,,,
UCDV1_01781,Zenodo_19242690_Biopolymer_UCS_CBR_2026,10.1007/s12517-022-09552-y,biopolymer_multi_additive,CBR,,50.483,unsoaked,0.0,,CL,"Hilltop area, Nsukka, Nigeria ",26.0,,,,36.5,10.7,25.8,2.65,,1.73,,,0.0,,,,,,,,,0.2,,,,,,,,,,,,,,,
UCDV1_01782,Zenodo_19242690_Biopolymer_UCS_CBR_2026,10.1007/s12517-022-09552-y,biopolymer_multi_additive,CBR,,59.07,unsoaked,7.0,,CL,"Hilltop area, Nsukka, Nigeria ",26.0,,,,36.5,10.7,25.8,2.65,,1.73,,,0.0,,,,,,,,,0.2,,,,,,,,,,,,,,,
UCDV1_01783,Zenodo_19242690_Biopolymer_UCS_CBR_2026,10.1007/s12517-022-09552-y,biopolymer_multi_additive,CBR,,20.514,soaked,0.0,,CL,"Hilltop area, Nsukka, Nigeria ",26.0,,,,36.5,10.7,25.8,2.65,,1.73,,,0.0,,,,,,,,,0.3,,,,,,,,,,,,,,,
UCDV1_01784,Zenodo_19242690_Biopolymer_UCS_CBR_2026,10.1007/s12517-022-09552-y,biopolymer_multi_additive,CBR,,78.587,soaked,7.0,,CL,"Hilltop area, Nsukka, Nigeria ",26.0,,,,36.5,10.7,25.8,2.65,,1.73,,,0.0,,,,,,,,,0.3,,,,,,,,,,,,,,,
UCDV1_01785,Zenodo_19242690_Biopolymer_UCS_CBR_2026,10.1007/s12517-022-09552-y,biopolymer_multi_additive,CBR,,91.338,unsoaked,0.0,,CL,"Hilltop area, Nsukka, Nigeria ",26.0,,,,36.5,10.7,25.8,2.65,,1.73,,,0.0,,,,,,,,,0.3,,,,,,,,,,,,,,,
UCDV1_01786,Zenodo_19242690_Biopolymer_UCS_CBR_2026,10.1007/s12517-022-09552-y,biopolymer_multi_additive,CBR,,122.304,unsoaked,7.0,,CL,"Hilltop area, Nsukka, Nigeria ",26.0,,,,36.5,10.7,25.8,2.65,,1.73,,,0.0,,,,,,,,,0.3,,,,,,,,,,,,,,,
UCDV1_01787,Zenodo_19242690_Biopolymer_UCS_CBR_2026,10.3390/app14177532,biopolymer_multi_additive,CBR,,4.5,unsoaked,,,CL,"The center of Afyonkarahisar, Turkey",,,,,48.6,23.0,,2.62,24.1,1.47,,,0.0,,,,,,,,,0.0,,,,,,,,,,,,,,,
UCDV1_01788,Zenodo_19242690_Biopolymer_UCS_CBR_2026,10.3390/app14177532,biopolymer_multi_additive,CBR,,4.3,soaked,4.0,,CL,"The center of Afyonkarahisar, Turkey",,,,,48.6,23.0,,2.62,24.1,1.47,,,0.0,,,,,,,,,0.0,,,,,,,,,,,,,,,
UCDV1_01789,Zenodo_19242690_Biopolymer_UCS_CBR_2026,10.3390/app14177532,biopolymer_multi_additive,CBR,,2.4,unsoaked,,,CL,"The center of Afyonkarahisar, Turkey",,,,,48.6,23.0,,2.62,22.3,1.57,,,0.0,,,,,,,,,5.0,,,,,,,,,,,,,,,
UCDV1_01790,Zenodo_19242690_Biopolymer_UCS_CBR_2026,10.3390/app14177532,biopolymer_multi_additive,CBR,,4.1,soaked,4.0,,CL,"The center of Afyonkarahisar, Turkey",,,,,48.6,23.0,,2.62,22.3,1.57,,,0.0,,,,,,,,,5.0,,,,,,,,,,,,,,,
UCDV1_01791,Zenodo_19242690_Biopolymer_UCS_CBR_2026,10.3390/app14177532,biopolymer_multi_additive,CBR,,2.55,unsoaked,,,CL,"The center of Afyonkarahisar, Turkey",,,,,48.6,23.0,,2.62,19.6,1.59,,,0.0,,,,,,,,,10.0,,,,,,,,,,,,,,,
UCDV1_01792,Zenodo_19242690_Biopolymer_UCS_CBR_2026,10.3390/app14177532,biopolymer_multi_additive,CBR,,4.6,soaked,4.0,,CL,"The center of Afyonkarahisar, Turkey",,,,,48.6,23.0,,2.62,19.6,1.59,,,0.0,,,,,,,,,10.0,,,,,,,,,,,,,,,
UCDV1_01793,Zenodo_19242690_Biopolymer_UCS_CBR_2026,10.3390/app14177532,biopolymer_multi_additive,CBR,,3.4,unsoaked,,,CL,"The center of Afyonkarahisar, Turkey",,,,,48.6,23.0,,2.62,16.1,1.63,,,0.0,,,,,,,,,15.0,,,,,,,,,,,,,,,
UCDV1_01794,Zenodo_19242690_Biopolymer_UCS_CBR_2026,10.3390/app14177532,biopolymer_multi_additive,CBR,,6.3,soaked,4.0,,CL,"The center of Afyonkarahisar, Turkey",,,,,48.6,23.0,,2.62,16.1,1.63,,,0.0,,,,,,,,,15.0,,,,,,,,,,,,,,,
UCDV1_01795,Zenodo_19242690_Biopolymer_UCS_CBR_2026,10.3390/buildings15010038,biopolymer_multi_additive,CBR,,5.2,,7.0,,Silty Clay," Lianyungang City, Jiangsu Province, China",,,,,41.18,19.86,21.32,2.7,20.63,1.59,,,0.0,,,,,,,,,0.0,,,,,,,,,,,,,,,
UCDV1_01796,Zenodo_19242690_Biopolymer_UCS_CBR_2026,10.3390/buildings15010038,biopolymer_multi_additive,CBR,,6.16,,14.0,,Silty Clay," Lianyungang City, Jiangsu Province, China",,,,,41.18,19.86,21.32,2.7,20.63,1.59,,,0.0,,,,,,,,,0.0,,,,,,,,,,,,,,,
UCDV1_01797,Zenodo_19242690_Biopolymer_UCS_CBR_2026,10.3390/buildings15010038,biopolymer_multi_additive,CBR,,7.313,,28.0,,Silty Clay," Lianyungang City, Jiangsu Province, China",,,,,41.18,19.86,21.32,2.7,20.63,1.59,,,0.0,,,,,,,,,0.0,,,,,,,,,,,,,,,
UCDV1_01798,Zenodo_19242690_Biopolymer_UCS_CBR_2026,10.3390/buildings15010038,biopolymer_multi_additive,CBR,,12.465,,7.0,,Silty Clay," Lianyungang City, Jiangsu Province, China",,,,,41.18,19.86,21.32,2.7,21.98,1.65,,,0.0,,,,,,,,,12.0,,,,,,,,,,,,,,,
UCDV1_01799,Zenodo_19242690_Biopolymer_UCS_CBR_2026,10.3390/buildings15010038,biopolymer_multi_additive,CBR,,14.756,,14.0,,Silty Clay," Lianyungang City, Jiangsu Province, China",,,,,41.18,19.86,21.32,2.7,21.98,1.65,,,0.0,,,,,,,,,12.0,,,,,,,,,,,,,,,
UCDV1_01800,Zenodo_19242690_Biopolymer_UCS_CBR_2026,10.3390/buildings15010038,biopolymer_multi_additive,CBR,,17.164,,28.0,,Silty Clay," Lianyungang City, Jiangsu Province, China",,,,,41.18,19.86,21.32,2.7,21.98,1.65,,,0.0,,,,,,,,,12.0,,,,,,,,,,,,,,,
UCDV1_01801,Zenodo_19242690_Biopolymer_UCS_CBR_2026,10.3390/buildings15010038,biopolymer_multi_additive,CBR,,20.958,,7.0,,Silty Clay," Lianyungang City, Jiangsu Province, China",,,,,41.18,19.86,21.32,2.7,21.78,1.64,,,0.0,,,,,,,,,8.0,,,,,,,,,,,,,,,
UCDV1_01802,Zenodo_19242690_Biopolymer_UCS_CBR_2026,10.3390/buildings15010038,biopolymer_multi_additive,CBR,,26.074,,14.0,,Silty Clay," Lianyungang City, Jiangsu Province, China",,,,,41.18,19.86,21.32,2.7,21.78,1.64,,,0.0,,,,,,,,,8.0,,,,,,,,,,,,,,,
UCDV1_01803,Zenodo_19242690_Biopolymer_UCS_CBR_2026,10.3390/buildings15010038,biopolymer_multi_additive,CBR,,29.08,,28.0,,Silty Clay," Lianyungang City, Jiangsu Province, China",,,,,41.18,19.86,21.32,2.7,21.78,1.64,,,0.0,,,,,,,,,8.0,,,,,,,,,,,,,,,
UCDV1_01804,Zenodo_19242690_Biopolymer_UCS_CBR_2026,10.3390/buildings15010038,biopolymer_multi_additive,CBR,,27.534,,7.0,,Silty Clay," Lianyungang City, Jiangsu Province, China",,,,,41.18,19.86,21.32,2.7,19.73,1.62,,,0.0,,,,,,,,,4.0,,,,,,,,,,,,,,,
UCDV1_01805,Zenodo_19242690_Biopolymer_UCS_CBR_2026,10.3390/buildings15010038,biopolymer_multi_additive,CBR,,34.383,,14.0,,Silty Clay," Lianyungang City, Jiangsu Province, China",,,,,41.18,19.86,21.32,2.7,19.73,1.62,,,0.0,,,,,,,,,4.0,,,,,,,,,,,,,,,
UCDV1_01806,Zenodo_19242690_Biopolymer_UCS_CBR_2026,10.3390/buildings15010038,biopolymer_multi_additive,CBR,,40.652,,28.0,,Silty Clay," Lianyungang City, Jiangsu Province, China",,,,,41.18,19.86,21.32,2.7,19.73,1.62,,,0.0,,,,,,,,,4.0,,,,,,,,,,,,,,,
UCDV1_01807,Zenodo_19242690_Biopolymer_UCS_CBR_2026,10.3390/buildings15010038,biopolymer_multi_additive,CBR,,35.616,,7.0,,Silty Clay," Lianyungang City, Jiangsu Province, China",,,,,41.18,19.86,21.32,2.7,19.1,1.61,,,0.0,,,,,,,,,0.0,,,,,,,,,,,,,,,
UCDV1_01808,Zenodo_19242690_Biopolymer_UCS_CBR_2026,10.3390/buildings15010038,biopolymer_multi_additive,CBR,,29.541,,14.0,,Silty Clay," Lianyungang City, Jiangsu Province, China",,,,,41.18,19.86,21.32,2.7,19.1,1.61,,,0.0,,,,,,,,,0.0,,,,,,,,,,,,,,,
UCDV1_01809,Zenodo_19242690_Biopolymer_UCS_CBR_2026,10.3390/buildings15010038,biopolymer_multi_additive,CBR,,41.839,,28.0,,Silty Clay," Lianyungang City, Jiangsu Province, China",,,,,41.18,19.86,21.32,2.7,19.1,1.61,,,0.0,,,,,,,,,0.0,,,,,,,,,,,,,,,
UCDV1_01810,Zenodo_19242690_Biopolymer_UCS_CBR_2026,10.1007/s10064-024-04064-3,biopolymer_multi_additive,CBR,,22.4,,14.0,,CL,Kaolinite soil,8.0,26.0,66.0,,38.3,19.0,19.2,2.68,29.1,1.41,,,0.0,,,,,,,,,1.5,,,,,5.0,,,,,,,,,,
UCDV1_01811,Zenodo_19242690_Biopolymer_UCS_CBR_2026,10.1007/s10064-024-04064-3,biopolymer_multi_additive,CBR,,24.3,,14.0,,CL,Kaolinite soil,8.0,26.0,66.0,,38.3,19.0,19.2,2.68,29.1,1.41,,,0.0,,,,,,,,,1.5,,,,,10.0,,,,,,,,,,
UCDV1_01812,Zenodo_19242690_Biopolymer_UCS_CBR_2026,10.1007/s10064-024-04064-3,biopolymer_multi_additive,CBR,,26.7,,14.0,,CL,Kaolinite soil,8.0,26.0,66.0,,38.3,19.0,19.2,2.68,29.1,1.41,,,0.0,,,,,,,,,1.5,,,,,15.0,,,,,,,,,,
UCDV1_01813,Zenodo_19242690_Biopolymer_UCS_CBR_2026,10.1007/s10064-024-04064-3,biopolymer_multi_additive,CBR,,25.12,,14.0,,CL,Kaolinite soil,8.0,26.0,66.0,,38.3,19.0,19.2,2.68,29.8,1.39,,,0.0,,,,,,,,,1.5,,,,,5.0,,,,,,,,,,
UCDV1_01814,Zenodo_19242690_Biopolymer_UCS_CBR_2026,10.1007/s10064-024-04064-3,biopolymer_multi_additive,CBR,,27.14,,14.0,,CL,Kaolinite soil,8.0,26.0,66.0,,38.3,19.0,19.2,2.68,29.8,1.39,,,0.0,,,,,,,,,1.5,,,,,10.0,,,,,,,,,,
UCDV1_01815,Zenodo_19242690_Biopolymer_UCS_CBR_2026,10.1007/s10064-024-04064-3,biopolymer_multi_additive,CBR,,31.16,,14.0,,CL,Kaolinite soil,8.0,26.0,66.0,,38.3,19.0,19.2,2.68,29.8,1.39,,,0.0,,,,,,,,,1.5,,,,,15.0,,,,,,,,,,
UCDV1_01816,Zenodo_19242690_Biopolymer_UCS_CBR_2026,10.1007/s10064-024-04064-3,biopolymer_multi_additive,CBR,,26.11,,14.0,,CL,Kaolinite soil,8.0,26.0,66.0,,38.3,19.0,19.2,2.68,31.2,1.34,,,0.0,,,,,,,,,1.5,,,,,5.0,,,,,,,,,,
UCDV1_01817,Zenodo_19242690_Biopolymer_UCS_CBR_2026,10.1007/s10064-024-04064-3,biopolymer_multi_additive,CBR,,28.13,,14.0,,CL,Kaolinite soil,8.0,26.0,66.0,,38.3,19.0,19.2,2.68,31.2,1.34,,,0.0,,,,,,,,,1.5,,,,,10.0,,,,,,,,,,
UCDV1_01818,Zenodo_19242690_Biopolymer_UCS_CBR_2026,10.1007/s10064-024-04064-3,biopolymer_multi_additive,CBR,,30.12,,14.0,,CL,Kaolinite soil,8.0,26.0,66.0,,38.3,19.0,19.2,2.68,31.2,1.34,,,0.0,,,,,,,,,1.5,,,,,15.0,,,,,,,,,,
UCDV1_01819,Zenodo_19242690_Biopolymer_UCS_CBR_2026,10.1007/s40515-015-0020-0,biopolymer_multi_additive,CBR,,1.0,soaked,1.0,,CH,"BC soil , North Karnataka, India",24.0,51.0,21.0,,64.0,31.0,33.0,2.5,,1.77,,,0.0,,,,,,,,,0.0,,,,,,,,,,,,,,,
UCDV1_01820,Zenodo_19242690_Biopolymer_UCS_CBR_2026,10.1007/s40515-015-0020-0,biopolymer_multi_additive,CBR,,1.0,soaked,1.0,,CH,"BC soil , North Karnataka, India",24.0,51.0,21.0,,64.0,31.0,33.0,2.5,16.31,1.77,,,0.0,,,,,,,,,0.0,,,,,,,,,,,,,,,
UCDV1_01821,Zenodo_19242690_Biopolymer_UCS_CBR_2026,10.1007/s40515-015-0020-0,biopolymer_multi_additive,CBR,,1.0,soaked,1.0,,CH,"BC soil , North Karnataka, India",24.0,51.0,21.0,,64.0,31.0,33.0,2.5,,1.77,,,0.0,,,,,,,,,0.0,,,,,,,,,,,,,,,
UCDV1_01822,Zenodo_19242690_Biopolymer_UCS_CBR_2026,10.1007/s40515-015-0020-0,biopolymer_multi_additive,CBR,,25.0,unsoaked,1.0,,CH,"BC soil , North Karnataka, India",24.0,51.0,21.0,,64.0,31.0,33.0,2.5,,1.77,,,0.0,,,,,,,,,0.0,,,,,,,,,,,,,,,
UCDV1_01823,Zenodo_19242690_Biopolymer_UCS_CBR_2026,10.1007/s40515-015-0020-0,biopolymer_multi_additive,CBR,,26.0,unsoaked,1.0,,CH,"BC soil , North Karnataka, India",24.0,51.0,21.0,,64.0,31.0,33.0,2.5,16.31,1.77,,,0.0,,,,,,,,,0.0,,,,,,,,,,,,,,,
UCDV1_01824,Zenodo_19242690_Biopolymer_UCS_CBR_2026,10.1007/s40515-015-0020-0,biopolymer_multi_additive,CBR,,17.0,unsoaked,1.0,,CH,"BC soil , North Karnataka, India",24.0,51.0,21.0,,64.0,31.0,33.0,2.5,,1.77,,,0.0,,,,,,,,,0.0,,,,,,,,,,,,,,,
UCDV1_01825,Zenodo_19242690_Biopolymer_UCS_CBR_2026,10.1007/s40515-015-0020-0,biopolymer_multi_additive,CBR,,2.0,soaked,7.0,,CH,"BC soil , North Karnataka, India",24.0,51.0,21.0,,64.0,31.0,33.0,2.5,,1.77,,,0.0,,,,,,,,,0.0,,,,,,,,,,,,,,,
UCDV1_01826,Zenodo_19242690_Biopolymer_UCS_CBR_2026,10.1007/s40515-015-0020-0,biopolymer_multi_additive,CBR,,1.0,soaked,7.0,,CH,"BC soil , North Karnataka, India",24.0,51.0,21.0,,64.0,31.0,33.0,2.5,16.31,1.77,,,0.0,,,,,,,,,0.0,,,,,,,,,,,,,,,
UCDV1_01827,Zenodo_19242690_Biopolymer_UCS_CBR_2026,10.1007/s40515-015-0020-0,biopolymer_multi_additive,CBR,,1.0,soaked,7.0,,CH,"BC soil , North Karnataka, India",24.0,51.0,21.0,,64.0,31.0,33.0,2.5,,1.77,,,0.0,,,,,,,,,0.0,,,,,,,,,,,,,,,
UCDV1_01828,Zenodo_19242690_Biopolymer_UCS_CBR_2026,10.1007/s40515-015-0020-0,biopolymer_multi_additive,CBR,,24.0,unsoaked,7.0,,CH,"BC soil , North Karnataka, India",24.0,51.0,21.0,,64.0,31.0,33.0,2.5,,1.77,,,0.0,,,,,,,,,0.0,,,,,,,,,,,,,,,
UCDV1_01829,Zenodo_19242690_Biopolymer_UCS_CBR_2026,10.1007/s40515-015-0020-0,biopolymer_multi_additive,CBR,,28.0,unsoaked,7.0,,CH,"BC soil , North Karnataka, India",24.0,51.0,21.0,,64.0,31.0,33.0,2.5,16.31,1.77,,,0.0,,,,,,,,,0.0,,,,,,,,,,,,,,,
UCDV1_01830,Zenodo_19242690_Biopolymer_UCS_CBR_2026,10.1007/s40515-015-0020-0,biopolymer_multi_additive,CBR,,19.0,unsoaked,7.0,,CH,"BC soil , North Karnataka, India",24.0,51.0,21.0,,64.0,31.0,33.0,2.5,,1.77,,,0.0,,,,,,,,,0.0,,,,,,,,,,,,,,,
UCDV1_01831,Zenodo_19242690_Biopolymer_UCS_CBR_2026,10.1007/s40515-015-0020-0,biopolymer_multi_additive,CBR,,1.0,soaked,28.0,,CH,"BC soil , North Karnataka, India",24.0,51.0,21.0,,64.0,31.0,33.0,2.5,,1.77,,,0.0,,,,,,,,,0.0,,,,,,,,,,,,,,,
UCDV1_01832,Zenodo_19242690_Biopolymer_UCS_CBR_2026,10.1007/s40515-015-0020-0,biopolymer_multi_additive,CBR,,1.0,soaked,28.0,,CH,"BC soil , North Karnataka, India",24.0,51.0,21.0,,64.0,31.0,33.0,2.5,16.31,1.77,,,0.0,,,,,,,,,0.0,,,,,,,,,,,,,,,
UCDV1_01833,Zenodo_19242690_Biopolymer_UCS_CBR_2026,10.1007/s40515-015-0020-0,biopolymer_multi_additive,CBR,,1.0,soaked,28.0,,CH,"BC soil , North Karnataka, India",24.0,51.0,21.0,,64.0,31.0,33.0,2.5,,1.77,,,0.0,,,,,,,,,0.0,,,,,,,,,,,,,,,
UCDV1_01834,Zenodo_19242690_Biopolymer_UCS_CBR_2026,10.1007/s40515-015-0020-0,biopolymer_multi_additive,CBR,,29.0,unsoaked,28.0,,CH,"BC soil , North Karnataka, India",24.0,51.0,21.0,,64.0,31.0,33.0,2.5,,1.77,,,0.0,,,,,,,,,0.0,,,,,,,,,,,,,,,
UCDV1_01835,Zenodo_19242690_Biopolymer_UCS_CBR_2026,10.1007/s40515-015-0020-0,biopolymer_multi_additive,CBR,,31.0,unsoaked,28.0,,CH,"BC soil , North Karnataka, India",24.0,51.0,21.0,,64.0,31.0,33.0,2.5,16.31,1.77,,,0.0,,,,,,,,,0.0,,,,,,,,,,,,,,,
UCDV1_01836,Zenodo_19242690_Biopolymer_UCS_CBR_2026,10.1007/s40515-015-0020-0,biopolymer_multi_additive,CBR,,21.0,unsoaked,28.0,,CH,"BC soil , North Karnataka, India",24.0,51.0,21.0,,64.0,31.0,33.0,2.5,,1.77,,,0.0,,,,,,,,,0.0,,,,,,,,,,,,,,,
UCDV1_01837,Zenodo_19242690_Biopolymer_UCS_CBR_2026,10.1007/s40515-015-0020-0,biopolymer_multi_additive,CBR,,2.0,soaked,1.0,,CH,"BC soil , North Karnataka, India",24.0,51.0,21.0,,64.0,31.0,33.0,2.5,,1.77,,,,,,,,,,,,,,,,,,,,,,,,,,,
UCDV1_01838,Zenodo_19242690_Biopolymer_UCS_CBR_2026,10.1007/s40515-015-0020-0,biopolymer_multi_additive,CBR,,2.0,soaked,1.0,,CH,"BC soil , North Karnataka, India",24.0,51.0,21.0,,64.0,31.0,33.0,2.5,16.31,1.77,,,,,,,,,,,,,,,,,,,,,,,,,,,
UCDV1_01839,Zenodo_19242690_Biopolymer_UCS_CBR_2026,10.1007/s40515-015-0020-0,biopolymer_multi_additive,CBR,,1.0,soaked,1.0,,CH,"BC soil , North Karnataka, India",24.0,51.0,21.0,,64.0,31.0,33.0,2.5,,1.77,,,,,,,,,,,,,,,,,,,,,,,,,,,
UCDV1_01840,Zenodo_19242690_Biopolymer_UCS_CBR_2026,10.1007/s40515-015-0020-0,biopolymer_multi_additive,CBR,,18.0,unsoaked,1.0,,CH,"BC soil , North Karnataka, India",24.0,51.0,21.0,,64.0,31.0,33.0,2.5,,1.77,,,,,,,,,,,,,,,,,,,,,,,,,,,
UCDV1_01841,Zenodo_19242690_Biopolymer_UCS_CBR_2026,10.1007/s40515-015-0020-0,biopolymer_multi_additive,CBR,,33.0,unsoaked,1.0,,CH,"BC soil , North Karnataka, India",24.0,51.0,21.0,,64.0,31.0,33.0,2.5,16.31,1.77,,,,,,,,,,,,,,,,,,,,,,,,,,,
UCDV1_01842,Zenodo_19242690_Biopolymer_UCS_CBR_2026,10.1007/s40515-015-0020-0,biopolymer_multi_additive,CBR,,15.0,unsoaked,1.0,,CH,"BC soil , North Karnataka, India",24.0,51.0,21.0,,64.0,31.0,33.0,2.5,,1.77,,,,,,,,,,,,,,,,,,,,,,,,,,,
UCDV1_01843,Zenodo_19242690_Biopolymer_UCS_CBR_2026,10.1007/s40515-015-0020-0,biopolymer_multi_additive,CBR,,3.0,soaked,7.0,,CH,"BC soil , North Karnataka, India",24.0,51.0,21.0,,64.0,31.0,33.0,2.5,,1.79,,,,,,,,,,,,,,,,,,,,,,,,,,,
UCDV1_01844,Zenodo_19242690_Biopolymer_UCS_CBR_2026,10.1007/s40515-015-0020-0,biopolymer_multi_additive,CBR,,4.0,soaked,7.0,,CH,"BC soil , North Karnataka, India",24.0,51.0,21.0,,64.0,31.0,33.0,2.5,16.29,1.79,,,,,,,,,,,,,,,,,,,,,,,,,,,
UCDV1_01845,Zenodo_19242690_Biopolymer_UCS_CBR_2026,10.1007/s40515-015-0020-0,biopolymer_multi_additive,CBR,,1.0,soaked,7.0,,CH,"BC soil , North Karnataka, India",24.0,51.0,21.0,,64.0,31.0,33.0,2.5,,1.79,,,,,,,,,,,,,,,,,,,,,,,,,,,
UCDV1_01846,Zenodo_19242690_Biopolymer_UCS_CBR_2026,10.1007/s40515-015-0020-0,biopolymer_multi_additive,CBR,,23.0,unsoaked,7.0,,CH,"BC soil , North Karnataka, India",24.0,51.0,21.0,,64.0,31.0,33.0,2.5,,1.79,,,,,,,,,,,,,,,,,,,,,,,,,,,
UCDV1_01847,Zenodo_19242690_Biopolymer_UCS_CBR_2026,10.1007/s40515-015-0020-0,biopolymer_multi_additive,CBR,,40.0,unsoaked,7.0,,CH,"BC soil , North Karnataka, India",24.0,51.0,21.0,,64.0,31.0,33.0,2.5,16.29,1.79,,,,,,,,,,,,,,,,,,,,,,,,,,,
UCDV1_01848,Zenodo_19242690_Biopolymer_UCS_CBR_2026,10.1007/s40515-015-0020-0,biopolymer_multi_additive,CBR,,14.0,unsoaked,7.0,,CH,"BC soil , North Karnataka, India",24.0,51.0,21.0,,64.0,31.0,33.0,2.5,,1.79,,,,,,,,,,,,,,,,,,,,,,,,,,,
UCDV1_01849,Zenodo_19242690_Biopolymer_UCS_CBR_2026,10.1007/s40515-015-0020-0,biopolymer_multi_additive,CBR,,4.0,soaked,28.0,,CH,"BC soil , North Karnataka, India",24.0,51.0,21.0,,64.0,31.0,33.0,2.5,,1.85,,,,,,,,,,,,,,,,,,,,,,,,,,,
UCDV1_01850,Zenodo_19242690_Biopolymer_UCS_CBR_2026,10.1007/s40515-015-0020-0,biopolymer_multi_additive,CBR,,5.0,soaked,28.0,,CH,"BC soil , North Karnataka, India",24.0,51.0,21.0,,64.0,31.0,33.0,2.5,16.25,1.85,,,,,,,,,,,,,,,,,,,,,,,,,,,
UCDV1_01851,Zenodo_19242690_Biopolymer_UCS_CBR_2026,10.1007/s40515-015-0020-0,biopolymer_multi_additive,CBR,,1.0,soaked,28.0,,CH,"BC soil , North Karnataka, India",24.0,51.0,21.0,,64.0,31.0,33.0,2.5,,1.85,,,,,,,,,,,,,,,,,,,,,,,,,,,
UCDV1_01852,Zenodo_19242690_Biopolymer_UCS_CBR_2026,10.1007/s40515-015-0020-0,biopolymer_multi_additive,CBR,,26.0,unsoaked,28.0,,CH,"BC soil , North Karnataka, India",24.0,51.0,21.0,,64.0,31.0,33.0,2.5,,1.85,,,,,,,,,,,,,,,,,,,,,,,,,,,
UCDV1_01853,Zenodo_19242690_Biopolymer_UCS_CBR_2026,10.1007/s40515-015-0020-0,biopolymer_multi_additive,CBR,,49.0,unsoaked,28.0,,CH,"BC soil , North Karnataka, India",24.0,51.0,21.0,,64.0,31.0,33.0,2.5,16.25,1.85,,,,,,,,,,,,,,,,,,,,,,,,,,,
UCDV1_01854,Zenodo_19242690_Biopolymer_UCS_CBR_2026,10.1007/s40515-015-0020-0,biopolymer_multi_additive,CBR,,11.0,unsoaked,28.0,,CH,"BC soil , North Karnataka, India",24.0,51.0,21.0,,64.0,31.0,33.0,2.5,,1.85,,,,,,,,,,,,,,,,,,,,,,,,,,,
UCDV1_01855,Zenodo_19242690_Biopolymer_UCS_CBR_2026,10.1007/s40515-015-0020-0,biopolymer_multi_additive,CBR,,2.0,soaked,1.0,,CH,"BC soil , North Karnataka, India",24.0,51.0,21.0,,64.0,31.0,33.0,2.5,,1.77,,,0.0,,,,,,,,,0.0,,,,,,,,,,,,,,,
UCDV1_01856,Zenodo_19242690_Biopolymer_UCS_CBR_2026,10.1007/s40515-015-0020-0,biopolymer_multi_additive,CBR,,3.0,soaked,1.0,,CH,"BC soil , North Karnataka, India",24.0,51.0,21.0,,64.0,31.0,33.0,2.5,16.33,1.77,,,0.0,,,,,,,,,0.0,,,,,,,,,,,,,,,
UCDV1_01857,Zenodo_19242690_Biopolymer_UCS_CBR_2026,10.1007/s40515-015-0020-0,biopolymer_multi_additive,CBR,,1.0,soaked,1.0,,CH,"BC soil , North Karnataka, India",24.0,51.0,21.0,,64.0,31.0,33.0,2.5,,1.77,,,0.0,,,,,,,,,0.0,,,,,,,,,,,,,,,
UCDV1_01858,Zenodo_19242690_Biopolymer_UCS_CBR_2026,10.1007/s40515-015-0020-0,biopolymer_multi_additive,CBR,,22.0,unsoaked,1.0,,CH,"BC soil , North Karnataka, India",24.0,51.0,21.0,,64.0,31.0,33.0,2.5,,1.77,,,0.0,,,,,,,,,0.0,,,,,,,,,,,,,,,
UCDV1_01859,Zenodo_19242690_Biopolymer_UCS_CBR_2026,10.1007/s40515-015-0020-0,biopolymer_multi_additive,CBR,,31.0,unsoaked,1.0,,CH,"BC soil , North Karnataka, India",24.0,51.0,21.0,,64.0,31.0,33.0,2.5,16.33,1.77,,,0.0,,,,,,,,,0.0,,,,,,,,,,,,,,,
UCDV1_01860,Zenodo_19242690_Biopolymer_UCS_CBR_2026,10.1007/s40515-015-0020-0,biopolymer_multi_additive,CBR,,29.0,unsoaked,1.0,,CH,"BC soil , North Karnataka, India",24.0,51.0,21.0,,64.0,31.0,33.0,2.5,,1.77,,,0.0,,,,,,,,,0.0,,,,,,,,,,,,,,,
UCDV1_01861,Zenodo_19242690_Biopolymer_UCS_CBR_2026,10.1007/s40515-015-0020-0,biopolymer_multi_additive,CBR,,4.0,soaked,7.0,,CH,"BC soil , North Karnataka, India",24.0,51.0,21.0,,64.0,31.0,33.0,2.5,,1.8,,,0.0,,,,,,,,,0.0,,,,,,,,,,,,,,,
UCDV1_01862,Zenodo_19242690_Biopolymer_UCS_CBR_2026,10.1007/s40515-015-0020-0,biopolymer_multi_additive,CBR,,5.0,soaked,7.0,,CH,"BC soil , North Karnataka, India",24.0,51.0,21.0,,64.0,31.0,33.0,2.5,16.31,1.8,,,0.0,,,,,,,,,0.0,,,,,,,,,,,,,,,
UCDV1_01863,Zenodo_19242690_Biopolymer_UCS_CBR_2026,10.1007/s40515-015-0020-0,biopolymer_multi_additive,CBR,,2.0,soaked,7.0,,CH,"BC soil , North Karnataka, India",24.0,51.0,21.0,,64.0,31.0,33.0,2.5,,1.8,,,0.0,,,,,,,,,0.0,,,,,,,,,,,,,,,
UCDV1_01864,Zenodo_19242690_Biopolymer_UCS_CBR_2026,10.1007/s40515-015-0020-0,biopolymer_multi_additive,CBR,,32.0,unsoaked,7.0,,CH,"BC soil , North Karnataka, India",24.0,51.0,21.0,,64.0,31.0,33.0,2.5,,1.8,,,0.0,,,,,,,,,0.0,,,,,,,,,,,,,,,
UCDV1_01865,Zenodo_19242690_Biopolymer_UCS_CBR_2026,10.1007/s40515-015-0020-0,biopolymer_multi_additive,CBR,,38.0,unsoaked,7.0,,CH,"BC soil , North Karnataka, India",24.0,51.0,21.0,,64.0,31.0,33.0,2.5,16.31,1.8,,,0.0,,,,,,,,,0.0,,,,,,,,,,,,,,,
UCDV1_01866,Zenodo_19242690_Biopolymer_UCS_CBR_2026,10.1007/s40515-015-0020-0,biopolymer_multi_additive,CBR,,31.0,unsoaked,7.0,,CH,"BC soil , North Karnataka, India",24.0,51.0,21.0,,64.0,31.0,33.0,2.5,,1.8,,,0.0,,,,,,,,,0.0,,,,,,,,,,,,,,,
UCDV1_01867,Zenodo_19242690_Biopolymer_UCS_CBR_2026,10.1007/s40515-015-0020-0,biopolymer_multi_additive,CBR,,6.0,soaked,28.0,,CH,"BC soil , North Karnataka, India",24.0,51.0,21.0,,64.0,31.0,33.0,2.5,,1.85,,,0.0,,,,,,,,,0.0,,,,,,,,,,,,,,,
UCDV1_01868,Zenodo_19242690_Biopolymer_UCS_CBR_2026,10.1007/s40515-015-0020-0,biopolymer_multi_additive,CBR,,6.0,soaked,28.0,,CH,"BC soil , North Karnataka, India",24.0,51.0,21.0,,64.0,31.0,33.0,2.5,16.26,1.85,,,0.0,,,,,,,,,0.0,,,,,,,,,,,,,,,
UCDV1_01869,Zenodo_19242690_Biopolymer_UCS_CBR_2026,10.1007/s40515-015-0020-0,biopolymer_multi_additive,CBR,,3.0,soaked,28.0,,CH,"BC soil , North Karnataka, India",24.0,51.0,21.0,,64.0,31.0,33.0,2.5,,1.85,,,0.0,,,,,,,,,0.0,,,,,,,,,,,,,,,
UCDV1_01870,Zenodo_19242690_Biopolymer_UCS_CBR_2026,10.1007/s40515-015-0020-0,biopolymer_multi_additive,CBR,,39.0,unsoaked,28.0,,CH,"BC soil , North Karnataka, India",24.0,51.0,21.0,,64.0,31.0,33.0,2.5,,1.85,,,0.0,,,,,,,,,0.0,,,,,,,,,,,,,,,
UCDV1_01871,Zenodo_19242690_Biopolymer_UCS_CBR_2026,10.1007/s40515-015-0020-0,biopolymer_multi_additive,CBR,,42.0,unsoaked,28.0,,CH,"BC soil , North Karnataka, India",24.0,51.0,21.0,,64.0,31.0,33.0,2.5,16.26,1.85,,,0.0,,,,,,,,,0.0,,,,,,,,,,,,,,,
UCDV1_01872,Zenodo_19242690_Biopolymer_UCS_CBR_2026,10.1007/s40515-015-0020-0,biopolymer_multi_additive,CBR,,33.0,unsoaked,28.0,,CH,"BC soil , North Karnataka, India",24.0,51.0,21.0,,64.0,31.0,33.0,2.5,,1.85,,,0.0,,,,,,,,,0.0,,,,,,,,,,,,,,,
UCDV1_01873,Zenodo_19242690_Biopolymer_UCS_CBR_2026,10.1007/s40515-015-0020-0,biopolymer_multi_additive,CBR,,4.0,soaked,1.0,,CH,"BC soil , North Karnataka, India",24.0,51.0,21.0,,64.0,31.0,33.0,2.5,,1.77,,,,,,,,,,,,,,,,,,,,,,,,,,,
UCDV1_01874,Zenodo_19242690_Biopolymer_UCS_CBR_2026,10.1007/s40515-015-0020-0,biopolymer_multi_additive,CBR,,6.0,soaked,1.0,,CH,"BC soil , North Karnataka, India",24.0,51.0,21.0,,64.0,31.0,33.0,2.5,16.31,1.77,,,,,,,,,,,,,,,,,,,,,,,,,,,
UCDV1_01875,Zenodo_19242690_Biopolymer_UCS_CBR_2026,10.1007/s40515-015-0020-0,biopolymer_multi_additive,CBR,,3.0,soaked,1.0,,CH,"BC soil , North Karnataka, India",24.0,51.0,21.0,,64.0,31.0,33.0,2.5,,1.77,,,,,,,,,,,,,,,,,,,,,,,,,,,
UCDV1_01876,Zenodo_19242690_Biopolymer_UCS_CBR_2026,10.1007/s40515-015-0020-0,biopolymer_multi_additive,CBR,,21.0,unsoaked,1.0,,CH,"BC soil , North Karnataka, India",24.0,51.0,21.0,,64.0,31.0,33.0,2.5,,1.77,,,,,,,,,,,,,,,,,,,,,,,,,,,
UCDV1_01877,Zenodo_19242690_Biopolymer_UCS_CBR_2026,10.1007/s40515-015-0020-0,biopolymer_multi_additive,CBR,,47.0,unsoaked,1.0,,CH,"BC soil , North Karnataka, India",24.0,51.0,21.0,,64.0,31.0,33.0,2.5,16.31,1.77,,,,,,,,,,,,,,,,,,,,,,,,,,,
UCDV1_01878,Zenodo_19242690_Biopolymer_UCS_CBR_2026,10.1007/s40515-015-0020-0,biopolymer_multi_additive,CBR,,33.0,unsoaked,1.0,,CH,"BC soil , North Karnataka, India",24.0,51.0,21.0,,64.0,31.0,33.0,2.5,,1.77,,,,,,,,,,,,,,,,,,,,,,,,,,,
UCDV1_01879,Zenodo_19242690_Biopolymer_UCS_CBR_2026,10.1007/s40515-015-0020-0,biopolymer_multi_additive,CBR,,6.0,soaked,7.0,,CH,"BC soil , North Karnataka, India",24.0,51.0,21.0,,64.0,31.0,33.0,2.5,,1.8,,,,,,,,,,,,,,,,,,,,,,,,,,,
UCDV1_01880,Zenodo_19242690_Biopolymer_UCS_CBR_2026,10.1007/s40515-015-0020-0,biopolymer_multi_additive,CBR,,10.0,soaked,7.0,,CH,"BC soil , North Karnataka, India",24.0,51.0,21.0,,64.0,31.0,33.0,2.5,16.21,1.8,,,,,,,,,,,,,,,,,,,,,,,,,,,
UCDV1_01881,Zenodo_19242690_Biopolymer_UCS_CBR_2026,10.1007/s40515-015-0020-0,biopolymer_multi_additive,CBR,,5.0,soaked,7.0,,CH,"BC soil , North Karnataka, India",24.0,51.0,21.0,,64.0,31.0,33.0,2.5,,1.8,,,,,,,,,,,,,,,,,,,,,,,,,,,
UCDV1_01882,Zenodo_19242690_Biopolymer_UCS_CBR_2026,10.1007/s40515-015-0020-0,biopolymer_multi_additive,CBR,,30.0,unsoaked,7.0,,CH,"BC soil , North Karnataka, India",24.0,51.0,21.0,,64.0,31.0,33.0,2.5,,1.8,,,,,,,,,,,,,,,,,,,,,,,,,,,
UCDV1_01883,Zenodo_19242690_Biopolymer_UCS_CBR_2026,10.1007/s40515-015-0020-0,biopolymer_multi_additive,CBR,,49.0,unsoaked,7.0,,CH,"BC soil , North Karnataka, India",24.0,51.0,21.0,,64.0,31.0,33.0,2.5,16.21,1.8,,,,,,,,,,,,,,,,,,,,,,,,,,,
UCDV1_01884,Zenodo_19242690_Biopolymer_UCS_CBR_2026,10.1007/s40515-015-0020-0,biopolymer_multi_additive,CBR,,37.0,unsoaked,7.0,,CH,"BC soil , North Karnataka, India",24.0,51.0,21.0,,64.0,31.0,33.0,2.5,,1.8,,,,,,,,,,,,,,,,,,,,,,,,,,,
UCDV1_01885,Zenodo_19242690_Biopolymer_UCS_CBR_2026,10.1007/s40515-015-0020-0,biopolymer_multi_additive,CBR,,7.0,soaked,28.0,,CH,"BC soil , North Karnataka, India",24.0,51.0,21.0,,64.0,31.0,33.0,2.5,,1.88,,,,,,,,,,,,,,,,,,,,,,,,,,,
UCDV1_01886,Zenodo_19242690_Biopolymer_UCS_CBR_2026,10.1007/s40515-015-0020-0,biopolymer_multi_additive,CBR,,12.0,soaked,28.0,,CH,"BC soil , North Karnataka, India",24.0,51.0,21.0,,64.0,31.0,33.0,2.5,16.11,1.88,,,,,,,,,,,,,,,,,,,,,,,,,,,
UCDV1_01887,Zenodo_19242690_Biopolymer_UCS_CBR_2026,10.1007/s40515-015-0020-0,biopolymer_multi_additive,CBR,,6.0,soaked,28.0,,CH,"BC soil , North Karnataka, India",24.0,51.0,21.0,,64.0,31.0,33.0,2.5,,1.88,,,,,,,,,,,,,,,,,,,,,,,,,,,
UCDV1_01888,Zenodo_19242690_Biopolymer_UCS_CBR_2026,10.1007/s40515-015-0020-0,biopolymer_multi_additive,CBR,,43.0,unsoaked,28.0,,CH,"BC soil , North Karnataka, India",24.0,51.0,21.0,,64.0,31.0,33.0,2.5,,1.88,,,,,,,,,,,,,,,,,,,,,,,,,,,
UCDV1_01889,Zenodo_19242690_Biopolymer_UCS_CBR_2026,10.1007/s40515-015-0020-0,biopolymer_multi_additive,CBR,,54.0,unsoaked,28.0,,CH,"BC soil , North Karnataka, India",24.0,51.0,21.0,,64.0,31.0,33.0,2.5,16.11,1.88,,,,,,,,,,,,,,,,,,,,,,,,,,,
UCDV1_01890,Zenodo_19242690_Biopolymer_UCS_CBR_2026,10.1007/s40515-015-0020-0,biopolymer_multi_additive,CBR,,43.0,unsoaked,28.0,,CH,"BC soil , North Karnataka, India",24.0,51.0,21.0,,64.0,31.0,33.0,2.5,,1.88,,,,,,,,,,,,,,,,,,,,,,,,,,,
UCDV1_01891,Zenodo_19242690_Biopolymer_UCS_CBR_2026,10.1051/e3sconf/202339101004,biopolymer_multi_additive,CBR,,1.2,unsoaked,0.0,,CH,"Undavalli in Guntur District, Andhra Pradesh ",5.0,49.0,46.0,,72.0,27.0,45.0,2.68,25.0,1.51,,,0.0,,,,,,,,,0.0,,,,,,,,,,,,,,,
UCDV1_01892,Zenodo_19242690_Biopolymer_UCS_CBR_2026,10.1051/e3sconf/202339101004,biopolymer_multi_additive,CBR,,1.0,soaked,0.0,,CH,"Undavalli in Guntur District, Andhra Pradesh ",5.0,49.0,46.0,,72.0,27.0,45.0,2.68,25.0,1.51,,,0.0,,,,,,,,,0.0,,,,,,,,,,,,,,,
UCDV1_01893,Zenodo_19242690_Biopolymer_UCS_CBR_2026,10.1051/e3sconf/202339101004,biopolymer_multi_additive,CBR,,3.0,unsoaked,0.0,,CH,"Undavalli in Guntur District, Andhra Pradesh ",5.0,49.0,46.0,,72.0,27.0,45.0,2.68,27.0,1.5,,,0.0,,,,,,,,,0.6,,,,,,,,,,,,,,,
UCDV1_01894,Zenodo_19242690_Biopolymer_UCS_CBR_2026,10.1051/e3sconf/202339101004,biopolymer_multi_additive,CBR,,3.2,soaked,0.0,,CH,"Undavalli in Guntur District, Andhra Pradesh ",5.0,49.0,46.0,,72.0,27.0,45.0,2.68,27.0,1.5,,,0.0,,,,,,,,,0.6,,,,,,,,,,,,,,,
UCDV1_01895,Zenodo_19242690_Biopolymer_UCS_CBR_2026,10.1051/e3sconf/202339101004,biopolymer_multi_additive,CBR,,4.0,unsoaked,0.0,,CH,"Undavalli in Guntur District, Andhra Pradesh ",5.0,49.0,46.0,,72.0,27.0,45.0,2.68,28.3,1.48,,,0.0,,,,,,,,,0.6,,,,,,,,,,,,,,,
UCDV1_01896,Zenodo_19242690_Biopolymer_UCS_CBR_2026,10.1051/e3sconf/202339101004,biopolymer_multi_additive,CBR,,5.1,soaked,0.0,,CH,"Undavalli in Guntur District, Andhra Pradesh ",5.0,49.0,46.0,,72.0,27.0,45.0,2.68,28.3,1.48,,,0.0,,,,,,,,,0.6,,,,,,,,,,,,,,,
UCDV1_01897,Zenodo_19242690_Biopolymer_UCS_CBR_2026,10.1051/e3sconf/202339101004,biopolymer_multi_additive,CBR,,8.0,unsoaked,0.0,,CH,"Undavalli in Guntur District, Andhra Pradesh ",5.0,49.0,46.0,,72.0,27.0,45.0,2.68,29.5,1.45,,,0.0,,,,,,,,,0.6,,,,,,,,,,,,,,,
UCDV1_01898,Zenodo_19242690_Biopolymer_UCS_CBR_2026,10.1051/e3sconf/202339101004,biopolymer_multi_additive,CBR,,10.5,soaked,0.0,,CH,"Undavalli in Guntur District, Andhra Pradesh ",5.0,49.0,46.0,,72.0,27.0,45.0,2.68,29.5,1.45,,,0.0,,,,,,,,,0.6,,,,,,,,,,,,,,,
UCDV1_01899,Zenodo_19242690_Biopolymer_UCS_CBR_2026,10.1051/e3sconf/202339101004,biopolymer_multi_additive,CBR,,9.0,unsoaked,0.0,,CH,"Undavalli in Guntur District, Andhra Pradesh ",5.0,49.0,46.0,,72.0,27.0,45.0,2.68,30.5,1.43,,,0.0,,,,,,,,,0.6,,,,,,,,,,,,,,,
UCDV1_01900,Zenodo_19242690_Biopolymer_UCS_CBR_2026,10.1051/e3sconf/202339101004,biopolymer_multi_additive,CBR,,11.0,soaked,0.0,,CH,"Undavalli in Guntur District, Andhra Pradesh ",5.0,49.0,46.0,,72.0,27.0,45.0,2.68,30.5,1.43,,,0.0,,,,,,,,,0.6,,,,,,,,,,,,,,,
UCDV1_01901,Zenodo_19242690_Biopolymer_UCS_CBR_2026,10.1007/s40515-024-00449-10,biopolymer_multi_additive,CBR,,10.75,unsoaked,0.0,,,"Kadipaten, Majalengka, Province of West Java, Indonesia",,,,,66.91,21.0,45.58,2.47,,1.496,,,0.0,,,,,,,,,0.1,,,,,,,,,,,,,,,
UCDV1_01902,Zenodo_19242690_Biopolymer_UCS_CBR_2026,10.1007/s40515-024-00449-10,biopolymer_multi_additive,CBR,,7.39,soaked,0.0,,,"Kadipaten, Majalengka, Province of West Java, Indonesia",,,,,66.91,21.0,45.58,2.47,,1.496,,,0.0,,,,,,,,,0.1,,,,,,,,,,,,,,,
UCDV1_01903,Zenodo_19242690_Biopolymer_UCS_CBR_2026,10.1016/j.carpta.2025.100975,biopolymer_multi_additive,CBR,,8.1,unsoaked,0.0,,CL,A factory in Iran,0.0,33.0,67.0,,37.8,19.1,18.7,2.63,23.29,1.59,,,0.0,,,,,,,,,0.0,,,,,,,,,,,,,,,
UCDV1_01904,Zenodo_19242690_Biopolymer_UCS_CBR_2026,10.1016/j.carpta.2025.100975,biopolymer_multi_additive,CBR,,11.65,unsoaked,0.0,,CL,A factory in Iran,0.0,33.0,67.0,,37.8,19.1,18.7,2.63,23.43,1.582,,,0.0,,,,,,,,,0.0,,,,,,,,,,,,,,,
UCDV1_01905,Zenodo_19242690_Biopolymer_UCS_CBR_2026,10.1016/j.carpta.2025.100975,biopolymer_multi_additive,CBR,,15.97,unsoaked,0.0,,CL,A factory in Iran,0.0,33.0,67.0,,37.8,19.1,18.7,2.63,23.58,1.576,,,0.0,,,,,,,,,0.0,,,,,,,,,,,,,,,
UCDV1_01906,Zenodo_19242690_Biopolymer_UCS_CBR_2026,10.1016/j.carpta.2025.100975,biopolymer_multi_additive,CBR,,12.93,unsoaked,0.0,,CL,A factory in Iran,0.0,33.0,67.0,,37.8,19.1,18.7,2.63,23.66,1.571,,,0.0,,,,,,,,,0.0,,,,,,,,,,,,,,,
UCDV1_01907,Zenodo_19242690_Biopolymer_UCS_CBR_2026,10.1016/j.carpta.2025.100975,biopolymer_multi_additive,CBR,,22.44,unsoaked,0.0,,CL,A factory in Iran,0.0,33.0,67.0,,37.8,19.1,18.7,2.63,25.48,1.477,,,0.0,,,,,,,,,1.0,,,,,,,,,,,,,,,
UCDV1_01908,Zenodo_19242690_Biopolymer_UCS_CBR_2026,"Zaid, Waleed. (2024). Improving the Geotechnical Properties of a Soil Using Xanthan Gum and Concrete Waste",biopolymer_multi_additive,CBR,,15.26,unsoaked,4.0,,,"Gaziantep University campus, Turkey",0.0,0.0,100.0,,35.16,28.31,6.85,,16.85,1.80796,,,0.0,,,,,,,,,0.0,,,,,,,,,,,,,,,
UCDV1_01909,Zenodo_19242690_Biopolymer_UCS_CBR_2026,"Zaid, Waleed. (2024). Improving the Geotechnical Properties of a Soil Using Xanthan Gum and Concrete Waste",biopolymer_multi_additive,CBR,,13.96,unsoaked,4.0,,,"Gaziantep University campus, Turkey",0.0,0.0,100.0,,35.16,28.31,6.85,,16.86,1.84365,,,0.0,,,,,,,,,0.0,,,,,,,,,,,,,,,
UCDV1_01910,Zenodo_19242690_Biopolymer_UCS_CBR_2026,"Zaid, Waleed. (2024). Improving the Geotechnical Properties of a Soil Using Xanthan Gum and Concrete Waste",biopolymer_multi_additive,CBR,,10.68,unsoaked,4.0,,,"Gaziantep University campus, Turkey",0.0,0.0,100.0,,35.16,28.31,6.85,,17.75,1.76921,,,0.0,,,,,,,,,1.0,,,,,,,,,,,,,,,
UCDV1_01911,Zenodo_19242690_Biopolymer_UCS_CBR_2026,"Zaid, Waleed. (2024). Improving the Geotechnical Properties of a Soil Using Xanthan Gum and Concrete Waste",biopolymer_multi_additive,CBR,,6.75,unsoaked,4.0,,,"Gaziantep University campus, Turkey",0.0,0.0,100.0,,35.16,28.31,6.85,,19.65,1.68049,,,0.0,,,,,,,,,2.5,,,,,,,,,,,,,,,
UCDV1_01912,Zenodo_19242690_Biopolymer_UCS_CBR_2026,"Zaid, Waleed. (2024). Improving the Geotechnical Properties of a Soil Using Xanthan Gum and Concrete Waste",biopolymer_multi_additive,CBR,,3.82,unsoaked,4.0,,,"Gaziantep University campus, Turkey",0.0,0.0,100.0,,35.16,28.31,6.85,,22.0,1.61115,,,0.0,,,,,,,,,4.0,,,,,,,,,,,,,,,
UCDV1_01913,Zenodo_19242690_Biopolymer_UCS_CBR_2026,"Zaid, Waleed. (2024). Improving the Geotechnical Properties of a Soil Using Xanthan Gum and Concrete Waste",biopolymer_multi_additive,CBR,,14.07,unsoaked,4.0,,,"Gaziantep University campus, Turkey",0.0,0.0,100.0,,35.16,28.31,6.85,,16.85,1.80796,,,0.0,,,,,,,,,0.0,,,,,,,,,,,,,,,
UCDV1_01914,Zenodo_19242690_Biopolymer_UCS_CBR_2026,"Zaid, Waleed. (2024). Improving the Geotechnical Properties of a Soil Using Xanthan Gum and Concrete Waste",biopolymer_multi_additive,CBR,,13.06,unsoaked,4.0,,,"Gaziantep University campus, Turkey",0.0,0.0,100.0,,35.16,28.31,6.85,,16.86,1.84365,,,0.0,,,,,,,,,0.0,,,,,,,,,,,,,,,
UCDV1_01915,Zenodo_19242690_Biopolymer_UCS_CBR_2026,"Zaid, Waleed. (2024). Improving the Geotechnical Properties of a Soil Using Xanthan Gum and Concrete Waste",biopolymer_multi_additive,CBR,,10.06,unsoaked,4.0,,,"Gaziantep University campus, Turkey",0.0,0.0,100.0,,35.16,28.31,6.85,,17.75,1.76921,,,0.0,,,,,,,,,1.0,,,,,,,,,,,,,,,
UCDV1_01916,Zenodo_19242690_Biopolymer_UCS_CBR_2026,"Zaid, Waleed. (2024). Improving the Geotechnical Properties of a Soil Using Xanthan Gum and Concrete Waste",biopolymer_multi_additive,CBR,,7.3,unsoaked,4.0,,,"Gaziantep University campus, Turkey",0.0,0.0,100.0,,35.16,28.31,6.85,,19.65,1.68049,,,0.0,,,,,,,,,2.5,,,,,,,,,,,,,,,
UCDV1_01917,Zenodo_19242690_Biopolymer_UCS_CBR_2026,"Zaid, Waleed. (2024). Improving the Geotechnical Properties of a Soil Using Xanthan Gum and Concrete Waste",biopolymer_multi_additive,CBR,,4.16,unsoaked,4.0,,,"Gaziantep University campus, Turkey",0.0,0.0,100.0,,35.16,28.31,6.85,,22.0,1.61115,,,0.0,,,,,,,,,4.0,,,,,,,,,,,,,,,
UCDV1_02671,Scientific Reports supplementary table - HARHA-treated expansive soil CBR,10.1038/s41598-023-40903-1,mixed_stabilized_soil,CBR,,8.0,,,,,,,,,,66.0,21.0,45.0,,16.0,1.25,,,,,,,,,,0.0,,,,,,,,,,,,,,,,,
UCDV1_02672,Scientific Reports supplementary table - HARHA-treated expansive soil CBR,10.1038/s41598-023-40903-1,mixed_stabilized_soil,CBR,,8.0,,,,,,,,,,66.0,21.0,45.0,,16.0,1.25,,,,,,,,,,0.0,,,,,,,,,,,,,,,,,
UCDV1_02673,Scientific Reports supplementary table - HARHA-treated expansive soil CBR,10.1038/s41598-023-40903-1,mixed_stabilized_soil,CBR,,8.1,,,,,,,,,,66.0,21.0,45.0,,16.0,1.25,,,,,,,,,,0.1,,,,,,,,,,,,,,,,,
UCDV1_02674,Scientific Reports supplementary table - HARHA-treated expansive soil CBR,10.1038/s41598-023-40903-1,mixed_stabilized_soil,CBR,,8.1,,,,,,,,,,66.0,21.0,45.0,,16.0,1.25,,,,,,,,,,0.1,,,,,,,,,,,,,,,,,
UCDV1_02675,Scientific Reports supplementary table - HARHA-treated expansive soil CBR,10.1038/s41598-023-40903-1,mixed_stabilized_soil,CBR,,8.2,,,,,,,,,,65.7,20.9,44.8,,16.1,1.27,,,,,,,,,,0.2,,,,,,,,,,,,,,,,,
UCDV1_02676,Scientific Reports supplementary table - HARHA-treated expansive soil CBR,10.1038/s41598-023-40903-1,mixed_stabilized_soil,CBR,,8.2,,,,,,,,,,65.7,20.9,44.8,,16.1,1.27,,,,,,,,,,0.2,,,,,,,,,,,,,,,,,
UCDV1_02677,Scientific Reports supplementary table - HARHA-treated expansive soil CBR,10.1038/s41598-023-40903-1,mixed_stabilized_soil,CBR,,8.2,,,,,,,,,,65.6,20.9,44.7,,16.3,1.27,,,,,,,,,,0.3,,,,,,,,,,,,,,,,,
UCDV1_02678,Scientific Reports supplementary table - HARHA-treated expansive soil CBR,10.1038/s41598-023-40903-1,mixed_stabilized_soil,CBR,,8.2,,,,,,,,,,65.6,20.9,44.7,,16.3,1.27,,,,,,,,,,0.3,,,,,,,,,,,,,,,,,
UCDV1_02679,Scientific Reports supplementary table - HARHA-treated expansive soil CBR,10.1038/s41598-023-40903-1,mixed_stabilized_soil,CBR,,8.3,,,,,,,,,,65.3,20.8,44.5,,16.3,1.28,,,,,,,,,,0.4,,,,,,,,,,,,,,,,,
UCDV1_02680,Scientific Reports supplementary table - HARHA-treated expansive soil CBR,10.1038/s41598-023-40903-1,mixed_stabilized_soil,CBR,,8.3,,,,,,,,,,65.3,20.8,44.5,,16.3,1.28,,,,,,,,,,0.4,,,,,,,,,,,,,,,,,
UCDV1_02681,Scientific Reports supplementary table - HARHA-treated expansive soil CBR,10.1038/s41598-023-40903-1,mixed_stabilized_soil,CBR,,8.5,,,,,,,,,,65.0,21.0,44.0,,16.4,1.3,,,,,,,,,,0.5,,,,,,,,,,,,,,,,,
UCDV1_02682,Scientific Reports supplementary table - HARHA-treated expansive soil CBR,10.1038/s41598-023-40903-1,mixed_stabilized_soil,CBR,,8.5,,,,,,,,,,65.0,21.0,44.0,,16.4,1.3,,,,,,,,,,0.5,,,,,,,,,,,,,,,,,
UCDV1_02683,Scientific Reports supplementary table - HARHA-treated expansive soil CBR,10.1038/s41598-023-40903-1,mixed_stabilized_soil,CBR,,8.55,,,,,,,,,,64.8,20.8,44.0,,16.4,1.31,,,,,,,,,,0.6,,,,,,,,,,,,,,,,,
UCDV1_02684,Scientific Reports supplementary table - HARHA-treated expansive soil CBR,10.1038/s41598-023-40903-1,mixed_stabilized_soil,CBR,,8.55,,,,,,,,,,64.8,20.8,44.0,,16.4,1.31,,,,,,,,,,0.6,,,,,,,,,,,,,,,,,
UCDV1_02685,Scientific Reports supplementary table - HARHA-treated expansive soil CBR,10.1038/s41598-023-40903-1,mixed_stabilized_soil,CBR,,8.6,,,,,,,,,,64.5,20.8,43.7,,16.45,1.31,,,,,,,,,,0.7,,,,,,,,,,,,,,,,,
UCDV1_02686,Scientific Reports supplementary table - HARHA-treated expansive soil CBR,10.1038/s41598-023-40903-1,mixed_stabilized_soil,CBR,,8.6,,,,,,,,,,64.5,20.8,43.7,,16.45,1.31,,,,,,,,,,0.7,,,,,,,,,,,,,,,,,
UCDV1_02687,Scientific Reports supplementary table - HARHA-treated expansive soil CBR,10.1038/s41598-023-40903-1,mixed_stabilized_soil,CBR,,8.6,,,,,,,,,,64.1,20.8,43.3,,16.47,1.33,,,,,,,,,,0.8,,,,,,,,,,,,,,,,,
UCDV1_02688,Scientific Reports supplementary table - HARHA-treated expansive soil CBR,10.1038/s41598-023-40903-1,mixed_stabilized_soil,CBR,,8.6,,,,,,,,,,64.1,20.8,43.3,,16.47,1.33,,,,,,,,,,0.8,,,,,,,,,,,,,,,,,
UCDV1_02689,Scientific Reports supplementary table - HARHA-treated expansive soil CBR,10.1038/s41598-023-40903-1,mixed_stabilized_soil,CBR,,8.85,,,,,,,,,,63.5,20.9,42.6,,16.49,1.33,,,,,,,,,,0.9,,,,,,,,,,,,,,,,,
UCDV1_02690,Scientific Reports supplementary table - HARHA-treated expansive soil CBR,10.1038/s41598-023-40903-1,mixed_stabilized_soil,CBR,,8.85,,,,,,,,,,63.5,20.9,42.6,,16.49,1.33,,,,,,,,,,0.9,,,,,,,,,,,,,,,,,
UCDV1_02691,Scientific Reports supplementary table - HARHA-treated expansive soil CBR,10.1038/s41598-023-40903-1,mixed_stabilized_soil,CBR,,9.2,,,,,,,,,,63.0,21.0,42.0,,16.5,1.35,,,,,,,,,,1.0,,,,,,,,,,,,,,,,,
UCDV1_02692,Scientific Reports supplementary table - HARHA-treated expansive soil CBR,10.1038/s41598-023-40903-1,mixed_stabilized_soil,CBR,,9.2,,,,,,,,,,63.0,21.0,42.0,,16.5,1.35,,,,,,,,,,1.0,,,,,,,,,,,,,,,,,
UCDV1_02693,Scientific Reports supplementary table - HARHA-treated expansive soil CBR,10.1038/s41598-023-40903-1,mixed_stabilized_soil,CBR,,9.25,,,,,,,,,,62.5,20.6,41.9,,16.6,1.35,,,,,,,,,,1.1,,,,,,,,,,,,,,,,,
UCDV1_02694,Scientific Reports supplementary table - HARHA-treated expansive soil CBR,10.1038/s41598-023-40903-1,mixed_stabilized_soil,CBR,,9.25,,,,,,,,,,62.5,20.6,41.9,,16.6,1.35,,,,,,,,,,1.1,,,,,,,,,,,,,,,,,
UCDV1_02695,Scientific Reports supplementary table - HARHA-treated expansive soil CBR,10.1038/s41598-023-40903-1,mixed_stabilized_soil,CBR,,9.4,,,,,,,,,,62.1,20.3,41.8,,16.7,1.36,,,,,,,,,,1.2,,,,,,,,,,,,,,,,,
UCDV1_02696,Scientific Reports supplementary table - HARHA-treated expansive soil CBR,10.1038/s41598-023-40903-1,mixed_stabilized_soil,CBR,,9.4,,,,,,,,,,62.1,20.3,41.8,,16.7,1.36,,,,,,,,,,1.2,,,,,,,,,,,,,,,,,
UCDV1_02697,Scientific Reports supplementary table - HARHA-treated expansive soil CBR,10.1038/s41598-023-40903-1,mixed_stabilized_soil,CBR,,9.5,,,,,,,,,,61.9,20.2,41.7,,16.8,1.37,,,,,,,,,,1.3,,,,,,,,,,,,,,,,,
UCDV1_02698,Scientific Reports supplementary table - HARHA-treated expansive soil CBR,10.1038/s41598-023-40903-1,mixed_stabilized_soil,CBR,,9.5,,,,,,,,,,61.9,20.2,41.7,,16.8,1.37,,,,,,,,,,1.3,,,,,,,,,,,,,,,,,
UCDV1_02699,Scientific Reports supplementary table - HARHA-treated expansive soil CBR,10.1038/s41598-023-40903-1,mixed_stabilized_soil,CBR,,9.7,,,,,,,,,,61.7,20.1,41.6,,17.0,1.38,,,,,,,,,,1.4,,,,,,,,,,,,,,,,,
UCDV1_02700,Scientific Reports supplementary table - HARHA-treated expansive soil CBR,10.1038/s41598-023-40903-1,mixed_stabilized_soil,CBR,,9.7,,,,,,,,,,61.7,20.1,41.6,,17.0,1.38,,,,,,,,,,1.4,,,,,,,,,,,,,,,,,
UCDV1_02701,Scientific Reports supplementary table - HARHA-treated expansive soil CBR,10.1038/s41598-023-40903-1,mixed_stabilized_soil,CBR,,9.8,,,,,,,,,,61.5,20.0,41.5,,17.2,1.38,,,,,,,,,,1.5,,,,,,,,,,,,,,,,,
UCDV1_02702,Scientific Reports supplementary table - HARHA-treated expansive soil CBR,10.1038/s41598-023-40903-1,mixed_stabilized_soil,CBR,,9.8,,,,,,,,,,61.5,20.0,41.5,,17.2,1.38,,,,,,,,,,1.5,,,,,,,,,,,,,,,,,
UCDV1_02703,Scientific Reports supplementary table - HARHA-treated expansive soil CBR,10.1038/s41598-023-40903-1,mixed_stabilized_soil,CBR,,9.8,,,,,,,,,,61.4,20.0,41.4,,17.2,1.39,,,,,,,,,,1.6,,,,,,,,,,,,,,,,,
UCDV1_02704,Scientific Reports supplementary table - HARHA-treated expansive soil CBR,10.1038/s41598-023-40903-1,mixed_stabilized_soil,CBR,,9.8,,,,,,,,,,61.4,20.0,41.4,,17.2,1.39,,,,,,,,,,1.6,,,,,,,,,,,,,,,,,
UCDV1_02705,Scientific Reports supplementary table - HARHA-treated expansive soil CBR,10.1038/s41598-023-40903-1,mixed_stabilized_soil,CBR,,9.85,,,,,,,,,,61.3,20.0,41.3,,17.3,1.39,,,,,,,,,,1.7,,,,,,,,,,,,,,,,,
UCDV1_02706,Scientific Reports supplementary table - HARHA-treated expansive soil CBR,10.1038/s41598-023-40903-1,mixed_stabilized_soil,CBR,,9.85,,,,,,,,,,61.3,20.0,41.3,,17.3,1.39,,,,,,,,,,1.7,,,,,,,,,,,,,,,,,
UCDV1_02707,Scientific Reports supplementary table - HARHA-treated expansive soil CBR,10.1038/s41598-023-40903-1,mixed_stabilized_soil,CBR,,9.92,,,,,,,,,,61.3,20.1,41.2,,17.5,1.4,,,,,,,,,,1.8,,,,,,,,,,,,,,,,,
UCDV1_02708,Scientific Reports supplementary table - HARHA-treated expansive soil CBR,10.1038/s41598-023-40903-1,mixed_stabilized_soil,CBR,,9.92,,,,,,,,,,61.3,20.1,41.2,,17.5,1.4,,,,,,,,,,1.8,,,,,,,,,,,,,,,,,
UCDV1_02709,Scientific Reports supplementary table - HARHA-treated expansive soil CBR,10.1038/s41598-023-40903-1,mixed_stabilized_soil,CBR,,9.96,,,,,,,,,,61.2,20.1,41.1,,17.7,1.41,,,,,,,,,,1.9,,,,,,,,,,,,,,,,,
UCDV1_02710,Scientific Reports supplementary table - HARHA-treated expansive soil CBR,10.1038/s41598-023-40903-1,mixed_stabilized_soil,CBR,,9.96,,,,,,,,,,61.2,20.1,41.1,,17.7,1.41,,,,,,,,,,1.9,,,,,,,,,,,,,,,,,
UCDV1_02711,Scientific Reports supplementary table - HARHA-treated expansive soil CBR,10.1038/s41598-023-40903-1,mixed_stabilized_soil,CBR,,10.4,,,,,,,,,,61.0,20.0,41.0,,17.8,1.41,,,,,,,,,,2.0,,,,,,,,,,,,,,,,,
UCDV1_02712,Scientific Reports supplementary table - HARHA-treated expansive soil CBR,10.1038/s41598-023-40903-1,mixed_stabilized_soil,CBR,,10.4,,,,,,,,,,61.0,20.0,41.0,,17.8,1.41,,,,,,,,,,2.0,,,,,,,,,,,,,,,,,
UCDV1_02713,Scientific Reports supplementary table - HARHA-treated expansive soil CBR,10.1038/s41598-023-40903-1,mixed_stabilized_soil,CBR,,10.4,,,,,,,,,,60.9,19.9,41.0,,17.9,1.42,,,,,,,,,,2.1,,,,,,,,,,,,,,,,,
UCDV1_02714,Scientific Reports supplementary table - HARHA-treated expansive soil CBR,10.1038/s41598-023-40903-1,mixed_stabilized_soil,CBR,,10.4,,,,,,,,,,60.9,19.9,41.0,,17.9,1.42,,,,,,,,,,2.1,,,,,,,,,,,,,,,,,
UCDV1_02715,Scientific Reports supplementary table - HARHA-treated expansive soil CBR,10.1038/s41598-023-40903-1,mixed_stabilized_soil,CBR,,10.7,,,,,,,,,,60.7,19.7,41.0,,17.9,1.42,,,,,,,,,,2.2,,,,,,,,,,,,,,,,,
UCDV1_02716,Scientific Reports supplementary table - HARHA-treated expansive soil CBR,10.1038/s41598-023-40903-1,mixed_stabilized_soil,CBR,,10.7,,,,,,,,,,60.7,19.7,41.0,,17.9,1.42,,,,,,,,,,2.2,,,,,,,,,,,,,,,,,
UCDV1_02717,Scientific Reports supplementary table - HARHA-treated expansive soil CBR,10.1038/s41598-023-40903-1,mixed_stabilized_soil,CBR,,11.0,,,,,,,,,,60.6,19.6,41.0,,18.0,1.425,,,,,,,,,,2.3,,,,,,,,,,,,,,,,,
UCDV1_02718,Scientific Reports supplementary table - HARHA-treated expansive soil CBR,10.1038/s41598-023-40903-1,mixed_stabilized_soil,CBR,,11.0,,,,,,,,,,60.6,19.6,41.0,,18.0,1.425,,,,,,,,,,2.3,,,,,,,,,,,,,,,,,
UCDV1_02719,Scientific Reports supplementary table - HARHA-treated expansive soil CBR,10.1038/s41598-023-40903-1,mixed_stabilized_soil,CBR,,11.6,,,,,,,,,,60.4,19.4,41.0,,18.2,1.43,,,,,,,,,,2.4,,,,,,,,,,,,,,,,,
UCDV1_02720,Scientific Reports supplementary table - HARHA-treated expansive soil CBR,10.1038/s41598-023-40903-1,mixed_stabilized_soil,CBR,,11.6,,,,,,,,,,60.4,19.4,41.0,,18.2,1.43,,,,,,,,,,2.4,,,,,,,,,,,,,,,,,
UCDV1_02721,Scientific Reports supplementary table - HARHA-treated expansive soil CBR,10.1038/s41598-023-40903-1,mixed_stabilized_soil,CBR,,12.0,,,,,,,,,,60.0,19.0,41.0,,18.3,1.43,,,,,,,,,,2.5,,,,,,,,,,,,,,,,,
UCDV1_02722,Scientific Reports supplementary table - HARHA-treated expansive soil CBR,10.1038/s41598-023-40903-1,mixed_stabilized_soil,CBR,,12.0,,,,,,,,,,60.0,19.0,41.0,,18.3,1.43,,,,,,,,,,2.5,,,,,,,,,,,,,,,,,
UCDV1_02723,Scientific Reports supplementary table - HARHA-treated expansive soil CBR,10.1038/s41598-023-40903-1,mixed_stabilized_soil,CBR,,12.1,,,,,,,,,,59.8,19.0,40.8,,18.35,1.435,,,,,,,,,,2.6,,,,,,,,,,,,,,,,,
UCDV1_02724,Scientific Reports supplementary table - HARHA-treated expansive soil CBR,10.1038/s41598-023-40903-1,mixed_stabilized_soil,CBR,,12.1,,,,,,,,,,59.8,19.0,40.8,,18.35,1.435,,,,,,,,,,2.6,,,,,,,,,,,,,,,,,
UCDV1_02725,Scientific Reports supplementary table - HARHA-treated expansive soil CBR,10.1038/s41598-023-40903-1,mixed_stabilized_soil,CBR,,12.4,,,,,,,,,,59.7,19.1,40.6,,18.4,1.45,,,,,,,,,,2.7,,,,,,,,,,,,,,,,,
UCDV1_02726,Scientific Reports supplementary table - HARHA-treated expansive soil CBR,10.1038/s41598-023-40903-1,mixed_stabilized_soil,CBR,,12.4,,,,,,,,,,59.7,19.1,40.6,,18.4,1.45,,,,,,,,,,2.7,,,,,,,,,,,,,,,,,
UCDV1_02727,Scientific Reports supplementary table - HARHA-treated expansive soil CBR,10.1038/s41598-023-40903-1,mixed_stabilized_soil,CBR,,12.9,,,,,,,,,,59.5,19.1,40.4,,18.45,1.455,,,,,,,,,,2.8,,,,,,,,,,,,,,,,,
UCDV1_02728,Scientific Reports supplementary table - HARHA-treated expansive soil CBR,10.1038/s41598-023-40903-1,mixed_stabilized_soil,CBR,,12.9,,,,,,,,,,59.5,19.1,40.4,,18.45,1.455,,,,,,,,,,2.8,,,,,,,,,,,,,,,,,
UCDV1_02729,Scientific Reports supplementary table - HARHA-treated expansive soil CBR,10.1038/s41598-023-40903-1,mixed_stabilized_soil,CBR,,13.3,,,,,,,,,,59.2,19.0,40.2,,18.5,1.46,,,,,,,,,,2.9,,,,,,,,,,,,,,,,,
UCDV1_02730,Scientific Reports supplementary table - HARHA-treated expansive soil CBR,10.1038/s41598-023-40903-1,mixed_stabilized_soil,CBR,,13.3,,,,,,,,,,59.2,19.0,40.2,,18.5,1.46,,,,,,,,,,2.9,,,,,,,,,,,,,,,,,
UCDV1_02731,Scientific Reports supplementary table - HARHA-treated expansive soil CBR,10.1038/s41598-023-40903-1,mixed_stabilized_soil,CBR,,13.8,,,,,,,,,,59.0,19.0,40.0,,18.5,1.46,,,,,,,,,,3.0,,,,,,,,,,,,,,,,,
UCDV1_02732,Scientific Reports supplementary table - HARHA-treated expansive soil CBR,10.1038/s41598-023-40903-1,mixed_stabilized_soil,CBR,,13.8,,,,,,,,,,59.0,19.0,40.0,,18.5,1.46,,,,,,,,,,3.0,,,,,,,,,,,,,,,,,
UCDV1_02733,Scientific Reports supplementary table - HARHA-treated expansive soil CBR,10.1038/s41598-023-40903-1,mixed_stabilized_soil,CBR,,13.9,,,,,,,,,,58.8,19.2,39.6,,18.55,1.47,,,,,,,,,,3.1,,,,,,,,,,,,,,,,,
UCDV1_02734,Scientific Reports supplementary table - HARHA-treated expansive soil CBR,10.1038/s41598-023-40903-1,mixed_stabilized_soil,CBR,,13.9,,,,,,,,,,58.8,19.2,39.6,,18.55,1.47,,,,,,,,,,3.1,,,,,,,,,,,,,,,,,
UCDV1_02735,Scientific Reports supplementary table - HARHA-treated expansive soil CBR,10.1038/s41598-023-40903-1,mixed_stabilized_soil,CBR,,14.2,,,,,,,,,,58.4,18.9,39.5,,18.6,1.475,,,,,,,,,,3.2,,,,,,,,,,,,,,,,,
UCDV1_02736,Scientific Reports supplementary table - HARHA-treated expansive soil CBR,10.1038/s41598-023-40903-1,mixed_stabilized_soil,CBR,,14.2,,,,,,,,,,58.4,18.9,39.5,,18.6,1.475,,,,,,,,,,3.2,,,,,,,,,,,,,,,,,
UCDV1_02737,Scientific Reports supplementary table - HARHA-treated expansive soil CBR,10.1038/s41598-023-40903-1,mixed_stabilized_soil,CBR,,14.5,,,,,,,,,,57.9,19.1,38.8,,18.7,1.48,,,,,,,,,,3.3,,,,,,,,,,,,,,,,,
UCDV1_02738,Scientific Reports supplementary table - HARHA-treated expansive soil CBR,10.1038/s41598-023-40903-1,mixed_stabilized_soil,CBR,,14.5,,,,,,,,,,57.9,19.1,38.8,,18.7,1.48,,,,,,,,,,3.3,,,,,,,,,,,,,,,,,
UCDV1_02739,Scientific Reports supplementary table - HARHA-treated expansive soil CBR,10.1038/s41598-023-40903-1,mixed_stabilized_soil,CBR,,14.7,,,,,,,,,,57.4,19.0,38.4,,18.75,1.484,,,,,,,,,,3.4,,,,,,,,,,,,,,,,,
UCDV1_02740,Scientific Reports supplementary table - HARHA-treated expansive soil CBR,10.1038/s41598-023-40903-1,mixed_stabilized_soil,CBR,,14.7,,,,,,,,,,57.4,19.0,38.4,,18.75,1.484,,,,,,,,,,3.4,,,,,,,,,,,,,,,,,
UCDV1_02741,Scientific Reports supplementary table - HARHA-treated expansive soil CBR,10.1038/s41598-023-40903-1,mixed_stabilized_soil,CBR,,14.8,,,,,,,,,,57.0,19.0,38.0,,18.8,1.49,,,,,,,,,,3.5,,,,,,,,,,,,,,,,,
UCDV1_02742,Scientific Reports supplementary table - HARHA-treated expansive soil CBR,10.1038/s41598-023-40903-1,mixed_stabilized_soil,CBR,,14.8,,,,,,,,,,57.0,19.0,38.0,,18.8,1.49,,,,,,,,,,3.5,,,,,,,,,,,,,,,,,
UCDV1_02743,Scientific Reports supplementary table - HARHA-treated expansive soil CBR,10.1038/s41598-023-40903-1,mixed_stabilized_soil,CBR,,15.0,,,,,,,,,,56.8,18.9,37.9,,18.85,1.5,,,,,,,,,,3.6,,,,,,,,,,,,,,,,,
UCDV1_02744,Scientific Reports supplementary table - HARHA-treated expansive soil CBR,10.1038/s41598-023-40903-1,mixed_stabilized_soil,CBR,,15.0,,,,,,,,,,56.8,18.9,37.9,,18.85,1.5,,,,,,,,,,3.6,,,,,,,,,,,,,,,,,
UCDV1_02745,Scientific Reports supplementary table - HARHA-treated expansive soil CBR,10.1038/s41598-023-40903-1,mixed_stabilized_soil,CBR,,15.3,,,,,,,,,,56.7,19.0,37.7,,18.9,1.51,,,,,,,,,,3.7,,,,,,,,,,,,,,,,,
UCDV1_02746,Scientific Reports supplementary table - HARHA-treated expansive soil CBR,10.1038/s41598-023-40903-1,mixed_stabilized_soil,CBR,,15.3,,,,,,,,,,56.7,19.0,37.7,,18.9,1.51,,,,,,,,,,3.7,,,,,,,,,,,,,,,,,
UCDV1_02747,Scientific Reports supplementary table - HARHA-treated expansive soil CBR,10.1038/s41598-023-40903-1,mixed_stabilized_soil,CBR,,15.7,,,,,,,,,,56.5,18.9,37.6,,18.93,1.51,,,,,,,,,,3.8,,,,,,,,,,,,,,,,,
UCDV1_02748,Scientific Reports supplementary table - HARHA-treated expansive soil CBR,10.1038/s41598-023-40903-1,mixed_stabilized_soil,CBR,,15.7,,,,,,,,,,56.5,18.9,37.6,,18.93,1.51,,,,,,,,,,3.8,,,,,,,,,,,,,,,,,
UCDV1_02749,Scientific Reports supplementary table - HARHA-treated expansive soil CBR,10.1038/s41598-023-40903-1,mixed_stabilized_soil,CBR,,15.9,,,,,,,,,,56.3,19.0,37.3,,18.98,1.52,,,,,,,,,,3.9,,,,,,,,,,,,,,,,,
UCDV1_02750,Scientific Reports supplementary table - HARHA-treated expansive soil CBR,10.1038/s41598-023-40903-1,mixed_stabilized_soil,CBR,,15.9,,,,,,,,,,56.3,19.0,37.3,,18.98,1.52,,,,,,,,,,3.9,,,,,,,,,,,,,,,,,
UCDV1_02751,Scientific Reports supplementary table - HARHA-treated expansive soil CBR,10.1038/s41598-023-40903-1,mixed_stabilized_soil,CBR,,16.0,,,,,,,,,,56.0,19.0,37.0,,19.0,1.52,,,,,,,,,,4.0,,,,,,,,,,,,,,,,,
UCDV1_02752,Scientific Reports supplementary table - HARHA-treated expansive soil CBR,10.1038/s41598-023-40903-1,mixed_stabilized_soil,CBR,,16.0,,,,,,,,,,56.0,19.0,37.0,,19.0,1.52,,,,,,,,,,4.0,,,,,,,,,,,,,,,,,
UCDV1_02753,Scientific Reports supplementary table - HARHA-treated expansive soil CBR,10.1038/s41598-023-40903-1,mixed_stabilized_soil,CBR,,16.3,,,,,,,,,,55.7,19.0,36.7,,19.0,1.53,,,,,,,,,,4.1,,,,,,,,,,,,,,,,,
UCDV1_02754,Scientific Reports supplementary table - HARHA-treated expansive soil CBR,10.1038/s41598-023-40903-1,mixed_stabilized_soil,CBR,,16.3,,,,,,,,,,55.7,19.0,36.7,,19.0,1.53,,,,,,,,,,4.1,,,,,,,,,,,,,,,,,
UCDV1_02755,Scientific Reports supplementary table - HARHA-treated expansive soil CBR,10.1038/s41598-023-40903-1,mixed_stabilized_soil,CBR,,16.8,,,,,,,,,,54.9,18.7,36.2,,19.0,1.54,,,,,,,,,,4.2,,,,,,,,,,,,,,,,,
UCDV1_02756,Scientific Reports supplementary table - HARHA-treated expansive soil CBR,10.1038/s41598-023-40903-1,mixed_stabilized_soil,CBR,,16.8,,,,,,,,,,54.9,18.7,36.2,,19.0,1.54,,,,,,,,,,4.2,,,,,,,,,,,,,,,,,
UCDV1_02757,Scientific Reports supplementary table - HARHA-treated expansive soil CBR,10.1038/s41598-023-40903-1,mixed_stabilized_soil,CBR,,17.5,,,,,,,,,,54.1,18.5,35.6,,19.0,1.55,,,,,,,,,,4.3,,,,,,,,,,,,,,,,,
UCDV1_02758,Scientific Reports supplementary table - HARHA-treated expansive soil CBR,10.1038/s41598-023-40903-1,mixed_stabilized_soil,CBR,,17.5,,,,,,,,,,54.1,18.5,35.6,,19.0,1.55,,,,,,,,,,4.3,,,,,,,,,,,,,,,,,
UCDV1_02759,Scientific Reports supplementary table - HARHA-treated expansive soil CBR,10.1038/s41598-023-40903-1,mixed_stabilized_soil,CBR,,17.8,,,,,,,,,,53.6,18.4,35.2,,19.0,1.56,,,,,,,,,,4.4,,,,,,,,,,,,,,,,,
UCDV1_02760,Scientific Reports supplementary table - HARHA-treated expansive soil CBR,10.1038/s41598-023-40903-1,mixed_stabilized_soil,CBR,,17.8,,,,,,,,,,53.6,18.4,35.2,,19.0,1.56,,,,,,,,,,4.4,,,,,,,,,,,,,,,,,
UCDV1_02761,Scientific Reports supplementary table - HARHA-treated expansive soil CBR,10.1038/s41598-023-40903-1,mixed_stabilized_soil,CBR,,18.0,,,,,,,,,,53.0,18.0,35.0,,19.0,1.57,,,,,,,,,,4.5,,,,,,,,,,,,,,,,,
UCDV1_02762,Scientific Reports supplementary table - HARHA-treated expansive soil CBR,10.1038/s41598-023-40903-1,mixed_stabilized_soil,CBR,,18.0,,,,,,,,,,53.0,18.0,35.0,,19.0,1.57,,,,,,,,,,4.5,,,,,,,,,,,,,,,,,
UCDV1_02763,Scientific Reports supplementary table - HARHA-treated expansive soil CBR,10.1038/s41598-023-40903-1,mixed_stabilized_soil,CBR,,18.1,,,,,,,,,,52.8,18.0,34.8,,18.98,1.58,,,,,,,,,,4.6,,,,,,,,,,,,,,,,,
UCDV1_02764,Scientific Reports supplementary table - HARHA-treated expansive soil CBR,10.1038/s41598-023-40903-1,mixed_stabilized_soil,CBR,,18.1,,,,,,,,,,52.8,18.0,34.8,,18.98,1.58,,,,,,,,,,4.6,,,,,,,,,,,,,,,,,
UCDV1_02765,Scientific Reports supplementary table - HARHA-treated expansive soil CBR,10.1038/s41598-023-40903-1,mixed_stabilized_soil,CBR,,18.3,,,,,,,,,,52.7,18.0,34.7,,18.96,1.59,,,,,,,,,,4.7,,,,,,,,,,,,,,,,,
UCDV1_02766,Scientific Reports supplementary table - HARHA-treated expansive soil CBR,10.1038/s41598-023-40903-1,mixed_stabilized_soil,CBR,,18.3,,,,,,,,,,52.7,18.0,34.7,,18.96,1.59,,,,,,,,,,4.7,,,,,,,,,,,,,,,,,
UCDV1_02767,Scientific Reports supplementary table - HARHA-treated expansive soil CBR,10.1038/s41598-023-40903-1,mixed_stabilized_soil,CBR,,18.8,,,,,,,,,,52.6,18.1,34.5,,18.93,1.6,,,,,,,,,,4.8,,,,,,,,,,,,,,,,,
UCDV1_02768,Scientific Reports supplementary table - HARHA-treated expansive soil CBR,10.1038/s41598-023-40903-1,mixed_stabilized_soil,CBR,,18.8,,,,,,,,,,52.6,18.1,34.5,,18.93,1.6,,,,,,,,,,4.8,,,,,,,,,,,,,,,,,
UCDV1_02769,Scientific Reports supplementary table - HARHA-treated expansive soil CBR,10.1038/s41598-023-40903-1,mixed_stabilized_soil,CBR,,19.5,,,,,,,,,,52.3,18.0,34.3,,18.91,1.61,,,,,,,,,,4.9,,,,,,,,,,,,,,,,,
UCDV1_02770,Scientific Reports supplementary table - HARHA-treated expansive soil CBR,10.1038/s41598-023-40903-1,mixed_stabilized_soil,CBR,,19.5,,,,,,,,,,52.3,18.0,34.3,,18.91,1.61,,,,,,,,,,4.9,,,,,,,,,,,,,,,,,
UCDV1_02771,Scientific Reports supplementary table - HARHA-treated expansive soil CBR,10.1038/s41598-023-40903-1,mixed_stabilized_soil,CBR,,19.8,,,,,,,,,,52.0,18.0,34.0,,18.9,1.61,,,,,,,,,,5.0,,,,,,,,,,,,,,,,,
UCDV1_02772,Scientific Reports supplementary table - HARHA-treated expansive soil CBR,10.1038/s41598-023-40903-1,mixed_stabilized_soil,CBR,,19.8,,,,,,,,,,52.0,18.0,34.0,,18.9,1.61,,,,,,,,,,5.0,,,,,,,,,,,,,,,,,
UCDV1_02773,Scientific Reports supplementary table - HARHA-treated expansive soil CBR,10.1038/s41598-023-40903-1,mixed_stabilized_soil,CBR,,19.9,,,,,,,,,,51.5,17.7,33.8,,18.88,1.62,,,,,,,,,,5.1,,,,,,,,,,,,,,,,,
UCDV1_02774,Scientific Reports supplementary table - HARHA-treated expansive soil CBR,10.1038/s41598-023-40903-1,mixed_stabilized_soil,CBR,,19.9,,,,,,,,,,51.5,17.7,33.8,,18.88,1.62,,,,,,,,,,5.1,,,,,,,,,,,,,,,,,
UCDV1_02775,Scientific Reports supplementary table - HARHA-treated expansive soil CBR,10.1038/s41598-023-40903-1,mixed_stabilized_soil,CBR,,20.0,,,,,,,,,,51.1,17.7,33.4,,18.86,1.63,,,,,,,,,,5.2,,,,,,,,,,,,,,,,,
UCDV1_02776,Scientific Reports supplementary table - HARHA-treated expansive soil CBR,10.1038/s41598-023-40903-1,mixed_stabilized_soil,CBR,,20.0,,,,,,,,,,51.1,17.7,33.4,,18.86,1.63,,,,,,,,,,5.2,,,,,,,,,,,,,,,,,
UCDV1_02777,Scientific Reports supplementary table - HARHA-treated expansive soil CBR,10.1038/s41598-023-40903-1,mixed_stabilized_soil,CBR,,20.3,,,,,,,,,,50.8,18.1,32.7,,18.84,1.64,,,,,,,,,,5.3,,,,,,,,,,,,,,,,,
UCDV1_02778,Scientific Reports supplementary table - HARHA-treated expansive soil CBR,10.1038/s41598-023-40903-1,mixed_stabilized_soil,CBR,,20.3,,,,,,,,,,50.8,18.1,32.7,,18.84,1.64,,,,,,,,,,5.3,,,,,,,,,,,,,,,,,
UCDV1_02779,Scientific Reports supplementary table - HARHA-treated expansive soil CBR,10.1038/s41598-023-40903-1,mixed_stabilized_soil,CBR,,20.9,,,,,,,,,,50.3,18.0,32.3,,18.82,1.65,,,,,,,,,,5.4,,,,,,,,,,,,,,,,,
UCDV1_02780,Scientific Reports supplementary table - HARHA-treated expansive soil CBR,10.1038/s41598-023-40903-1,mixed_stabilized_soil,CBR,,20.9,,,,,,,,,,50.3,18.0,32.3,,18.82,1.65,,,,,,,,,,5.4,,,,,,,,,,,,,,,,,
UCDV1_02781,Scientific Reports supplementary table - HARHA-treated expansive soil CBR,10.1038/s41598-023-40903-1,mixed_stabilized_soil,CBR,,21.7,,,,,,,,,,50.0,18.0,32.0,,18.8,1.65,,,,,,,,,,5.5,,,,,,,,,,,,,,,,,
UCDV1_02782,Scientific Reports supplementary table - HARHA-treated expansive soil CBR,10.1038/s41598-023-40903-1,mixed_stabilized_soil,CBR,,21.7,,,,,,,,,,50.0,18.0,32.0,,18.8,1.65,,,,,,,,,,5.5,,,,,,,,,,,,,,,,,
UCDV1_02783,Scientific Reports supplementary table - HARHA-treated expansive soil CBR,10.1038/s41598-023-40903-1,mixed_stabilized_soil,CBR,,21.9,,,,,,,,,,49.9,18.0,31.9,,18.78,1.66,,,,,,,,,,5.6,,,,,,,,,,,,,,,,,
UCDV1_02784,Scientific Reports supplementary table - HARHA-treated expansive soil CBR,10.1038/s41598-023-40903-1,mixed_stabilized_soil,CBR,,21.9,,,,,,,,,,49.9,18.0,31.9,,18.78,1.66,,,,,,,,,,5.6,,,,,,,,,,,,,,,,,
UCDV1_02785,Scientific Reports supplementary table - HARHA-treated expansive soil CBR,10.1038/s41598-023-40903-1,mixed_stabilized_soil,CBR,,22.1,,,,,,,,,,49.6,17.9,31.7,,18.75,1.67,,,,,,,,,,5.7,,,,,,,,,,,,,,,,,
UCDV1_02786,Scientific Reports supplementary table - HARHA-treated expansive soil CBR,10.1038/s41598-023-40903-1,mixed_stabilized_soil,CBR,,22.1,,,,,,,,,,49.6,17.9,31.7,,18.75,1.67,,,,,,,,,,5.7,,,,,,,,,,,,,,,,,
UCDV1_02787,Scientific Reports supplementary table - HARHA-treated expansive soil CBR,10.1038/s41598-023-40903-1,mixed_stabilized_soil,CBR,,22.3,,,,,,,,,,49.4,17.9,31.5,,18.71,1.67,,,,,,,,,,5.8,,,,,,,,,,,,,,,,,
UCDV1_02788,Scientific Reports supplementary table - HARHA-treated expansive soil CBR,10.1038/s41598-023-40903-1,mixed_stabilized_soil,CBR,,22.3,,,,,,,,,,49.4,17.9,31.5,,18.71,1.67,,,,,,,,,,5.8,,,,,,,,,,,,,,,,,
UCDV1_02789,Scientific Reports supplementary table - HARHA-treated expansive soil CBR,10.1038/s41598-023-40903-1,mixed_stabilized_soil,CBR,,22.5,,,,,,,,,,49.1,17.7,31.4,,18.65,1.68,,,,,,,,,,5.9,,,,,,,,,,,,,,,,,
UCDV1_02790,Scientific Reports supplementary table - HARHA-treated expansive soil CBR,10.1038/s41598-023-40903-1,mixed_stabilized_soil,CBR,,22.5,,,,,,,,,,49.1,17.7,31.4,,18.65,1.68,,,,,,,,,,5.9,,,,,,,,,,,,,,,,,
UCDV1_02791,Scientific Reports supplementary table - HARHA-treated expansive soil CBR,10.1038/s41598-023-40903-1,mixed_stabilized_soil,CBR,,22.8,,,,,,,,,,49.0,18.0,31.0,,18.6,1.69,,,,,,,,,,6.0,,,,,,,,,,,,,,,,,
UCDV1_02792,Scientific Reports supplementary table - HARHA-treated expansive soil CBR,10.1038/s41598-023-40903-1,mixed_stabilized_soil,CBR,,22.8,,,,,,,,,,49.0,18.0,31.0,,18.6,1.69,,,,,,,,,,6.0,,,,,,,,,,,,,,,,,
UCDV1_02793,Scientific Reports supplementary table - HARHA-treated expansive soil CBR,10.1038/s41598-023-40903-1,mixed_stabilized_soil,CBR,,23.1,,,,,,,,,,48.6,17.8,30.8,,18.55,1.7,,,,,,,,,,6.1,,,,,,,,,,,,,,,,,
UCDV1_02794,Scientific Reports supplementary table - HARHA-treated expansive soil CBR,10.1038/s41598-023-40903-1,mixed_stabilized_soil,CBR,,23.1,,,,,,,,,,48.6,17.8,30.8,,18.55,1.7,,,,,,,,,,6.1,,,,,,,,,,,,,,,,,
UCDV1_02795,Scientific Reports supplementary table - HARHA-treated expansive soil CBR,10.1038/s41598-023-40903-1,mixed_stabilized_soil,CBR,,23.3,,,,,,,,,,48.3,17.6,30.7,,18.48,1.71,,,,,,,,,,6.2,,,,,,,,,,,,,,,,,
UCDV1_02796,Scientific Reports supplementary table - HARHA-treated expansive soil CBR,10.1038/s41598-023-40903-1,mixed_stabilized_soil,CBR,,23.3,,,,,,,,,,48.3,17.6,30.7,,18.48,1.71,,,,,,,,,,6.2,,,,,,,,,,,,,,,,,
UCDV1_02797,Scientific Reports supplementary table - HARHA-treated expansive soil CBR,10.1038/s41598-023-40903-1,mixed_stabilized_soil,CBR,,23.7,,,,,,,,,,47.7,17.3,30.4,,18.6,1.72,,,,,,,,,,6.3,,,,,,,,,,,,,,,,,
UCDV1_02798,Scientific Reports supplementary table - HARHA-treated expansive soil CBR,10.1038/s41598-023-40903-1,mixed_stabilized_soil,CBR,,23.7,,,,,,,,,,47.7,17.3,30.4,,18.6,1.72,,,,,,,,,,6.3,,,,,,,,,,,,,,,,,
UCDV1_02799,Scientific Reports supplementary table - HARHA-treated expansive soil CBR,10.1038/s41598-023-40903-1,mixed_stabilized_soil,CBR,,23.8,,,,,,,,,,47.2,17.0,30.2,,18.44,1.73,,,,,,,,,,6.4,,,,,,,,,,,,,,,,,
UCDV1_02800,Scientific Reports supplementary table - HARHA-treated expansive soil CBR,10.1038/s41598-023-40903-1,mixed_stabilized_soil,CBR,,23.8,,,,,,,,,,47.2,17.0,30.2,,18.44,1.73,,,,,,,,,,6.4,,,,,,,,,,,,,,,,,
UCDV1_02801,Scientific Reports supplementary table - HARHA-treated expansive soil CBR,10.1038/s41598-023-40903-1,mixed_stabilized_soil,CBR,,24.0,,,,,,,,,,47.0,17.0,30.0,,18.4,1.74,,,,,,,,,,6.5,,,,,,,,,,,,,,,,,
UCDV1_02802,Scientific Reports supplementary table - HARHA-treated expansive soil CBR,10.1038/s41598-023-40903-1,mixed_stabilized_soil,CBR,,24.0,,,,,,,,,,47.0,17.0,30.0,,18.4,1.74,,,,,,,,,,6.5,,,,,,,,,,,,,,,,,
UCDV1_02803,Scientific Reports supplementary table - HARHA-treated expansive soil CBR,10.1038/s41598-023-40903-1,mixed_stabilized_soil,CBR,,24.3,,,,,,,,,,46.8,17.1,29.7,,18.4,1.75,,,,,,,,,,6.6,,,,,,,,,,,,,,,,,
UCDV1_02804,Scientific Reports supplementary table - HARHA-treated expansive soil CBR,10.1038/s41598-023-40903-1,mixed_stabilized_soil,CBR,,24.3,,,,,,,,,,46.8,17.1,29.7,,18.4,1.75,,,,,,,,,,6.6,,,,,,,,,,,,,,,,,
UCDV1_02805,Scientific Reports supplementary table - HARHA-treated expansive soil CBR,10.1038/s41598-023-40903-1,mixed_stabilized_soil,CBR,,24.9,,,,,,,,,,46.5,16.8,29.7,,18.41,1.76,,,,,,,,,,6.7,,,,,,,,,,,,,,,,,
UCDV1_02806,Scientific Reports supplementary table - HARHA-treated expansive soil CBR,10.1038/s41598-023-40903-1,mixed_stabilized_soil,CBR,,24.9,,,,,,,,,,46.5,16.8,29.7,,18.41,1.76,,,,,,,,,,6.7,,,,,,,,,,,,,,,,,
UCDV1_02807,Scientific Reports supplementary table - HARHA-treated expansive soil CBR,10.1038/s41598-023-40903-1,mixed_stabilized_soil,CBR,,25.2,,,,,,,,,,45.6,15.9,29.7,,18.4,1.77,,,,,,,,,,6.8,,,,,,,,,,,,,,,,,
UCDV1_02808,Scientific Reports supplementary table - HARHA-treated expansive soil CBR,10.1038/s41598-023-40903-1,mixed_stabilized_soil,CBR,,25.2,,,,,,,,,,45.6,15.9,29.7,,18.4,1.77,,,,,,,,,,6.8,,,,,,,,,,,,,,,,,
UCDV1_02809,Scientific Reports supplementary table - HARHA-treated expansive soil CBR,10.1038/s41598-023-40903-1,mixed_stabilized_soil,CBR,,25.5,,,,,,,,,,45.2,15.9,29.3,,18.41,1.78,,,,,,,,,,6.9,,,,,,,,,,,,,,,,,
UCDV1_02810,Scientific Reports supplementary table - HARHA-treated expansive soil CBR,10.1038/s41598-023-40903-1,mixed_stabilized_soil,CBR,,25.5,,,,,,,,,,45.2,15.9,29.3,,18.41,1.78,,,,,,,,,,6.9,,,,,,,,,,,,,,,,,
UCDV1_02811,Scientific Reports supplementary table - HARHA-treated expansive soil CBR,10.1038/s41598-023-40903-1,mixed_stabilized_soil,CBR,,25.9,,,,,,,,,,45.0,16.0,29.0,,18.4,1.78,,,,,,,,,,7.0,,,,,,,,,,,,,,,,,
UCDV1_02812,Scientific Reports supplementary table - HARHA-treated expansive soil CBR,10.1038/s41598-023-40903-1,mixed_stabilized_soil,CBR,,25.9,,,,,,,,,,45.0,16.0,29.0,,18.4,1.78,,,,,,,,,,7.0,,,,,,,,,,,,,,,,,
UCDV1_02813,Scientific Reports supplementary table - HARHA-treated expansive soil CBR,10.1038/s41598-023-40903-1,mixed_stabilized_soil,CBR,,26.2,,,,,,,,,,44.8,16.3,28.5,,18.39,1.79,,,,,,,,,,7.1,,,,,,,,,,,,,,,,,
UCDV1_02814,Scientific Reports supplementary table - HARHA-treated expansive soil CBR,10.1038/s41598-023-40903-1,mixed_stabilized_soil,CBR,,26.2,,,,,,,,,,44.8,16.3,28.5,,18.39,1.79,,,,,,,,,,7.1,,,,,,,,,,,,,,,,,
UCDV1_02815,Scientific Reports supplementary table - HARHA-treated expansive soil CBR,10.1038/s41598-023-40903-1,mixed_stabilized_soil,CBR,,26.6,,,,,,,,,,44.3,16.1,28.2,,18.37,1.8,,,,,,,,,,7.2,,,,,,,,,,,,,,,,,
UCDV1_02816,Scientific Reports supplementary table - HARHA-treated expansive soil CBR,10.1038/s41598-023-40903-1,mixed_stabilized_soil,CBR,,26.6,,,,,,,,,,44.3,16.1,28.2,,18.37,1.8,,,,,,,,,,7.2,,,,,,,,,,,,,,,,,
UCDV1_02817,Scientific Reports supplementary table - HARHA-treated expansive soil CBR,10.1038/s41598-023-40903-1,mixed_stabilized_soil,CBR,,27.0,,,,,,,,,,43.7,15.9,27.8,,18.35,1.81,,,,,,,,,,7.3,,,,,,,,,,,,,,,,,
UCDV1_02818,Scientific Reports supplementary table - HARHA-treated expansive soil CBR,10.1038/s41598-023-40903-1,mixed_stabilized_soil,CBR,,27.0,,,,,,,,,,43.7,15.9,27.8,,18.35,1.81,,,,,,,,,,7.3,,,,,,,,,,,,,,,,,
UCDV1_02819,Scientific Reports supplementary table - HARHA-treated expansive soil CBR,10.1038/s41598-023-40903-1,mixed_stabilized_soil,CBR,,27.3,,,,,,,,,,43.4,16.0,27.4,,18.32,1.83,,,,,,,,,,7.4,,,,,,,,,,,,,,,,,
UCDV1_02820,Scientific Reports supplementary table - HARHA-treated expansive soil CBR,10.1038/s41598-023-40903-1,mixed_stabilized_soil,CBR,,27.3,,,,,,,,,,43.4,16.0,27.4,,18.32,1.83,,,,,,,,,,7.4,,,,,,,,,,,,,,,,,
UCDV1_02821,Scientific Reports supplementary table - HARHA-treated expansive soil CBR,10.1038/s41598-023-40903-1,mixed_stabilized_soil,CBR,,27.6,,,,,,,,,,43.0,16.0,27.0,,18.3,1.84,,,,,,,,,,7.5,,,,,,,,,,,,,,,,,
UCDV1_02822,Scientific Reports supplementary table - HARHA-treated expansive soil CBR,10.1038/s41598-023-40903-1,mixed_stabilized_soil,CBR,,27.6,,,,,,,,,,43.0,16.0,27.0,,18.3,1.84,,,,,,,,,,7.5,,,,,,,,,,,,,,,,,
UCDV1_02823,Scientific Reports supplementary table - HARHA-treated expansive soil CBR,10.1038/s41598-023-40903-1,mixed_stabilized_soil,CBR,,27.7,,,,,,,,,,42.8,15.9,26.9,,18.29,1.85,,,,,,,,,,7.6,,,,,,,,,,,,,,,,,
UCDV1_02824,Scientific Reports supplementary table - HARHA-treated expansive soil CBR,10.1038/s41598-023-40903-1,mixed_stabilized_soil,CBR,,27.7,,,,,,,,,,42.8,15.9,26.9,,18.29,1.85,,,,,,,,,,7.6,,,,,,,,,,,,,,,,,
UCDV1_02825,Scientific Reports supplementary table - HARHA-treated expansive soil CBR,10.1038/s41598-023-40903-1,mixed_stabilized_soil,CBR,,28.3,,,,,,,,,,42.4,16.0,26.4,,18.28,1.86,,,,,,,,,,7.7,,,,,,,,,,,,,,,,,
UCDV1_02826,Scientific Reports supplementary table - HARHA-treated expansive soil CBR,10.1038/s41598-023-40903-1,mixed_stabilized_soil,CBR,,28.3,,,,,,,,,,42.4,16.0,26.4,,18.28,1.86,,,,,,,,,,7.7,,,,,,,,,,,,,,,,,
UCDV1_02827,Scientific Reports supplementary table - HARHA-treated expansive soil CBR,10.1038/s41598-023-40903-1,mixed_stabilized_soil,CBR,,28.5,,,,,,,,,,41.8,15.4,26.4,,18.26,1.87,,,,,,,,,,7.8,,,,,,,,,,,,,,,,,
UCDV1_02828,Scientific Reports supplementary table - HARHA-treated expansive soil CBR,10.1038/s41598-023-40903-1,mixed_stabilized_soil,CBR,,28.5,,,,,,,,,,41.8,15.4,26.4,,18.26,1.87,,,,,,,,,,7.8,,,,,,,,,,,,,,,,,
UCDV1_02829,Scientific Reports supplementary table - HARHA-treated expansive soil CBR,10.1038/s41598-023-40903-1,mixed_stabilized_soil,CBR,,28.7,,,,,,,,,,41.5,15.4,26.1,,18.23,1.87,,,,,,,,,,7.9,,,,,,,,,,,,,,,,,
UCDV1_02830,Scientific Reports supplementary table - HARHA-treated expansive soil CBR,10.1038/s41598-023-40903-1,mixed_stabilized_soil,CBR,,28.7,,,,,,,,,,41.5,15.4,26.1,,18.23,1.87,,,,,,,,,,7.9,,,,,,,,,,,,,,,,,
UCDV1_02831,Scientific Reports supplementary table - HARHA-treated expansive soil CBR,10.1038/s41598-023-40903-1,mixed_stabilized_soil,CBR,,29.0,,,,,,,,,,41.0,15.0,26.0,,18.2,1.88,,,,,,,,,,8.0,,,,,,,,,,,,,,,,,
UCDV1_02832,Scientific Reports supplementary table - HARHA-treated expansive soil CBR,10.1038/s41598-023-40903-1,mixed_stabilized_soil,CBR,,29.0,,,,,,,,,,41.0,15.0,26.0,,18.2,1.88,,,,,,,,,,8.0,,,,,,,,,,,,,,,,,
UCDV1_02833,Scientific Reports supplementary table - HARHA-treated expansive soil CBR,10.1038/s41598-023-40903-1,mixed_stabilized_soil,CBR,,29.3,,,,,,,,,,40.7,14.9,25.8,,18.2,1.88,,,,,,,,,,8.1,,,,,,,,,,,,,,,,,
UCDV1_02834,Scientific Reports supplementary table - HARHA-treated expansive soil CBR,10.1038/s41598-023-40903-1,mixed_stabilized_soil,CBR,,29.3,,,,,,,,,,40.7,14.9,25.8,,18.2,1.88,,,,,,,,,,8.1,,,,,,,,,,,,,,,,,
UCDV1_02835,Scientific Reports supplementary table - HARHA-treated expansive soil CBR,10.1038/s41598-023-40903-1,mixed_stabilized_soil,CBR,,29.9,,,,,,,,,,40.3,15.0,25.3,,18.2,1.89,,,,,,,,,,8.2,,,,,,,,,,,,,,,,,
UCDV1_02836,Scientific Reports supplementary table - HARHA-treated expansive soil CBR,10.1038/s41598-023-40903-1,mixed_stabilized_soil,CBR,,29.9,,,,,,,,,,40.3,15.0,25.3,,18.2,1.89,,,,,,,,,,8.2,,,,,,,,,,,,,,,,,
UCDV1_02837,Scientific Reports supplementary table - HARHA-treated expansive soil CBR,10.1038/s41598-023-40903-1,mixed_stabilized_soil,CBR,,30.4,,,,,,,,,,39.8,15.1,24.7,,18.2,1.9,,,,,,,,,,8.3,,,,,,,,,,,,,,,,,
UCDV1_02838,Scientific Reports supplementary table - HARHA-treated expansive soil CBR,10.1038/s41598-023-40903-1,mixed_stabilized_soil,CBR,,30.4,,,,,,,,,,39.8,15.1,24.7,,18.2,1.9,,,,,,,,,,8.3,,,,,,,,,,,,,,,,,
UCDV1_02839,Scientific Reports supplementary table - HARHA-treated expansive soil CBR,10.1038/s41598-023-40903-1,mixed_stabilized_soil,CBR,,30.7,,,,,,,,,,39.3,15.0,24.3,,18.21,1.9,,,,,,,,,,8.4,,,,,,,,,,,,,,,,,
UCDV1_02840,Scientific Reports supplementary table - HARHA-treated expansive soil CBR,10.1038/s41598-023-40903-1,mixed_stabilized_soil,CBR,,30.7,,,,,,,,,,39.3,15.0,24.3,,18.21,1.9,,,,,,,,,,8.4,,,,,,,,,,,,,,,,,
UCDV1_02841,Scientific Reports supplementary table - HARHA-treated expansive soil CBR,10.1038/s41598-023-40903-1,mixed_stabilized_soil,CBR,,31.2,,,,,,,,,,39.0,15.0,24.0,,18.2,1.91,,,,,,,,,,8.5,,,,,,,,,,,,,,,,,
UCDV1_02842,Scientific Reports supplementary table - HARHA-treated expansive soil CBR,10.1038/s41598-023-40903-1,mixed_stabilized_soil,CBR,,31.2,,,,,,,,,,39.0,15.0,24.0,,18.2,1.91,,,,,,,,,,8.5,,,,,,,,,,,,,,,,,
UCDV1_02843,Scientific Reports supplementary table - HARHA-treated expansive soil CBR,10.1038/s41598-023-40903-1,mixed_stabilized_soil,CBR,,31.5,,,,,,,,,,38.8,15.0,23.8,,18.2,1.92,,,,,,,,,,8.6,,,,,,,,,,,,,,,,,
UCDV1_02844,Scientific Reports supplementary table - HARHA-treated expansive soil CBR,10.1038/s41598-023-40903-1,mixed_stabilized_soil,CBR,,31.5,,,,,,,,,,38.8,15.0,23.8,,18.2,1.92,,,,,,,,,,8.6,,,,,,,,,,,,,,,,,
UCDV1_02845,Scientific Reports supplementary table - HARHA-treated expansive soil CBR,10.1038/s41598-023-40903-1,mixed_stabilized_soil,CBR,,32.1,,,,,,,,,,38.3,14.9,23.4,,18.2,1.93,,,,,,,,,,8.7,,,,,,,,,,,,,,,,,
UCDV1_02846,Scientific Reports supplementary table - HARHA-treated expansive soil CBR,10.1038/s41598-023-40903-1,mixed_stabilized_soil,CBR,,32.1,,,,,,,,,,38.3,14.9,23.4,,18.2,1.93,,,,,,,,,,8.7,,,,,,,,,,,,,,,,,
UCDV1_02847,Scientific Reports supplementary table - HARHA-treated expansive soil CBR,10.1038/s41598-023-40903-1,mixed_stabilized_soil,CBR,,32.4,,,,,,,,,,37.9,15.2,22.7,,18.2,1.94,,,,,,,,,,8.8,,,,,,,,,,,,,,,,,
UCDV1_02848,Scientific Reports supplementary table - HARHA-treated expansive soil CBR,10.1038/s41598-023-40903-1,mixed_stabilized_soil,CBR,,32.4,,,,,,,,,,37.9,15.2,22.7,,18.2,1.94,,,,,,,,,,8.8,,,,,,,,,,,,,,,,,
UCDV1_02849,Scientific Reports supplementary table - HARHA-treated expansive soil CBR,10.1038/s41598-023-40903-1,mixed_stabilized_soil,CBR,,33.5,,,,,,,,,,37.5,15.2,22.3,,18.2,1.95,,,,,,,,,,8.9,,,,,,,,,,,,,,,,,
UCDV1_02850,Scientific Reports supplementary table - HARHA-treated expansive soil CBR,10.1038/s41598-023-40903-1,mixed_stabilized_soil,CBR,,33.5,,,,,,,,,,37.5,15.2,22.3,,18.2,1.95,,,,,,,,,,8.9,,,,,,,,,,,,,,,,,
UCDV1_02851,Scientific Reports supplementary table - HARHA-treated expansive soil CBR,10.1038/s41598-023-40903-1,mixed_stabilized_soil,CBR,,34.0,,,,,,,,,,37.0,15.0,22.0,,18.2,1.96,,,,,,,,,,9.0,,,,,,,,,,,,,,,,,
UCDV1_02852,Scientific Reports supplementary table - HARHA-treated expansive soil CBR,10.1038/s41598-023-40903-1,mixed_stabilized_soil,CBR,,34.0,,,,,,,,,,37.0,15.0,22.0,,18.2,1.96,,,,,,,,,,9.0,,,,,,,,,,,,,,,,,
UCDV1_02853,Scientific Reports supplementary table - HARHA-treated expansive soil CBR,10.1038/s41598-023-40903-1,mixed_stabilized_soil,CBR,,34.5,,,,,,,,,,37.0,15.0,22.0,,18.19,1.962,,,,,,,,,,9.1,,,,,,,,,,,,,,,,,
UCDV1_02854,Scientific Reports supplementary table - HARHA-treated expansive soil CBR,10.1038/s41598-023-40903-1,mixed_stabilized_soil,CBR,,34.5,,,,,,,,,,37.0,15.0,22.0,,18.19,1.962,,,,,,,,,,9.1,,,,,,,,,,,,,,,,,
UCDV1_02855,Scientific Reports supplementary table - HARHA-treated expansive soil CBR,10.1038/s41598-023-40903-1,mixed_stabilized_soil,CBR,,34.8,,,,,,,,,,37.0,15.0,22.0,,18.18,1.964,,,,,,,,,,9.2,,,,,,,,,,,,,,,,,
UCDV1_02856,Scientific Reports supplementary table - HARHA-treated expansive soil CBR,10.1038/s41598-023-40903-1,mixed_stabilized_soil,CBR,,34.8,,,,,,,,,,37.0,15.0,22.0,,18.18,1.964,,,,,,,,,,9.2,,,,,,,,,,,,,,,,,
UCDV1_02857,Scientific Reports supplementary table - HARHA-treated expansive soil CBR,10.1038/s41598-023-40903-1,mixed_stabilized_soil,CBR,,35.2,,,,,,,,,,37.0,15.0,22.0,,18.16,1.966,,,,,,,,,,9.3,,,,,,,,,,,,,,,,,
UCDV1_02858,Scientific Reports supplementary table - HARHA-treated expansive soil CBR,10.1038/s41598-023-40903-1,mixed_stabilized_soil,CBR,,35.2,,,,,,,,,,37.0,15.0,22.0,,18.16,1.966,,,,,,,,,,9.3,,,,,,,,,,,,,,,,,
UCDV1_02859,Scientific Reports supplementary table - HARHA-treated expansive soil CBR,10.1038/s41598-023-40903-1,mixed_stabilized_soil,CBR,,35.8,,,,,,,,,,37.0,15.0,22.0,,18.13,1.969,,,,,,,,,,9.4,,,,,,,,,,,,,,,,,
UCDV1_02860,Scientific Reports supplementary table - HARHA-treated expansive soil CBR,10.1038/s41598-023-40903-1,mixed_stabilized_soil,CBR,,35.8,,,,,,,,,,37.0,15.0,22.0,,18.13,1.969,,,,,,,,,,9.4,,,,,,,,,,,,,,,,,
UCDV1_02861,Scientific Reports supplementary table - HARHA-treated expansive soil CBR,10.1038/s41598-023-40903-1,mixed_stabilized_soil,CBR,,36.0,,,,,,,,,,37.0,15.0,22.0,,18.1,1.97,,,,,,,,,,9.5,,,,,,,,,,,,,,,,,
UCDV1_02862,Scientific Reports supplementary table - HARHA-treated expansive soil CBR,10.1038/s41598-023-40903-1,mixed_stabilized_soil,CBR,,36.0,,,,,,,,,,37.0,15.0,22.0,,18.1,1.97,,,,,,,,,,9.5,,,,,,,,,,,,,,,,,
UCDV1_02863,Scientific Reports supplementary table - HARHA-treated expansive soil CBR,10.1038/s41598-023-40903-1,mixed_stabilized_soil,CBR,,36.5,,,,,,,,,,36.8,15.1,21.7,,18.0,1.972,,,,,,,,,,9.6,,,,,,,,,,,,,,,,,
UCDV1_02864,Scientific Reports supplementary table - HARHA-treated expansive soil CBR,10.1038/s41598-023-40903-1,mixed_stabilized_soil,CBR,,36.5,,,,,,,,,,36.8,15.1,21.7,,18.0,1.972,,,,,,,,,,9.6,,,,,,,,,,,,,,,,,
UCDV1_02865,Scientific Reports supplementary table - HARHA-treated expansive soil CBR,10.1038/s41598-023-40903-1,mixed_stabilized_soil,CBR,,36.9,,,,,,,,,,36.7,15.1,21.6,,17.92,1.973,,,,,,,,,,9.7,,,,,,,,,,,,,,,,,
UCDV1_02866,Scientific Reports supplementary table - HARHA-treated expansive soil CBR,10.1038/s41598-023-40903-1,mixed_stabilized_soil,CBR,,36.9,,,,,,,,,,36.7,15.1,21.6,,17.92,1.973,,,,,,,,,,9.7,,,,,,,,,,,,,,,,,
UCDV1_02867,Scientific Reports supplementary table - HARHA-treated expansive soil CBR,10.1038/s41598-023-40903-1,mixed_stabilized_soil,CBR,,37.6,,,,,,,,,,36.5,15.1,21.4,,17.93,1.975,,,,,,,,,,9.8,,,,,,,,,,,,,,,,,
UCDV1_02868,Scientific Reports supplementary table - HARHA-treated expansive soil CBR,10.1038/s41598-023-40903-1,mixed_stabilized_soil,CBR,,37.6,,,,,,,,,,36.5,15.1,21.4,,17.93,1.975,,,,,,,,,,9.8,,,,,,,,,,,,,,,,,
UCDV1_02869,Scientific Reports supplementary table - HARHA-treated expansive soil CBR,10.1038/s41598-023-40903-1,mixed_stabilized_soil,CBR,,37.8,,,,,,,,,,36.3,15.2,21.1,,17.91,1.977,,,,,,,,,,9.9,,,,,,,,,,,,,,,,,
UCDV1_02870,Scientific Reports supplementary table - HARHA-treated expansive soil CBR,10.1038/s41598-023-40903-1,mixed_stabilized_soil,CBR,,37.8,,,,,,,,,,36.3,15.2,21.1,,17.91,1.977,,,,,,,,,,9.9,,,,,,,,,,,,,,,,,
UCDV1_02871,Scientific Reports supplementary table - HARHA-treated expansive soil CBR,10.1038/s41598-023-40903-1,mixed_stabilized_soil,CBR,,38.0,,,,,,,,,,36.0,15.0,21.0,,17.9,1.98,,,,,,,,,,10.0,,,,,,,,,,,,,,,,,
UCDV1_02872,Scientific Reports supplementary table - HARHA-treated expansive soil CBR,10.1038/s41598-023-40903-1,mixed_stabilized_soil,CBR,,38.0,,,,,,,,,,36.0,15.0,21.0,,17.9,1.98,,,,,,,,,,10.0,,,,,,,,,,,,,,,,,
UCDV1_02873,Scientific Reports supplementary table - HARHA-treated expansive soil CBR,10.1038/s41598-023-40903-1,mixed_stabilized_soil,CBR,,38.3,,,,,,,,,,35.7,14.9,20.8,,17.88,1.98,,,,,,,,,,10.1,,,,,,,,,,,,,,,,,
UCDV1_02874,Scientific Reports supplementary table - HARHA-treated expansive soil CBR,10.1038/s41598-023-40903-1,mixed_stabilized_soil,CBR,,38.3,,,,,,,,,,35.7,14.9,20.8,,17.88,1.98,,,,,,,,,,10.1,,,,,,,,,,,,,,,,,
UCDV1_02875,Scientific Reports supplementary table - HARHA-treated expansive soil CBR,10.1038/s41598-023-40903-1,mixed_stabilized_soil,CBR,,38.5,,,,,,,,,,35.5,15.1,20.4,,17.84,1.982,,,,,,,,,,10.2,,,,,,,,,,,,,,,,,
UCDV1_02876,Scientific Reports supplementary table - HARHA-treated expansive soil CBR,10.1038/s41598-023-40903-1,mixed_stabilized_soil,CBR,,38.5,,,,,,,,,,35.5,15.1,20.4,,17.84,1.982,,,,,,,,,,10.2,,,,,,,,,,,,,,,,,
UCDV1_02877,Scientific Reports supplementary table - HARHA-treated expansive soil CBR,10.1038/s41598-023-40903-1,mixed_stabilized_soil,CBR,,38.9,,,,,,,,,,34.6,14.9,19.7,,17.79,1.984,,,,,,,,,,10.3,,,,,,,,,,,,,,,,,
UCDV1_02878,Scientific Reports supplementary table - HARHA-treated expansive soil CBR,10.1038/s41598-023-40903-1,mixed_stabilized_soil,CBR,,38.9,,,,,,,,,,34.6,14.9,19.7,,17.79,1.984,,,,,,,,,,10.3,,,,,,,,,,,,,,,,,
UCDV1_02879,Scientific Reports supplementary table - HARHA-treated expansive soil CBR,10.1038/s41598-023-40903-1,mixed_stabilized_soil,CBR,,39.6,,,,,,,,,,33.3,14.0,19.3,,17.73,1.987,,,,,,,,,,10.4,,,,,,,,,,,,,,,,,
UCDV1_02880,Scientific Reports supplementary table - HARHA-treated expansive soil CBR,10.1038/s41598-023-40903-1,mixed_stabilized_soil,CBR,,39.6,,,,,,,,,,33.3,14.0,19.3,,17.73,1.987,,,,,,,,,,10.4,,,,,,,,,,,,,,,,,
UCDV1_02881,Scientific Reports supplementary table - HARHA-treated expansive soil CBR,10.1038/s41598-023-40903-1,mixed_stabilized_soil,CBR,,40.0,,,,,,,,,,33.0,14.0,19.0,,17.7,1.99,,,,,,,,,,10.5,,,,,,,,,,,,,,,,,
UCDV1_02882,Scientific Reports supplementary table - HARHA-treated expansive soil CBR,10.1038/s41598-023-40903-1,mixed_stabilized_soil,CBR,,40.0,,,,,,,,,,33.0,14.0,19.0,,17.7,1.99,,,,,,,,,,10.5,,,,,,,,,,,,,,,,,
UCDV1_02883,Scientific Reports supplementary table - HARHA-treated expansive soil CBR,10.1038/s41598-023-40903-1,mixed_stabilized_soil,CBR,,41.1,,,,,,,,,,32.8,14.0,18.8,,17.7,1.99,,,,,,,,,,10.6,,,,,,,,,,,,,,,,,
UCDV1_02884,Scientific Reports supplementary table - HARHA-treated expansive soil CBR,10.1038/s41598-023-40903-1,mixed_stabilized_soil,CBR,,41.1,,,,,,,,,,32.8,14.0,18.8,,17.7,1.99,,,,,,,,,,10.6,,,,,,,,,,,,,,,,,
UCDV1_02885,Scientific Reports supplementary table - HARHA-treated expansive soil CBR,10.1038/s41598-023-40903-1,mixed_stabilized_soil,CBR,,42.4,,,,,,,,,,32.4,13.9,18.5,,17.71,1.99,,,,,,,,,,10.7,,,,,,,,,,,,,,,,,
UCDV1_02886,Scientific Reports supplementary table - HARHA-treated expansive soil CBR,10.1038/s41598-023-40903-1,mixed_stabilized_soil,CBR,,42.4,,,,,,,,,,32.4,13.9,18.5,,17.71,1.99,,,,,,,,,,10.7,,,,,,,,,,,,,,,,,
UCDV1_02887,Scientific Reports supplementary table - HARHA-treated expansive soil CBR,10.1038/s41598-023-40903-1,mixed_stabilized_soil,CBR,,43.2,,,,,,,,,,31.5,13.9,17.6,,17.71,1.99,,,,,,,,,,10.8,,,,,,,,,,,,,,,,,
UCDV1_02888,Scientific Reports supplementary table - HARHA-treated expansive soil CBR,10.1038/s41598-023-40903-1,mixed_stabilized_soil,CBR,,43.2,,,,,,,,,,31.5,13.9,17.6,,17.71,1.99,,,,,,,,,,10.8,,,,,,,,,,,,,,,,,
UCDV1_02889,Scientific Reports supplementary table - HARHA-treated expansive soil CBR,10.1038/s41598-023-40903-1,mixed_stabilized_soil,CBR,,43.5,,,,,,,,,,31.1,14.0,17.1,,17.7,1.99,,,,,,,,,,10.9,,,,,,,,,,,,,,,,,
UCDV1_02890,Scientific Reports supplementary table - HARHA-treated expansive soil CBR,10.1038/s41598-023-40903-1,mixed_stabilized_soil,CBR,,43.5,,,,,,,,,,31.1,14.0,17.1,,17.7,1.99,,,,,,,,,,10.9,,,,,,,,,,,,,,,,,
UCDV1_02891,Scientific Reports supplementary table - HARHA-treated expansive soil CBR,10.1038/s41598-023-40903-1,mixed_stabilized_soil,CBR,,44.0,,,,,,,,,,31.0,14.0,17.0,,17.7,1.99,,,,,,,,,,11.0,,,,,,,,,,,,,,,,,
UCDV1_02892,Scientific Reports supplementary table - HARHA-treated expansive soil CBR,10.1038/s41598-023-40903-1,mixed_stabilized_soil,CBR,,44.0,,,,,,,,,,31.0,14.0,17.0,,17.7,1.99,,,,,,,,,,11.0,,,,,,,,,,,,,,,,,
UCDV1_02893,Scientific Reports supplementary table - HARHA-treated expansive soil CBR,10.1038/s41598-023-40903-1,mixed_stabilized_soil,CBR,,44.0,,,,,,,,,,30.7,13.9,16.8,,17.68,1.99,,,,,,,,,,11.1,,,,,,,,,,,,,,,,,
UCDV1_02894,Scientific Reports supplementary table - HARHA-treated expansive soil CBR,10.1038/s41598-023-40903-1,mixed_stabilized_soil,CBR,,44.0,,,,,,,,,,30.7,13.9,16.8,,17.68,1.99,,,,,,,,,,11.1,,,,,,,,,,,,,,,,,
UCDV1_02895,Scientific Reports supplementary table - HARHA-treated expansive soil CBR,10.1038/s41598-023-40903-1,mixed_stabilized_soil,CBR,,44.5,,,,,,,,,,30.3,13.7,16.6,,17.63,1.99,,,,,,,,,,11.2,,,,,,,,,,,,,,,,,
UCDV1_02896,Scientific Reports supplementary table - HARHA-treated expansive soil CBR,10.1038/s41598-023-40903-1,mixed_stabilized_soil,CBR,,44.5,,,,,,,,,,30.3,13.7,16.6,,17.63,1.99,,,,,,,,,,11.2,,,,,,,,,,,,,,,,,
UCDV1_02897,Scientific Reports supplementary table - HARHA-treated expansive soil CBR,10.1038/s41598-023-40903-1,mixed_stabilized_soil,CBR,,44.6,,,,,,,,,,29.8,13.4,16.4,,17.57,1.99,,,,,,,,,,11.3,,,,,,,,,,,,,,,,,
UCDV1_02898,Scientific Reports supplementary table - HARHA-treated expansive soil CBR,10.1038/s41598-023-40903-1,mixed_stabilized_soil,CBR,,44.6,,,,,,,,,,29.8,13.4,16.4,,17.57,1.99,,,,,,,,,,11.3,,,,,,,,,,,,,,,,,
UCDV1_02899,Scientific Reports supplementary table - HARHA-treated expansive soil CBR,10.1038/s41598-023-40903-1,mixed_stabilized_soil,CBR,,44.6,,,,,,,,,,29.4,13.2,16.2,,17.53,1.98,,,,,,,,,,11.4,,,,,,,,,,,,,,,,,
UCDV1_02900,Scientific Reports supplementary table - HARHA-treated expansive soil CBR,10.1038/s41598-023-40903-1,mixed_stabilized_soil,CBR,,44.6,,,,,,,,,,29.4,13.2,16.2,,17.53,1.98,,,,,,,,,,11.4,,,,,,,,,,,,,,,,,
UCDV1_02901,Scientific Reports supplementary table - HARHA-treated expansive soil CBR,10.1038/s41598-023-40903-1,mixed_stabilized_soil,CBR,,43.8,,,,,,,,,,29.0,13.0,16.0,,17.5,1.97,,,,,,,,,,11.5,,,,,,,,,,,,,,,,,
UCDV1_02902,Scientific Reports supplementary table - HARHA-treated expansive soil CBR,10.1038/s41598-023-40903-1,mixed_stabilized_soil,CBR,,43.8,,,,,,,,,,29.0,13.0,16.0,,17.5,1.97,,,,,,,,,,11.5,,,,,,,,,,,,,,,,,
UCDV1_02903,Scientific Reports supplementary table - HARHA-treated expansive soil CBR,10.1038/s41598-023-40903-1,mixed_stabilized_soil,CBR,,43.8,,,,,,,,,,28.7,12.8,15.9,,17.5,1.97,,,,,,,,,,11.6,,,,,,,,,,,,,,,,,
UCDV1_02904,Scientific Reports supplementary table - HARHA-treated expansive soil CBR,10.1038/s41598-023-40903-1,mixed_stabilized_soil,CBR,,43.8,,,,,,,,,,28.7,12.8,15.9,,17.5,1.97,,,,,,,,,,11.6,,,,,,,,,,,,,,,,,
UCDV1_02905,Scientific Reports supplementary table - HARHA-treated expansive soil CBR,10.1038/s41598-023-40903-1,mixed_stabilized_soil,CBR,,43.7,,,,,,,,,,28.5,13.0,15.5,,17.4,1.96,,,,,,,,,,11.7,,,,,,,,,,,,,,,,,
UCDV1_02906,Scientific Reports supplementary table - HARHA-treated expansive soil CBR,10.1038/s41598-023-40903-1,mixed_stabilized_soil,CBR,,43.7,,,,,,,,,,28.5,13.0,15.5,,17.4,1.96,,,,,,,,,,11.7,,,,,,,,,,,,,,,,,
UCDV1_02907,Scientific Reports supplementary table - HARHA-treated expansive soil CBR,10.1038/s41598-023-40903-1,mixed_stabilized_soil,CBR,,43.6,,,,,,,,,,27.8,13.0,14.8,,17.3,1.96,,,,,,,,,,11.8,,,,,,,,,,,,,,,,,
UCDV1_02908,Scientific Reports supplementary table - HARHA-treated expansive soil CBR,10.1038/s41598-023-40903-1,mixed_stabilized_soil,CBR,,43.6,,,,,,,,,,27.8,13.0,14.8,,17.3,1.96,,,,,,,,,,11.8,,,,,,,,,,,,,,,,,
UCDV1_02909,Scientific Reports supplementary table - HARHA-treated expansive soil CBR,10.1038/s41598-023-40903-1,mixed_stabilized_soil,CBR,,43.5,,,,,,,,,,27.6,13.2,14.4,,17.2,1.95,,,,,,,,,,11.9,,,,,,,,,,,,,,,,,
UCDV1_02910,Scientific Reports supplementary table - HARHA-treated expansive soil CBR,10.1038/s41598-023-40903-1,mixed_stabilized_soil,CBR,,43.5,,,,,,,,,,27.6,13.2,14.4,,17.2,1.95,,,,,,,,,,11.9,,,,,,,,,,,,,,,,,
UCDV1_02911,Scientific Reports supplementary table - HARHA-treated expansive soil CBR,10.1038/s41598-023-40903-1,mixed_stabilized_soil,CBR,,43.4,,,,,,,,,,27.0,13.0,14.0,,17.1,1.95,,,,,,,,,,12.0,,,,,,,,,,,,,,,,,
UCDV1_02912,Scientific Reports supplementary table - HARHA-treated expansive soil CBR,10.1038/s41598-023-40903-1,mixed_stabilized_soil,CBR,,43.4,,,,,,,,,,27.0,13.0,14.0,,17.1,1.95,,,,,,,,,,12.0,,,,,,,,,,,,,,,,,
UCDV1_03277,Kafle and Baghbani 2025 WTS stabilisation,10.3390/su17219919,mixed_stabilized_soil,CBR,,8.94,,,,,,,,,,,,,,40.0,0.882,,,2.5,7.5,,,,,,,,,,,,,,,,,,,,,,,
UCDV1_03278,Kafle and Baghbani 2025 WTS stabilisation,10.3390/su17219919,mixed_stabilized_soil,CBR,,8.94,,,,,,,,,,,,,,40.0,0.882,,,2.5,7.5,,,,,,,,,,,,,,,,,,,,,,,
UCDV1_03279,Kafle and Baghbani 2025 WTS stabilisation,10.3390/su17219919,mixed_stabilized_soil,CBR,,7.63,,,,,,,,,,,,,,39.0,0.892,,,5.0,5.0,,,,,,,,,,,,,,,,,,,,,,,
UCDV1_03280,Kafle and Baghbani 2025 WTS stabilisation,10.3390/su17219919,mixed_stabilized_soil,CBR,,7.63,,,,,,,,,,,,,,39.0,0.892,,,5.0,5.0,,,,,,,,,,,,,,,,,,,,,,,
UCDV1_03281,Kafle and Baghbani 2025 WTS stabilisation,10.3390/su17219919,mixed_stabilized_soil,CBR,,5.94,,,,,,,,,,,,,,40.5,0.888,,,7.5,2.5,,,,,,,,,,,,,,,,,,,,,,,
UCDV1_03282,Kafle and Baghbani 2025 WTS stabilisation,10.3390/su17219919,mixed_stabilized_soil,CBR,,5.94,,,,,,,,,,,,,,40.5,0.888,,,7.5,2.5,,,,,,,,,,,,,,,,,,,,,,,
UCDV1_03283,Kafle and Baghbani 2025 WTS stabilisation,10.3390/su17219919,mixed_stabilized_soil,CBR,,4.93,,,,,,,,,,,,,,40.0,0.854,,,0.0,0.0,,,,,,,,,,,,,,,,,,,,,,,
UCDV1_03284,Kafle and Baghbani 2025 WTS stabilisation,10.3390/su17219919,mixed_stabilized_soil,CBR,,4.93,,,,,,,,,,,,,,40.0,0.854,,,0.0,0.0,,,,,,,,,,,,,,,,,,,,,,,
UCDV1_03285,Kafle and Baghbani 2025 WTS stabilisation,10.3390/su17219919,mixed_stabilized_soil,CBR,,3.279,,,,,,,,,,,,,,20.0,1.42,,,0.0,0.0,,,,,,,,,,,,,,,,,,,,,,,
UCDV1_03286,Kafle and Baghbani 2025 WTS stabilisation,10.3390/su17219919,mixed_stabilized_soil,CBR,,3.279,,,,,,,,,,,,,,20.0,1.42,,,0.0,0.0,,,,,,,,,,,,,,,,,,,,,,,
UCDV1_03287,Kafle and Baghbani 2025 WTS stabilisation,10.3390/su17219919,mixed_stabilized_soil,CBR,,3.923,,,,,,,,,,,,,,20.0,1.42,,,0.0,0.0,,,,,,,,,,,,,,,,,,,,,,,
UCDV1_03288,Kafle and Baghbani 2025 WTS stabilisation,10.3390/su17219919,mixed_stabilized_soil,CBR,,3.923,,,,,,,,,,,,,,20.0,1.42,,,0.0,0.0,,,,,,,,,,,,,,,,,,,,,,,
UCDV1_03289,Kafle and Baghbani 2025 WTS stabilisation,10.3390/su17219919,mixed_stabilized_soil,CBR,,4.772,,,,,,,,,,,,,,22.0,1.45,,,0.0,0.0,,,,,,,,,,,,,,,,,,,,,,,
UCDV1_03290,Kafle and Baghbani 2025 WTS stabilisation,10.3390/su17219919,mixed_stabilized_soil,CBR,,4.772,,,,,,,,,,,,,,22.0,1.45,,,0.0,0.0,,,,,,,,,,,,,,,,,,,,,,,
UCDV1_03291,Kafle and Baghbani 2025 WTS stabilisation,10.3390/su17219919,mixed_stabilized_soil,CBR,,3.347,,,,,,,,,,,,,,22.0,1.45,,,0.0,0.0,,,,,,,,,,,,,,,,,,,,,,,
UCDV1_03292,Kafle and Baghbani 2025 WTS stabilisation,10.3390/su17219919,mixed_stabilized_soil,CBR,,3.347,,,,,,,,,,,,,,22.0,1.45,,,0.0,0.0,,,,,,,,,,,,,,,,,,,,,,,
UCDV1_03293,Kafle and Baghbani 2025 WTS stabilisation,10.3390/su17219919,mixed_stabilized_soil,CBR,,4.76,,,,,,,,,,,,,,18.0,1.56,,,0.0,0.0,,,,,,,,,,,,,,,,,,,,,,,
UCDV1_03294,Kafle and Baghbani 2025 WTS stabilisation,10.3390/su17219919,mixed_stabilized_soil,CBR,,4.76,,,,,,,,,,,,,,18.0,1.56,,,0.0,0.0,,,,,,,,,,,,,,,,,,,,,,,
UCDV1_03295,Kafle and Baghbani 2025 WTS stabilisation,10.3390/su17219919,mixed_stabilized_soil,CBR,,4.5,,,,,,,,,,,,,,22.5,1.5858,,,0.0,0.0,,,,,,,,,,,,,,,,,,,,,,,
UCDV1_03296,Kafle and Baghbani 2025 WTS stabilisation,10.3390/su17219919,mixed_stabilized_soil,CBR,,4.5,,,,,,,,,,,,,,22.5,1.5858,,,0.0,0.0,,,,,,,,,,,,,,,,,,,,,,,
UCDV1_03297,Kafle and Baghbani 2025 WTS stabilisation,10.3390/su17219919,mixed_stabilized_soil,CBR,,5.5,,,,,,,,,,,,,,21.0,1.6179,,,0.0,0.0,,,,,,,,,,,,,,,,,,,,,,,
UCDV1_03298,Kafle and Baghbani 2025 WTS stabilisation,10.3390/su17219919,mixed_stabilized_soil,CBR,,5.5,,,,,,,,,,,,,,21.0,1.6179,,,0.0,0.0,,,,,,,,,,,,,,,,,,,,,,,
UCDV1_03299,Kafle and Baghbani 2025 WTS stabilisation,10.3390/su17219919,mixed_stabilized_soil,CBR,,7.3,,,,,,,,,,,,,,21.0,1.6179,,,0.0,0.0,,,,,,,,,,,,,,,,,,,,,,,
UCDV1_03300,Kafle and Baghbani 2025 WTS stabilisation,10.3390/su17219919,mixed_stabilized_soil,CBR,,7.3,,,,,,,,,,,,,,21.0,1.6179,,,0.0,0.0,,,,,,,,,,,,,,,,,,,,,,,
UCDV1_03301,Kafle and Baghbani 2025 WTS stabilisation,10.3390/su17219919,mixed_stabilized_soil,CBR,,12.0,,,,,,,,,,,,,,21.0,1.6179,,,0.0,0.0,,,,,,,,,,,,,,,,,,,,,,,
UCDV1_03302,Kafle and Baghbani 2025 WTS stabilisation,10.3390/su17219919,mixed_stabilized_soil,CBR,,12.0,,,,,,,,,,,,,,21.0,1.6179,,,0.0,0.0,,,,,,,,,,,,,,,,,,,,,,,
UCDV1_03303,Kafle and Baghbani 2025 WTS stabilisation,10.3390/su17219919,mixed_stabilized_soil,CBR,,6.5,,,,,,,,,,,,,,19.0,1.6659,,,0.0,0.0,,,,,,,,,,,,,,,,,,,,,,,
UCDV1_03304,Kafle and Baghbani 2025 WTS stabilisation,10.3390/su17219919,mixed_stabilized_soil,CBR,,6.5,,,,,,,,,,,,,,19.0,1.6659,,,0.0,0.0,,,,,,,,,,,,,,,,,,,,,,,
UCDV1_03305,Kafle and Baghbani 2025 WTS stabilisation,10.3390/su17219919,mixed_stabilized_soil,CBR,,14.0,,,,,,,,,,,,,,19.0,1.6659,,,0.0,0.0,,,,,,,,,,,,,,,,,,,,,,,
UCDV1_03306,Kafle and Baghbani 2025 WTS stabilisation,10.3390/su17219919,mixed_stabilized_soil,CBR,,14.0,,,,,,,,,,,,,,19.0,1.6659,,,0.0,0.0,,,,,,,,,,,,,,,,,,,,,,,
UCDV1_03307,Kafle and Baghbani 2025 WTS stabilisation,10.3390/su17219919,mixed_stabilized_soil,CBR,,7.0,,,,,,,,,,,,,,18.5,1.6819,,,0.0,0.0,,,,,,,,,,,,,,,,,,,,,,,
UCDV1_03308,Kafle and Baghbani 2025 WTS stabilisation,10.3390/su17219919,mixed_stabilized_soil,CBR,,7.0,,,,,,,,,,,,,,18.5,1.6819,,,0.0,0.0,,,,,,,,,,,,,,,,,,,,,,,
UCDV1_03309,Kafle and Baghbani 2025 WTS stabilisation,10.3390/su17219919,mixed_stabilized_soil,CBR,,15.5,,,,,,,,,,,,,,18.5,1.6819,,,0.0,0.0,,,,,,,,,,,,,,,,,,,,,,,
UCDV1_03310,Kafle and Baghbani 2025 WTS stabilisation,10.3390/su17219919,mixed_stabilized_soil,CBR,,15.5,,,,,,,,,,,,,,18.5,1.6819,,,0.0,0.0,,,,,,,,,,,,,,,,,,,,,,,
UCDV1_03311,Kafle and Baghbani 2025 WTS stabilisation,10.3390/su17219919,mixed_stabilized_soil,CBR,,7.2,,,,,,,,,,,,,,18.0,1.746,,,0.0,0.0,,,,,,,,,,,,,,,,,,,,,,,
UCDV1_03312,Kafle and Baghbani 2025 WTS stabilisation,10.3390/su17219919,mixed_stabilized_soil,CBR,,7.2,,,,,,,,,,,,,,18.0,1.746,,,0.0,0.0,,,,,,,,,,,,,,,,,,,,,,,
UCDV1_03313,Kafle and Baghbani 2025 WTS stabilisation,10.3390/su17219919,mixed_stabilized_soil,CBR,,10.2,,,,,,,,,,,,,,18.0,1.746,,,0.0,0.0,,,,,,,,,,,,,,,,,,,,,,,
UCDV1_03314,Kafle and Baghbani 2025 WTS stabilisation,10.3390/su17219919,mixed_stabilized_soil,CBR,,10.2,,,,,,,,,,,,,,18.0,1.746,,,0.0,0.0,,,,,,,,,,,,,,,,,,,,,,,
UCDV1_03315,Kafle and Baghbani 2025 WTS stabilisation,10.3390/su17219919,mixed_stabilized_soil,CBR,,16.7,,,,,,,,,,,,,,18.0,1.746,,,0.0,0.0,,,,,,,,,,,,,,,,,,,,,,,
UCDV1_03316,Kafle and Baghbani 2025 WTS stabilisation,10.3390/su17219919,mixed_stabilized_soil,CBR,,16.7,,,,,,,,,,,,,,18.0,1.746,,,0.0,0.0,,,,,,,,,,,,,,,,,,,,,,,
UCDV1_03317,Kafle and Baghbani 2025 WTS stabilisation,10.3390/su17219919,mixed_stabilized_soil,CBR,,5.6,,,,,,,,,,,,,,22.5,1.5698,,,0.0,0.0,,,,,,,,,,,,,,,,,,,,,,,
UCDV1_03318,Kafle and Baghbani 2025 WTS stabilisation,10.3390/su17219919,mixed_stabilized_soil,CBR,,5.6,,,,,,,,,,,,,,22.5,1.5698,,,0.0,0.0,,,,,,,,,,,,,,,,,,,,,,,
UCDV1_03319,Kafle and Baghbani 2025 WTS stabilisation,10.3390/su17219919,mixed_stabilized_soil,CBR,,6.0,,,,,,,,,,,,,,22.5,1.5698,,,0.0,0.0,,,,,,,,,,,,,,,,,,,,,,,
UCDV1_03320,Kafle and Baghbani 2025 WTS stabilisation,10.3390/su17219919,mixed_stabilized_soil,CBR,,6.0,,,,,,,,,,,,,,22.5,1.5698,,,0.0,0.0,,,,,,,,,,,,,,,,,,,,,,,
UCDV1_03321,Kafle and Baghbani 2025 WTS stabilisation,10.3390/su17219919,mixed_stabilized_soil,CBR,,0.9,,,,,,,,,,,,,,19.0,1.725,,,0.0,0.0,,,,,,,,,,,,,,,,,,,,,,,
UCDV1_03322,Kafle and Baghbani 2025 WTS stabilisation,10.3390/su17219919,mixed_stabilized_soil,CBR,,0.9,,,,,,,,,,,,,,19.0,1.725,,,0.0,0.0,,,,,,,,,,,,,,,,,,,,,,,
UCDV1_03323,Kafle and Baghbani 2025 WTS stabilisation,10.3390/su17219919,mixed_stabilized_soil,CBR,,1.8,,,,,,,,,,,,,,26.5,1.445,,,0.0,0.0,,,,,,,,,,,,,,,,,,,,,,,
UCDV1_03324,Kafle and Baghbani 2025 WTS stabilisation,10.3390/su17219919,mixed_stabilized_soil,CBR,,1.8,,,,,,,,,,,,,,26.5,1.445,,,0.0,0.0,,,,,,,,,,,,,,,,,,,,,,,
UCDV1_03325,Kafle and Baghbani 2025 WTS stabilisation,10.3390/su17219919,mixed_stabilized_soil,CBR,,3.76,,,,,,,,,,,,,,41.5,1.06,,,0.0,0.0,,,,,,,,,,,,,,,,,,,,,,,
UCDV1_03326,Kafle and Baghbani 2025 WTS stabilisation,10.3390/su17219919,mixed_stabilized_soil,CBR,,3.76,,,,,,,,,,,,,,41.5,1.06,,,0.0,0.0,,,,,,,,,,,,,,,,,,,,,,,
UCDV1_03327,Kafle and Baghbani 2025 WTS stabilisation,10.3390/su17219919,mixed_stabilized_soil,CBR,,4.178,,,,,,,,,,,,,,22.0,1.45,,,0.0,0.0,,,,,,,,,,,,,,,,,,,,,,,
UCDV1_03328,Kafle and Baghbani 2025 WTS stabilisation,10.3390/su17219919,mixed_stabilized_soil,CBR,,4.178,,,,,,,,,,,,,,22.0,1.45,,,0.0,0.0,,,,,,,,,,,,,,,,,,,,,,,
UCDV1_03329,Kafle and Baghbani 2025 WTS stabilisation,10.3390/su17219919,mixed_stabilized_soil,CBR,,3.0,,,,,,,,,,,,,,22.5,1.5858,,,0.0,0.0,,,,,,,,,,,,,,,,,,,,,,,
UCDV1_03330,Kafle and Baghbani 2025 WTS stabilisation,10.3390/su17219919,mixed_stabilized_soil,CBR,,3.0,,,,,,,,,,,,,,22.5,1.5858,,,0.0,0.0,,,,,,,,,,,,,,,,,,,,,,,
UCDV1_03331,Kafle and Baghbani 2025 WTS stabilisation,10.3390/su17219919,mixed_stabilized_soil,CBR,,6.8,,,,,,,,,,,,,,22.5,1.5858,,,0.0,0.0,,,,,,,,,,,,,,,,,,,,,,,
UCDV1_03332,Kafle and Baghbani 2025 WTS stabilisation,10.3390/su17219919,mixed_stabilized_soil,CBR,,6.8,,,,,,,,,,,,,,22.5,1.5858,,,0.0,0.0,,,,,,,,,,,,,,,,,,,,,,,
UCDV1_03333,Kafle and Baghbani 2025 WTS stabilisation,10.3390/su17219919,mixed_stabilized_soil,CBR,,8.6,,,,,,,,,,,,,,19.0,1.6659,,,0.0,0.0,,,,,,,,,,,,,,,,,,,,,,,
UCDV1_03334,Kafle and Baghbani 2025 WTS stabilisation,10.3390/su17219919,mixed_stabilized_soil,CBR,,8.6,,,,,,,,,,,,,,19.0,1.6659,,,0.0,0.0,,,,,,,,,,,,,,,,,,,,,,,
UCDV1_03335,Kafle and Baghbani 2025 WTS stabilisation,10.3390/su17219919,mixed_stabilized_soil,CBR,,9.7,,,,,,,,,,,,,,18.5,1.6819,,,0.0,0.0,,,,,,,,,,,,,,,,,,,,,,,
UCDV1_03336,Kafle and Baghbani 2025 WTS stabilisation,10.3390/su17219919,mixed_stabilized_soil,CBR,,9.7,,,,,,,,,,,,,,18.5,1.6819,,,0.0,0.0,,,,,,,,,,,,,,,,,,,,,,,
UCDV1_03337,Kafle and Baghbani 2025 WTS stabilisation,10.3390/su17219919,mixed_stabilized_soil,CBR,,8.3,,,,,,,,,,,,,,22.5,1.5698,,,0.0,0.0,,,,,,,,,,,,,,,,,,,,,,,
UCDV1_03338,Kafle and Baghbani 2025 WTS stabilisation,10.3390/su17219919,mixed_stabilized_soil,CBR,,8.3,,,,,,,,,,,,,,22.5,1.5698,,,0.0,0.0,,,,,,,,,,,,,,,,,,,,,,,
UCDV1_03339,Kafle and Baghbani 2025 WTS stabilisation,10.3390/su17219919,mixed_stabilized_soil,CBR,,10.68,,,,,,,,,,,,,,31.0,1.31,,,0.0,0.0,,,,,,,,,,,,,,,,,,,,,,,
UCDV1_03340,Kafle and Baghbani 2025 WTS stabilisation,10.3390/su17219919,mixed_stabilized_soil,CBR,,10.68,,,,,,,,,,,,,,31.0,1.31,,,0.0,0.0,,,,,,,,,,,,,,,,,,,,,,,
UCDV1_03341,Kafle and Baghbani 2025 WTS stabilisation,10.3390/su17219919,mixed_stabilized_soil,CBR,,30.66,,,,,,,,,,,,,,32.4,1.295,,,0.0,5.0,,,,,,,,,,,,,,,,,,,,,,,
UCDV1_03342,Kafle and Baghbani 2025 WTS stabilisation,10.3390/su17219919,mixed_stabilized_soil,CBR,,30.66,,,,,,,,,,,,,,32.4,1.295,,,0.0,5.0,,,,,,,,,,,,,,,,,,,,,,,
UCDV1_03343,Kafle and Baghbani 2025 WTS stabilisation,10.3390/su17219919,mixed_stabilized_soil,CBR,,58.67,,,,,,,,,,,,,,33.6,1.308,,,0.0,10.0,,,,,,,,,,,,,,,,,,,,,,,
UCDV1_03344,Kafle and Baghbani 2025 WTS stabilisation,10.3390/su17219919,mixed_stabilized_soil,CBR,,58.67,,,,,,,,,,,,,,33.6,1.308,,,0.0,10.0,,,,,,,,,,,,,,,,,,,,,,,
UCDV1_03345,Kafle and Baghbani 2025 WTS stabilisation,10.3390/su17219919,mixed_stabilized_soil,CBR,,9.0,,,,,,,,,,,,,,19.0,1.775,,,0.0,0.0,,,,,,,,,,,,,,,,,,,,,,,
UCDV1_03346,Kafle and Baghbani 2025 WTS stabilisation,10.3390/su17219919,mixed_stabilized_soil,CBR,,9.0,,,,,,,,,,,,,,19.0,1.775,,,0.0,0.0,,,,,,,,,,,,,,,,,,,,,,,
UCDV1_03347,Kafle and Baghbani 2025 WTS stabilisation,10.3390/su17219919,mixed_stabilized_soil,CBR,,5.1,,,,,,,,,,,,,,42.0,1.06,,,0.0,0.0,,,,,,,,,,,,,,,,,,,,,,,
UCDV1_03348,Kafle and Baghbani 2025 WTS stabilisation,10.3390/su17219919,mixed_stabilized_soil,CBR,,5.1,,,,,,,,,,,,,,42.0,1.06,,,0.0,0.0,,,,,,,,,,,,,,,,,,,,,,,
UCDV1_03349,Kafle and Baghbani 2025 WTS stabilisation,10.3390/su17219919,mixed_stabilized_soil,CBR,,20.0,,,,,,,,,,,,,,35.1,1.218,,,0.0,0.0,,,,,,,,,,,,,,,,,,,,,,,
UCDV1_03350,Kafle and Baghbani 2025 WTS stabilisation,10.3390/su17219919,mixed_stabilized_soil,CBR,,20.0,,,,,,,,,,,,,,35.1,1.218,,,0.0,0.0,,,,,,,,,,,,,,,,,,,,,,,
UCDV1_03351,Kafle and Baghbani 2025 WTS stabilisation,10.3390/su17219919,mixed_stabilized_soil,CBR,,24.0,,,,,,,,,,,,,,36.7,1.21,,,2.0,0.0,,,,,,,,,,,,,,,,,,,,,,,
UCDV1_03352,Kafle and Baghbani 2025 WTS stabilisation,10.3390/su17219919,mixed_stabilized_soil,CBR,,24.0,,,,,,,,,,,,,,36.7,1.21,,,2.0,0.0,,,,,,,,,,,,,,,,,,,,,,,
UCDV1_03353,Kafle and Baghbani 2025 WTS stabilisation,10.3390/su17219919,mixed_stabilized_soil,CBR,,30.0,,,,,,,,,,,,,,38.4,1.201,,,4.0,0.0,,,,,,,,,,,,,,,,,,,,,,,
UCDV1_03354,Kafle and Baghbani 2025 WTS stabilisation,10.3390/su17219919,mixed_stabilized_soil,CBR,,30.0,,,,,,,,,,,,,,38.4,1.201,,,4.0,0.0,,,,,,,,,,,,,,,,,,,,,,,
UCDV1_03355,Kafle and Baghbani 2025 WTS stabilisation,10.3390/su17219919,mixed_stabilized_soil,CBR,,51.0,,,,,,,,,,,,,,36.5,1.24,,,6.0,0.0,,,,,,,,,,,,,,,,,,,,,,,
UCDV1_03356,Kafle and Baghbani 2025 WTS stabilisation,10.3390/su17219919,mixed_stabilized_soil,CBR,,51.0,,,,,,,,,,,,,,36.5,1.24,,,6.0,0.0,,,,,,,,,,,,,,,,,,,,,,,
